2026-03-19 08:17:38 | INFO | Application Layer  | starting state watcher
2026-03-19 08:17:38 | INFO | Application Layer  | New AROS mode: 0
2026-03-19 08:18:24 | INFO | Application Layer  | starting state watcher
2026-03-19 08:18:24 | INFO | Application Layer  | New AROS mode: 0
2026-03-19 08:18:50 | INFO | Application Layer  | starting state watcher
2026-03-19 08:18:50 | INFO | Application Layer  | New AROS mode: 0
2026-03-19 08:18:54 | INFO | Application Layer  | New AROS mode: 3
2026-03-19 08:23:16 | INFO | Application Layer  | starting state watcher
2026-03-19 08:23:16 | INFO | Application Layer  | New AROS mode: 0
2026-03-19 08:23:20 | INFO | Application Layer  | New AROS mode: 3
2026-03-19 08:26:16 | INFO | Application Layer  | New AROS mode: 1
2026-03-19 08:26:17 | INFO | Application Layer  | rx: Satellite Data 1
2026-03-19 08:26:18 | INFO | Application Layer  | rx: Satellite Data 1
2026-03-19 08:26:19 | INFO | Application Layer  | rx: Satellite Data 1
2026-03-19 08:26:20 | INFO | Application Layer  | rx: Satellite Data 1
2026-03-19 08:26:20 | INFO | Application Layer  | New AROS mode: 1
2026-03-19 08:26:21 | INFO | Application Layer  | rx: Satellite Data 1
2026-03-19 08:26:24 | INFO | Application Layer  | rx: Satellite Data 1
2026-03-19 08:26:25 | INFO | Application Layer  | rx: Satellite Data 1
2026-03-19 08:26:28 | INFO | Application Layer  | rx: Satellite Data 1
2026-03-19 08:26:29 | INFO | Application Layer  | rx: Satellite Data 1
2026-03-19 08:26:34 | INFO | Application Layer  | rx: Satellite Data 1
2026-03-19 08:26:35 | INFO | Application Layer  | rx: Satellite Data 1
2026-03-19 08:26:36 | INFO | Application Layer  | rx: Satellite Data 1
2026-03-19 08:26:37 | INFO | Application Layer  | rx: Satellite Data 1
2026-03-19 08:26:39 | INFO | Application Layer  | rx: Satellite Data 1
2026-03-19 08:26:42 | INFO | Application Layer  | rx: Satellite Data 1
2026-03-19 08:26:44 | INFO | Application Layer  | rx: Satellite Data 1
2026-03-19 08:26:45 | INFO | Application Layer  | rx: Satellite Data 1
2026-03-19 08:26:46 | INFO | Application Layer  | rx: Satellite Data 1
2026-03-19 08:26:48 | INFO | Application Layer  | rx: Satellite Data 1
2026-03-19 08:26:51 | INFO | Application Layer  | rx: Satellite Data 1
2026-03-19 08:26:53 | INFO | Application Layer  | rx: Satellite Data 1
2026-03-19 08:26:54 | INFO | Application Layer  | rx: Satellite Data 1
2026-03-19 08:26:55 | INFO | Application Layer  | rx: Satellite Data 1
2026-03-19 08:26:57 | INFO | Application Layer  | rx: Satellite Data 1
2026-03-19 08:26:58 | INFO | Application Layer  | rx: Satellite Data 1
2026-03-19 08:26:59 | INFO | Application Layer  | rx: Satellite Data 1
2026-03-19 08:27:00 | INFO | Application Layer  | rx: Satellite Data 1
2026-03-19 08:27:01 | INFO | Application Layer  | rx: Satellite Data 1
2026-03-19 08:27:04 | INFO | Application Layer  | rx: Satellite Data 1
2026-03-19 08:27:05 | INFO | Application Layer  | rx: Satellite Data 1
2026-03-19 08:27:06 | INFO | Application Layer  | rx: Satellite Data 1
2026-03-19 08:27:08 | INFO | Application Layer  | rx: Satellite Data 1
2026-03-19 08:27:09 | INFO | Application Layer  | rx: Satellite Data 1
2026-03-19 08:27:10 | INFO | Application Layer  | rx: Satellite Data 1
2026-03-19 08:27:11 | INFO | Application Layer  | rx: Satellite Data 1
2026-03-19 08:27:12 | INFO | Application Layer  | rx: Satellite Data 1
2026-03-19 08:27:13 | INFO | Application Layer  | rx: Satellite Data 1
2026-03-19 08:27:15 | INFO | Application Layer  | rx: Satellite Data 1
2026-03-19 08:27:17 | INFO | Application Layer  | rx: Satellite Data 1
2026-03-19 08:27:19 | INFO | Application Layer  | rx: Satellite Data 1
2026-03-19 08:27:22 | INFO | Application Layer  | rx: Satellite Data 1
2026-03-19 08:27:23 | INFO | Application Layer  | rx: Satellite Data 1
2026-03-19 08:27:25 | INFO | Application Layer  | rx: Satellite Data 1
2026-03-19 08:27:27 | INFO | Application Layer  | rx: Satellite Data 1
2026-03-19 08:27:28 | INFO | Application Layer  | rx: Satellite Data 1
2026-03-19 08:27:31 | INFO | Application Layer  | starting state watcher
2026-03-19 08:27:31 | INFO | Application Layer  | New AROS mode: 0
2026-03-19 08:27:38 | INFO | Application Layer  | New AROS mode: 3
2026-03-19 08:28:24 | INFO | Application Layer  | starting state watcher
2026-03-19 08:28:24 | INFO | Application Layer  | New AROS mode: 0
2026-03-19 08:28:28 | INFO | Application Layer  | New AROS mode: 3
2026-03-19 08:28:53 | INFO | Application Layer  | starting state watcher
2026-03-19 08:28:53 | INFO | Application Layer  | New AROS mode: 0
2026-03-19 08:28:58 | INFO | Application Layer  | New AROS mode: 3
2026-03-19 08:29:29 | INFO | Application Layer  | starting state watcher
2026-03-19 08:29:29 | INFO | Application Layer  | New AROS mode: 0
2026-03-19 08:29:33 | INFO | Application Layer  | New AROS mode: 3
2026-03-19 08:29:58 | INFO | Application Layer  | burn 10
2026-03-19 08:30:57 | INFO | Application Layer  | starting state watcher
2026-03-19 08:30:57 | INFO | Application Layer  | New AROS mode: 0
2026-03-19 08:31:01 | INFO | Application Layer  | New AROS mode: 3
2026-03-19 08:32:09 | INFO | Application Layer  | starting state watcher
2026-03-19 08:32:09 | INFO | Application Layer  | New AROS mode: 0
2026-03-19 08:32:13 | INFO | Application Layer  | New AROS mode: 3
2026-03-19 08:32:40 | INFO | Application Layer  | starting state watcher
2026-03-19 08:32:40 | INFO | Application Layer  | New AROS mode: 0
2026-03-19 08:32:46 | INFO | Application Layer  | New AROS mode: 3
2026-03-19 08:34:16 | INFO | Application Layer  | starting state watcher
2026-03-19 08:34:16 | INFO | Application Layer  | New AROS mode: 0
2026-03-19 08:34:20 | INFO | Application Layer  | New AROS mode: 3
2026-03-19 08:37:16 | INFO | Application Layer  | New AROS mode: 1
2026-03-19 08:37:17 | INFO | Application Layer  | rx: Satellite Data 1
2026-03-19 08:37:18 | INFO | Application Layer  | rx: Satellite Data 1
2026-03-19 08:37:19 | INFO | Application Layer  | rx: Satellite Data 1
2026-03-19 08:37:20 | INFO | Application Layer  | rx: Satellite Data 1
2026-03-19 08:37:20 | INFO | Application Layer  | New AROS mode: 1
2026-03-19 08:37:21 | INFO | Application Layer  | rx: Satellite Data 1
2026-03-19 08:37:23 | INFO | Application Layer  | rx: Satellite Data 1
2026-03-19 08:37:24 | INFO | Application Layer  | rx: Satellite Data 1
2026-03-19 08:37:25 | INFO | Application Layer  | rx: Satellite Data 1
2026-03-19 08:37:26 | INFO | Application Layer  | rx: Satellite Data 1
2026-03-19 08:37:27 | INFO | Application Layer  | rx: Satellite Data 1
2026-03-19 08:37:28 | INFO | Application Layer  | rx: Satellite Data 1
2026-03-19 08:37:29 | INFO | Application Layer  | rx: Satellite Data 1
2026-03-19 08:37:30 | INFO | Application Layer  | rx: Satellite Data 1
2026-03-19 08:37:32 | INFO | Application Layer  | rx: Satellite Data 1
2026-03-19 08:37:33 | INFO | Application Layer  | rx: Satellite Data 1
2026-03-19 08:37:34 | INFO | Application Layer  | rx: Satellite Data 1
2026-03-19 08:37:35 | INFO | Application Layer  | rx: Satellite Data 1
2026-03-19 08:37:36 | INFO | Application Layer  | rx: Satellite Data 1
2026-03-19 08:37:37 | INFO | Application Layer  | rx: Satellite Data 1
2026-03-19 08:37:39 | INFO | Application Layer  | rx: Satellite Data 1
2026-03-19 08:37:40 | INFO | Application Layer  | rx: Satellite Data 1
2026-03-19 08:37:41 | INFO | Application Layer  | rx: Satellite Data 1
2026-03-19 08:37:42 | INFO | Application Layer  | rx: Satellite Data 1
2026-03-19 08:37:45 | INFO | Application Layer  | rx: Satellite Data 1
2026-03-19 08:37:46 | INFO | Application Layer  | rx: Satellite Data 1
2026-03-19 08:37:47 | INFO | Application Layer  | rx: Satellite Data 1
2026-03-19 08:37:48 | INFO | Application Layer  | rx: Satellite Data 1
2026-03-19 08:37:49 | INFO | Application Layer  | rx: Satellite Data 1
2026-03-19 08:37:50 | INFO | Application Layer  | rx: Satellite Data 1
2026-03-19 08:37:51 | INFO | Application Layer  | rx: Satellite Data 1
2026-03-19 08:37:52 | INFO | Application Layer  | rx: Satellite Data 1
2026-03-19 08:37:53 | INFO | Application Layer  | rx: Satellite Data 1
2026-03-19 08:37:55 | INFO | Application Layer  | rx: Satellite Data 1
2026-03-19 08:37:56 | INFO | Application Layer  | rx: Satellite Data 1
2026-03-19 08:37:57 | INFO | Application Layer  | rx: Satellite Data 1
2026-03-19 08:37:59 | INFO | Application Layer  | rx: Satellite Data 1
2026-03-19 08:38:00 | INFO | Application Layer  | rx: Satellite Data 1
2026-03-19 08:38:01 | INFO | Application Layer  | rx: Satellite Data 1
2026-03-19 08:38:02 | INFO | Application Layer  | rx: Satellite Data 1
2026-03-19 08:38:03 | INFO | Application Layer  | rx: Satellite Data 1
2026-03-19 08:38:06 | INFO | Application Layer  | rx: Satellite Data 1
2026-03-19 08:38:07 | INFO | Application Layer  | rx: Satellite Data 1
2026-03-19 08:38:08 | INFO | Application Layer  | rx: Satellite Data 1
2026-03-19 08:38:11 | INFO | Application Layer  | rx: Satellite Data 1
2026-03-19 08:38:12 | INFO | Application Layer  | rx: Satellite Data 1
2026-03-19 08:38:13 | INFO | Application Layer  | rx: Satellite Data 1
2026-03-19 08:38:14 | INFO | Application Layer  | rx: Satellite Data 1
2026-03-19 08:38:15 | INFO | Application Layer  | rx: Satellite Data 1
2026-03-19 08:38:16 | INFO | Application Layer  | rx: Satellite Data 1
2026-03-19 08:38:18 | INFO | Application Layer  | rx: Satellite Data 1
2026-03-19 08:38:21 | INFO | Application Layer  | rx: Satellite Data 1
2026-03-19 08:38:23 | INFO | Application Layer  | rx: Satellite Data 1
2026-03-19 08:38:24 | INFO | Application Layer  | rx: Satellite Data 1
2026-03-19 08:38:26 | INFO | Application Layer  | rx: Satellite Data 1
2026-03-19 08:38:27 | INFO | Application Layer  | rx: Satellite Data 1
2026-03-19 08:38:28 | INFO | Application Layer  | rx: Satellite Data 1
2026-03-19 08:38:29 | INFO | Application Layer  | rx: Satellite Data 1
2026-03-19 08:38:30 | INFO | Application Layer  | rx: Satellite Data 1
2026-03-19 08:38:31 | INFO | Application Layer  | rx: Satellite Data 1
2026-03-19 08:38:32 | INFO | Application Layer  | rx: Satellite Data 1
2026-03-19 08:38:34 | INFO | Application Layer  | rx: Satellite Data 1
2026-03-19 08:38:35 | INFO | Application Layer  | rx: Satellite Data 1
2026-03-19 08:38:38 | INFO | Application Layer  | rx: Satellite Data 1
2026-03-19 08:38:39 | INFO | Application Layer  | rx: Satellite Data 1
2026-03-19 08:38:40 | INFO | Application Layer  | rx: Satellite Data 1
2026-03-19 08:38:42 | INFO | Application Layer  | rx: Satellite Data 1
2026-03-19 08:38:43 | INFO | Application Layer  | rx: Satellite Data 1
2026-03-19 08:38:44 | INFO | Application Layer  | rx: Satellite Data 1
2026-03-19 08:38:46 | INFO | Application Layer  | rx: Satellite Data 1
2026-03-19 08:38:47 | INFO | Application Layer  | rx: Satellite Data 1
2026-03-19 08:38:50 | INFO | Application Layer  | rx: Satellite Data 1
2026-03-19 08:38:51 | INFO | Application Layer  | rx: Satellite Data 1
2026-03-19 08:38:52 | INFO | Application Layer  | rx: Satellite Data 1
2026-03-19 08:38:53 | INFO | Application Layer  | rx: Satellite Data 1
2026-03-19 08:38:54 | INFO | Application Layer  | rx: Satellite Data 1
2026-03-19 08:38:55 | INFO | Application Layer  | rx: Satellite Data 1
2026-03-19 08:38:56 | INFO | Application Layer  | rx: Satellite Data 1
2026-03-19 08:38:57 | INFO | Application Layer  | rx: Satellite Data 1
2026-03-19 08:38:58 | INFO | Application Layer  | rx: Satellite Data 1
2026-03-19 08:39:00 | INFO | Application Layer  | rx: Satellite Data 1
2026-03-19 08:39:01 | INFO | Application Layer  | rx: Satellite Data 1
2026-03-19 08:39:02 | INFO | Application Layer  | rx: Satellite Data 1
2026-03-19 08:39:03 | INFO | Application Layer  | rx: Satellite Data 1
2026-03-19 08:39:05 | INFO | Application Layer  | rx: Satellite Data 1
2026-03-19 08:39:06 | INFO | Application Layer  | rx: Satellite Data 1
2026-03-19 08:39:08 | INFO | Application Layer  | rx: Satellite Data 1
2026-03-19 08:39:09 | INFO | Application Layer  | rx: Satellite Data 1
2026-03-19 08:39:10 | INFO | Application Layer  | rx: Satellite Data 1
2026-03-19 08:39:11 | INFO | Application Layer  | rx: Satellite Data 1
2026-03-19 08:39:12 | INFO | Application Layer  | rx: Satellite Data 1
2026-03-19 08:39:13 | INFO | Application Layer  | rx: Satellite Data 1
2026-03-19 08:39:15 | INFO | Application Layer  | rx: Satellite Data 1
2026-03-19 08:39:17 | INFO | Application Layer  | rx: Satellite Data 1
2026-03-19 08:39:18 | INFO | Application Layer  | rx: Satellite Data 1
2026-03-19 08:39:19 | INFO | Application Layer  | rx: Satellite Data 1
2026-03-19 08:39:20 | INFO | Application Layer  | rx: Satellite Data 1
2026-03-19 08:39:21 | INFO | Application Layer  | rx: Satellite Data 1
2026-03-19 08:39:23 | INFO | Application Layer  | rx: Satellite Data 1
2026-03-19 08:39:24 | INFO | Application Layer  | rx: Satellite Data 1
2026-03-19 08:39:25 | INFO | Application Layer  | rx: Satellite Data 1
2026-03-19 08:39:26 | INFO | Application Layer  | rx: Satellite Data 1
2026-03-19 08:39:27 | INFO | Application Layer  | rx: Satellite Data 1
2026-03-19 08:39:29 | INFO | Application Layer  | rx: Satellite Data 1
2026-03-19 08:39:30 | INFO | Application Layer  | rx: Satellite Data 1
2026-03-19 08:39:31 | INFO | Application Layer  | rx: Satellite Data 1
2026-03-19 08:39:33 | INFO | Application Layer  | rx: Satellite Data 1
2026-03-19 08:39:35 | INFO | Application Layer  | rx: Satellite Data 1
2026-03-19 08:39:36 | INFO | Application Layer  | rx: Satellite Data 1
2026-03-19 08:39:37 | INFO | Application Layer  | rx: Satellite Data 1
2026-03-19 08:39:39 | INFO | Application Layer  | rx: Satellite Data 1
2026-03-19 08:39:40 | INFO | Application Layer  | rx: Satellite Data 1
2026-03-19 08:39:41 | INFO | Application Layer  | rx: Satellite Data 1
2026-03-19 08:39:42 | INFO | Application Layer  | rx: Satellite Data 1
2026-03-19 08:39:43 | INFO | Application Layer  | rx: Satellite Data 1
2026-03-19 08:39:45 | INFO | Application Layer  | rx: Satellite Data 1
2026-03-19 08:39:46 | INFO | Application Layer  | rx: Satellite Data 1
2026-03-19 08:39:48 | INFO | Application Layer  | rx: Satellite Data 1
2026-03-19 08:39:49 | INFO | Application Layer  | rx: Satellite Data 1
2026-03-19 08:39:52 | INFO | Application Layer  | rx: Satellite Data 1
2026-03-19 08:39:53 | INFO | Application Layer  | rx: Satellite Data 1
2026-03-19 08:39:54 | INFO | Application Layer  | rx: Satellite Data 1
2026-03-19 08:39:56 | INFO | Application Layer  | rx: Satellite Data 1
2026-03-19 08:39:57 | INFO | Application Layer  | rx: Satellite Data 1
2026-03-19 08:39:58 | INFO | Application Layer  | rx: Satellite Data 1
2026-03-19 08:39:59 | INFO | Application Layer  | rx: Satellite Data 1
2026-03-19 08:40:00 | INFO | Application Layer  | rx: Satellite Data 1
2026-03-19 08:40:01 | INFO | Application Layer  | rx: Satellite Data 1
2026-03-19 08:40:02 | INFO | Application Layer  | rx: Satellite Data 1
2026-03-19 08:40:03 | INFO | Application Layer  | rx: Satellite Data 1
2026-03-19 08:40:04 | INFO | Application Layer  | rx: Satellite Data 1
2026-03-19 08:40:05 | INFO | Application Layer  | rx: Satellite Data 1
2026-03-19 08:40:08 | INFO | Application Layer  | rx: Satellite Data 1
2026-03-19 08:40:09 | INFO | Application Layer  | rx: Satellite Data 1
2026-03-19 08:40:10 | INFO | Application Layer  | rx: Satellite Data 1
2026-03-19 08:40:11 | INFO | Application Layer  | rx: Satellite Data 1
2026-03-19 08:40:13 | INFO | Application Layer  | rx: Satellite Data 1
2026-03-19 08:40:14 | INFO | Application Layer  | rx: Satellite Data 1
2026-03-19 08:40:15 | INFO | Application Layer  | rx: Satellite Data 1
2026-03-19 08:40:16 | INFO | Application Layer  | rx: Satellite Data 1
2026-03-19 08:40:17 | INFO | Application Layer  | rx: Satellite Data 1
2026-03-19 08:40:18 | INFO | Application Layer  | rx: Satellite Data 1
2026-03-19 08:40:19 | INFO | Application Layer  | rx: Satellite Data 1
2026-03-19 08:40:20 | INFO | Application Layer  | rx: Satellite Data 1
2026-03-19 08:40:21 | INFO | Application Layer  | rx: Satellite Data 1
2026-03-19 08:40:22 | INFO | Application Layer  | rx: Satellite Data 1
2026-03-19 08:40:24 | INFO | Application Layer  | rx: Satellite Data 1
2026-03-19 08:40:25 | INFO | Application Layer  | rx: Satellite Data 1
2026-03-19 08:40:26 | INFO | Application Layer  | rx: Satellite Data 1
2026-03-19 08:40:28 | INFO | Application Layer  | rx: Satellite Data 1
2026-03-19 08:40:32 | INFO | Application Layer  | rx: Satellite Data 1
2026-03-19 08:40:33 | INFO | Application Layer  | rx: Satellite Data 1
2026-03-19 08:40:35 | INFO | Application Layer  | rx: Satellite Data 1
2026-03-19 08:40:37 | INFO | Application Layer  | rx: Satellite Data 1
2026-03-19 08:40:39 | INFO | Application Layer  | rx: Satellite Data 1
2026-03-19 08:40:40 | INFO | Application Layer  | rx: Satellite Data 1
2026-03-19 08:40:42 | INFO | Application Layer  | rx: Satellite Data 1
2026-03-19 08:40:43 | INFO | Application Layer  | rx: Satellite Data 1
2026-03-19 08:40:44 | INFO | Application Layer  | rx: Satellite Data 1
2026-03-19 08:40:46 | INFO | Application Layer  | rx: Satellite Data 1
2026-03-19 08:40:47 | INFO | Application Layer  | rx: Satellite Data 1
2026-03-19 08:40:48 | INFO | Application Layer  | rx: Satellite Data 1
2026-03-19 08:40:49 | INFO | Application Layer  | rx: Satellite Data 1
2026-03-19 08:40:50 | INFO | Application Layer  | rx: Satellite Data 1
2026-03-19 08:40:51 | INFO | Application Layer  | rx: Satellite Data 1
2026-03-19 08:40:53 | INFO | Application Layer  | rx: Satellite Data 1
2026-03-19 08:40:54 | INFO | Application Layer  | rx: Satellite Data 1
2026-03-19 08:40:55 | INFO | Application Layer  | rx: Satellite Data 1
2026-03-19 08:40:56 | INFO | Application Layer  | rx: Satellite Data 1
2026-03-19 08:40:57 | INFO | Application Layer  | rx: Satellite Data 1
2026-03-19 08:41:06 | INFO | Application Layer  | rx: Satellite Data 1
2026-03-19 08:41:07 | INFO | Application Layer  | rx: Satellite Data 1
2026-03-19 08:41:08 | INFO | Application Layer  | rx: Satellite Data 1
2026-03-19 08:41:09 | INFO | Application Layer  | rx: Satellite Data 1
2026-03-19 08:41:10 | INFO | Application Layer  | rx: Satellite Data 1
2026-03-19 08:41:11 | INFO | Application Layer  | rx: Satellite Data 1
2026-03-19 08:41:12 | INFO | Application Layer  | rx: Satellite Data 1
2026-03-19 08:41:15 | INFO | Application Layer  | rx: Satellite Data 1
2026-03-19 08:41:16 | INFO | Application Layer  | rx: Satellite Data 1
2026-03-19 08:41:17 | INFO | Application Layer  | rx: Satellite Data 1
2026-03-19 08:41:18 | INFO | Application Layer  | rx: Satellite Data 1
2026-03-19 08:41:20 | INFO | Application Layer  | rx: Satellite Data 1
2026-03-19 08:41:21 | INFO | Application Layer  | rx: Satellite Data 1
2026-03-19 08:41:23 | INFO | Application Layer  | rx: Satellite Data 1
2026-03-19 08:41:25 | INFO | Application Layer  | rx: Satellite Data 1
2026-03-19 08:41:26 | INFO | Application Layer  | rx: Satellite Data 1
2026-03-19 08:41:27 | INFO | Application Layer  | rx: Satellite Data 1
2026-03-19 08:41:28 | INFO | Application Layer  | rx: Satellite Data 1
2026-03-19 08:41:32 | INFO | Application Layer  | rx: Satellite Data 1
2026-03-19 08:41:33 | INFO | Application Layer  | rx: Satellite Data 1
2026-03-19 08:41:34 | INFO | Application Layer  | rx: Satellite Data 1
2026-03-19 08:41:35 | INFO | Application Layer  | rx: Satellite Data 1
2026-03-19 08:41:37 | INFO | Application Layer  | rx: Satellite Data 1
2026-03-19 08:41:38 | INFO | Application Layer  | rx: Satellite Data 1
2026-03-19 08:41:39 | INFO | Application Layer  | rx: Satellite Data 1
2026-03-19 08:41:40 | INFO | Application Layer  | rx: Satellite Data 1
2026-03-19 08:41:41 | INFO | Application Layer  | rx: Satellite Data 1
2026-03-19 08:41:44 | INFO | Application Layer  | rx: Satellite Data 1
2026-03-19 08:41:45 | INFO | Application Layer  | rx: Satellite Data 1
2026-03-19 08:41:46 | INFO | Application Layer  | rx: Satellite Data 1
2026-03-19 08:41:47 | INFO | Application Layer  | rx: Satellite Data 1
2026-03-19 08:41:49 | INFO | Application Layer  | rx: Satellite Data 1
2026-03-19 08:41:50 | INFO | Application Layer  | rx: Satellite Data 1
2026-03-19 08:41:51 | INFO | Application Layer  | rx: Satellite Data 1
2026-03-19 08:41:52 | INFO | Application Layer  | rx: Satellite Data 1
2026-03-19 08:41:53 | INFO | Application Layer  | rx: Satellite Data 1
2026-03-19 08:41:55 | INFO | Application Layer  | rx: Satellite Data 1
2026-03-19 08:41:56 | INFO | Application Layer  | rx: Satellite Data 1
2026-03-19 08:41:57 | INFO | Application Layer  | rx: Satellite Data 1
2026-03-19 08:41:59 | INFO | Application Layer  | rx: Satellite Data 1
2026-03-19 08:42:00 | INFO | Application Layer  | rx: Satellite Data 1
2026-03-19 08:42:01 | INFO | Application Layer  | rx: Satellite Data 1
2026-03-19 08:42:02 | INFO | Application Layer  | rx: Satellite Data 1
2026-03-19 08:42:04 | INFO | Application Layer  | rx: Satellite Data 1
2026-03-19 08:42:06 | INFO | Application Layer  | rx: Satellite Data 1
2026-03-19 08:42:08 | INFO | Application Layer  | rx: Satellite Data 1
2026-03-19 08:42:09 | INFO | Application Layer  | rx: Satellite Data 1
2026-03-19 08:42:10 | INFO | Application Layer  | rx: Satellite Data 1
2026-03-19 08:42:11 | INFO | Application Layer  | rx: Satellite Data 1
2026-03-19 08:42:12 | INFO | Application Layer  | rx: Satellite Data 1
2026-03-19 08:42:13 | INFO | Application Layer  | rx: Satellite Data 1
2026-03-19 08:42:14 | INFO | Application Layer  | rx: Satellite Data 1
2026-03-19 08:42:16 | INFO | Application Layer  | rx: Satellite Data 1
2026-03-19 08:42:17 | INFO | Application Layer  | rx: Satellite Data 1
2026-03-19 08:42:22 | INFO | Application Layer  | rx: Satellite Data 1
2026-03-19 08:42:23 | INFO | Application Layer  | rx: Satellite Data 1
2026-03-19 08:42:24 | INFO | Application Layer  | rx: Satellite Data 1
2026-03-19 08:42:26 | INFO | Application Layer  | rx: Satellite Data 1
2026-03-19 08:42:29 | INFO | Application Layer  | rx: Satellite Data 1
2026-03-19 08:42:30 | INFO | Application Layer  | rx: Satellite Data 1
2026-03-19 08:42:31 | INFO | Application Layer  | rx: Satellite Data 1
2026-03-19 08:42:33 | INFO | Application Layer  | rx: Satellite Data 1
2026-03-19 08:42:34 | INFO | Application Layer  | rx: Satellite Data 1
2026-03-19 08:42:35 | INFO | Application Layer  | rx: Satellite Data 1
2026-03-19 08:42:37 | INFO | Application Layer  | rx: Satellite Data 1
2026-03-19 08:42:38 | INFO | Application Layer  | rx: Satellite Data 1
2026-03-19 08:42:39 | INFO | Application Layer  | rx: Satellite Data 1
2026-03-19 08:42:40 | INFO | Application Layer  | rx: Satellite Data 1
2026-03-19 08:42:41 | INFO | Application Layer  | rx: Satellite Data 1
2026-03-19 08:42:42 | INFO | Application Layer  | rx: Satellite Data 1
2026-03-19 08:42:43 | INFO | Application Layer  | rx: Satellite Data 1
2026-03-19 08:42:45 | INFO | Application Layer  | rx: Satellite Data 1
2026-03-19 08:42:46 | INFO | Application Layer  | rx: Satellite Data 1
2026-03-19 08:42:47 | INFO | Application Layer  | rx: Satellite Data 1
2026-03-19 08:42:48 | INFO | Application Layer  | rx: Satellite Data 1
2026-03-19 08:42:50 | INFO | Application Layer  | rx: Satellite Data 1
2026-03-19 08:42:51 | INFO | Application Layer  | rx: Satellite Data 1
2026-03-19 08:42:53 | INFO | Application Layer  | rx: Satellite Data 1
2026-03-19 08:42:55 | INFO | Application Layer  | rx: Satellite Data 1
2026-03-19 08:42:56 | INFO | Application Layer  | rx: Satellite Data 1
2026-03-19 08:43:05 | INFO | Application Layer  | rx: Satellite Data 1
2026-03-19 08:43:06 | INFO | Application Layer  | rx: Satellite Data 1
2026-03-19 08:43:07 | INFO | Application Layer  | rx: Satellite Data 1
2026-03-19 08:43:10 | INFO | Application Layer  | rx: Satellite Data 1
2026-03-19 08:43:12 | INFO | Application Layer  | rx: Satellite Data 1
2026-03-19 08:43:16 | INFO | Application Layer  | rx: Satellite Data 1
2026-03-19 08:43:17 | INFO | Application Layer  | rx: Satellite Data 1
2026-03-19 08:43:20 | INFO | Application Layer  | rx: Satellite Data 1
2026-03-19 08:43:22 | INFO | Application Layer  | rx: Satellite Data 1
2026-03-19 08:43:23 | INFO | Application Layer  | rx: Satellite Data 1
2026-03-19 08:43:24 | INFO | Application Layer  | rx: Satellite Data 1
2026-03-19 08:43:25 | INFO | Application Layer  | rx: Satellite Data 1
2026-03-19 08:43:26 | INFO | Application Layer  | rx: Satellite Data 1
2026-03-19 08:43:27 | INFO | Application Layer  | rx: Satellite Data 1
2026-03-19 08:43:28 | INFO | Application Layer  | rx: Satellite Data 1
2026-03-19 08:43:29 | INFO | Application Layer  | rx: Satellite Data 1
2026-03-19 08:43:30 | INFO | Application Layer  | rx: Satellite Data 1
2026-03-19 08:43:35 | INFO | Application Layer  | rx: Satellite Data 1
2026-03-19 08:43:36 | INFO | Application Layer  | rx: Satellite Data 1
2026-03-19 08:43:39 | INFO | Application Layer  | rx: Satellite Data 1
2026-03-19 08:43:40 | INFO | Application Layer  | rx: Satellite Data 1
2026-03-19 08:43:41 | INFO | Application Layer  | rx: Satellite Data 1
2026-03-19 08:43:43 | INFO | Application Layer  | rx: Satellite Data 1
2026-03-19 08:43:44 | INFO | Application Layer  | rx: Satellite Data 1
2026-03-19 08:43:45 | INFO | Application Layer  | rx: Satellite Data 1
2026-03-19 08:43:46 | INFO | Application Layer  | rx: Satellite Data 1
2026-03-19 08:43:47 | INFO | Application Layer  | rx: Satellite Data 1
2026-03-19 08:43:51 | INFO | Application Layer  | rx: Satellite Data 1
2026-03-19 08:43:53 | INFO | Application Layer  | rx: Satellite Data 1
2026-03-19 08:43:54 | INFO | Application Layer  | rx: Satellite Data 1
2026-03-19 08:43:55 | INFO | Application Layer  | rx: Satellite Data 1
2026-03-19 08:43:56 | INFO | Application Layer  | rx: Satellite Data 1
2026-03-19 08:43:58 | INFO | Application Layer  | rx: Satellite Data 1
2026-03-19 08:44:00 | INFO | Application Layer  | rx: Satellite Data 1
2026-03-19 08:44:01 | INFO | Application Layer  | rx: Satellite Data 1
2026-03-19 08:44:03 | INFO | Application Layer  | rx: Satellite Data 1
2026-03-19 08:44:04 | INFO | Application Layer  | rx: Satellite Data 1
2026-03-19 08:44:05 | INFO | Application Layer  | rx: Satellite Data 1
2026-03-19 08:44:06 | INFO | Application Layer  | rx: Satellite Data 1
2026-03-19 08:44:09 | INFO | Application Layer  | rx: Satellite Data 1
2026-03-19 08:44:12 | INFO | Application Layer  | rx: Satellite Data 1
2026-03-19 08:44:13 | INFO | Application Layer  | rx: Satellite Data 1
2026-03-19 08:44:14 | INFO | Application Layer  | rx: Satellite Data 1
2026-03-19 08:44:15 | INFO | Application Layer  | rx: Satellite Data 1
2026-03-19 08:44:17 | INFO | Application Layer  | rx: Satellite Data 1
2026-03-19 08:44:19 | INFO | Application Layer  | rx: Satellite Data 1
2026-03-19 08:44:20 | INFO | Application Layer  | rx: Satellite Data 1
2026-03-19 08:44:22 | INFO | Application Layer  | rx: Satellite Data 1
2026-03-19 08:44:23 | INFO | Application Layer  | rx: Satellite Data 1
2026-03-19 08:44:24 | INFO | Application Layer  | rx: Satellite Data 1
2026-03-19 08:44:27 | INFO | Application Layer  | rx: Satellite Data 1
2026-03-19 08:44:28 | INFO | Application Layer  | rx: Satellite Data 1
2026-03-19 08:44:29 | INFO | Application Layer  | rx: Satellite Data 1
2026-03-19 08:44:30 | INFO | Application Layer  | rx: Satellite Data 1
2026-03-19 08:44:31 | INFO | Application Layer  | rx: Satellite Data 1
2026-03-19 08:44:33 | INFO | Application Layer  | rx: Satellite Data 1
2026-03-19 08:44:34 | INFO | Application Layer  | rx: Satellite Data 1
2026-03-19 08:44:36 | INFO | Application Layer  | rx: Satellite Data 1
2026-03-19 08:44:38 | INFO | Application Layer  | rx: Satellite Data 1
2026-03-19 08:44:39 | INFO | Application Layer  | rx: Satellite Data 1
2026-03-19 08:44:40 | INFO | Application Layer  | rx: Satellite Data 1
2026-03-19 08:44:41 | INFO | Application Layer  | rx: Satellite Data 1
2026-03-19 08:44:43 | INFO | Application Layer  | rx: Satellite Data 1
2026-03-19 08:44:44 | INFO | Application Layer  | rx: Satellite Data 1
2026-03-19 08:44:47 | INFO | Application Layer  | rx: Satellite Data 1
2026-03-19 08:44:49 | INFO | Application Layer  | rx: Satellite Data 1
2026-03-19 08:44:50 | INFO | Application Layer  | rx: Satellite Data 1
2026-03-19 08:44:52 | INFO | Application Layer  | rx: Satellite Data 1
2026-03-19 08:44:55 | INFO | Application Layer  | rx: Satellite Data 1
2026-03-19 08:44:56 | INFO | Application Layer  | rx: Satellite Data 1
2026-03-19 08:44:59 | INFO | Application Layer  | rx: Satellite Data 1
2026-03-19 08:45:00 | INFO | Application Layer  | rx: Satellite Data 1
2026-03-19 08:45:01 | INFO | Application Layer  | rx: Satellite Data 1
2026-03-19 08:45:02 | INFO | Application Layer  | rx: Satellite Data 1
2026-03-19 08:45:03 | INFO | Application Layer  | rx: Satellite Data 1
2026-03-19 08:45:04 | INFO | Application Layer  | rx: Satellite Data 1
2026-03-19 08:45:05 | INFO | Application Layer  | rx: Satellite Data 1
2026-03-19 08:45:06 | INFO | Application Layer  | rx: Satellite Data 1
2026-03-19 08:45:07 | INFO | Application Layer  | rx: Satellite Data 1
2026-03-19 08:45:08 | INFO | Application Layer  | rx: Satellite Data 1
2026-03-19 08:45:10 | INFO | Application Layer  | rx: Satellite Data 1
2026-03-19 08:45:11 | INFO | Application Layer  | rx: Satellite Data 1
2026-03-19 08:45:12 | INFO | Application Layer  | rx: Satellite Data 1
2026-03-19 08:45:13 | INFO | Application Layer  | rx: Satellite Data 1
2026-03-19 08:45:14 | INFO | Application Layer  | rx: Satellite Data 1
2026-03-19 08:45:15 | INFO | Application Layer  | rx: Satellite Data 1
2026-03-19 08:45:16 | INFO | Application Layer  | rx: Satellite Data 1
2026-03-19 08:45:19 | INFO | Application Layer  | rx: Satellite Data 1
2026-03-19 08:45:20 | INFO | Application Layer  | rx: Satellite Data 1
2026-03-19 08:45:21 | INFO | Application Layer  | rx: Satellite Data 1
2026-03-19 08:45:22 | INFO | Application Layer  | rx: Satellite Data 1
2026-03-19 08:45:25 | INFO | Application Layer  | rx: Satellite Data 1
2026-03-19 08:45:26 | INFO | Application Layer  | rx: Satellite Data 1
2026-03-19 08:45:27 | INFO | Application Layer  | rx: Satellite Data 1
2026-03-19 08:45:28 | INFO | Application Layer  | rx: Satellite Data 1
2026-03-19 08:45:29 | INFO | Application Layer  | rx: Satellite Data 1
2026-03-19 08:45:30 | INFO | Application Layer  | rx: Satellite Data 1
2026-03-19 08:45:31 | INFO | Application Layer  | rx: Satellite Data 1
2026-03-19 08:45:32 | INFO | Application Layer  | rx: Satellite Data 1
2026-03-19 08:45:33 | INFO | Application Layer  | rx: Satellite Data 1
2026-03-19 08:45:36 | INFO | Application Layer  | rx: Satellite Data 1
2026-03-19 08:45:38 | INFO | Application Layer  | rx: Satellite Data 1
2026-03-19 08:45:39 | INFO | Application Layer  | rx: Satellite Data 1
2026-03-19 08:45:40 | INFO | Application Layer  | rx: Satellite Data 1
2026-03-19 08:45:42 | INFO | Application Layer  | rx: Satellite Data 1
2026-03-19 08:45:44 | INFO | Application Layer  | rx: Satellite Data 1
2026-03-19 08:45:45 | INFO | Application Layer  | rx: Satellite Data 1
2026-03-19 08:45:46 | INFO | Application Layer  | rx: Satellite Data 1
2026-03-19 08:45:47 | INFO | Application Layer  | rx: Satellite Data 1
2026-03-19 08:45:48 | INFO | Application Layer  | rx: Satellite Data 1
2026-03-19 08:45:50 | INFO | Application Layer  | rx: Satellite Data 1
2026-03-19 08:45:53 | INFO | Application Layer  | rx: Satellite Data 1
2026-03-19 08:45:54 | INFO | Application Layer  | rx: Satellite Data 1
2026-03-19 08:45:55 | INFO | Application Layer  | rx: Satellite Data 1
2026-03-19 08:45:56 | INFO | Application Layer  | rx: Satellite Data 1
2026-03-19 08:45:57 | INFO | Application Layer  | rx: Satellite Data 1
2026-03-19 08:45:58 | INFO | Application Layer  | rx: Satellite Data 1
2026-03-19 08:45:59 | INFO | Application Layer  | rx: Satellite Data 1
2026-03-19 08:46:00 | INFO | Application Layer  | rx: Satellite Data 1
2026-03-19 08:46:01 | INFO | Application Layer  | rx: Satellite Data 1
2026-03-19 08:46:02 | INFO | Application Layer  | rx: Satellite Data 1
2026-03-19 08:46:04 | INFO | Application Layer  | rx: Satellite Data 1
2026-03-19 08:46:05 | INFO | Application Layer  | rx: Satellite Data 1
2026-03-19 08:46:06 | INFO | Application Layer  | rx: Satellite Data 1
2026-03-19 08:46:07 | INFO | Application Layer  | rx: Satellite Data 1
2026-03-19 08:46:08 | INFO | Application Layer  | rx: Satellite Data 1
2026-03-19 08:46:09 | INFO | Application Layer  | rx: Satellite Data 1
2026-03-19 08:46:10 | INFO | Application Layer  | rx: Satellite Data 1
2026-03-19 08:46:11 | INFO | Application Layer  | rx: Satellite Data 1
2026-03-19 08:46:13 | INFO | Application Layer  | rx: Satellite Data 1
2026-03-19 08:47:32 | INFO | Application Layer  | rx: Satellite Data 1
2026-03-19 08:47:33 | INFO | Application Layer  | rx: Satellite Data 1
2026-03-19 08:47:34 | INFO | Application Layer  | rx: Satellite Data 1
2026-03-19 08:47:36 | INFO | Application Layer  | rx: Satellite Data 1
2026-03-19 08:47:37 | INFO | Application Layer  | rx: Satellite Data 1
2026-03-19 08:47:38 | INFO | Application Layer  | rx: Satellite Data 1
2026-03-19 08:47:40 | INFO | Application Layer  | rx: Satellite Data 1
2026-03-19 08:47:42 | INFO | Application Layer  | rx: Satellite Data 1
2026-03-19 08:47:45 | INFO | Application Layer  | rx: Satellite Data 1
2026-03-19 08:47:46 | INFO | Application Layer  | rx: Satellite Data 1
2026-03-19 08:47:47 | INFO | Application Layer  | rx: Satellite Data 1
2026-03-19 08:47:48 | INFO | Application Layer  | rx: Satellite Data 1
2026-03-19 08:47:49 | INFO | Application Layer  | rx: Satellite Data 1
2026-03-19 08:47:52 | INFO | Application Layer  | rx: Satellite Data 1
2026-03-19 08:47:53 | INFO | Application Layer  | rx: Satellite Data 1
2026-03-19 08:47:55 | INFO | Application Layer  | rx: Satellite Data 1
2026-03-19 08:47:56 | INFO | Application Layer  | rx: Satellite Data 1
2026-03-19 08:47:57 | INFO | Application Layer  | rx: Satellite Data 1
2026-03-19 08:47:58 | INFO | Application Layer  | rx: Satellite Data 1
2026-03-19 08:48:00 | INFO | Application Layer  | rx: Satellite Data 1
2026-03-19 08:48:01 | INFO | Application Layer  | rx: Satellite Data 1
2026-03-19 08:48:03 | INFO | Application Layer  | rx: Satellite Data 1
2026-03-19 08:48:04 | INFO | Application Layer  | rx: Satellite Data 1
2026-03-19 08:48:05 | INFO | Application Layer  | rx: Satellite Data 1
2026-03-19 08:48:06 | INFO | Application Layer  | rx: Satellite Data 1
2026-03-19 08:48:08 | INFO | Application Layer  | rx: Satellite Data 1
2026-03-19 08:48:09 | INFO | Application Layer  | rx: Satellite Data 1
2026-03-19 08:48:12 | INFO | Application Layer  | rx: Satellite Data 1
2026-03-19 08:48:13 | INFO | Application Layer  | rx: Satellite Data 1
2026-03-19 08:48:14 | INFO | Application Layer  | rx: Satellite Data 1
2026-03-19 08:48:15 | INFO | Application Layer  | rx: Satellite Data 1
2026-03-19 08:48:16 | INFO | Application Layer  | rx: Satellite Data 1
2026-03-19 08:48:17 | INFO | Application Layer  | rx: Satellite Data 1
2026-03-19 08:48:18 | INFO | Application Layer  | rx: Satellite Data 1
2026-03-19 08:48:19 | INFO | Application Layer  | rx: Satellite Data 1
2026-03-19 08:48:20 | INFO | Application Layer  | rx: Satellite Data 1
2026-03-19 08:48:22 | INFO | Application Layer  | rx: Satellite Data 1
2026-03-19 08:48:23 | INFO | Application Layer  | rx: Satellite Data 1
2026-03-19 08:48:25 | INFO | Application Layer  | rx: Satellite Data 1
2026-03-19 08:48:26 | INFO | Application Layer  | rx: Satellite Data 1
2026-03-19 08:48:28 | INFO | Application Layer  | rx: Satellite Data 1
2026-03-19 08:48:29 | INFO | Application Layer  | rx: Satellite Data 1
2026-03-19 08:48:31 | INFO | Application Layer  | rx: Satellite Data 1
2026-03-19 08:48:32 | INFO | Application Layer  | rx: Satellite Data 1
2026-03-19 08:48:33 | INFO | Application Layer  | rx: Satellite Data 1
2026-03-19 08:48:34 | INFO | Application Layer  | rx: Satellite Data 1
2026-03-19 08:48:35 | INFO | Application Layer  | rx: Satellite Data 1
2026-03-19 08:48:36 | INFO | Application Layer  | rx: Satellite Data 1
2026-03-19 08:48:37 | INFO | Application Layer  | rx: Satellite Data 1
2026-03-19 08:48:38 | INFO | Application Layer  | rx: Satellite Data 1
2026-03-19 08:48:39 | INFO | Application Layer  | rx: Satellite Data 1
2026-03-19 08:48:40 | INFO | Application Layer  | rx: Satellite Data 1
2026-03-19 08:48:41 | INFO | Application Layer  | rx: Satellite Data 1
2026-03-19 08:48:42 | INFO | Application Layer  | rx: Satellite Data 1
2026-03-19 08:48:43 | INFO | Application Layer  | rx: Satellite Data 1
2026-03-19 08:48:44 | INFO | Application Layer  | rx: Satellite Data 1
2026-03-19 08:48:46 | INFO | Application Layer  | rx: Satellite Data 1
2026-03-19 08:48:47 | INFO | Application Layer  | rx: Satellite Data 1
2026-03-19 08:48:48 | INFO | Application Layer  | rx: Satellite Data 1
2026-03-19 08:48:49 | INFO | Application Layer  | rx: Satellite Data 1
2026-03-19 08:48:50 | INFO | Application Layer  | rx: Satellite Data 1
2026-03-19 08:48:53 | INFO | Application Layer  | rx: Satellite Data 1
2026-03-19 08:48:55 | INFO | Application Layer  | rx: Satellite Data 1
2026-03-19 08:48:56 | INFO | Application Layer  | rx: Satellite Data 1
2026-03-19 08:48:57 | INFO | Application Layer  | rx: Satellite Data 1
2026-03-19 08:48:59 | INFO | Application Layer  | rx: Satellite Data 1
2026-03-19 08:49:00 | INFO | Application Layer  | rx: Satellite Data 1
2026-03-19 08:49:05 | INFO | Application Layer  | rx: Satellite Data 1
2026-03-19 08:49:06 | INFO | Application Layer  | rx: Satellite Data 1
2026-03-19 08:49:07 | INFO | Application Layer  | rx: Satellite Data 1
2026-03-19 08:49:08 | INFO | Application Layer  | rx: Satellite Data 1
2026-03-19 08:49:11 | INFO | Application Layer  | rx: Satellite Data 1
2026-03-19 08:49:13 | INFO | Application Layer  | rx: Satellite Data 1
2026-03-19 08:49:14 | INFO | Application Layer  | rx: Satellite Data 1
2026-03-19 08:49:16 | INFO | Application Layer  | rx: Satellite Data 1
2026-03-19 08:49:19 | INFO | Application Layer  | rx: Satellite Data 1
2026-03-19 08:49:20 | INFO | Application Layer  | rx: Satellite Data 1
2026-03-19 08:49:21 | INFO | Application Layer  | rx: Satellite Data 1
2026-03-19 08:49:22 | INFO | Application Layer  | rx: Satellite Data 1
2026-03-19 08:49:23 | INFO | Application Layer  | rx: Satellite Data 1
2026-03-19 08:49:25 | INFO | Application Layer  | rx: Satellite Data 1
2026-03-19 08:49:26 | INFO | Application Layer  | rx: Satellite Data 1
2026-03-19 08:49:27 | INFO | Application Layer  | rx: Satellite Data 1
2026-03-19 08:49:28 | INFO | Application Layer  | rx: Satellite Data 1
2026-03-19 08:49:29 | INFO | Application Layer  | rx: Satellite Data 1
2026-03-19 08:49:31 | INFO | Application Layer  | rx: Satellite Data 1
2026-03-19 08:49:33 | INFO | Application Layer  | rx: Satellite Data 1
2026-03-19 08:49:36 | INFO | Application Layer  | rx: Satellite Data 1
2026-03-19 08:49:37 | INFO | Application Layer  | rx: Satellite Data 1
2026-03-19 08:49:38 | INFO | Application Layer  | rx: Satellite Data 1
2026-03-19 08:49:39 | INFO | Application Layer  | rx: Satellite Data 1
2026-03-19 08:49:40 | INFO | Application Layer  | rx: Satellite Data 1
2026-03-19 08:49:41 | INFO | Application Layer  | rx: Satellite Data 1
2026-03-19 08:49:42 | INFO | Application Layer  | rx: Satellite Data 1
2026-03-19 08:49:43 | INFO | Application Layer  | rx: Satellite Data 1
2026-03-19 08:49:45 | INFO | Application Layer  | rx: Satellite Data 1
2026-03-19 08:49:46 | INFO | Application Layer  | rx: Satellite Data 1
2026-03-19 08:49:47 | INFO | Application Layer  | rx: Satellite Data 1
2026-03-19 08:49:48 | INFO | Application Layer  | rx: Satellite Data 1
2026-03-19 08:49:49 | INFO | Application Layer  | rx: Satellite Data 1
2026-03-19 08:49:51 | INFO | Application Layer  | rx: Satellite Data 1
2026-03-19 08:49:53 | INFO | Application Layer  | rx: Satellite Data 1
2026-03-19 08:49:55 | INFO | Application Layer  | rx: Satellite Data 1
2026-03-19 08:49:56 | INFO | Application Layer  | rx: Satellite Data 1
2026-03-19 08:49:57 | INFO | Application Layer  | rx: Satellite Data 1
2026-03-19 08:49:58 | INFO | Application Layer  | rx: Satellite Data 1
2026-03-19 08:49:59 | INFO | Application Layer  | rx: Satellite Data 1
2026-03-19 08:50:00 | INFO | Application Layer  | rx: Satellite Data 1
2026-03-19 08:50:01 | INFO | Application Layer  | rx: Satellite Data 1
2026-03-19 08:50:02 | INFO | Application Layer  | rx: Satellite Data 1
2026-03-19 08:50:03 | INFO | Application Layer  | rx: Satellite Data 1
2026-03-19 08:50:04 | INFO | Application Layer  | rx: Satellite Data 1
2026-03-19 08:50:05 | INFO | Application Layer  | rx: Satellite Data 1
2026-03-19 08:50:06 | INFO | Application Layer  | rx: Satellite Data 1
2026-03-19 08:50:07 | INFO | Application Layer  | rx: Satellite Data 1
2026-03-19 08:50:08 | INFO | Application Layer  | rx: Satellite Data 1
2026-03-19 08:50:10 | INFO | Application Layer  | rx: Satellite Data 1
2026-03-19 08:50:11 | INFO | Application Layer  | rx: Satellite Data 1
2026-03-19 08:50:12 | INFO | Application Layer  | rx: Satellite Data 1
2026-03-19 08:50:13 | INFO | Application Layer  | rx: Satellite Data 1
2026-03-19 08:50:14 | INFO | Application Layer  | rx: Satellite Data 1
2026-03-19 08:50:15 | INFO | Application Layer  | rx: Satellite Data 1
2026-03-19 08:50:16 | INFO | Application Layer  | rx: Satellite Data 1
2026-03-19 08:50:17 | INFO | Application Layer  | rx: Satellite Data 1
2026-03-19 08:50:18 | INFO | Application Layer  | rx: Satellite Data 1
2026-03-19 08:50:19 | INFO | Application Layer  | rx: Satellite Data 1
2026-03-19 08:50:20 | INFO | Application Layer  | rx: Satellite Data 1
2026-03-19 08:50:21 | INFO | Application Layer  | rx: Satellite Data 1
2026-03-19 08:50:22 | INFO | Application Layer  | rx: Satellite Data 1
2026-03-19 08:50:23 | INFO | Application Layer  | rx: Satellite Data 1
2026-03-19 08:50:24 | INFO | Application Layer  | rx: Satellite Data 1
2026-03-19 08:50:27 | INFO | Application Layer  | rx: Satellite Data 1
2026-03-19 08:50:28 | INFO | Application Layer  | rx: Satellite Data 1
2026-03-19 08:50:34 | INFO | Application Layer  | rx: Satellite Data 1
2026-03-19 08:50:35 | INFO | Application Layer  | rx: Satellite Data 1
2026-03-19 08:50:36 | INFO | Application Layer  | rx: Satellite Data 1
2026-03-19 08:50:38 | INFO | Application Layer  | rx: Satellite Data 1
2026-03-19 08:50:40 | INFO | Application Layer  | rx: Satellite Data 1
2026-03-19 08:50:42 | INFO | Application Layer  | rx: Satellite Data 1
2026-03-19 08:50:43 | INFO | Application Layer  | rx: Satellite Data 1
2026-03-19 08:50:44 | INFO | Application Layer  | rx: Satellite Data 1
2026-03-19 08:50:45 | INFO | Application Layer  | rx: Satellite Data 1
2026-03-19 08:50:47 | INFO | Application Layer  | rx: Satellite Data 1
2026-03-19 08:50:48 | INFO | Application Layer  | rx: Satellite Data 1
2026-03-19 08:50:49 | INFO | Application Layer  | rx: Satellite Data 1
2026-03-19 08:50:50 | INFO | Application Layer  | rx: Satellite Data 1
2026-03-19 08:50:51 | INFO | Application Layer  | rx: Satellite Data 1
2026-03-19 08:50:54 | INFO | Application Layer  | rx: Satellite Data 1
2026-03-19 08:50:55 | INFO | Application Layer  | rx: Satellite Data 1
2026-03-19 08:50:56 | INFO | Application Layer  | rx: Satellite Data 1
2026-03-19 08:50:57 | INFO | Application Layer  | rx: Satellite Data 1
2026-03-19 08:50:59 | INFO | Application Layer  | rx: Satellite Data 1
2026-03-19 08:51:01 | INFO | Application Layer  | rx: Satellite Data 1
2026-03-19 08:51:02 | INFO | Application Layer  | rx: Satellite Data 1
2026-03-19 08:51:04 | INFO | Application Layer  | rx: Satellite Data 1
2026-03-19 08:51:05 | INFO | Application Layer  | rx: Satellite Data 1
2026-03-19 08:51:07 | INFO | Application Layer  | rx: Satellite Data 1
2026-03-19 08:51:08 | INFO | Application Layer  | rx: Satellite Data 1
2026-03-19 08:51:10 | INFO | Application Layer  | rx: Satellite Data 1
2026-03-19 08:51:11 | INFO | Application Layer  | rx: Satellite Data 1
2026-03-19 08:51:13 | INFO | Application Layer  | rx: Satellite Data 1
2026-03-19 08:51:16 | INFO | Application Layer  | rx: Satellite Data 1
2026-03-19 08:51:17 | INFO | Application Layer  | rx: Satellite Data 1
2026-03-19 08:51:18 | INFO | Application Layer  | rx: Satellite Data 1
2026-03-19 08:51:19 | INFO | Application Layer  | rx: Satellite Data 1
2026-03-19 08:51:20 | INFO | Application Layer  | rx: Satellite Data 1
2026-03-19 08:51:21 | INFO | Application Layer  | rx: Satellite Data 1
2026-03-19 08:51:22 | INFO | Application Layer  | rx: Satellite Data 1
2026-03-19 08:51:23 | INFO | Application Layer  | rx: Satellite Data 1
2026-03-19 08:51:28 | INFO | Application Layer  | rx: Satellite Data 1
2026-03-19 08:51:29 | INFO | Application Layer  | rx: Satellite Data 1
2026-03-19 08:51:31 | INFO | Application Layer  | rx: Satellite Data 1
2026-03-19 08:51:32 | INFO | Application Layer  | rx: Satellite Data 1
2026-03-19 08:51:35 | INFO | Application Layer  | rx: Satellite Data 1
2026-03-19 08:51:36 | INFO | Application Layer  | rx: Satellite Data 1
2026-03-19 08:51:37 | INFO | Application Layer  | rx: Satellite Data 1
2026-03-19 08:51:38 | INFO | Application Layer  | rx: Satellite Data 1
2026-03-19 08:51:39 | INFO | Application Layer  | rx: Satellite Data 1
2026-03-19 08:51:41 | INFO | Application Layer  | rx: Satellite Data 1
2026-03-19 08:51:42 | INFO | Application Layer  | rx: Satellite Data 1
2026-03-19 08:51:43 | INFO | Application Layer  | rx: Satellite Data 1
2026-03-19 08:51:46 | INFO | Application Layer  | rx: Satellite Data 1
2026-03-19 08:51:48 | INFO | Application Layer  | rx: Satellite Data 1
2026-03-19 08:51:49 | INFO | Application Layer  | rx: Satellite Data 1
2026-03-19 08:51:50 | INFO | Application Layer  | rx: Satellite Data 1
2026-03-19 08:51:51 | INFO | Application Layer  | rx: Satellite Data 1
2026-03-19 08:51:52 | INFO | Application Layer  | rx: Satellite Data 1
2026-03-19 08:51:53 | INFO | Application Layer  | rx: Satellite Data 1
2026-03-19 08:51:56 | INFO | Application Layer  | rx: Satellite Data 1
2026-03-19 08:51:57 | INFO | Application Layer  | rx: Satellite Data 1
2026-03-19 08:51:58 | INFO | Application Layer  | rx: Satellite Data 1
2026-03-19 08:52:00 | INFO | Application Layer  | rx: Satellite Data 1
2026-03-19 08:52:01 | INFO | Application Layer  | rx: Satellite Data 1
2026-03-19 08:52:02 | INFO | Application Layer  | rx: Satellite Data 1
2026-03-19 08:52:04 | INFO | Application Layer  | rx: Satellite Data 1
2026-03-19 08:52:05 | INFO | Application Layer  | rx: Satellite Data 1
2026-03-19 08:52:06 | INFO | Application Layer  | rx: Satellite Data 1
2026-03-19 08:52:07 | INFO | Application Layer  | rx: Satellite Data 1
2026-03-19 08:52:08 | INFO | Application Layer  | rx: Satellite Data 1
2026-03-19 08:52:09 | INFO | Application Layer  | rx: Satellite Data 1
2026-03-19 08:52:10 | INFO | Application Layer  | rx: Satellite Data 1
2026-03-19 08:52:12 | INFO | Application Layer  | rx: Satellite Data 1
2026-03-19 08:52:14 | INFO | Application Layer  | rx: Satellite Data 1
2026-03-19 08:52:15 | INFO | Application Layer  | rx: Satellite Data 1
2026-03-19 08:52:16 | INFO | Application Layer  | rx: Satellite Data 1
2026-03-19 08:52:17 | INFO | Application Layer  | rx: Satellite Data 1
2026-03-19 08:52:18 | INFO | Application Layer  | rx: Satellite Data 1
2026-03-19 08:52:21 | INFO | Application Layer  | rx: Satellite Data 1
2026-03-19 08:52:22 | INFO | Application Layer  | rx: Satellite Data 1
2026-03-19 08:52:23 | INFO | Application Layer  | rx: Satellite Data 1
2026-03-19 08:52:25 | INFO | Application Layer  | rx: Satellite Data 1
2026-03-19 08:52:27 | INFO | Application Layer  | rx: Satellite Data 1
2026-03-19 08:52:28 | INFO | Application Layer  | rx: Satellite Data 1
2026-03-19 08:52:31 | INFO | Application Layer  | rx: Satellite Data 1
2026-03-19 08:52:32 | INFO | Application Layer  | rx: Satellite Data 1
2026-03-19 08:52:33 | INFO | Application Layer  | rx: Satellite Data 1
2026-03-19 08:52:34 | INFO | Application Layer  | rx: Satellite Data 1
2026-03-19 08:52:35 | INFO | Application Layer  | rx: Satellite Data 1
2026-03-19 08:52:36 | INFO | Application Layer  | rx: Satellite Data 1
2026-03-19 08:52:37 | INFO | Application Layer  | rx: Satellite Data 1
2026-03-19 08:52:39 | INFO | Application Layer  | rx: Satellite Data 1
2026-03-19 08:52:40 | INFO | Application Layer  | rx: Satellite Data 1
2026-03-19 08:52:43 | INFO | Application Layer  | rx: Satellite Data 1
2026-03-19 08:52:45 | INFO | Application Layer  | rx: Satellite Data 1
2026-03-19 08:52:48 | INFO | Application Layer  | rx: Satellite Data 1
2026-03-19 08:52:50 | INFO | Application Layer  | rx: Satellite Data 1
2026-03-19 08:52:51 | INFO | Application Layer  | rx: Satellite Data 1
2026-03-19 08:52:52 | INFO | Application Layer  | rx: Satellite Data 1
2026-03-19 08:52:54 | INFO | Application Layer  | rx: Satellite Data 1
2026-03-19 08:52:55 | INFO | Application Layer  | rx: Satellite Data 1
2026-03-19 08:52:56 | INFO | Application Layer  | rx: Satellite Data 1
2026-03-19 08:52:57 | INFO | Application Layer  | rx: Satellite Data 1
2026-03-19 08:52:58 | INFO | Application Layer  | rx: Satellite Data 1
2026-03-19 08:53:00 | INFO | Application Layer  | rx: Satellite Data 1
2026-03-19 08:53:01 | INFO | Application Layer  | rx: Satellite Data 1
2026-03-19 08:53:02 | INFO | Application Layer  | rx: Satellite Data 1
2026-03-19 08:53:03 | INFO | Application Layer  | rx: Satellite Data 1
2026-03-19 08:53:04 | INFO | Application Layer  | rx: Satellite Data 1
2026-03-19 08:53:05 | INFO | Application Layer  | rx: Satellite Data 1
2026-03-19 08:53:06 | INFO | Application Layer  | rx: Satellite Data 1
2026-03-19 08:53:08 | INFO | Application Layer  | rx: Satellite Data 1
2026-03-19 08:53:09 | INFO | Application Layer  | rx: Satellite Data 1
2026-03-19 08:53:11 | INFO | Application Layer  | rx: Satellite Data 1
2026-03-19 08:53:12 | INFO | Application Layer  | rx: Satellite Data 1
2026-03-19 08:53:14 | INFO | Application Layer  | rx: Satellite Data 1
2026-03-19 08:53:15 | INFO | Application Layer  | rx: Satellite Data 1
2026-03-19 08:53:18 | INFO | Application Layer  | rx: Satellite Data 1
2026-03-19 08:53:19 | INFO | Application Layer  | rx: Satellite Data 1
2026-03-19 08:53:20 | INFO | Application Layer  | rx: Satellite Data 1
2026-03-19 08:53:21 | INFO | Application Layer  | rx: Satellite Data 1
2026-03-19 08:53:22 | INFO | Application Layer  | rx: Satellite Data 1
2026-03-19 08:53:23 | INFO | Application Layer  | rx: Satellite Data 1
2026-03-19 08:53:25 | INFO | Application Layer  | rx: Satellite Data 1
2026-03-19 08:53:26 | INFO | Application Layer  | rx: Satellite Data 1
2026-03-19 08:53:28 | INFO | Application Layer  | rx: Satellite Data 1
2026-03-19 08:53:30 | INFO | Application Layer  | rx: Satellite Data 1
2026-03-19 08:53:31 | INFO | Application Layer  | rx: Satellite Data 1
2026-03-19 08:53:32 | INFO | Application Layer  | rx: Satellite Data 1
2026-03-19 08:53:34 | INFO | Application Layer  | rx: Satellite Data 1
2026-03-19 08:53:35 | INFO | Application Layer  | rx: Satellite Data 1
2026-03-19 08:53:36 | INFO | Application Layer  | rx: Satellite Data 1
2026-03-19 08:53:37 | INFO | Application Layer  | rx: Satellite Data 1
2026-03-19 08:53:38 | INFO | Application Layer  | rx: Satellite Data 1
2026-03-19 08:53:39 | INFO | Application Layer  | rx: Satellite Data 1
2026-03-19 08:53:41 | INFO | Application Layer  | rx: Satellite Data 1
2026-03-19 08:53:42 | INFO | Application Layer  | rx: Satellite Data 1
2026-03-19 08:53:43 | INFO | Application Layer  | rx: Satellite Data 1
2026-03-19 08:53:44 | INFO | Application Layer  | rx: Satellite Data 1
2026-03-19 08:53:46 | INFO | Application Layer  | rx: Satellite Data 1
2026-03-19 08:53:48 | INFO | Application Layer  | rx: Satellite Data 1
2026-03-19 08:53:49 | INFO | Application Layer  | rx: Satellite Data 1
2026-03-19 08:53:50 | INFO | Application Layer  | rx: Satellite Data 1
2026-03-19 08:53:51 | INFO | Application Layer  | rx: Satellite Data 1
2026-03-19 08:53:52 | INFO | Application Layer  | rx: Satellite Data 1
2026-03-19 08:53:53 | INFO | Application Layer  | rx: Satellite Data 1
2026-03-19 08:53:54 | INFO | Application Layer  | rx: Satellite Data 1
2026-03-19 08:53:56 | INFO | Application Layer  | rx: Satellite Data 1
2026-03-19 08:53:58 | INFO | Application Layer  | rx: Satellite Data 1
2026-03-19 08:54:00 | INFO | Application Layer  | rx: Satellite Data 1
2026-03-19 08:54:03 | INFO | Application Layer  | rx: Satellite Data 1
2026-03-19 08:54:04 | INFO | Application Layer  | rx: Satellite Data 1
2026-03-19 08:54:05 | INFO | Application Layer  | rx: Satellite Data 1
2026-03-19 08:54:06 | INFO | Application Layer  | rx: Satellite Data 1
2026-03-19 08:54:07 | INFO | Application Layer  | rx: Satellite Data 1
2026-03-19 08:54:08 | INFO | Application Layer  | rx: Satellite Data 1
2026-03-19 08:54:09 | INFO | Application Layer  | rx: Satellite Data 1
2026-03-19 08:54:10 | INFO | Application Layer  | rx: Satellite Data 1
2026-03-19 08:54:11 | INFO | Application Layer  | rx: Satellite Data 1
2026-03-19 08:54:12 | INFO | Application Layer  | rx: Satellite Data 1
2026-03-19 08:54:17 | INFO | Application Layer  | rx: Satellite Data 1
2026-03-19 08:54:20 | INFO | Application Layer  | rx: Satellite Data 1
2026-03-19 08:54:21 | INFO | Application Layer  | rx: Satellite Data 1
2026-03-19 08:54:22 | INFO | Application Layer  | rx: Satellite Data 1
2026-03-19 08:54:23 | INFO | Application Layer  | rx: Satellite Data 1
2026-03-19 08:54:25 | INFO | Application Layer  | rx: Satellite Data 1
2026-03-19 08:54:26 | INFO | Application Layer  | rx: Satellite Data 1
2026-03-19 08:54:28 | INFO | Application Layer  | rx: Satellite Data 1
2026-03-19 08:54:29 | INFO | Application Layer  | rx: Satellite Data 1
2026-03-19 08:54:30 | INFO | Application Layer  | rx: Satellite Data 1
2026-03-19 08:54:31 | INFO | Application Layer  | rx: Satellite Data 1
2026-03-19 08:54:32 | INFO | Application Layer  | rx: Satellite Data 1
2026-03-19 08:54:34 | INFO | Application Layer  | rx: Satellite Data 1
2026-03-19 08:54:35 | INFO | Application Layer  | rx: Satellite Data 1
2026-03-19 08:54:36 | INFO | Application Layer  | rx: Satellite Data 1
2026-03-19 08:54:38 | INFO | Application Layer  | rx: Satellite Data 1
2026-03-19 08:54:39 | INFO | Application Layer  | rx: Satellite Data 1
2026-03-19 08:54:40 | INFO | Application Layer  | rx: Satellite Data 1
2026-03-19 08:54:41 | INFO | Application Layer  | rx: Satellite Data 1
2026-03-19 08:54:42 | INFO | Application Layer  | rx: Satellite Data 1
2026-03-19 08:54:43 | INFO | Application Layer  | rx: Satellite Data 1
2026-03-19 08:54:44 | INFO | Application Layer  | rx: Satellite Data 1
2026-03-19 08:54:45 | INFO | Application Layer  | rx: Satellite Data 1
2026-03-19 08:54:46 | INFO | Application Layer  | rx: Satellite Data 1
2026-03-19 08:54:47 | INFO | Application Layer  | rx: Satellite Data 1
2026-03-19 08:54:48 | INFO | Application Layer  | rx: Satellite Data 1
2026-03-19 08:54:49 | INFO | Application Layer  | rx: Satellite Data 1
2026-03-19 08:54:51 | INFO | Application Layer  | rx: Satellite Data 1
2026-03-19 08:54:52 | INFO | Application Layer  | rx: Satellite Data 1
2026-03-19 08:54:53 | INFO | Application Layer  | rx: Satellite Data 1
2026-03-19 08:54:54 | INFO | Application Layer  | rx: Satellite Data 1
2026-03-19 08:54:55 | INFO | Application Layer  | rx: Satellite Data 1
2026-03-19 08:54:57 | INFO | Application Layer  | rx: Satellite Data 1
2026-03-19 08:54:59 | INFO | Application Layer  | rx: Satellite Data 1
2026-03-19 08:55:00 | INFO | Application Layer  | rx: Satellite Data 1
2026-03-19 08:55:02 | INFO | Application Layer  | rx: Satellite Data 1
2026-03-19 08:55:04 | INFO | Application Layer  | rx: Satellite Data 1
2026-03-19 08:55:06 | INFO | Application Layer  | rx: Satellite Data 1
2026-03-19 08:55:08 | INFO | Application Layer  | rx: Satellite Data 1
2026-03-19 08:55:09 | INFO | Application Layer  | rx: Satellite Data 1
2026-03-19 08:55:10 | INFO | Application Layer  | rx: Satellite Data 1
2026-03-19 08:55:11 | INFO | Application Layer  | rx: Satellite Data 1
2026-03-19 08:55:12 | INFO | Application Layer  | rx: Satellite Data 1
2026-03-19 08:55:13 | INFO | Application Layer  | rx: Satellite Data 1
2026-03-19 08:55:14 | INFO | Application Layer  | rx: Satellite Data 1
2026-03-19 08:55:18 | INFO | Application Layer  | rx: Satellite Data 1
2026-03-19 08:55:20 | INFO | Application Layer  | rx: Satellite Data 1
2026-03-19 08:55:21 | INFO | Application Layer  | rx: Satellite Data 1
2026-03-19 08:55:22 | INFO | Application Layer  | rx: Satellite Data 1
2026-03-19 08:55:24 | INFO | Application Layer  | rx: Satellite Data 1
2026-03-19 08:55:25 | INFO | Application Layer  | rx: Satellite Data 1
2026-03-19 08:55:26 | INFO | Application Layer  | rx: Satellite Data 1
2026-03-19 08:55:28 | INFO | Application Layer  | rx: Satellite Data 1
2026-03-19 08:55:30 | INFO | Application Layer  | rx: Satellite Data 1
2026-03-19 08:55:31 | INFO | Application Layer  | rx: Satellite Data 1
2026-03-19 08:55:32 | INFO | Application Layer  | rx: Satellite Data 1
2026-03-19 08:55:33 | INFO | Application Layer  | rx: Satellite Data 1
2026-03-19 08:55:35 | INFO | Application Layer  | rx: Satellite Data 1
2026-03-19 08:55:36 | INFO | Application Layer  | rx: Satellite Data 1
2026-03-19 08:55:39 | INFO | Application Layer  | rx: Satellite Data 1
2026-03-19 08:55:41 | INFO | Application Layer  | rx: Satellite Data 1
2026-03-19 08:55:45 | INFO | Application Layer  | rx: Satellite Data 1
2026-03-19 08:55:46 | INFO | Application Layer  | rx: Satellite Data 1
2026-03-19 08:55:47 | INFO | Application Layer  | rx: Satellite Data 1
2026-03-19 08:55:49 | INFO | Application Layer  | rx: Satellite Data 1
2026-03-19 08:55:50 | INFO | Application Layer  | rx: Satellite Data 1
2026-03-19 08:55:51 | INFO | Application Layer  | rx: Satellite Data 1
2026-03-19 08:55:53 | INFO | Application Layer  | rx: Satellite Data 1
2026-03-19 08:55:54 | INFO | Application Layer  | rx: Satellite Data 1
2026-03-19 08:55:55 | INFO | Application Layer  | rx: Satellite Data 1
2026-03-19 08:55:56 | INFO | Application Layer  | rx: Satellite Data 1
2026-03-19 08:55:57 | INFO | Application Layer  | rx: Satellite Data 1
2026-03-19 08:55:58 | INFO | Application Layer  | rx: Satellite Data 1
2026-03-19 08:56:01 | INFO | Application Layer  | rx: Satellite Data 1
2026-03-19 08:56:03 | INFO | Application Layer  | rx: Satellite Data 1
2026-03-19 08:56:06 | INFO | Application Layer  | rx: Satellite Data 1
2026-03-19 08:56:07 | INFO | Application Layer  | rx: Satellite Data 1
2026-03-19 08:56:08 | INFO | Application Layer  | rx: Satellite Data 1
2026-03-19 08:56:09 | INFO | Application Layer  | rx: Satellite Data 1
2026-03-19 08:56:10 | INFO | Application Layer  | rx: Satellite Data 1
2026-03-19 08:56:11 | INFO | Application Layer  | rx: Satellite Data 1
2026-03-19 08:56:12 | INFO | Application Layer  | rx: Satellite Data 1
2026-03-19 08:56:13 | INFO | Application Layer  | rx: Satellite Data 1
2026-03-19 08:56:14 | INFO | Application Layer  | rx: Satellite Data 1
2026-03-19 08:56:15 | INFO | Application Layer  | rx: Satellite Data 1
2026-03-19 08:56:16 | INFO | Application Layer  | rx: Satellite Data 1
2026-03-19 08:56:21 | INFO | Application Layer  | rx: Satellite Data 1
2026-03-19 08:56:22 | INFO | Application Layer  | rx: Satellite Data 1
2026-03-19 08:56:23 | INFO | Application Layer  | rx: Satellite Data 1
2026-03-19 08:56:24 | INFO | Application Layer  | rx: Satellite Data 1
2026-03-19 08:56:25 | INFO | Application Layer  | rx: Satellite Data 1
2026-03-19 08:56:26 | INFO | Application Layer  | rx: Satellite Data 1
2026-03-19 08:56:27 | INFO | Application Layer  | rx: Satellite Data 1
2026-03-19 08:56:28 | INFO | Application Layer  | rx: Satellite Data 1
2026-03-19 09:18:31 | INFO | Application Layer  | rx: Satellite Data 1
2026-03-19 09:18:33 | INFO | Application Layer  | rx: Satellite Data 1
2026-03-19 09:18:34 | INFO | Application Layer  | rx: Satellite Data 1
2026-03-19 09:18:35 | INFO | Application Layer  | rx: Satellite Data 1
2026-03-19 09:18:36 | INFO | Application Layer  | rx: Satellite Data 1
2026-03-19 09:18:37 | INFO | Application Layer  | rx: Satellite Data 1
2026-03-19 09:18:38 | INFO | Application Layer  | rx: Satellite Data 1
2026-03-19 09:18:39 | INFO | Application Layer  | rx: Satellite Data 1
2026-03-19 09:18:43 | INFO | Application Layer  | rx: Satellite Data 1
2026-03-19 09:18:44 | INFO | Application Layer  | rx: Satellite Data 1
2026-03-19 09:18:45 | INFO | Application Layer  | rx: Satellite Data 1
2026-03-19 09:18:46 | INFO | Application Layer  | rx: Satellite Data 1
2026-03-19 09:18:48 | INFO | Application Layer  | rx: Satellite Data 1
2026-03-19 09:18:50 | INFO | Application Layer  | rx: Satellite Data 1
2026-03-19 09:18:53 | INFO | Application Layer  | rx: Satellite Data 1
2026-03-19 09:18:54 | INFO | Application Layer  | rx: Satellite Data 1
2026-03-19 09:18:55 | INFO | Application Layer  | rx: Satellite Data 1
2026-03-19 09:18:56 | INFO | Application Layer  | rx: Satellite Data 1
2026-03-19 09:18:57 | INFO | Application Layer  | rx: Satellite Data 1
2026-03-19 09:18:58 | INFO | Application Layer  | rx: Satellite Data 1
2026-03-19 09:19:00 | INFO | Application Layer  | rx: Satellite Data 1
2026-03-19 09:19:01 | INFO | Application Layer  | rx: Satellite Data 1
2026-03-19 09:19:02 | INFO | Application Layer  | rx: Satellite Data 1
2026-03-19 09:19:03 | INFO | Application Layer  | rx: Satellite Data 1
2026-03-19 09:19:05 | INFO | Application Layer  | rx: Satellite Data 1
2026-03-19 09:19:06 | INFO | Application Layer  | rx: Satellite Data 1
2026-03-19 09:19:07 | INFO | Application Layer  | rx: Satellite Data 1
2026-03-19 09:19:12 | INFO | Application Layer  | rx: Satellite Data 1
2026-03-19 09:19:13 | INFO | Application Layer  | rx: Satellite Data 1
2026-03-19 09:19:14 | INFO | Application Layer  | rx: Satellite Data 1
2026-03-19 09:19:15 | INFO | Application Layer  | rx: Satellite Data 1
2026-03-19 09:19:16 | INFO | Application Layer  | rx: Satellite Data 1
2026-03-19 09:19:17 | INFO | Application Layer  | rx: Satellite Data 1
2026-03-19 09:19:18 | INFO | Application Layer  | rx: Satellite Data 1
2026-03-19 09:19:19 | INFO | Application Layer  | rx: Satellite Data 1
2026-03-19 09:19:21 | INFO | Application Layer  | rx: Satellite Data 1
2026-03-19 09:19:23 | INFO | Application Layer  | rx: Satellite Data 1
2026-03-19 09:19:25 | INFO | Application Layer  | rx: Satellite Data 1
2026-03-19 09:19:26 | INFO | Application Layer  | rx: Satellite Data 1
2026-03-19 09:19:28 | INFO | Application Layer  | rx: Satellite Data 1
2026-03-19 09:20:00 | INFO | Application Layer  | starting state watcher
2026-03-19 09:20:00 | INFO | Application Layer  | New AROS mode: 1
2026-03-19 09:20:05 | INFO | Application Layer  | New AROS mode: 4
2026-03-19 09:20:07 | INFO | Application Layer  | New AROS mode: 1
2026-03-19 09:21:30 | INFO | Application Layer  | New AROS mode: 4
2026-03-19 09:21:38 | INFO | Application Layer  | New AROS mode: 1
2026-03-19 09:21:45 | INFO | Application Layer  | New AROS mode: 2
2026-03-19 09:22:14 | INFO | Application Layer  | starting state watcher
2026-03-19 09:22:14 | INFO | Application Layer  | New AROS mode: 1
2026-03-19 09:22:34 | INFO | Application Layer  | New AROS mode: 4
2026-03-19 09:23:04 | INFO | Application Layer  | burn 10
2026-03-19 09:24:04 | INFO | Application Layer  | starting state watcher
2026-03-19 09:24:04 | INFO | Application Layer  | New AROS mode: 1
2026-03-19 09:24:09 | INFO | Application Layer  | New AROS mode: 4
2026-03-19 09:24:37 | INFO | Application Layer  | burn 10
2026-03-19 09:26:31 | INFO | Application Layer  | starting state watcher
2026-03-19 09:26:31 | INFO | Application Layer  | New AROS mode: 1
2026-03-19 09:26:41 | INFO | Application Layer  | New AROS mode: 2
2026-03-19 09:26:46 | INFO | Application Layer  | starting state watcher
2026-03-19 09:26:46 | INFO | Application Layer  | New AROS mode: 1
2026-03-19 09:26:49 | INFO | Application Layer  | New AROS mode: 3
2026-03-19 09:29:48 | INFO | Application Layer  | starting state watcher
2026-03-19 09:29:48 | INFO | Application Layer  | New AROS mode: 1
2026-03-19 09:30:13 | INFO | Application Layer  | New AROS mode: 3
2026-03-19 09:32:48 | INFO | Application Layer  | New AROS mode: 2
2026-03-19 09:32:49 | INFO | Application Layer  | rx: Satellite Data 1
2026-03-19 09:32:50 | INFO | Application Layer  | rx: Satellite Data 1
2026-03-19 09:32:51 | INFO | Application Layer  | rx: Satellite Data 1
2026-03-19 09:32:52 | INFO | Application Layer  | rx: Satellite Data 1
2026-03-19 09:32:53 | INFO | Application Layer  | rx: Satellite Data 1
2026-03-19 09:32:55 | INFO | Application Layer  | rx: Satellite Data 1
2026-03-19 09:32:56 | INFO | Application Layer  | rx: Satellite Data 1
2026-03-19 09:32:57 | INFO | Application Layer  | rx: Satellite Data 1
2026-03-19 09:32:58 | INFO | Application Layer  | rx: Satellite Data 1
2026-03-19 09:33:00 | INFO | Application Layer  | rx: Satellite Data 1
2026-03-19 09:33:06 | INFO | Application Layer  | rx: Satellite Data 1
2026-03-19 09:33:10 | INFO | Application Layer  | rx: Satellite Data 1
2026-03-19 09:33:12 | INFO | Application Layer  | rx: Satellite Data 1
2026-03-19 09:33:13 | INFO | Application Layer  | New AROS mode: 2
2026-03-19 09:33:14 | INFO | Application Layer  | rx: Satellite Data 1
2026-03-19 09:33:16 | INFO | Application Layer  | rx: Satellite Data 1
2026-03-19 09:33:17 | INFO | Application Layer  | rx: Satellite Data 1
2026-03-19 09:33:18 | INFO | Application Layer  | rx: Satellite Data 1
2026-03-19 09:33:19 | INFO | Application Layer  | rx: Satellite Data 1
2026-03-19 09:33:20 | INFO | Application Layer  | rx: Satellite Data 1
2026-03-19 09:34:31 | INFO | Application Layer  | starting state watcher
2026-03-19 09:34:31 | INFO | Application Layer  | New AROS mode: 1
2026-03-19 09:34:35 | INFO | Application Layer  | New AROS mode: 3
2026-03-19 09:37:31 | INFO | Application Layer  | New AROS mode: 2
2026-03-19 09:37:32 | INFO | Application Layer  | rx: Satellite Data 1
2026-03-19 09:37:34 | INFO | Application Layer  | rx: Satellite Data 1
2026-03-19 09:37:35 | INFO | Application Layer  | New AROS mode: 2
2026-03-19 09:37:35 | INFO | Application Layer  | rx: Satellite Data 1
2026-03-19 09:37:37 | INFO | Application Layer  | rx: Satellite Data 1
2026-03-19 09:37:38 | INFO | Application Layer  | rx: Satellite Data 1
2026-03-19 09:37:39 | INFO | Application Layer  | rx: Satellite Data 1
2026-03-19 09:37:40 | INFO | Application Layer  | rx: Satellite Data 1
2026-03-19 09:37:42 | INFO | Application Layer  | rx: Satellite Data 1
2026-03-19 09:37:43 | INFO | Application Layer  | rx: Satellite Data 1
2026-03-19 09:37:45 | INFO | Application Layer  | rx: Satellite Data 1
2026-03-19 09:37:46 | INFO | Application Layer  | rx: Satellite Data 1
2026-03-19 09:37:47 | INFO | Application Layer  | rx: Satellite Data 1
2026-03-19 09:37:48 | INFO | Application Layer  | rx: Satellite Data 1
2026-03-19 09:37:51 | INFO | Application Layer  | rx: Satellite Data 1
2026-03-19 09:37:52 | INFO | Application Layer  | rx: Satellite Data 1
2026-03-19 09:37:53 | INFO | Application Layer  | rx: Satellite Data 1
2026-03-19 09:37:55 | INFO | Application Layer  | rx: Satellite Data 1
2026-03-19 09:37:56 | INFO | Application Layer  | rx: Satellite Data 1
2026-03-19 09:37:58 | INFO | Application Layer  | starting state watcher
2026-03-19 09:37:58 | INFO | Application Layer  | New AROS mode: 1
2026-03-19 09:38:02 | INFO | Application Layer  | New AROS mode: 3
2026-03-19 09:38:18 | INFO | Application Layer  | starting state watcher
2026-03-19 09:38:18 | INFO | Application Layer  | New AROS mode: 1
2026-03-19 09:38:26 | INFO | Application Layer  | New AROS mode: 3
2026-03-19 09:39:02 | INFO | Application Layer  | starting state watcher
2026-03-19 09:39:02 | INFO | Application Layer  | New AROS mode: 1
2026-03-19 09:39:05 | INFO | Application Layer  | New AROS mode: 3
2026-03-19 09:42:02 | INFO | Application Layer  | New AROS mode: 2
2026-03-19 09:42:03 | INFO | Application Layer  | rx: Satellite Data 1
2026-03-19 09:42:04 | INFO | Application Layer  | rx: Satellite Data 1
2026-03-19 09:42:05 | INFO | Application Layer  | New AROS mode: 2
2026-03-19 09:42:06 | INFO | Application Layer  | rx: Satellite Data 1
2026-03-19 09:42:07 | INFO | Application Layer  | rx: Satellite Data 1
2026-03-19 09:42:08 | INFO | Application Layer  | rx: Satellite Data 1
2026-03-19 09:42:11 | INFO | Application Layer  | rx: Satellite Data 1
2026-03-19 09:42:12 | INFO | Application Layer  | rx: Satellite Data 1
2026-03-19 09:42:13 | INFO | Application Layer  | rx: Satellite Data 1
2026-03-19 09:42:15 | INFO | Application Layer  | rx: Satellite Data 1
2026-03-19 09:42:18 | INFO | Application Layer  | rx: Satellite Data 1
2026-03-19 09:42:19 | INFO | Application Layer  | rx: Satellite Data 1
2026-03-19 09:42:21 | INFO | Application Layer  | rx: Satellite Data 1
2026-03-19 09:42:22 | INFO | Application Layer  | rx: Satellite Data 1
2026-03-19 09:42:23 | INFO | Application Layer  | rx: Satellite Data 1
2026-03-19 09:42:25 | INFO | Application Layer  | rx: Satellite Data 1
2026-03-19 09:42:27 | INFO | Application Layer  | rx: Satellite Data 1
2026-03-19 09:42:29 | INFO | Application Layer  | starting state watcher
2026-03-19 09:42:29 | INFO | Application Layer  | New AROS mode: 1
2026-03-19 09:42:38 | INFO | Application Layer  | New AROS mode: 3
2026-03-19 09:43:09 | INFO | Application Layer  | starting state watcher
2026-03-19 09:43:09 | INFO | Application Layer  | New AROS mode: 1
2026-03-19 09:43:17 | INFO | Application Layer  | New AROS mode: 3
2026-03-19 09:43:46 | INFO | Application Layer  | starting state watcher
2026-03-19 09:43:46 | INFO | Application Layer  | New AROS mode: 1
2026-03-19 09:43:50 | INFO | Application Layer  | New AROS mode: 3
2026-03-19 09:44:22 | INFO | Application Layer  | starting state watcher
2026-03-19 09:44:22 | INFO | Application Layer  | New AROS mode: 1
2026-03-19 09:44:27 | INFO | Application Layer  | New AROS mode: 3
2026-03-19 09:45:50 | INFO | Application Layer  | starting state watcher
2026-03-19 09:45:50 | INFO | Application Layer  | New AROS mode: 1
2026-03-19 09:45:54 | INFO | Application Layer  | New AROS mode: 3
2026-03-19 09:46:57 | INFO | Application Layer  | starting state watcher
2026-03-19 09:46:57 | INFO | Application Layer  | New AROS mode: 1
2026-03-19 09:47:00 | INFO | Application Layer  | New AROS mode: 3
2026-03-19 09:47:53 | INFO | Application Layer  | starting state watcher
2026-03-19 09:47:53 | INFO | Application Layer  | New AROS mode: 1
2026-03-19 09:47:56 | INFO | Application Layer  | New AROS mode: 3
2026-03-19 09:48:37 | INFO | Application Layer  | starting state watcher
2026-03-19 09:48:37 | INFO | Application Layer  | New AROS mode: 1
2026-03-19 09:48:41 | INFO | Application Layer  | New AROS mode: 3
2026-03-19 09:49:23 | INFO | Application Layer  | starting state watcher
2026-03-19 09:49:23 | INFO | Application Layer  | New AROS mode: 1
2026-03-19 09:49:26 | INFO | Application Layer  | New AROS mode: 3
2026-03-19 09:52:23 | INFO | Application Layer  | New AROS mode: 2
2026-03-19 09:52:24 | INFO | Application Layer  | rx: Satellite Data 1
2026-03-19 09:52:25 | INFO | Application Layer  | rx: Satellite Data 1
2026-03-19 09:52:26 | INFO | Application Layer  | New AROS mode: 2
2026-03-19 09:52:28 | INFO | Application Layer  | rx: Satellite Data 1
2026-03-19 09:52:30 | INFO | Application Layer  | rx: Satellite Data 1
2026-03-19 09:52:33 | INFO | Application Layer  | rx: Satellite Data 1
2026-03-19 09:52:35 | INFO | Application Layer  | rx: Satellite Data 1
2026-03-19 09:52:38 | INFO | Application Layer  | rx: Satellite Data 1
2026-03-19 09:52:39 | INFO | Application Layer  | rx: Satellite Data 1
2026-03-19 09:52:40 | INFO | Application Layer  | rx: Satellite Data 1
2026-03-19 09:52:41 | INFO | Application Layer  | rx: Satellite Data 1
2026-03-19 09:52:42 | INFO | Application Layer  | rx: Satellite Data 1
2026-03-19 09:52:43 | INFO | Application Layer  | rx: Satellite Data 1
2026-03-19 09:52:44 | INFO | Application Layer  | rx: Satellite Data 1
2026-03-19 09:52:45 | INFO | Application Layer  | rx: Satellite Data 1
2026-03-19 09:52:46 | INFO | Application Layer  | rx: Satellite Data 1
2026-03-19 09:52:48 | INFO | Application Layer  | rx: Satellite Data 1
2026-03-19 09:52:49 | INFO | Application Layer  | rx: Satellite Data 1
2026-03-19 09:52:50 | INFO | Application Layer  | rx: Satellite Data 1
2026-03-19 09:52:51 | INFO | Application Layer  | rx: Satellite Data 1
2026-03-19 09:52:52 | INFO | Application Layer  | rx: Satellite Data 1
2026-03-19 09:52:53 | INFO | Application Layer  | rx: Satellite Data 1
2026-03-19 09:52:54 | INFO | Application Layer  | rx: Satellite Data 1
2026-03-19 09:52:56 | INFO | Application Layer  | rx: Satellite Data 1
2026-03-19 09:52:57 | INFO | Application Layer  | rx: Satellite Data 1
2026-03-19 09:52:58 | INFO | Application Layer  | rx: Satellite Data 1
2026-03-19 09:53:00 | INFO | Application Layer  | rx: Satellite Data 1
2026-03-19 09:53:01 | INFO | Application Layer  | rx: Satellite Data 1
2026-03-19 09:53:03 | INFO | Application Layer  | rx: Satellite Data 1
2026-03-19 09:53:04 | INFO | Application Layer  | rx: Satellite Data 1
2026-03-19 09:53:05 | INFO | Application Layer  | rx: Satellite Data 1
2026-03-19 09:53:07 | INFO | Application Layer  | rx: Satellite Data 1
2026-03-19 09:53:08 | INFO | Application Layer  | rx: Satellite Data 1
2026-03-19 09:53:09 | INFO | Application Layer  | rx: Satellite Data 1
2026-03-19 09:53:11 | INFO | Application Layer  | rx: Satellite Data 1
2026-03-19 09:53:12 | INFO | Application Layer  | rx: Satellite Data 1
2026-03-19 09:53:13 | INFO | Application Layer  | rx: Satellite Data 1
2026-03-19 09:53:14 | INFO | Application Layer  | rx: Satellite Data 1
2026-03-19 09:53:16 | INFO | Application Layer  | starting state watcher
2026-03-19 09:53:16 | INFO | Application Layer  | New AROS mode: 1
2026-03-19 09:53:19 | INFO | Application Layer  | New AROS mode: 3
2026-03-19 09:53:41 | INFO | Application Layer  | starting state watcher
2026-03-19 09:53:41 | INFO | Application Layer  | New AROS mode: 1
2026-03-19 09:53:44 | INFO | Application Layer  | New AROS mode: 3
2026-03-19 09:56:23 | INFO | Application Layer  | starting state watcher
2026-03-19 09:56:23 | INFO | Application Layer  | New AROS mode: 1
2026-03-19 09:56:27 | INFO | Application Layer  | New AROS mode: 3
2026-03-19 09:57:44 | INFO | Application Layer  | starting state watcher
2026-03-19 09:57:44 | INFO | Application Layer  | New AROS mode: 1
2026-03-19 09:57:47 | INFO | Application Layer  | New AROS mode: 3
2026-03-19 09:58:25 | INFO | Application Layer  | starting state watcher
2026-03-19 09:58:25 | INFO | Application Layer  | New AROS mode: 1
2026-03-19 09:58:31 | INFO | Application Layer  | New AROS mode: 3
2026-03-19 09:59:24 | INFO | Application Layer  | starting state watcher
2026-03-19 09:59:24 | INFO | Application Layer  | New AROS mode: 1
2026-03-19 09:59:29 | INFO | Application Layer  | New AROS mode: 3
2026-03-19 10:00:12 | INFO | Application Layer  | starting state watcher
2026-03-19 10:00:12 | INFO | Application Layer  | New AROS mode: 1
2026-03-19 10:00:16 | INFO | Application Layer  | New AROS mode: 3
2026-03-19 10:00:52 | INFO | Application Layer  | starting state watcher
2026-03-19 10:00:52 | INFO | Application Layer  | New AROS mode: 1
2026-03-19 10:00:56 | INFO | Application Layer  | New AROS mode: 4
2026-03-19 10:00:58 | INFO | Application Layer  | New AROS mode: 1
2026-03-19 10:01:05 | INFO | Application Layer  | New AROS mode: 3
2026-03-19 10:01:46 | INFO | Application Layer  | starting state watcher
2026-03-19 10:01:46 | INFO | Application Layer  | New AROS mode: 1
2026-03-19 10:01:49 | INFO | Application Layer  | New AROS mode: 3
2026-03-19 10:02:21 | INFO | Application Layer  | starting state watcher
2026-03-19 10:02:21 | INFO | Application Layer  | New AROS mode: 1
2026-03-19 10:02:26 | INFO | Application Layer  | New AROS mode: 3
2026-03-19 10:02:57 | INFO | Application Layer  | starting state watcher
2026-03-19 10:02:57 | INFO | Application Layer  | New AROS mode: 1
2026-03-19 10:03:02 | INFO | Application Layer  | New AROS mode: 3
2026-03-19 10:03:35 | INFO | Application Layer  | starting state watcher
2026-03-19 10:03:35 | INFO | Application Layer  | New AROS mode: 1
2026-03-19 10:03:41 | INFO | Application Layer  | New AROS mode: 3
2026-03-19 10:03:41 | INFO | Application Layer  | rx: Satellite Data 1
2026-03-19 10:03:41 | INFO | Application Layer  | rx: Satellite Data 1
2026-03-19 10:03:41 | INFO | Application Layer  | rx: Satellite Data 1
2026-03-19 10:03:41 | INFO | Application Layer  | rx: Satellite Data 1
2026-03-19 10:03:41 | INFO | Application Layer  | rx: Satellite Data 1
2026-03-19 10:03:41 | INFO | Application Layer  | rx: Satellite Data 1
2026-03-19 10:03:41 | INFO | Application Layer  | rx: Satellite Data 1
2026-03-19 10:03:41 | INFO | Application Layer  | rx: Satellite Data 1
2026-03-19 10:03:41 | INFO | Application Layer  | rx: Satellite Data 1
2026-03-19 10:03:41 | INFO | Application Layer  | rx: Satellite Data 1
2026-03-19 10:03:41 | INFO | Application Layer  | rx: Satellite Data 1
2026-03-19 10:03:41 | INFO | Application Layer  | rx: Satellite Data 1
2026-03-19 10:03:41 | INFO | Application Layer  | rx: Satellite Data 1
2026-03-19 10:03:41 | INFO | Application Layer  | rx: Satellite Data 1
2026-03-19 10:03:41 | INFO | Application Layer  | rx: Satellite Data 1
2026-03-19 10:03:41 | INFO | Application Layer  | rx: Satellite Data 1
2026-03-19 10:03:41 | INFO | Application Layer  | rx: Satellite Data 1
2026-03-19 10:03:41 | INFO | Application Layer  | rx: Satellite Data 1
2026-03-19 10:03:41 | INFO | Application Layer  | rx: Satellite Data 1
2026-03-19 10:03:41 | INFO | Application Layer  | rx: Satellite Data 1
2026-03-19 10:03:41 | INFO | Application Layer  | rx: Satellite Data 1
2026-03-19 10:03:41 | INFO | Application Layer  | rx: Satellite Data 1
2026-03-19 10:03:41 | INFO | Application Layer  | rx: Satellite Data 1
2026-03-19 10:03:41 | INFO | Application Layer  | rx: Satellite Data 1
2026-03-19 10:03:41 | INFO | Application Layer  | rx: Satellite Data 1
2026-03-19 10:03:41 | INFO | Application Layer  | rx: Satellite Data 1
2026-03-19 10:03:41 | INFO | Application Layer  | rx: Satellite Data 1
2026-03-19 10:03:41 | INFO | Application Layer  | rx: Satellite Data 1
2026-03-19 10:03:41 | INFO | Application Layer  | rx: Satellite Data 1
2026-03-19 10:03:41 | INFO | Application Layer  | rx: Satellite Data 1
2026-03-19 10:03:41 | INFO | Application Layer  | rx: Satellite Data 1
2026-03-19 10:03:41 | INFO | Application Layer  | rx: Satellite Data 1
2026-03-19 10:03:41 | INFO | Application Layer  | rx: Satellite Data 1
2026-03-19 10:03:41 | INFO | Application Layer  | rx: Satellite Data 1
2026-03-19 10:03:41 | INFO | Application Layer  | rx: Satellite Data 1
2026-03-19 10:03:41 | INFO | Application Layer  | rx: Satellite Data 1
2026-03-19 10:03:41 | INFO | Application Layer  | rx: Satellite Data 1
2026-03-19 10:03:41 | INFO | Application Layer  | rx: Satellite Data 1
2026-03-19 10:03:41 | INFO | Application Layer  | rx: Satellite Data 1
2026-03-19 10:03:41 | INFO | Application Layer  | rx: Satellite Data 1
2026-03-19 10:03:41 | INFO | Application Layer  | rx: Satellite Data 1
2026-03-19 10:03:41 | INFO | Application Layer  | rx: Satellite Data 1
2026-03-19 10:03:42 | INFO | Application Layer  | rx: Satellite Data 1
2026-03-19 10:03:42 | INFO | Application Layer  | rx: Satellite Data 1
2026-03-19 10:03:42 | INFO | Application Layer  | rx: Satellite Data 1
2026-03-19 10:03:42 | INFO | Application Layer  | rx: Satellite Data 1
2026-03-19 10:03:42 | INFO | Application Layer  | rx: Satellite Data 1
2026-03-19 10:03:42 | INFO | Application Layer  | rx: Satellite Data 1
2026-03-19 10:03:42 | INFO | Application Layer  | rx: Satellite Data 1
2026-03-19 10:03:42 | INFO | Application Layer  | rx: Satellite Data 1
2026-03-19 10:03:42 | INFO | Application Layer  | rx: Satellite Data 1
2026-03-19 10:03:42 | INFO | Application Layer  | rx: Satellite Data 1
2026-03-19 10:03:42 | INFO | Application Layer  | rx: Satellite Data 1
2026-03-19 10:03:42 | INFO | Application Layer  | rx: Satellite Data 1
2026-03-19 10:03:42 | INFO | Application Layer  | rx: Satellite Data 1
2026-03-19 10:03:42 | INFO | Application Layer  | rx: Satellite Data 1
2026-03-19 10:03:42 | INFO | Application Layer  | rx: Satellite Data 1
2026-03-19 10:03:42 | INFO | Application Layer  | rx: Satellite Data 1
2026-03-19 10:03:42 | INFO | Application Layer  | rx: Satellite Data 1
2026-03-19 10:03:42 | INFO | Application Layer  | rx: Satellite Data 1
2026-03-19 10:03:42 | INFO | Application Layer  | rx: Satellite Data 1
2026-03-19 10:03:42 | INFO | Application Layer  | rx: Satellite Data 1
2026-03-19 10:03:42 | INFO | Application Layer  | rx: Satellite Data 1
2026-03-19 10:03:42 | INFO | Application Layer  | rx: Satellite Data 1
2026-03-19 10:03:42 | INFO | Application Layer  | rx: Satellite Data 1
2026-03-19 10:03:42 | INFO | Application Layer  | rx: Satellite Data 1
2026-03-19 10:03:42 | INFO | Application Layer  | rx: Satellite Data 1
2026-03-19 10:03:42 | INFO | Application Layer  | rx: Satellite Data 1
2026-03-19 10:03:42 | INFO | Application Layer  | rx: Satellite Data 1
2026-03-19 10:03:42 | INFO | Application Layer  | rx: Satellite Data 1
2026-03-19 10:03:42 | INFO | Application Layer  | rx: Satellite Data 1
2026-03-19 10:03:42 | INFO | Application Layer  | rx: Satellite Data 1
2026-03-19 10:03:46 | INFO | Application Layer  | rx: Satellite Data 1
2026-03-19 10:03:46 | INFO | Application Layer  | rx: Satellite Data 1
2026-03-19 10:03:46 | INFO | Application Layer  | rx: Satellite Data 1
2026-03-19 10:03:46 | INFO | Application Layer  | rx: Satellite Data 1
2026-03-19 10:03:46 | INFO | Application Layer  | rx: Satellite Data 1
2026-03-19 10:03:46 | INFO | Application Layer  | rx: Satellite Data 1
2026-03-19 10:03:46 | INFO | Application Layer  | rx: Satellite Data 1
2026-03-19 10:03:46 | INFO | Application Layer  | rx: Satellite Data 1
2026-03-19 10:03:46 | INFO | Application Layer  | rx: Satellite Data 1
2026-03-19 10:03:46 | INFO | Application Layer  | rx: Satellite Data 1
2026-03-19 10:03:46 | INFO | Application Layer  | rx: Satellite Data 1
2026-03-19 10:03:46 | INFO | Application Layer  | rx: Satellite Data 1
2026-03-19 10:03:46 | INFO | Application Layer  | rx: Satellite Data 1
2026-03-19 10:03:46 | INFO | Application Layer  | rx: Satellite Data 1
2026-03-19 10:03:46 | INFO | Application Layer  | rx: Satellite Data 1
2026-03-19 10:03:46 | INFO | Application Layer  | rx: Satellite Data 1
2026-03-19 10:03:46 | INFO | Application Layer  | rx: Satellite Data 1
2026-03-19 10:03:46 | INFO | Application Layer  | rx: Satellite Data 1
2026-03-19 10:03:46 | INFO | Application Layer  | rx: Satellite Data 1
2026-03-19 10:03:46 | INFO | Application Layer  | rx: Satellite Data 1
2026-03-19 10:03:46 | INFO | Application Layer  | rx: Satellite Data 1
2026-03-19 10:03:46 | INFO | Application Layer  | rx: Satellite Data 1
2026-03-19 10:03:46 | INFO | Application Layer  | rx: Satellite Data 1
2026-03-19 10:03:46 | INFO | Application Layer  | rx: Satellite Data 1
2026-03-19 10:03:46 | INFO | Application Layer  | rx: Satellite Data 1
2026-03-19 10:03:46 | INFO | Application Layer  | rx: Satellite Data 1
2026-03-19 10:03:46 | INFO | Application Layer  | rx: Satellite Data 1
2026-03-19 10:03:46 | INFO | Application Layer  | rx: Satellite Data 1
2026-03-19 10:03:46 | INFO | Application Layer  | rx: Satellite Data 1
2026-03-19 10:03:46 | INFO | Application Layer  | rx: Satellite Data 1
2026-03-19 10:03:46 | INFO | Application Layer  | rx: Satellite Data 1
2026-03-19 10:03:46 | INFO | Application Layer  | rx: Satellite Data 1
2026-03-19 10:03:46 | INFO | Application Layer  | rx: Satellite Data 1
2026-03-19 10:03:46 | INFO | Application Layer  | rx: Satellite Data 1
2026-03-19 10:03:46 | INFO | Application Layer  | rx: Satellite Data 1
2026-03-19 10:03:46 | INFO | Application Layer  | rx: Satellite Data 1
2026-03-19 10:03:46 | INFO | Application Layer  | rx: Satellite Data 1
2026-03-19 10:03:46 | INFO | Application Layer  | rx: Satellite Data 1
2026-03-19 10:03:46 | INFO | Application Layer  | rx: Satellite Data 1
2026-03-19 10:03:46 | INFO | Application Layer  | rx: Satellite Data 1
2026-03-19 10:03:46 | INFO | Application Layer  | rx: Satellite Data 1
2026-03-19 10:03:47 | INFO | Application Layer  | rx: Satellite Data 1
2026-03-19 10:03:47 | INFO | Application Layer  | rx: Satellite Data 1
2026-03-19 10:03:47 | INFO | Application Layer  | rx: Satellite Data 1
2026-03-19 10:03:47 | INFO | Application Layer  | rx: Satellite Data 1
2026-03-19 10:03:47 | INFO | Application Layer  | rx: Satellite Data 1
2026-03-19 10:03:47 | INFO | Application Layer  | rx: Satellite Data 1
2026-03-19 10:03:47 | INFO | Application Layer  | rx: Satellite Data 1
2026-03-19 10:03:47 | INFO | Application Layer  | rx: Satellite Data 1
2026-03-19 10:03:47 | INFO | Application Layer  | rx: Satellite Data 1
2026-03-19 10:03:47 | INFO | Application Layer  | rx: Satellite Data 1
2026-03-19 10:03:47 | INFO | Application Layer  | rx: Satellite Data 1
2026-03-19 10:03:47 | INFO | Application Layer  | rx: Satellite Data 1
2026-03-19 10:03:47 | INFO | Application Layer  | rx: Satellite Data 1
2026-03-19 10:03:47 | INFO | Application Layer  | rx: Satellite Data 1
2026-03-19 10:03:47 | INFO | Application Layer  | rx: Satellite Data 1
2026-03-19 10:03:47 | INFO | Application Layer  | rx: Satellite Data 1
2026-03-19 10:03:47 | INFO | Application Layer  | rx: Satellite Data 1
2026-03-19 10:03:47 | INFO | Application Layer  | rx: Satellite Data 1
2026-03-19 10:03:47 | INFO | Application Layer  | rx: Satellite Data 1
2026-03-19 10:03:47 | INFO | Application Layer  | rx: Satellite Data 1
2026-03-19 10:03:47 | INFO | Application Layer  | rx: Satellite Data 1
2026-03-19 10:03:47 | INFO | Application Layer  | rx: Satellite Data 1
2026-03-19 10:03:47 | INFO | Application Layer  | rx: Satellite Data 1
2026-03-19 10:03:47 | INFO | Application Layer  | rx: Satellite Data 1
2026-03-19 10:03:50 | INFO | Application Layer  | rx: Satellite Data 1
2026-03-19 10:03:51 | INFO | Application Layer  | rx: Satellite Data 1
2026-03-19 10:03:51 | INFO | Application Layer  | rx: Satellite Data 1
2026-03-19 10:03:51 | INFO | Application Layer  | rx: Satellite Data 1
2026-03-19 10:03:51 | INFO | Application Layer  | rx: Satellite Data 1
2026-03-19 10:03:51 | INFO | Application Layer  | rx: Satellite Data 1
2026-03-19 10:03:51 | INFO | Application Layer  | rx: Satellite Data 1
2026-03-19 10:03:51 | INFO | Application Layer  | rx: Satellite Data 1
2026-03-19 10:03:51 | INFO | Application Layer  | rx: Satellite Data 1
2026-03-19 10:03:51 | INFO | Application Layer  | rx: Satellite Data 1
2026-03-19 10:03:51 | INFO | Application Layer  | rx: Satellite Data 1
2026-03-19 10:03:51 | INFO | Application Layer  | rx: Satellite Data 1
2026-03-19 10:03:51 | INFO | Application Layer  | rx: Satellite Data 1
2026-03-19 10:03:51 | INFO | Application Layer  | rx: Satellite Data 1
2026-03-19 10:03:51 | INFO | Application Layer  | rx: Satellite Data 1
2026-03-19 10:03:51 | INFO | Application Layer  | rx: Satellite Data 1
2026-03-19 10:03:51 | INFO | Application Layer  | rx: Satellite Data 1
2026-03-19 10:03:51 | INFO | Application Layer  | rx: Satellite Data 1
2026-03-19 10:03:51 | INFO | Application Layer  | rx: Satellite Data 1
2026-03-19 10:03:51 | INFO | Application Layer  | rx: Satellite Data 1
2026-03-19 10:03:51 | INFO | Application Layer  | rx: Satellite Data 1
2026-03-19 10:03:51 | INFO | Application Layer  | rx: Satellite Data 1
2026-03-19 10:03:51 | INFO | Application Layer  | rx: Satellite Data 1
2026-03-19 10:03:51 | INFO | Application Layer  | rx: Satellite Data 1
2026-03-19 10:03:51 | INFO | Application Layer  | rx: Satellite Data 1
2026-03-19 10:03:51 | INFO | Application Layer  | rx: Satellite Data 1
2026-03-19 10:03:51 | INFO | Application Layer  | rx: Satellite Data 1
2026-03-19 10:03:51 | INFO | Application Layer  | rx: Satellite Data 1
2026-03-19 10:03:51 | INFO | Application Layer  | rx: Satellite Data 1
2026-03-19 10:03:51 | INFO | Application Layer  | rx: Satellite Data 1
2026-03-19 10:03:51 | INFO | Application Layer  | rx: Satellite Data 1
2026-03-19 10:03:51 | INFO | Application Layer  | rx: Satellite Data 1
2026-03-19 10:03:51 | INFO | Application Layer  | rx: Satellite Data 1
2026-03-19 10:03:51 | INFO | Application Layer  | rx: Satellite Data 1
2026-03-19 10:03:51 | INFO | Application Layer  | rx: Satellite Data 1
2026-03-19 10:03:51 | INFO | Application Layer  | rx: Satellite Data 1
2026-03-19 10:03:51 | INFO | Application Layer  | rx: Satellite Data 1
2026-03-19 10:03:51 | INFO | Application Layer  | rx: Satellite Data 1
2026-03-19 10:03:51 | INFO | Application Layer  | rx: Satellite Data 1
2026-03-19 10:03:51 | INFO | Application Layer  | rx: Satellite Data 1
2026-03-19 10:03:52 | INFO | Application Layer  | rx: Satellite Data 1
2026-03-19 10:03:52 | INFO | Application Layer  | rx: Satellite Data 1
2026-03-19 10:03:52 | INFO | Application Layer  | rx: Satellite Data 1
2026-03-19 10:03:52 | INFO | Application Layer  | rx: Satellite Data 1
2026-03-19 10:03:52 | INFO | Application Layer  | rx: Satellite Data 1
2026-03-19 10:03:52 | INFO | Application Layer  | rx: Satellite Data 1
2026-03-19 10:03:52 | INFO | Application Layer  | rx: Satellite Data 1
2026-03-19 10:03:52 | INFO | Application Layer  | rx: Satellite Data 1
2026-03-19 10:03:52 | INFO | Application Layer  | rx: Satellite Data 1
2026-03-19 10:03:52 | INFO | Application Layer  | rx: Satellite Data 1
2026-03-19 10:03:52 | INFO | Application Layer  | rx: Satellite Data 1
2026-03-19 10:03:52 | INFO | Application Layer  | rx: Satellite Data 1
2026-03-19 10:03:52 | INFO | Application Layer  | rx: Satellite Data 1
2026-03-19 10:03:52 | INFO | Application Layer  | rx: Satellite Data 1
2026-03-19 10:03:52 | INFO | Application Layer  | rx: Satellite Data 1
2026-03-19 10:03:52 | INFO | Application Layer  | rx: Satellite Data 1
2026-03-19 10:03:52 | INFO | Application Layer  | rx: Satellite Data 1
2026-03-19 10:03:52 | INFO | Application Layer  | rx: Satellite Data 1
2026-03-19 10:03:52 | INFO | Application Layer  | rx: Satellite Data 1
2026-03-19 10:03:52 | INFO | Application Layer  | rx: Satellite Data 1
2026-03-19 10:04:11 | INFO | Application Layer  | rx: Satellite Data 1
2026-03-19 10:04:12 | INFO | Application Layer  | rx: Satellite Data 1
2026-03-19 10:04:12 | INFO | Application Layer  | rx: Satellite Data 1
2026-03-19 10:04:12 | INFO | Application Layer  | rx: Satellite Data 1
2026-03-19 10:04:12 | INFO | Application Layer  | rx: Satellite Data 1
2026-03-19 10:04:12 | INFO | Application Layer  | rx: Satellite Data 1
2026-03-19 10:04:12 | INFO | Application Layer  | rx: Satellite Data 1
2026-03-19 10:04:12 | INFO | Application Layer  | rx: Satellite Data 1
2026-03-19 10:04:12 | INFO | Application Layer  | rx: Satellite Data 1
2026-03-19 10:04:12 | INFO | Application Layer  | rx: Satellite Data 1
2026-03-19 10:04:12 | INFO | Application Layer  | rx: Satellite Data 1
2026-03-19 10:04:12 | INFO | Application Layer  | rx: Satellite Data 1
2026-03-19 10:04:12 | INFO | Application Layer  | rx: Satellite Data 1
2026-03-19 10:04:12 | INFO | Application Layer  | rx: Satellite Data 1
2026-03-19 10:04:12 | INFO | Application Layer  | rx: Satellite Data 1
2026-03-19 10:04:12 | INFO | Application Layer  | rx: Satellite Data 1
2026-03-19 10:04:12 | INFO | Application Layer  | rx: Satellite Data 1
2026-03-19 10:04:12 | INFO | Application Layer  | rx: Satellite Data 1
2026-03-19 10:04:12 | INFO | Application Layer  | rx: Satellite Data 1
2026-03-19 10:04:12 | INFO | Application Layer  | rx: Satellite Data 1
2026-03-19 10:04:12 | INFO | Application Layer  | rx: Satellite Data 1
2026-03-19 10:04:12 | INFO | Application Layer  | rx: Satellite Data 1
2026-03-19 10:04:12 | INFO | Application Layer  | rx: Satellite Data 1
2026-03-19 10:04:12 | INFO | Application Layer  | rx: Satellite Data 1
2026-03-19 10:04:12 | INFO | Application Layer  | rx: Satellite Data 1
2026-03-19 10:04:12 | INFO | Application Layer  | rx: Satellite Data 1
2026-03-19 10:04:12 | INFO | Application Layer  | rx: Satellite Data 1
2026-03-19 10:04:12 | INFO | Application Layer  | rx: Satellite Data 1
2026-03-19 10:04:12 | INFO | Application Layer  | rx: Satellite Data 1
2026-03-19 10:04:12 | INFO | Application Layer  | rx: Satellite Data 1
2026-03-19 10:04:12 | INFO | Application Layer  | rx: Satellite Data 1
2026-03-19 10:04:12 | INFO | Application Layer  | rx: Satellite Data 1
2026-03-19 10:04:12 | INFO | Application Layer  | rx: Satellite Data 1
2026-03-19 10:04:12 | INFO | Application Layer  | rx: Satellite Data 1
2026-03-19 10:04:12 | INFO | Application Layer  | rx: Satellite Data 1
2026-03-19 10:04:12 | INFO | Application Layer  | rx: Satellite Data 1
2026-03-19 10:04:12 | INFO | Application Layer  | rx: Satellite Data 1
2026-03-19 10:04:12 | INFO | Application Layer  | rx: Satellite Data 1
2026-03-19 10:04:12 | INFO | Application Layer  | rx: Satellite Data 1
2026-03-19 10:04:12 | INFO | Application Layer  | rx: Satellite Data 1
2026-03-19 10:04:12 | INFO | Application Layer  | rx: Satellite Data 1
2026-03-19 10:04:13 | INFO | Application Layer  | rx: Satellite Data 1
2026-03-19 10:04:13 | INFO | Application Layer  | rx: Satellite Data 1
2026-03-19 10:04:13 | INFO | Application Layer  | rx: Satellite Data 1
2026-03-19 10:04:13 | INFO | Application Layer  | rx: Satellite Data 1
2026-03-19 10:04:13 | INFO | Application Layer  | rx: Satellite Data 1
2026-03-19 10:04:13 | INFO | Application Layer  | rx: Satellite Data 1
2026-03-19 10:04:13 | INFO | Application Layer  | rx: Satellite Data 1
2026-03-19 10:04:13 | INFO | Application Layer  | rx: Satellite Data 1
2026-03-19 10:04:13 | INFO | Application Layer  | rx: Satellite Data 1
2026-03-19 10:04:13 | INFO | Application Layer  | rx: Satellite Data 1
2026-03-19 10:04:13 | INFO | Application Layer  | rx: Satellite Data 1
2026-03-19 10:04:13 | INFO | Application Layer  | rx: Satellite Data 1
2026-03-19 10:04:13 | INFO | Application Layer  | rx: Satellite Data 1
2026-03-19 10:04:13 | INFO | Application Layer  | rx: Satellite Data 1
2026-03-19 10:04:13 | INFO | Application Layer  | rx: Satellite Data 1
2026-03-19 10:04:13 | INFO | Application Layer  | rx: Satellite Data 1
2026-03-19 10:04:13 | INFO | Application Layer  | rx: Satellite Data 1
2026-03-19 10:04:13 | INFO | Application Layer  | rx: Satellite Data 1
2026-03-19 10:04:13 | INFO | Application Layer  | rx: Satellite Data 1
2026-03-19 10:04:13 | INFO | Application Layer  | rx: Satellite Data 1
2026-03-19 10:04:13 | INFO | Application Layer  | rx: Satellite Data 1
2026-03-19 10:04:13 | INFO | Application Layer  | rx: Satellite Data 1
2026-03-19 10:04:13 | INFO | Application Layer  | rx: Satellite Data 1
2026-03-19 10:05:03 | INFO | Application Layer  | starting state watcher
2026-03-19 10:05:03 | INFO | Application Layer  | New AROS mode: 1
2026-03-19 10:05:16 | INFO | Application Layer  | New AROS mode: 3
2026-03-19 10:05:16 | INFO | Application Layer  | rx: Satellite Data 1
2026-03-19 10:05:16 | INFO | Application Layer  | rx: Satellite Data 1
2026-03-19 10:05:16 | INFO | Application Layer  | rx: Satellite Data 1
2026-03-19 10:05:16 | INFO | Application Layer  | rx: Satellite Data 1
2026-03-19 10:05:16 | INFO | Application Layer  | rx: Satellite Data 1
2026-03-19 10:05:16 | INFO | Application Layer  | rx: Satellite Data 1
2026-03-19 10:05:16 | INFO | Application Layer  | rx: Satellite Data 1
2026-03-19 10:05:16 | INFO | Application Layer  | rx: Satellite Data 1
2026-03-19 10:05:16 | INFO | Application Layer  | rx: Satellite Data 1
2026-03-19 10:05:16 | INFO | Application Layer  | rx: Satellite Data 1
2026-03-19 10:05:16 | INFO | Application Layer  | rx: Satellite Data 1
2026-03-19 10:05:16 | INFO | Application Layer  | rx: Satellite Data 1
2026-03-19 10:05:16 | INFO | Application Layer  | rx: Satellite Data 1
2026-03-19 10:05:16 | INFO | Application Layer  | rx: Satellite Data 1
2026-03-19 10:05:16 | INFO | Application Layer  | rx: Satellite Data 1
2026-03-19 10:05:16 | INFO | Application Layer  | rx: Satellite Data 1
2026-03-19 10:05:16 | INFO | Application Layer  | rx: Satellite Data 1
2026-03-19 10:05:16 | INFO | Application Layer  | rx: Satellite Data 1
2026-03-19 10:05:16 | INFO | Application Layer  | rx: Satellite Data 1
2026-03-19 10:05:16 | INFO | Application Layer  | rx: Satellite Data 1
2026-03-19 10:05:16 | INFO | Application Layer  | rx: Satellite Data 1
2026-03-19 10:05:16 | INFO | Application Layer  | rx: Satellite Data 1
2026-03-19 10:05:16 | INFO | Application Layer  | rx: Satellite Data 1
2026-03-19 10:05:16 | INFO | Application Layer  | rx: Satellite Data 1
2026-03-19 10:05:16 | INFO | Application Layer  | rx: Satellite Data 1
2026-03-19 10:05:16 | INFO | Application Layer  | rx: Satellite Data 1
2026-03-19 10:05:16 | INFO | Application Layer  | rx: Satellite Data 1
2026-03-19 10:05:16 | INFO | Application Layer  | rx: Satellite Data 1
2026-03-19 10:05:16 | INFO | Application Layer  | rx: Satellite Data 1
2026-03-19 10:05:16 | INFO | Application Layer  | rx: Satellite Data 1
2026-03-19 10:05:16 | INFO | Application Layer  | rx: Satellite Data 1
2026-03-19 10:05:16 | INFO | Application Layer  | rx: Satellite Data 1
2026-03-19 10:05:16 | INFO | Application Layer  | rx: Satellite Data 1
2026-03-19 10:05:16 | INFO | Application Layer  | rx: Satellite Data 1
2026-03-19 10:05:16 | INFO | Application Layer  | rx: Satellite Data 1
2026-03-19 10:05:16 | INFO | Application Layer  | rx: Satellite Data 1
2026-03-19 10:05:17 | INFO | Application Layer  | rx: Satellite Data 1
2026-03-19 10:05:17 | INFO | Application Layer  | rx: Satellite Data 1
2026-03-19 10:05:17 | INFO | Application Layer  | rx: Satellite Data 1
2026-03-19 10:05:17 | INFO | Application Layer  | rx: Satellite Data 1
2026-03-19 10:05:17 | INFO | Application Layer  | rx: Satellite Data 1
2026-03-19 10:05:17 | INFO | Application Layer  | rx: Satellite Data 1
2026-03-19 10:05:17 | INFO | Application Layer  | rx: Satellite Data 1
2026-03-19 10:05:17 | INFO | Application Layer  | rx: Satellite Data 1
2026-03-19 10:05:17 | INFO | Application Layer  | rx: Satellite Data 1
2026-03-19 10:05:17 | INFO | Application Layer  | rx: Satellite Data 1
2026-03-19 10:05:17 | INFO | Application Layer  | rx: Satellite Data 1
2026-03-19 10:05:17 | INFO | Application Layer  | rx: Satellite Data 1
2026-03-19 10:05:17 | INFO | Application Layer  | rx: Satellite Data 1
2026-03-19 10:05:17 | INFO | Application Layer  | rx: Satellite Data 1
2026-03-19 10:05:17 | INFO | Application Layer  | rx: Satellite Data 1
2026-03-19 10:05:17 | INFO | Application Layer  | rx: Satellite Data 1
2026-03-19 10:05:17 | INFO | Application Layer  | rx: Satellite Data 1
2026-03-19 10:05:17 | INFO | Application Layer  | rx: Satellite Data 1
2026-03-19 10:05:17 | INFO | Application Layer  | rx: Satellite Data 1
2026-03-19 10:05:17 | INFO | Application Layer  | rx: Satellite Data 1
2026-03-19 10:05:17 | INFO | Application Layer  | rx: Satellite Data 1
2026-03-19 10:05:17 | INFO | Application Layer  | rx: Satellite Data 1
2026-03-19 10:05:17 | INFO | Application Layer  | rx: Satellite Data 1
2026-03-19 10:05:17 | INFO | Application Layer  | rx: Satellite Data 1
2026-03-19 10:05:17 | INFO | Application Layer  | rx: Satellite Data 1
2026-03-19 10:05:17 | INFO | Application Layer  | rx: Satellite Data 1
2026-03-19 10:05:17 | INFO | Application Layer  | rx: Satellite Data 1
2026-03-19 10:05:17 | INFO | Application Layer  | rx: Satellite Data 1
2026-03-19 10:05:17 | INFO | Application Layer  | rx: Satellite Data 1
2026-03-19 10:05:17 | INFO | Application Layer  | rx: Satellite Data 1
2026-03-19 10:05:17 | INFO | Application Layer  | rx: Satellite Data 1
2026-03-19 10:05:17 | INFO | Application Layer  | rx: Satellite Data 1
2026-03-19 10:05:17 | INFO | Application Layer  | rx: Satellite Data 1
2026-03-19 10:05:17 | INFO | Application Layer  | rx: Satellite Data 1
2026-03-19 10:05:17 | INFO | Application Layer  | rx: Satellite Data 1
2026-03-19 10:05:17 | INFO | Application Layer  | rx: Satellite Data 1
2026-03-19 10:05:17 | INFO | Application Layer  | rx: Satellite Data 1
2026-03-19 10:05:17 | INFO | Application Layer  | rx: Satellite Data 1
2026-03-19 10:05:17 | INFO | Application Layer  | rx: Satellite Data 1
2026-03-19 10:05:17 | INFO | Application Layer  | rx: Satellite Data 1
2026-03-19 10:05:17 | INFO | Application Layer  | rx: Satellite Data 1
2026-03-19 10:05:17 | INFO | Application Layer  | rx: Satellite Data 1
2026-03-19 10:05:17 | INFO | Application Layer  | rx: Satellite Data 1
2026-03-19 10:05:17 | INFO | Application Layer  | rx: Satellite Data 1
2026-03-19 10:05:17 | INFO | Application Layer  | rx: Satellite Data 1
2026-03-19 10:05:17 | INFO | Application Layer  | rx: Satellite Data 1
2026-03-19 10:05:17 | INFO | Application Layer  | rx: Satellite Data 1
2026-03-19 10:05:17 | INFO | Application Layer  | rx: Satellite Data 1
2026-03-19 10:05:17 | INFO | Application Layer  | rx: Satellite Data 1
2026-03-19 10:05:17 | INFO | Application Layer  | rx: Satellite Data 1
2026-03-19 10:05:18 | INFO | Application Layer  | rx: Satellite Data 1
2026-03-19 10:05:18 | INFO | Application Layer  | rx: Satellite Data 1
2026-03-19 10:05:18 | INFO | Application Layer  | rx: Satellite Data 1
2026-03-19 10:05:18 | INFO | Application Layer  | rx: Satellite Data 1
2026-03-19 10:05:21 | INFO | Application Layer  | rx: Satellite Data 1
2026-03-19 10:05:21 | INFO | Application Layer  | rx: Satellite Data 1
2026-03-19 10:05:22 | INFO | Application Layer  | rx: Satellite Data 1
2026-03-19 10:05:22 | INFO | Application Layer  | rx: Satellite Data 1
2026-03-19 10:05:22 | INFO | Application Layer  | rx: Satellite Data 1
2026-03-19 10:05:22 | INFO | Application Layer  | rx: Satellite Data 1
2026-03-19 10:05:22 | INFO | Application Layer  | rx: Satellite Data 1
2026-03-19 10:05:22 | INFO | Application Layer  | rx: Satellite Data 1
2026-03-19 10:05:22 | INFO | Application Layer  | rx: Satellite Data 1
2026-03-19 10:05:22 | INFO | Application Layer  | rx: Satellite Data 1
2026-03-19 10:05:22 | INFO | Application Layer  | rx: Satellite Data 1
2026-03-19 10:05:22 | INFO | Application Layer  | rx: Satellite Data 1
2026-03-19 10:05:22 | INFO | Application Layer  | rx: Satellite Data 1
2026-03-19 10:05:22 | INFO | Application Layer  | rx: Satellite Data 1
2026-03-19 10:05:22 | INFO | Application Layer  | rx: Satellite Data 1
2026-03-19 10:05:22 | INFO | Application Layer  | rx: Satellite Data 1
2026-03-19 10:05:22 | INFO | Application Layer  | rx: Satellite Data 1
2026-03-19 10:05:22 | INFO | Application Layer  | rx: Satellite Data 1
2026-03-19 10:05:22 | INFO | Application Layer  | rx: Satellite Data 1
2026-03-19 10:05:22 | INFO | Application Layer  | rx: Satellite Data 1
2026-03-19 10:05:22 | INFO | Application Layer  | rx: Satellite Data 1
2026-03-19 10:05:22 | INFO | Application Layer  | rx: Satellite Data 1
2026-03-19 10:05:22 | INFO | Application Layer  | rx: Satellite Data 1
2026-03-19 10:05:22 | INFO | Application Layer  | rx: Satellite Data 1
2026-03-19 10:05:22 | INFO | Application Layer  | rx: Satellite Data 1
2026-03-19 10:05:22 | INFO | Application Layer  | rx: Satellite Data 1
2026-03-19 10:05:25 | INFO | Application Layer  | rx: Satellite Data 1
2026-03-19 10:05:25 | INFO | Application Layer  | rx: Satellite Data 1
2026-03-19 10:05:25 | INFO | Application Layer  | rx: Satellite Data 1
2026-03-19 10:05:25 | INFO | Application Layer  | rx: Satellite Data 1
2026-03-19 10:05:25 | INFO | Application Layer  | rx: Satellite Data 1
2026-03-19 10:05:28 | INFO | Application Layer  | rx: Satellite Data 1
2026-03-19 10:05:28 | INFO | Application Layer  | rx: Satellite Data 1
2026-03-19 10:05:28 | INFO | Application Layer  | rx: Satellite Data 1
2026-03-19 10:05:28 | INFO | Application Layer  | rx: Satellite Data 1
2026-03-19 10:05:28 | INFO | Application Layer  | rx: Satellite Data 1
2026-03-19 10:05:31 | INFO | Application Layer  | rx: Satellite Data 1
2026-03-19 10:06:18 | INFO | Application Layer  | starting state watcher
2026-03-19 10:06:18 | INFO | Application Layer  | New AROS mode: 1
2026-03-19 10:06:22 | INFO | Application Layer  | New AROS mode: 4
2026-03-19 10:06:28 | INFO | Application Layer  | New AROS mode: 1
2026-03-19 10:06:35 | INFO | Application Layer  | New AROS mode: 3
2026-03-19 10:09:18 | INFO | Application Layer  | New AROS mode: 2
2026-03-19 10:09:22 | INFO | Application Layer  | New AROS mode: 2
2026-03-19 10:09:29 | INFO | Application Layer  | New AROS mode: 2
2026-03-19 10:09:35 | INFO | Application Layer  | New AROS mode: 2
2026-03-19 10:24:55 | INFO | Application Layer  | starting state watcher
2026-03-19 10:24:55 | INFO | Application Layer  | New AROS mode: 1
2026-03-19 10:25:34 | INFO | Application Layer  | New AROS mode: 4
2026-03-19 10:25:37 | INFO | Application Layer  | New AROS mode: 1
2026-03-19 10:26:16 | INFO | Application Layer  | New AROS mode: 3
2026-03-19 10:27:55 | INFO | Application Layer  | New AROS mode: 2
2026-03-19 10:27:57 | INFO | Application Layer  | rx: Satellite Data 1
2026-03-19 10:27:57 | INFO | Application Layer  | rx: Satellite Data 1
2026-03-19 10:27:58 | INFO | Application Layer  | rx: Satellite Data 1
2026-03-19 10:28:01 | INFO | Application Layer  | rx: Satellite Data 1
2026-03-19 10:28:02 | INFO | Application Layer  | rx: Satellite Data 1
2026-03-19 10:28:04 | INFO | Application Layer  | rx: Satellite Data 1
2026-03-19 10:28:07 | INFO | Application Layer  | rx: Satellite Data 1
2026-03-19 10:28:08 | INFO | Application Layer  | rx: Satellite Data 1
2026-03-19 10:28:09 | INFO | Application Layer  | rx: Satellite Data 1
2026-03-19 10:28:10 | INFO | Application Layer  | rx: Satellite Data 1
2026-03-19 10:28:11 | INFO | Application Layer  | rx: Satellite Data 1
2026-03-19 10:28:13 | INFO | Application Layer  | rx: Satellite Data 1
2026-03-19 10:28:14 | INFO | Application Layer  | rx: Satellite Data 1
2026-03-19 10:28:15 | INFO | Application Layer  | rx: Satellite Data 1
2026-03-19 10:28:17 | INFO | Application Layer  | rx: Satellite Data 1
2026-03-19 10:28:18 | INFO | Application Layer  | rx: Satellite Data 1
2026-03-19 10:28:20 | INFO | Application Layer  | rx: Satellite Data 1
2026-03-19 10:28:21 | INFO | Application Layer  | rx: Satellite Data 1
2026-03-19 10:28:22 | INFO | Application Layer  | rx: Satellite Data 1
2026-03-19 10:28:23 | INFO | Application Layer  | rx: Satellite Data 1
2026-03-19 10:28:24 | INFO | Application Layer  | rx: Satellite Data 1
2026-03-19 10:28:25 | INFO | Application Layer  | rx: Satellite Data 1
2026-03-19 10:28:26 | INFO | Application Layer  | rx: Satellite Data 1
2026-03-19 10:28:30 | INFO | Application Layer  | rx: Satellite Data 1
2026-03-19 10:28:31 | INFO | Application Layer  | rx: Satellite Data 1
2026-03-19 10:28:32 | INFO | Application Layer  | rx: Satellite Data 1
2026-03-19 10:28:33 | INFO | Application Layer  | rx: Satellite Data 1
2026-03-19 10:28:34 | INFO | Application Layer  | New AROS mode: 2
2026-03-19 10:28:35 | INFO | Application Layer  | rx: Satellite Data 1
2026-03-19 10:28:36 | INFO | Application Layer  | rx: Satellite Data 1
2026-03-19 10:28:37 | INFO | Application Layer  | New AROS mode: 2
2026-03-19 10:28:37 | INFO | Application Layer  | rx: Satellite Data 1
2026-03-19 10:28:38 | INFO | Application Layer  | rx: Satellite Data 1
2026-03-19 10:28:39 | INFO | Application Layer  | rx: Satellite Data 1
2026-03-19 10:28:40 | INFO | Application Layer  | rx: Satellite Data 1
2026-03-19 10:28:41 | INFO | Application Layer  | rx: Satellite Data 1
2026-03-19 10:28:42 | INFO | Application Layer  | rx: Satellite Data 1
2026-03-19 10:28:43 | INFO | Application Layer  | rx: Satellite Data 1
2026-03-19 10:28:45 | INFO | Application Layer  | rx: Satellite Data 1
2026-03-19 10:28:47 | INFO | Application Layer  | rx: Satellite Data 1
2026-03-19 10:28:49 | INFO | Application Layer  | rx: Satellite Data 1
2026-03-19 10:28:51 | INFO | Application Layer  | rx: Satellite Data 1
2026-03-19 10:28:52 | INFO | Application Layer  | rx: Satellite Data 1
2026-03-19 10:28:53 | INFO | Application Layer  | rx: Satellite Data 1
2026-03-19 10:28:54 | INFO | Application Layer  | rx: Satellite Data 1
2026-03-19 10:28:56 | INFO | Application Layer  | rx: Satellite Data 1
2026-03-19 10:28:58 | INFO | Application Layer  | rx: Satellite Data 1
2026-03-19 10:28:59 | INFO | Application Layer  | rx: Satellite Data 1
2026-03-19 10:29:02 | INFO | Application Layer  | rx: Satellite Data 1
2026-03-19 10:29:06 | INFO | Application Layer  | rx: Satellite Data 1
2026-03-19 10:29:07 | INFO | Application Layer  | rx: Satellite Data 1
2026-03-19 10:29:09 | INFO | Application Layer  | rx: Satellite Data 1
2026-03-19 10:29:11 | INFO | Application Layer  | rx: Satellite Data 1
2026-03-19 10:29:12 | INFO | Application Layer  | rx: Satellite Data 1
2026-03-19 10:29:13 | INFO | Application Layer  | rx: Satellite Data 1
2026-03-19 10:29:14 | INFO | Application Layer  | rx: Satellite Data 1
2026-03-19 10:29:15 | INFO | Application Layer  | rx: Satellite Data 1
2026-03-19 10:29:16 | INFO | Application Layer  | New AROS mode: 2
2026-03-19 10:29:20 | INFO | Application Layer  | rx: Satellite Data 1
2026-03-19 10:29:21 | INFO | Application Layer  | rx: Satellite Data 1
2026-03-19 10:29:23 | INFO | Application Layer  | rx: Satellite Data 1
2026-03-19 10:29:24 | INFO | Application Layer  | rx: Satellite Data 1
2026-03-19 10:29:25 | INFO | Application Layer  | rx: Satellite Data 1
2026-03-19 10:29:26 | INFO | Application Layer  | rx: Satellite Data 1
2026-03-19 10:29:27 | INFO | Application Layer  | rx: Satellite Data 1
2026-03-19 10:29:28 | INFO | Application Layer  | rx: Satellite Data 1
2026-03-19 10:29:30 | INFO | Application Layer  | rx: Satellite Data 1
2026-03-19 10:29:32 | INFO | Application Layer  | rx: Satellite Data 1
2026-03-19 10:29:33 | INFO | Application Layer  | rx: Satellite Data 1
2026-03-19 10:29:35 | INFO | Application Layer  | rx: Satellite Data 1
2026-03-19 10:29:36 | INFO | Application Layer  | rx: Satellite Data 1
2026-03-19 10:29:37 | INFO | Application Layer  | rx: Satellite Data 1
2026-03-19 10:29:38 | INFO | Application Layer  | rx: Satellite Data 1
2026-03-19 10:29:39 | INFO | Application Layer  | rx: Satellite Data 1
2026-03-19 10:29:40 | INFO | Application Layer  | rx: Satellite Data 1
2026-03-19 10:29:45 | INFO | Application Layer  | rx: Satellite Data 1
2026-03-19 10:29:46 | INFO | Application Layer  | rx: Satellite Data 1
2026-03-19 10:29:47 | INFO | Application Layer  | rx: Satellite Data 1
2026-03-19 10:29:48 | INFO | Application Layer  | rx: Satellite Data 1
2026-03-19 10:29:49 | INFO | Application Layer  | rx: Satellite Data 1
2026-03-19 10:29:50 | INFO | Application Layer  | rx: Satellite Data 1
2026-03-19 10:29:51 | INFO | Application Layer  | rx: Satellite Data 1
2026-03-19 10:29:52 | INFO | Application Layer  | rx: Satellite Data 1
2026-03-19 10:29:53 | INFO | Application Layer  | rx: Satellite Data 1
2026-03-19 10:29:54 | INFO | Application Layer  | rx: Satellite Data 1
2026-03-19 10:29:55 | INFO | Application Layer  | rx: Satellite Data 1
2026-03-19 10:29:56 | INFO | Application Layer  | rx: Satellite Data 1
2026-03-19 10:29:58 | INFO | Application Layer  | rx: Satellite Data 1
2026-03-19 10:29:59 | INFO | Application Layer  | rx: Satellite Data 1
2026-03-19 10:30:00 | INFO | Application Layer  | rx: Satellite Data 1
2026-03-19 10:30:01 | INFO | Application Layer  | rx: Satellite Data 1
2026-03-19 10:30:03 | INFO | Application Layer  | rx: Satellite Data 1
2026-03-19 10:30:04 | INFO | Application Layer  | rx: Satellite Data 1
2026-03-19 10:30:05 | INFO | Application Layer  | rx: Satellite Data 1
2026-03-19 10:30:06 | INFO | Application Layer  | rx: Satellite Data 1
2026-03-19 10:30:07 | INFO | Application Layer  | rx: Satellite Data 1
2026-03-19 10:30:08 | INFO | Application Layer  | rx: Satellite Data 1
2026-03-19 10:30:09 | INFO | Application Layer  | rx: Satellite Data 1
2026-03-19 10:30:10 | INFO | Application Layer  | rx: Satellite Data 1
2026-03-19 10:30:11 | INFO | Application Layer  | rx: Satellite Data 1
2026-03-19 10:30:12 | INFO | Application Layer  | rx: Satellite Data 1
2026-03-19 10:30:13 | INFO | Application Layer  | rx: Satellite Data 1
2026-03-19 10:30:14 | INFO | Application Layer  | rx: Satellite Data 1
2026-03-19 10:30:15 | INFO | Application Layer  | rx: Satellite Data 1
2026-03-19 10:30:16 | INFO | Application Layer  | rx: Satellite Data 1
2026-03-19 10:30:17 | INFO | Application Layer  | rx: Satellite Data 1
2026-03-19 10:30:18 | INFO | Application Layer  | rx: Satellite Data 1
2026-03-19 10:30:19 | INFO | Application Layer  | rx: Satellite Data 1
2026-03-19 10:30:21 | INFO | Application Layer  | rx: Satellite Data 1
2026-03-19 10:30:22 | INFO | Application Layer  | rx: Satellite Data 1
2026-03-19 10:30:23 | INFO | Application Layer  | rx: Satellite Data 1
2026-03-19 10:30:24 | INFO | Application Layer  | rx: Satellite Data 1
2026-03-19 10:30:25 | INFO | Application Layer  | rx: Satellite Data 1
2026-03-19 10:30:26 | INFO | Application Layer  | rx: Satellite Data 1
2026-03-19 10:30:27 | INFO | Application Layer  | rx: Satellite Data 1
2026-03-19 10:30:28 | INFO | Application Layer  | rx: Satellite Data 1
2026-03-19 10:30:31 | INFO | Application Layer  | rx: Satellite Data 1
2026-03-19 10:30:32 | INFO | Application Layer  | rx: Satellite Data 1
2026-03-19 10:30:35 | INFO | Application Layer  | rx: Satellite Data 1
2026-03-19 10:30:36 | INFO | Application Layer  | rx: Satellite Data 1
2026-03-19 10:30:38 | INFO | Application Layer  | rx: Satellite Data 1
2026-03-19 10:30:39 | INFO | Application Layer  | rx: Satellite Data 1
2026-03-19 10:30:40 | INFO | Application Layer  | rx: Satellite Data 1
2026-03-19 10:30:41 | INFO | Application Layer  | rx: Satellite Data 1
2026-03-19 10:30:42 | INFO | Application Layer  | rx: Satellite Data 1
2026-03-19 10:30:44 | INFO | Application Layer  | rx: Satellite Data 1
2026-03-19 10:30:46 | INFO | Application Layer  | rx: Satellite Data 1
2026-03-19 10:30:50 | INFO | Application Layer  | rx: Satellite Data 1
2026-03-19 10:30:51 | INFO | Application Layer  | rx: Satellite Data 1
2026-03-19 10:30:54 | INFO | Application Layer  | rx: Satellite Data 1
2026-03-19 10:30:55 | INFO | Application Layer  | rx: Satellite Data 1
2026-03-19 10:30:57 | INFO | Application Layer  | rx: Satellite Data 1
2026-03-19 10:30:59 | INFO | Application Layer  | rx: Satellite Data 1
2026-03-19 10:31:00 | INFO | Application Layer  | rx: Satellite Data 1
2026-03-19 10:31:02 | INFO | Application Layer  | rx: Satellite Data 1
2026-03-19 10:31:03 | INFO | Application Layer  | rx: Satellite Data 1
2026-03-19 10:31:06 | INFO | Application Layer  | rx: Satellite Data 1
2026-03-19 10:31:08 | INFO | Application Layer  | rx: Satellite Data 1
2026-03-19 10:31:09 | INFO | Application Layer  | rx: Satellite Data 1
2026-03-19 10:31:10 | INFO | Application Layer  | rx: Satellite Data 1
2026-03-19 10:31:11 | INFO | Application Layer  | rx: Satellite Data 1
2026-03-19 10:31:12 | INFO | Application Layer  | rx: Satellite Data 1
2026-03-19 10:31:13 | INFO | Application Layer  | rx: Satellite Data 1
2026-03-19 10:31:14 | INFO | Application Layer  | rx: Satellite Data 1
2026-03-19 10:31:15 | INFO | Application Layer  | rx: Satellite Data 1
2026-03-19 10:31:16 | INFO | Application Layer  | rx: Satellite Data 1
2026-03-19 10:31:17 | INFO | Application Layer  | rx: Satellite Data 1
2026-03-19 10:31:18 | INFO | Application Layer  | rx: Satellite Data 1
2026-03-19 10:31:19 | INFO | Application Layer  | rx: Satellite Data 1
2026-03-19 10:31:21 | INFO | Application Layer  | rx: Satellite Data 1
2026-03-19 10:31:23 | INFO | Application Layer  | rx: Satellite Data 1
2026-03-19 10:31:26 | INFO | Application Layer  | rx: Satellite Data 1
2026-03-19 10:31:27 | INFO | Application Layer  | rx: Satellite Data 1
2026-03-19 10:31:29 | INFO | Application Layer  | rx: Satellite Data 1
2026-03-19 10:31:30 | INFO | Application Layer  | rx: Satellite Data 1
2026-03-19 10:31:31 | INFO | Application Layer  | rx: Satellite Data 1
2026-03-19 10:31:34 | INFO | Application Layer  | rx: Satellite Data 1
2026-03-19 10:31:37 | INFO | Application Layer  | rx: Satellite Data 1
2026-03-19 10:31:39 | INFO | Application Layer  | rx: Satellite Data 1
2026-03-19 10:31:40 | INFO | Application Layer  | rx: Satellite Data 1
2026-03-19 10:31:42 | INFO | Application Layer  | rx: Satellite Data 1
2026-03-19 10:31:44 | INFO | Application Layer  | rx: Satellite Data 1
2026-03-19 10:31:47 | INFO | Application Layer  | rx: Satellite Data 1
2026-03-19 10:31:48 | INFO | Application Layer  | rx: Satellite Data 1
2026-03-19 10:31:49 | INFO | Application Layer  | rx: Satellite Data 1
2026-03-19 10:31:50 | INFO | Application Layer  | rx: Satellite Data 1
2026-03-19 10:31:51 | INFO | Application Layer  | rx: Satellite Data 1
2026-03-19 10:31:56 | INFO | Application Layer  | rx: Satellite Data 1
2026-03-19 10:31:57 | INFO | Application Layer  | rx: Satellite Data 1
2026-03-19 10:31:59 | INFO | Application Layer  | rx: Satellite Data 1
2026-03-19 10:32:01 | INFO | Application Layer  | rx: Satellite Data 1
2026-03-19 10:32:02 | INFO | Application Layer  | rx: Satellite Data 1
2026-03-19 10:32:03 | INFO | Application Layer  | rx: Satellite Data 1
2026-03-19 10:32:04 | INFO | Application Layer  | rx: Satellite Data 1
2026-03-19 10:32:05 | INFO | Application Layer  | rx: Satellite Data 1
2026-03-19 10:32:10 | INFO | Application Layer  | rx: Satellite Data 1
2026-03-19 10:32:12 | INFO | Application Layer  | rx: Satellite Data 1
2026-03-19 10:32:13 | INFO | Application Layer  | rx: Satellite Data 1
2026-03-19 10:32:14 | INFO | Application Layer  | rx: Satellite Data 1
2026-03-19 10:32:16 | INFO | Application Layer  | rx: Satellite Data 1
2026-03-19 10:32:17 | INFO | Application Layer  | rx: Satellite Data 1
2026-03-19 10:32:18 | INFO | Application Layer  | rx: Satellite Data 1
2026-03-19 10:32:19 | INFO | Application Layer  | rx: Satellite Data 1
2026-03-19 10:32:20 | INFO | Application Layer  | rx: Satellite Data 1
2026-03-19 10:32:21 | INFO | Application Layer  | rx: Satellite Data 1
2026-03-19 10:32:22 | INFO | Application Layer  | rx: Satellite Data 1
2026-03-19 10:32:23 | INFO | Application Layer  | rx: Satellite Data 1
2026-03-19 10:32:25 | INFO | Application Layer  | rx: Satellite Data 1
2026-03-19 10:32:26 | INFO | Application Layer  | rx: Satellite Data 1
2026-03-19 10:32:28 | INFO | Application Layer  | rx: Satellite Data 1
2026-03-19 10:32:30 | INFO | Application Layer  | rx: Satellite Data 1
2026-03-19 10:32:31 | INFO | Application Layer  | rx: Satellite Data 1
2026-03-19 10:32:32 | INFO | Application Layer  | rx: Satellite Data 1
2026-03-19 10:32:34 | INFO | Application Layer  | rx: Satellite Data 1
2026-03-19 10:32:36 | INFO | Application Layer  | rx: Satellite Data 1
2026-03-19 10:32:37 | INFO | Application Layer  | rx: Satellite Data 1
2026-03-19 10:32:38 | INFO | Application Layer  | rx: Satellite Data 1
2026-03-19 10:32:39 | INFO | Application Layer  | rx: Satellite Data 1
2026-03-19 10:32:40 | INFO | Application Layer  | rx: Satellite Data 1
2026-03-19 10:32:42 | INFO | Application Layer  | rx: Satellite Data 1
2026-03-19 10:32:43 | INFO | Application Layer  | rx: Satellite Data 1
2026-03-19 10:32:44 | INFO | Application Layer  | rx: Satellite Data 1
2026-03-19 10:32:45 | INFO | Application Layer  | rx: Satellite Data 1
2026-03-19 10:32:46 | INFO | Application Layer  | rx: Satellite Data 1
2026-03-19 10:32:48 | INFO | Application Layer  | rx: Satellite Data 1
2026-03-19 10:32:49 | INFO | Application Layer  | rx: Satellite Data 1
2026-03-19 10:32:51 | INFO | Application Layer  | rx: Satellite Data 1
2026-03-19 10:32:52 | INFO | Application Layer  | rx: Satellite Data 1
2026-03-19 10:32:53 | INFO | Application Layer  | rx: Satellite Data 1
2026-03-19 10:32:54 | INFO | Application Layer  | rx: Satellite Data 1
2026-03-19 10:32:55 | INFO | Application Layer  | rx: Satellite Data 1
2026-03-19 10:32:56 | INFO | Application Layer  | rx: Satellite Data 1
2026-03-19 10:32:57 | INFO | Application Layer  | rx: Satellite Data 1
2026-03-19 10:32:58 | INFO | Application Layer  | rx: Satellite Data 1
2026-03-19 10:32:59 | INFO | Application Layer  | rx: Satellite Data 1
2026-03-19 10:33:00 | INFO | Application Layer  | rx: Satellite Data 1
2026-03-19 10:33:01 | INFO | Application Layer  | rx: Satellite Data 1
2026-03-19 10:33:02 | INFO | Application Layer  | rx: Satellite Data 1
2026-03-19 10:33:03 | INFO | Application Layer  | rx: Satellite Data 1
2026-03-19 10:33:04 | INFO | Application Layer  | rx: Satellite Data 1
2026-03-19 10:33:05 | INFO | Application Layer  | rx: Satellite Data 1
2026-03-19 10:33:08 | INFO | Application Layer  | rx: Satellite Data 1
2026-03-19 10:33:09 | INFO | Application Layer  | rx: Satellite Data 1
2026-03-19 10:33:10 | INFO | Application Layer  | rx: Satellite Data 1
2026-03-19 10:33:11 | INFO | Application Layer  | rx: Satellite Data 1
2026-03-19 10:33:12 | INFO | Application Layer  | rx: Satellite Data 1
2026-03-19 10:33:13 | INFO | Application Layer  | rx: Satellite Data 1
2026-03-19 10:33:15 | INFO | Application Layer  | rx: Satellite Data 1
2026-03-19 10:33:18 | INFO | Application Layer  | rx: Satellite Data 1
2026-03-19 10:33:19 | INFO | Application Layer  | rx: Satellite Data 1
2026-03-19 10:33:20 | INFO | Application Layer  | rx: Satellite Data 1
2026-03-19 10:33:23 | INFO | Application Layer  | rx: Satellite Data 1
2026-03-19 10:33:25 | INFO | Application Layer  | rx: Satellite Data 1
2026-03-19 10:33:26 | INFO | Application Layer  | rx: Satellite Data 1
2026-03-19 10:33:28 | INFO | Application Layer  | rx: Satellite Data 1
2026-03-19 10:33:29 | INFO | Application Layer  | rx: Satellite Data 1
2026-03-19 10:33:30 | INFO | Application Layer  | rx: Satellite Data 1
2026-03-19 10:33:31 | INFO | Application Layer  | rx: Satellite Data 1
2026-03-19 10:33:36 | INFO | Application Layer  | rx: Satellite Data 1
2026-03-19 10:33:37 | INFO | Application Layer  | rx: Satellite Data 1
2026-03-19 10:33:38 | INFO | Application Layer  | rx: Satellite Data 1
2026-03-19 10:33:40 | INFO | Application Layer  | rx: Satellite Data 1
2026-03-19 10:33:41 | INFO | Application Layer  | rx: Satellite Data 1
2026-03-19 10:33:42 | INFO | Application Layer  | rx: Satellite Data 1
2026-03-19 10:33:43 | INFO | Application Layer  | rx: Satellite Data 1
2026-03-19 10:33:45 | INFO | Application Layer  | rx: Satellite Data 1
2026-03-19 10:33:46 | INFO | Application Layer  | rx: Satellite Data 1
2026-03-19 10:33:49 | INFO | Application Layer  | rx: Satellite Data 1
2026-03-19 10:33:50 | INFO | Application Layer  | rx: Satellite Data 1
2026-03-19 10:33:51 | INFO | Application Layer  | rx: Satellite Data 1
2026-03-19 10:33:52 | INFO | Application Layer  | rx: Satellite Data 1
2026-03-19 10:33:53 | INFO | Application Layer  | rx: Satellite Data 1
2026-03-19 10:33:54 | INFO | Application Layer  | rx: Satellite Data 1
2026-03-19 10:33:55 | INFO | Application Layer  | rx: Satellite Data 1
2026-03-19 10:33:56 | INFO | Application Layer  | rx: Satellite Data 1
2026-03-19 10:33:57 | INFO | Application Layer  | rx: Satellite Data 1
2026-03-19 10:33:58 | INFO | Application Layer  | rx: Satellite Data 1
2026-03-19 10:33:59 | INFO | Application Layer  | rx: Satellite Data 1
2026-03-19 10:34:01 | INFO | Application Layer  | rx: Satellite Data 1
2026-03-19 10:34:02 | INFO | Application Layer  | rx: Satellite Data 1
2026-03-19 10:34:03 | INFO | Application Layer  | rx: Satellite Data 1
2026-03-19 10:34:05 | INFO | Application Layer  | rx: Satellite Data 1
2026-03-19 10:34:07 | INFO | Application Layer  | rx: Satellite Data 1
2026-03-19 10:34:08 | INFO | Application Layer  | rx: Satellite Data 1
2026-03-19 10:34:09 | INFO | Application Layer  | rx: Satellite Data 1
2026-03-19 10:34:10 | INFO | Application Layer  | rx: Satellite Data 1
2026-03-19 10:34:11 | INFO | Application Layer  | rx: Satellite Data 1
2026-03-19 10:34:12 | INFO | Application Layer  | rx: Satellite Data 1
2026-03-19 10:34:13 | INFO | Application Layer  | rx: Satellite Data 1
2026-03-19 10:34:14 | INFO | Application Layer  | rx: Satellite Data 1
2026-03-19 10:34:19 | INFO | Application Layer  | rx: Satellite Data 1
2026-03-19 10:34:20 | INFO | Application Layer  | rx: Satellite Data 1
2026-03-19 10:34:21 | INFO | Application Layer  | rx: Satellite Data 1
2026-03-19 10:34:23 | INFO | Application Layer  | rx: Satellite Data 1
2026-03-19 10:34:24 | INFO | Application Layer  | rx: Satellite Data 1
2026-03-19 10:34:25 | INFO | Application Layer  | rx: Satellite Data 1
2026-03-19 10:34:27 | INFO | Application Layer  | rx: Satellite Data 1
2026-03-19 10:34:28 | INFO | Application Layer  | rx: Satellite Data 1
2026-03-19 10:34:29 | INFO | Application Layer  | rx: Satellite Data 1
2026-03-19 10:34:30 | INFO | Application Layer  | rx: Satellite Data 1
2026-03-19 10:34:31 | INFO | Application Layer  | rx: Satellite Data 1
2026-03-19 10:34:32 | INFO | Application Layer  | rx: Satellite Data 1
2026-03-19 10:34:33 | INFO | Application Layer  | rx: Satellite Data 1
2026-03-19 10:34:34 | INFO | Application Layer  | rx: Satellite Data 1
2026-03-19 10:34:36 | INFO | Application Layer  | rx: Satellite Data 1
2026-03-19 10:34:37 | INFO | Application Layer  | rx: Satellite Data 1
2026-03-19 10:34:38 | INFO | Application Layer  | rx: Satellite Data 1
2026-03-19 10:34:40 | INFO | Application Layer  | rx: Satellite Data 1
2026-03-19 10:34:42 | INFO | Application Layer  | rx: Satellite Data 1
2026-03-19 10:34:43 | INFO | Application Layer  | rx: Satellite Data 1
2026-03-19 10:34:44 | INFO | Application Layer  | rx: Satellite Data 1
2026-03-19 10:34:47 | INFO | Application Layer  | rx: Satellite Data 1
2026-03-19 10:34:48 | INFO | Application Layer  | rx: Satellite Data 1
2026-03-19 10:34:51 | INFO | Application Layer  | rx: Satellite Data 1
2026-03-19 10:34:52 | INFO | Application Layer  | rx: Satellite Data 1
2026-03-19 10:34:53 | INFO | Application Layer  | rx: Satellite Data 1
2026-03-19 10:34:56 | INFO | Application Layer  | rx: Satellite Data 1
2026-03-19 10:35:00 | INFO | Application Layer  | rx: Satellite Data 1
2026-03-19 10:35:01 | INFO | Application Layer  | rx: Satellite Data 1
2026-03-19 10:35:02 | INFO | Application Layer  | rx: Satellite Data 1
2026-03-19 10:35:03 | INFO | Application Layer  | rx: Satellite Data 1
2026-03-19 10:35:06 | INFO | Application Layer  | rx: Satellite Data 1
2026-03-19 10:35:07 | INFO | Application Layer  | rx: Satellite Data 1
2026-03-19 10:35:09 | INFO | Application Layer  | rx: Satellite Data 1
2026-03-19 10:35:10 | INFO | Application Layer  | rx: Satellite Data 1
2026-03-19 10:35:12 | INFO | Application Layer  | rx: Satellite Data 1
2026-03-19 10:35:13 | INFO | Application Layer  | rx: Satellite Data 1
2026-03-19 10:35:14 | INFO | Application Layer  | rx: Satellite Data 1
2026-03-19 10:35:16 | INFO | Application Layer  | rx: Satellite Data 1
2026-03-19 10:35:17 | INFO | Application Layer  | rx: Satellite Data 1
2026-03-19 10:35:18 | INFO | Application Layer  | rx: Satellite Data 1
2026-03-19 10:35:19 | INFO | Application Layer  | rx: Satellite Data 1
2026-03-19 10:35:20 | INFO | Application Layer  | rx: Satellite Data 1
2026-03-19 10:35:21 | INFO | Application Layer  | rx: Satellite Data 1
2026-03-19 10:35:22 | INFO | Application Layer  | rx: Satellite Data 1
2026-03-19 10:35:23 | INFO | Application Layer  | rx: Satellite Data 1
2026-03-19 10:35:24 | INFO | Application Layer  | rx: Satellite Data 1
2026-03-19 10:35:25 | INFO | Application Layer  | rx: Satellite Data 1
2026-03-19 10:35:27 | INFO | Application Layer  | rx: Satellite Data 1
2026-03-19 10:35:28 | INFO | Application Layer  | rx: Satellite Data 1
2026-03-19 10:35:29 | INFO | Application Layer  | rx: Satellite Data 1
2026-03-19 10:35:30 | INFO | Application Layer  | rx: Satellite Data 1
2026-03-19 10:35:31 | INFO | Application Layer  | rx: Satellite Data 1
2026-03-19 10:35:32 | INFO | Application Layer  | rx: Satellite Data 1
2026-03-19 10:35:33 | INFO | Application Layer  | rx: Satellite Data 1
2026-03-19 10:35:34 | INFO | Application Layer  | rx: Satellite Data 1
2026-03-19 10:35:36 | INFO | Application Layer  | rx: Satellite Data 1
2026-03-19 10:35:37 | INFO | Application Layer  | rx: Satellite Data 1
2026-03-19 10:35:38 | INFO | Application Layer  | rx: Satellite Data 1
2026-03-19 10:35:40 | INFO | Application Layer  | rx: Satellite Data 1
2026-03-19 10:35:41 | INFO | Application Layer  | rx: Satellite Data 1
2026-03-19 10:35:42 | INFO | Application Layer  | rx: Satellite Data 1
2026-03-19 10:35:45 | INFO | Application Layer  | rx: Satellite Data 1
2026-03-19 10:35:46 | INFO | Application Layer  | rx: Satellite Data 1
2026-03-19 10:35:47 | INFO | Application Layer  | rx: Satellite Data 1
2026-03-19 10:35:49 | INFO | Application Layer  | rx: Satellite Data 1
2026-03-19 10:35:52 | INFO | Application Layer  | rx: Satellite Data 1
2026-03-19 10:35:54 | INFO | Application Layer  | rx: Satellite Data 1
2026-03-19 10:36:00 | INFO | Application Layer  | rx: Satellite Data 1
2026-03-19 10:36:01 | INFO | Application Layer  | rx: Satellite Data 1
2026-03-19 10:36:02 | INFO | Application Layer  | rx: Satellite Data 1
2026-03-19 10:36:03 | INFO | Application Layer  | rx: Satellite Data 1
2026-03-19 10:36:04 | INFO | Application Layer  | rx: Satellite Data 1
2026-03-19 10:36:06 | INFO | Application Layer  | rx: Satellite Data 1
2026-03-19 10:36:08 | INFO | Application Layer  | rx: Satellite Data 1
2026-03-19 10:36:09 | INFO | Application Layer  | rx: Satellite Data 1
2026-03-19 10:36:10 | INFO | Application Layer  | rx: Satellite Data 1
2026-03-19 10:36:12 | INFO | Application Layer  | rx: Satellite Data 1
2026-03-19 10:36:14 | INFO | Application Layer  | rx: Satellite Data 1
2026-03-19 10:36:16 | INFO | Application Layer  | rx: Satellite Data 1
2026-03-19 10:36:17 | INFO | Application Layer  | rx: Satellite Data 1
2026-03-19 10:36:18 | INFO | Application Layer  | rx: Satellite Data 1
2026-03-19 10:36:20 | INFO | Application Layer  | rx: Satellite Data 1
2026-03-19 10:36:21 | INFO | Application Layer  | rx: Satellite Data 1
2026-03-19 10:36:23 | INFO | Application Layer  | rx: Satellite Data 1
2026-03-19 10:36:24 | INFO | Application Layer  | rx: Satellite Data 1
2026-03-19 10:36:25 | INFO | Application Layer  | rx: Satellite Data 1
2026-03-19 10:36:26 | INFO | Application Layer  | rx: Satellite Data 1
2026-03-19 10:36:28 | INFO | Application Layer  | rx: Satellite Data 1
2026-03-19 10:36:28 | INFO | Application Layer  | rx: Satellite Data 1
2026-03-19 10:36:31 | INFO | Application Layer  | rx: Satellite Data 1
2026-03-19 10:36:32 | INFO | Application Layer  | rx: Satellite Data 1
2026-03-19 10:36:33 | INFO | Application Layer  | rx: Satellite Data 1
2026-03-19 10:36:34 | INFO | Application Layer  | rx: Satellite Data 1
2026-03-19 10:36:35 | INFO | Application Layer  | rx: Satellite Data 1
2026-03-19 10:36:36 | INFO | Application Layer  | rx: Satellite Data 1
2026-03-19 10:36:39 | INFO | Application Layer  | rx: Satellite Data 1
2026-03-19 10:36:41 | INFO | Application Layer  | rx: Satellite Data 1
2026-03-19 10:36:42 | INFO | Application Layer  | rx: Satellite Data 1
2026-03-19 10:36:43 | INFO | Application Layer  | rx: Satellite Data 1
2026-03-19 10:36:44 | INFO | Application Layer  | rx: Satellite Data 1
2026-03-19 10:36:45 | INFO | Application Layer  | rx: Satellite Data 1
2026-03-19 10:36:46 | INFO | Application Layer  | rx: Satellite Data 1
2026-03-19 10:36:48 | INFO | Application Layer  | rx: Satellite Data 1
2026-03-19 10:36:49 | INFO | Application Layer  | rx: Satellite Data 1
2026-03-19 10:36:50 | INFO | Application Layer  | rx: Satellite Data 1
2026-03-19 10:36:51 | INFO | Application Layer  | rx: Satellite Data 1
2026-03-19 10:36:52 | INFO | Application Layer  | rx: Satellite Data 1
2026-03-19 10:36:54 | INFO | Application Layer  | rx: Satellite Data 1
2026-03-19 10:36:55 | INFO | Application Layer  | rx: Satellite Data 1
2026-03-19 10:36:56 | INFO | Application Layer  | rx: Satellite Data 1
2026-03-19 10:36:57 | INFO | Application Layer  | rx: Satellite Data 1
2026-03-19 10:36:58 | INFO | Application Layer  | rx: Satellite Data 1
2026-03-19 10:36:59 | INFO | Application Layer  | rx: Satellite Data 1
2026-03-19 10:37:01 | INFO | Application Layer  | rx: Satellite Data 1
2026-03-19 10:37:02 | INFO | Application Layer  | rx: Satellite Data 1
2026-03-19 10:37:04 | INFO | Application Layer  | rx: Satellite Data 1
2026-03-19 10:37:06 | INFO | Application Layer  | rx: Satellite Data 1
2026-03-19 10:37:07 | INFO | Application Layer  | rx: Satellite Data 1
2026-03-19 10:37:08 | INFO | Application Layer  | rx: Satellite Data 1
2026-03-19 10:37:09 | INFO | Application Layer  | rx: Satellite Data 1
2026-03-19 10:37:10 | INFO | Application Layer  | rx: Satellite Data 1
2026-03-19 10:37:11 | INFO | Application Layer  | rx: Satellite Data 1
2026-03-19 10:37:12 | INFO | Application Layer  | rx: Satellite Data 1
2026-03-19 10:37:13 | INFO | Application Layer  | rx: Satellite Data 1
2026-03-19 10:37:16 | INFO | Application Layer  | rx: Satellite Data 1
2026-03-19 10:37:17 | INFO | Application Layer  | rx: Satellite Data 1
2026-03-19 10:37:20 | INFO | Application Layer  | rx: Satellite Data 1
2026-03-19 10:37:21 | INFO | Application Layer  | rx: Satellite Data 1
2026-03-19 10:37:22 | INFO | Application Layer  | rx: Satellite Data 1
2026-03-19 10:37:23 | INFO | Application Layer  | rx: Satellite Data 1
2026-03-19 10:37:24 | INFO | Application Layer  | rx: Satellite Data 1
2026-03-19 10:37:25 | INFO | Application Layer  | rx: Satellite Data 1
2026-03-19 10:37:26 | INFO | Application Layer  | rx: Satellite Data 1
2026-03-19 10:37:27 | INFO | Application Layer  | rx: Satellite Data 1
2026-03-19 10:37:28 | INFO | Application Layer  | rx: Satellite Data 1
2026-03-19 10:37:29 | INFO | Application Layer  | rx: Satellite Data 1
2026-03-19 10:37:30 | INFO | Application Layer  | rx: Satellite Data 1
2026-03-19 10:37:31 | INFO | Application Layer  | rx: Satellite Data 1
2026-03-19 10:37:33 | INFO | Application Layer  | rx: Satellite Data 1
2026-03-19 10:37:34 | INFO | Application Layer  | rx: Satellite Data 1
2026-03-19 10:37:35 | INFO | Application Layer  | rx: Satellite Data 1
2026-03-19 10:37:37 | INFO | Application Layer  | rx: Satellite Data 1
2026-03-19 10:37:38 | INFO | Application Layer  | rx: Satellite Data 1
2026-03-19 10:37:39 | INFO | Application Layer  | rx: Satellite Data 1
2026-03-19 10:37:40 | INFO | Application Layer  | rx: Satellite Data 1
2026-03-19 10:37:41 | INFO | Application Layer  | rx: Satellite Data 1
2026-03-19 10:37:42 | INFO | Application Layer  | rx: Satellite Data 1
2026-03-19 10:37:44 | INFO | Application Layer  | rx: Satellite Data 1
2026-03-19 10:37:46 | INFO | Application Layer  | rx: Satellite Data 1
2026-03-19 10:37:48 | INFO | Application Layer  | rx: Satellite Data 1
2026-03-19 10:37:50 | INFO | Application Layer  | rx: Satellite Data 1
2026-03-19 10:37:51 | INFO | Application Layer  | rx: Satellite Data 1
2026-03-19 10:37:52 | INFO | Application Layer  | rx: Satellite Data 1
2026-03-19 10:37:53 | INFO | Application Layer  | rx: Satellite Data 1
2026-03-19 10:37:54 | INFO | Application Layer  | rx: Satellite Data 1
2026-03-19 10:37:56 | INFO | Application Layer  | rx: Satellite Data 1
2026-03-19 10:37:57 | INFO | Application Layer  | rx: Satellite Data 1
2026-03-19 10:37:58 | INFO | Application Layer  | rx: Satellite Data 1
2026-03-19 10:37:59 | INFO | Application Layer  | rx: Satellite Data 1
2026-03-19 10:38:00 | INFO | Application Layer  | rx: Satellite Data 1
2026-03-19 10:38:01 | INFO | Application Layer  | rx: Satellite Data 1
2026-03-19 10:38:02 | INFO | Application Layer  | rx: Satellite Data 1
2026-03-19 10:38:04 | INFO | Application Layer  | rx: Satellite Data 1
2026-03-19 10:38:05 | INFO | Application Layer  | rx: Satellite Data 1
2026-03-19 10:38:06 | INFO | Application Layer  | rx: Satellite Data 1
2026-03-19 10:38:07 | INFO | Application Layer  | rx: Satellite Data 1
2026-03-19 10:38:08 | INFO | Application Layer  | rx: Satellite Data 1
2026-03-19 10:38:09 | INFO | Application Layer  | rx: Satellite Data 1
2026-03-19 10:38:11 | INFO | Application Layer  | rx: Satellite Data 1
2026-03-19 10:38:13 | INFO | Application Layer  | rx: Satellite Data 1
2026-03-19 10:38:14 | INFO | Application Layer  | rx: Satellite Data 1
2026-03-19 10:38:16 | INFO | Application Layer  | rx: Satellite Data 1
2026-03-19 10:38:17 | INFO | Application Layer  | rx: Satellite Data 1
2026-03-19 10:38:18 | INFO | Application Layer  | rx: Satellite Data 1
2026-03-19 10:38:20 | INFO | Application Layer  | rx: Satellite Data 1
2026-03-19 10:38:21 | INFO | Application Layer  | rx: Satellite Data 1
2026-03-19 10:38:22 | INFO | Application Layer  | rx: Satellite Data 1
2026-03-19 10:38:23 | INFO | Application Layer  | rx: Satellite Data 1
2026-03-19 10:38:24 | INFO | Application Layer  | rx: Satellite Data 1
2026-03-19 10:38:25 | INFO | Application Layer  | rx: Satellite Data 1
2026-03-19 10:38:33 | INFO | Application Layer  | rx: Satellite Data 1
2026-03-19 10:38:35 | INFO | Application Layer  | rx: Satellite Data 1
2026-03-19 10:38:36 | INFO | Application Layer  | rx: Satellite Data 1
2026-03-19 10:38:38 | INFO | Application Layer  | rx: Satellite Data 1
2026-03-19 10:38:39 | INFO | Application Layer  | rx: Satellite Data 1
2026-03-19 10:38:40 | INFO | Application Layer  | rx: Satellite Data 1
2026-03-19 10:38:41 | INFO | Application Layer  | rx: Satellite Data 1
2026-03-19 10:38:42 | INFO | Application Layer  | rx: Satellite Data 1
2026-03-19 10:38:43 | INFO | Application Layer  | rx: Satellite Data 1
2026-03-19 10:38:44 | INFO | Application Layer  | rx: Satellite Data 1
2026-03-19 10:38:45 | INFO | Application Layer  | rx: Satellite Data 1
2026-03-19 10:38:46 | INFO | Application Layer  | rx: Satellite Data 1
2026-03-19 10:38:47 | INFO | Application Layer  | rx: Satellite Data 1
2026-03-19 10:38:48 | INFO | Application Layer  | rx: Satellite Data 1
2026-03-19 10:38:49 | INFO | Application Layer  | rx: Satellite Data 1
2026-03-19 10:38:51 | INFO | Application Layer  | rx: Satellite Data 1
2026-03-19 10:38:52 | INFO | Application Layer  | rx: Satellite Data 1
2026-03-19 10:38:53 | INFO | Application Layer  | rx: Satellite Data 1
2026-03-19 10:38:56 | INFO | Application Layer  | rx: Satellite Data 1
2026-03-19 10:38:57 | INFO | Application Layer  | rx: Satellite Data 1
2026-03-19 10:38:58 | INFO | Application Layer  | rx: Satellite Data 1
2026-03-19 10:38:59 | INFO | Application Layer  | rx: Satellite Data 1
2026-03-19 10:39:00 | INFO | Application Layer  | rx: Satellite Data 1
2026-03-19 10:39:01 | INFO | Application Layer  | rx: Satellite Data 1
2026-03-19 10:39:02 | INFO | Application Layer  | rx: Satellite Data 1
2026-03-19 10:39:03 | INFO | Application Layer  | rx: Satellite Data 1
2026-03-19 10:39:05 | INFO | Application Layer  | rx: Satellite Data 1
2026-03-19 10:39:06 | INFO | Application Layer  | rx: Satellite Data 1
2026-03-19 10:39:07 | INFO | Application Layer  | rx: Satellite Data 1
2026-03-19 10:39:10 | INFO | Application Layer  | rx: Satellite Data 1
2026-03-19 10:39:12 | INFO | Application Layer  | rx: Satellite Data 1
2026-03-19 10:39:14 | INFO | Application Layer  | rx: Satellite Data 1
2026-03-19 10:39:17 | INFO | Application Layer  | rx: Satellite Data 1
2026-03-19 10:39:20 | INFO | Application Layer  | rx: Satellite Data 1
2026-03-19 10:39:21 | INFO | Application Layer  | rx: Satellite Data 1
2026-03-19 10:39:23 | INFO | Application Layer  | rx: Satellite Data 1
2026-03-19 10:39:24 | INFO | Application Layer  | rx: Satellite Data 1
2026-03-19 10:39:25 | INFO | Application Layer  | rx: Satellite Data 1
2026-03-19 10:39:28 | INFO | Application Layer  | rx: Satellite Data 1
2026-03-19 10:39:32 | INFO | Application Layer  | rx: Satellite Data 1
2026-03-19 10:39:33 | INFO | Application Layer  | rx: Satellite Data 1
2026-03-19 10:39:34 | INFO | Application Layer  | rx: Satellite Data 1
2026-03-19 10:39:35 | INFO | Application Layer  | rx: Satellite Data 1
2026-03-19 10:39:38 | INFO | Application Layer  | rx: Satellite Data 1
2026-03-19 10:39:41 | INFO | Application Layer  | rx: Satellite Data 1
2026-03-19 10:39:42 | INFO | Application Layer  | rx: Satellite Data 1
2026-03-19 10:39:43 | INFO | Application Layer  | rx: Satellite Data 1
2026-03-19 10:39:44 | INFO | Application Layer  | rx: Satellite Data 1
2026-03-19 10:39:46 | INFO | Application Layer  | rx: Satellite Data 1
2026-03-19 10:39:47 | INFO | Application Layer  | rx: Satellite Data 1
2026-03-19 10:39:48 | INFO | Application Layer  | rx: Satellite Data 1
2026-03-19 10:39:49 | INFO | Application Layer  | rx: Satellite Data 1
2026-03-19 10:39:51 | INFO | Application Layer  | rx: Satellite Data 1
2026-03-19 10:39:53 | INFO | Application Layer  | rx: Satellite Data 1
2026-03-19 10:39:54 | INFO | Application Layer  | rx: Satellite Data 1
2026-03-19 10:39:55 | INFO | Application Layer  | rx: Satellite Data 1
2026-03-19 10:39:56 | INFO | Application Layer  | rx: Satellite Data 1
2026-03-19 10:39:57 | INFO | Application Layer  | rx: Satellite Data 1
2026-03-19 10:39:58 | INFO | Application Layer  | rx: Satellite Data 1
2026-03-19 10:39:59 | INFO | Application Layer  | rx: Satellite Data 1
2026-03-19 10:40:00 | INFO | Application Layer  | rx: Satellite Data 1
2026-03-19 10:40:02 | INFO | Application Layer  | rx: Satellite Data 1
2026-03-19 10:40:03 | INFO | Application Layer  | rx: Satellite Data 1
2026-03-19 10:40:04 | INFO | Application Layer  | rx: Satellite Data 1
2026-03-19 10:40:05 | INFO | Application Layer  | rx: Satellite Data 1
2026-03-19 10:40:06 | INFO | Application Layer  | rx: Satellite Data 1
2026-03-19 10:40:07 | INFO | Application Layer  | rx: Satellite Data 1
2026-03-19 10:40:09 | INFO | Application Layer  | rx: Satellite Data 1
2026-03-19 10:40:10 | INFO | Application Layer  | rx: Satellite Data 1
2026-03-19 10:40:12 | INFO | Application Layer  | rx: Satellite Data 1
2026-03-19 10:40:16 | INFO | Application Layer  | rx: Satellite Data 1
2026-03-19 10:40:17 | INFO | Application Layer  | rx: Satellite Data 1
2026-03-19 10:40:19 | INFO | Application Layer  | rx: Satellite Data 1
2026-03-19 10:40:20 | INFO | Application Layer  | rx: Satellite Data 1
2026-03-19 10:40:22 | INFO | Application Layer  | rx: Satellite Data 1
2026-03-19 10:40:23 | INFO | Application Layer  | rx: Satellite Data 1
2026-03-19 10:40:25 | INFO | Application Layer  | rx: Satellite Data 1
2026-03-19 10:40:26 | INFO | Application Layer  | rx: Satellite Data 1
2026-03-19 10:40:28 | INFO | Application Layer  | rx: Satellite Data 1
2026-03-19 10:40:29 | INFO | Application Layer  | rx: Satellite Data 1
2026-03-19 10:40:31 | INFO | Application Layer  | rx: Satellite Data 1
2026-03-19 10:40:32 | INFO | Application Layer  | rx: Satellite Data 1
2026-03-19 10:40:33 | INFO | Application Layer  | rx: Satellite Data 1
2026-03-19 10:40:35 | INFO | Application Layer  | rx: Satellite Data 1
2026-03-19 10:40:36 | INFO | Application Layer  | rx: Satellite Data 1
2026-03-19 10:40:37 | INFO | Application Layer  | rx: Satellite Data 1
2026-03-19 10:40:38 | INFO | Application Layer  | rx: Satellite Data 1
2026-03-19 10:40:40 | INFO | Application Layer  | rx: Satellite Data 1
2026-03-19 10:40:41 | INFO | Application Layer  | rx: Satellite Data 1
2026-03-19 10:40:43 | INFO | Application Layer  | rx: Satellite Data 1
2026-03-19 10:40:44 | INFO | Application Layer  | rx: Satellite Data 1
2026-03-19 10:40:45 | INFO | Application Layer  | rx: Satellite Data 1
2026-03-19 10:40:47 | INFO | Application Layer  | rx: Satellite Data 1
2026-03-19 10:40:49 | INFO | Application Layer  | rx: Satellite Data 1
2026-03-19 10:40:50 | INFO | Application Layer  | rx: Satellite Data 1
2026-03-19 10:40:51 | INFO | Application Layer  | rx: Satellite Data 1
2026-03-19 10:40:52 | INFO | Application Layer  | rx: Satellite Data 1
2026-03-19 10:40:53 | INFO | Application Layer  | rx: Satellite Data 1
2026-03-19 10:40:54 | INFO | Application Layer  | rx: Satellite Data 1
2026-03-19 10:40:56 | INFO | Application Layer  | rx: Satellite Data 1
2026-03-19 10:40:57 | INFO | Application Layer  | rx: Satellite Data 1
2026-03-19 10:40:58 | INFO | Application Layer  | rx: Satellite Data 1
2026-03-19 10:40:59 | INFO | Application Layer  | rx: Satellite Data 1
2026-03-19 10:41:00 | INFO | Application Layer  | rx: Satellite Data 1
2026-03-19 10:41:01 | INFO | Application Layer  | rx: Satellite Data 1
2026-03-19 10:41:02 | INFO | Application Layer  | rx: Satellite Data 1
2026-03-19 10:41:03 | INFO | Application Layer  | rx: Satellite Data 1
2026-03-19 10:41:04 | INFO | Application Layer  | rx: Satellite Data 1
2026-03-19 10:41:05 | INFO | Application Layer  | rx: Satellite Data 1
2026-03-19 10:41:06 | INFO | Application Layer  | rx: Satellite Data 1
2026-03-19 10:41:07 | INFO | Application Layer  | rx: Satellite Data 1
2026-03-19 10:41:08 | INFO | Application Layer  | rx: Satellite Data 1
2026-03-19 10:41:09 | INFO | Application Layer  | rx: Satellite Data 1
2026-03-19 10:41:10 | INFO | Application Layer  | rx: Satellite Data 1
2026-03-19 10:41:11 | INFO | Application Layer  | rx: Satellite Data 1
2026-03-19 10:41:12 | INFO | Application Layer  | rx: Satellite Data 1
2026-03-19 10:41:13 | INFO | Application Layer  | rx: Satellite Data 1
2026-03-19 10:41:15 | INFO | Application Layer  | rx: Satellite Data 1
2026-03-19 10:41:17 | INFO | Application Layer  | rx: Satellite Data 1
2026-03-19 10:41:18 | INFO | Application Layer  | rx: Satellite Data 1
2026-03-19 10:41:19 | INFO | Application Layer  | rx: Satellite Data 1
2026-03-19 10:41:20 | INFO | Application Layer  | rx: Satellite Data 1
2026-03-19 10:41:21 | INFO | Application Layer  | rx: Satellite Data 1
2026-03-19 10:41:22 | INFO | Application Layer  | rx: Satellite Data 1
2026-03-19 10:41:23 | INFO | Application Layer  | rx: Satellite Data 1
2026-03-19 10:41:24 | INFO | Application Layer  | rx: Satellite Data 1
2026-03-19 10:41:25 | INFO | Application Layer  | rx: Satellite Data 1
2026-03-19 10:41:26 | INFO | Application Layer  | rx: Satellite Data 1
2026-03-19 10:41:27 | INFO | Application Layer  | rx: Satellite Data 1
2026-03-19 10:41:28 | INFO | Application Layer  | rx: Satellite Data 1
2026-03-19 10:41:30 | INFO | Application Layer  | rx: Satellite Data 1
2026-03-19 10:41:31 | INFO | Application Layer  | rx: Satellite Data 1
2026-03-19 10:41:32 | INFO | Application Layer  | rx: Satellite Data 1
2026-03-19 10:41:34 | INFO | Application Layer  | rx: Satellite Data 1
2026-03-19 10:41:36 | INFO | Application Layer  | rx: Satellite Data 1
2026-03-19 10:41:39 | INFO | Application Layer  | rx: Satellite Data 1
2026-03-19 10:41:40 | INFO | Application Layer  | rx: Satellite Data 1
2026-03-19 10:41:42 | INFO | Application Layer  | rx: Satellite Data 1
2026-03-19 10:41:43 | INFO | Application Layer  | rx: Satellite Data 1
2026-03-19 10:41:45 | INFO | Application Layer  | rx: Satellite Data 1
2026-03-19 10:41:46 | INFO | Application Layer  | rx: Satellite Data 1
2026-03-19 10:41:48 | INFO | Application Layer  | rx: Satellite Data 1
2026-03-19 10:41:49 | INFO | Application Layer  | rx: Satellite Data 1
2026-03-19 10:41:50 | INFO | Application Layer  | rx: Satellite Data 1
2026-03-19 10:41:51 | INFO | Application Layer  | rx: Satellite Data 1
2026-03-19 10:41:52 | INFO | Application Layer  | rx: Satellite Data 1
2026-03-19 10:41:53 | INFO | Application Layer  | rx: Satellite Data 1
2026-03-19 10:41:54 | INFO | Application Layer  | rx: Satellite Data 1
2026-03-19 10:41:55 | INFO | Application Layer  | rx: Satellite Data 1
2026-03-19 10:41:56 | INFO | Application Layer  | rx: Satellite Data 1
2026-03-19 10:41:57 | INFO | Application Layer  | rx: Satellite Data 1
2026-03-19 10:41:59 | INFO | Application Layer  | rx: Satellite Data 1
2026-03-19 10:42:02 | INFO | Application Layer  | rx: Satellite Data 1
2026-03-19 10:42:03 | INFO | Application Layer  | rx: Satellite Data 1
2026-03-19 10:42:04 | INFO | Application Layer  | rx: Satellite Data 1
2026-03-19 10:42:06 | INFO | Application Layer  | rx: Satellite Data 1
2026-03-19 10:42:07 | INFO | Application Layer  | rx: Satellite Data 1
2026-03-19 10:42:10 | INFO | Application Layer  | rx: Satellite Data 1
2026-03-19 10:42:13 | INFO | Application Layer  | rx: Satellite Data 1
2026-03-19 10:42:14 | INFO | Application Layer  | rx: Satellite Data 1
2026-03-19 10:42:15 | INFO | Application Layer  | rx: Satellite Data 1
2026-03-19 10:42:16 | INFO | Application Layer  | rx: Satellite Data 1
2026-03-19 10:42:17 | INFO | Application Layer  | rx: Satellite Data 1
2026-03-19 10:42:19 | INFO | Application Layer  | rx: Satellite Data 1
2026-03-19 10:42:20 | INFO | Application Layer  | rx: Satellite Data 1
2026-03-19 10:42:22 | INFO | Application Layer  | rx: Satellite Data 1
2026-03-19 10:42:24 | INFO | Application Layer  | rx: Satellite Data 1
2026-03-19 10:42:25 | INFO | Application Layer  | rx: Satellite Data 1
2026-03-19 10:42:28 | INFO | Application Layer  | rx: Satellite Data 1
2026-03-19 10:42:29 | INFO | Application Layer  | rx: Satellite Data 1
2026-03-19 10:42:30 | INFO | Application Layer  | rx: Satellite Data 1
2026-03-19 10:42:31 | INFO | Application Layer  | rx: Satellite Data 1
2026-03-19 10:42:32 | INFO | Application Layer  | rx: Satellite Data 1
2026-03-19 10:42:33 | INFO | Application Layer  | rx: Satellite Data 1
2026-03-19 10:42:35 | INFO | Application Layer  | rx: Satellite Data 1
2026-03-19 10:42:36 | INFO | Application Layer  | rx: Satellite Data 1
2026-03-19 10:42:38 | INFO | Application Layer  | rx: Satellite Data 1
2026-03-19 10:42:42 | INFO | Application Layer  | rx: Satellite Data 1
2026-03-19 10:42:43 | INFO | Application Layer  | rx: Satellite Data 1
2026-03-19 10:42:44 | INFO | Application Layer  | rx: Satellite Data 1
2026-03-19 10:42:45 | INFO | Application Layer  | rx: Satellite Data 1
2026-03-19 10:42:46 | INFO | Application Layer  | rx: Satellite Data 1
2026-03-19 10:42:48 | INFO | Application Layer  | rx: Satellite Data 1
2026-03-19 10:42:50 | INFO | Application Layer  | rx: Satellite Data 1
2026-03-19 10:42:51 | INFO | Application Layer  | rx: Satellite Data 1
2026-03-19 10:42:52 | INFO | Application Layer  | rx: Satellite Data 1
2026-03-19 10:42:58 | INFO | Application Layer  | rx: Satellite Data 1
2026-03-19 10:42:59 | INFO | Application Layer  | rx: Satellite Data 1
2026-03-19 10:43:00 | INFO | Application Layer  | rx: Satellite Data 1
2026-03-19 10:43:01 | INFO | Application Layer  | rx: Satellite Data 1
2026-03-19 10:43:03 | INFO | Application Layer  | rx: Satellite Data 1
2026-03-19 10:43:04 | INFO | Application Layer  | rx: Satellite Data 1
2026-03-19 10:43:05 | INFO | Application Layer  | rx: Satellite Data 1
2026-03-19 10:43:08 | INFO | Application Layer  | rx: Satellite Data 1
2026-03-19 10:43:09 | INFO | Application Layer  | rx: Satellite Data 1
2026-03-19 10:43:10 | INFO | Application Layer  | rx: Satellite Data 1
2026-03-19 10:43:12 | INFO | Application Layer  | rx: Satellite Data 1
2026-03-19 10:43:13 | INFO | Application Layer  | rx: Satellite Data 1
2026-03-19 10:43:17 | INFO | Application Layer  | rx: Satellite Data 1
2026-03-19 10:43:18 | INFO | Application Layer  | rx: Satellite Data 1
2026-03-19 10:43:19 | INFO | Application Layer  | rx: Satellite Data 1
2026-03-19 10:43:23 | INFO | Application Layer  | rx: Satellite Data 1
2026-03-19 10:43:24 | INFO | Application Layer  | rx: Satellite Data 1
2026-03-19 10:43:26 | INFO | Application Layer  | rx: Satellite Data 1
2026-03-19 10:43:27 | INFO | Application Layer  | rx: Satellite Data 1
2026-03-19 10:43:28 | INFO | Application Layer  | rx: Satellite Data 1
2026-03-19 10:43:29 | INFO | Application Layer  | rx: Satellite Data 1
2026-03-19 10:43:31 | INFO | Application Layer  | rx: Satellite Data 1
2026-03-19 10:43:32 | INFO | Application Layer  | rx: Satellite Data 1
2026-03-19 10:43:35 | INFO | Application Layer  | rx: Satellite Data 1
2026-03-19 10:43:36 | INFO | Application Layer  | rx: Satellite Data 1
2026-03-19 10:43:39 | INFO | Application Layer  | rx: Satellite Data 1
2026-03-19 10:43:40 | INFO | Application Layer  | rx: Satellite Data 1
2026-03-19 10:43:41 | INFO | Application Layer  | rx: Satellite Data 1
2026-03-19 10:43:42 | INFO | Application Layer  | rx: Satellite Data 1
2026-03-19 10:43:45 | INFO | Application Layer  | rx: Satellite Data 1
2026-03-19 10:43:46 | INFO | Application Layer  | rx: Satellite Data 1
2026-03-19 10:43:47 | INFO | Application Layer  | rx: Satellite Data 1
2026-03-19 10:43:48 | INFO | Application Layer  | rx: Satellite Data 1
2026-03-19 10:43:49 | INFO | Application Layer  | rx: Satellite Data 1
2026-03-19 10:43:54 | INFO | Application Layer  | rx: Satellite Data 1
2026-03-19 10:43:56 | INFO | Application Layer  | rx: Satellite Data 1
2026-03-19 10:43:57 | INFO | Application Layer  | rx: Satellite Data 1
2026-03-19 10:44:00 | INFO | Application Layer  | rx: Satellite Data 1
2026-03-19 10:44:01 | INFO | Application Layer  | rx: Satellite Data 1
2026-03-19 10:44:02 | INFO | Application Layer  | rx: Satellite Data 1
2026-03-19 10:44:03 | INFO | Application Layer  | rx: Satellite Data 1
2026-03-19 10:44:04 | INFO | Application Layer  | rx: Satellite Data 1
2026-03-19 10:44:05 | INFO | Application Layer  | rx: Satellite Data 1
2026-03-19 10:44:06 | INFO | Application Layer  | rx: Satellite Data 1
2026-03-19 10:44:07 | INFO | Application Layer  | rx: Satellite Data 1
2026-03-19 10:44:08 | INFO | Application Layer  | rx: Satellite Data 1
2026-03-19 10:44:09 | INFO | Application Layer  | rx: Satellite Data 1
2026-03-19 10:44:11 | INFO | Application Layer  | rx: Satellite Data 1
2026-03-19 10:44:12 | INFO | Application Layer  | rx: Satellite Data 1
2026-03-19 10:44:13 | INFO | Application Layer  | rx: Satellite Data 1
2026-03-19 10:44:14 | INFO | Application Layer  | rx: Satellite Data 1
2026-03-19 10:44:15 | INFO | Application Layer  | rx: Satellite Data 1
2026-03-19 10:44:16 | INFO | Application Layer  | rx: Satellite Data 1
2026-03-19 10:44:17 | INFO | Application Layer  | rx: Satellite Data 1
2026-03-19 10:44:18 | INFO | Application Layer  | rx: Satellite Data 1
2026-03-19 10:44:19 | INFO | Application Layer  | rx: Satellite Data 1
2026-03-19 10:44:20 | INFO | Application Layer  | rx: Satellite Data 1
2026-03-19 10:44:22 | INFO | Application Layer  | rx: Satellite Data 1
2026-03-19 10:44:23 | INFO | Application Layer  | rx: Satellite Data 1
2026-03-19 10:44:24 | INFO | Application Layer  | rx: Satellite Data 1
2026-03-19 10:44:26 | INFO | Application Layer  | rx: Satellite Data 1
2026-03-19 10:44:27 | INFO | Application Layer  | rx: Satellite Data 1
2026-03-19 10:44:28 | INFO | Application Layer  | rx: Satellite Data 1
2026-03-19 10:44:30 | INFO | Application Layer  | rx: Satellite Data 1
2026-03-19 10:44:31 | INFO | Application Layer  | rx: Satellite Data 1
2026-03-19 10:44:32 | INFO | Application Layer  | rx: Satellite Data 1
2026-03-19 10:44:33 | INFO | Application Layer  | rx: Satellite Data 1
2026-03-19 10:44:35 | INFO | Application Layer  | rx: Satellite Data 1
2026-03-19 10:44:36 | INFO | Application Layer  | rx: Satellite Data 1
2026-03-19 10:44:38 | INFO | Application Layer  | rx: Satellite Data 1
2026-03-19 10:44:40 | INFO | Application Layer  | rx: Satellite Data 1
2026-03-19 10:44:41 | INFO | Application Layer  | rx: Satellite Data 1
2026-03-19 10:44:42 | INFO | Application Layer  | rx: Satellite Data 1
2026-03-19 10:44:43 | INFO | Application Layer  | rx: Satellite Data 1
2026-03-19 10:44:45 | INFO | Application Layer  | rx: Satellite Data 1
2026-03-19 10:44:46 | INFO | Application Layer  | rx: Satellite Data 1
2026-03-19 10:44:47 | INFO | Application Layer  | rx: Satellite Data 1
2026-03-19 10:44:48 | INFO | Application Layer  | rx: Satellite Data 1
2026-03-19 10:44:49 | INFO | Application Layer  | rx: Satellite Data 1
2026-03-19 10:44:51 | INFO | Application Layer  | rx: Satellite Data 1
2026-03-19 10:44:54 | INFO | Application Layer  | rx: Satellite Data 1
2026-03-19 10:44:56 | INFO | Application Layer  | rx: Satellite Data 1
2026-03-19 10:44:57 | INFO | Application Layer  | rx: Satellite Data 1
2026-03-19 10:44:58 | INFO | Application Layer  | rx: Satellite Data 1
2026-03-19 10:44:59 | INFO | Application Layer  | rx: Satellite Data 1
2026-03-19 10:45:00 | INFO | Application Layer  | rx: Satellite Data 1
2026-03-19 10:45:02 | INFO | Application Layer  | rx: Satellite Data 1
2026-03-19 10:45:05 | INFO | Application Layer  | rx: Satellite Data 1
2026-03-19 10:45:06 | INFO | Application Layer  | rx: Satellite Data 1
2026-03-19 10:45:08 | INFO | Application Layer  | rx: Satellite Data 1
2026-03-19 10:45:10 | INFO | Application Layer  | rx: Satellite Data 1
2026-03-19 10:45:14 | INFO | Application Layer  | rx: Satellite Data 1
2026-03-19 10:45:15 | INFO | Application Layer  | rx: Satellite Data 1
2026-03-19 10:45:16 | INFO | Application Layer  | rx: Satellite Data 1
2026-03-19 10:45:17 | INFO | Application Layer  | rx: Satellite Data 1
2026-03-19 10:45:18 | INFO | Application Layer  | rx: Satellite Data 1
2026-03-19 10:45:19 | INFO | Application Layer  | rx: Satellite Data 1
2026-03-19 10:45:20 | INFO | Application Layer  | rx: Satellite Data 1
2026-03-19 10:45:21 | INFO | Application Layer  | rx: Satellite Data 1
2026-03-19 10:45:22 | INFO | Application Layer  | rx: Satellite Data 1
2026-03-19 10:45:23 | INFO | Application Layer  | rx: Satellite Data 1
2026-03-19 10:45:26 | INFO | Application Layer  | rx: Satellite Data 1
2026-03-19 10:45:27 | INFO | Application Layer  | rx: Satellite Data 1
2026-03-19 10:45:29 | INFO | Application Layer  | rx: Satellite Data 1
2026-03-19 10:45:31 | INFO | Application Layer  | rx: Satellite Data 1
2026-03-19 10:45:32 | INFO | Application Layer  | rx: Satellite Data 1
2026-03-19 10:45:33 | INFO | Application Layer  | rx: Satellite Data 1
2026-03-19 10:45:35 | INFO | Application Layer  | rx: Satellite Data 1
2026-03-19 10:45:38 | INFO | Application Layer  | rx: Satellite Data 1
2026-03-19 10:45:40 | INFO | Application Layer  | rx: Satellite Data 1
2026-03-19 10:45:41 | INFO | Application Layer  | rx: Satellite Data 1
2026-03-19 10:45:43 | INFO | Application Layer  | rx: Satellite Data 1
2026-03-19 10:45:44 | INFO | Application Layer  | rx: Satellite Data 1
2026-03-19 10:45:45 | INFO | Application Layer  | rx: Satellite Data 1
2026-03-19 10:45:46 | INFO | Application Layer  | rx: Satellite Data 1
2026-03-19 10:45:47 | INFO | Application Layer  | rx: Satellite Data 1
2026-03-19 10:45:48 | INFO | Application Layer  | rx: Satellite Data 1
2026-03-19 10:45:49 | INFO | Application Layer  | rx: Satellite Data 1
2026-03-19 10:45:50 | INFO | Application Layer  | rx: Satellite Data 1
2026-03-19 10:45:53 | INFO | Application Layer  | rx: Satellite Data 1
2026-03-19 10:45:54 | INFO | Application Layer  | rx: Satellite Data 1
2026-03-19 10:45:55 | INFO | Application Layer  | rx: Satellite Data 1
2026-03-19 10:45:56 | INFO | Application Layer  | rx: Satellite Data 1
2026-03-19 10:45:57 | INFO | Application Layer  | rx: Satellite Data 1
2026-03-19 10:45:58 | INFO | Application Layer  | rx: Satellite Data 1
2026-03-19 10:45:59 | INFO | Application Layer  | rx: Satellite Data 1
2026-03-19 10:46:00 | INFO | Application Layer  | rx: Satellite Data 1
2026-03-19 10:46:01 | INFO | Application Layer  | rx: Satellite Data 1
2026-03-19 10:46:03 | INFO | Application Layer  | rx: Satellite Data 1
2026-03-19 10:46:06 | INFO | Application Layer  | rx: Satellite Data 1
2026-03-19 10:46:07 | INFO | Application Layer  | rx: Satellite Data 1
2026-03-19 10:46:08 | INFO | Application Layer  | rx: Satellite Data 1
2026-03-19 10:46:09 | INFO | Application Layer  | rx: Satellite Data 1
2026-03-19 10:46:10 | INFO | Application Layer  | rx: Satellite Data 1
2026-03-19 10:46:11 | INFO | Application Layer  | rx: Satellite Data 1
2026-03-19 10:46:12 | INFO | Application Layer  | rx: Satellite Data 1
2026-03-19 10:46:15 | INFO | Application Layer  | rx: Satellite Data 1
2026-03-19 10:46:18 | INFO | Application Layer  | rx: Satellite Data 1
2026-03-19 10:46:19 | INFO | Application Layer  | rx: Satellite Data 1
2026-03-19 10:46:21 | INFO | Application Layer  | rx: Satellite Data 1
2026-03-19 10:46:22 | INFO | Application Layer  | rx: Satellite Data 1
2026-03-19 10:46:23 | INFO | Application Layer  | rx: Satellite Data 1
2026-03-19 10:46:24 | INFO | Application Layer  | rx: Satellite Data 1
2026-03-19 10:46:25 | INFO | Application Layer  | rx: Satellite Data 1
2026-03-19 10:46:26 | INFO | Application Layer  | rx: Satellite Data 1
2026-03-19 10:46:27 | INFO | Application Layer  | rx: Satellite Data 1
2026-03-19 10:46:28 | INFO | Application Layer  | rx: Satellite Data 1
2026-03-19 10:46:29 | INFO | Application Layer  | rx: Satellite Data 1
2026-03-19 10:46:31 | INFO | Application Layer  | rx: Satellite Data 1
2026-03-19 10:46:32 | INFO | Application Layer  | rx: Satellite Data 1
2026-03-19 10:46:33 | INFO | Application Layer  | rx: Satellite Data 1
2026-03-19 10:46:35 | INFO | Application Layer  | rx: Satellite Data 1
2026-03-19 10:46:37 | INFO | Application Layer  | rx: Satellite Data 1
2026-03-19 10:46:40 | INFO | Application Layer  | rx: Satellite Data 1
2026-03-19 10:46:41 | INFO | Application Layer  | rx: Satellite Data 1
2026-03-19 10:46:42 | INFO | Application Layer  | rx: Satellite Data 1
2026-03-19 10:46:43 | INFO | Application Layer  | rx: Satellite Data 1
2026-03-19 10:46:44 | INFO | Application Layer  | rx: Satellite Data 1
2026-03-19 10:46:50 | INFO | Application Layer  | rx: Satellite Data 1
2026-03-19 10:46:52 | INFO | Application Layer  | rx: Satellite Data 1
2026-03-19 10:46:53 | INFO | Application Layer  | rx: Satellite Data 1
2026-03-19 10:46:54 | INFO | Application Layer  | rx: Satellite Data 1
2026-03-19 10:46:55 | INFO | Application Layer  | rx: Satellite Data 1
2026-03-19 10:46:57 | INFO | Application Layer  | rx: Satellite Data 1
2026-03-19 10:46:59 | INFO | Application Layer  | rx: Satellite Data 1
2026-03-19 10:47:00 | INFO | Application Layer  | rx: Satellite Data 1
2026-03-19 10:47:01 | INFO | Application Layer  | rx: Satellite Data 1
2026-03-19 10:47:02 | INFO | Application Layer  | rx: Satellite Data 1
2026-03-19 10:47:03 | INFO | Application Layer  | rx: Satellite Data 1
2026-03-19 10:47:06 | INFO | Application Layer  | rx: Satellite Data 1
2026-03-19 10:47:08 | INFO | Application Layer  | rx: Satellite Data 1
2026-03-19 10:47:12 | INFO | Application Layer  | rx: Satellite Data 1
2026-03-19 10:47:13 | INFO | Application Layer  | rx: Satellite Data 1
2026-03-19 10:47:15 | INFO | Application Layer  | rx: Satellite Data 1
2026-03-19 10:47:16 | INFO | Application Layer  | rx: Satellite Data 1
2026-03-19 10:47:17 | INFO | Application Layer  | rx: Satellite Data 1
2026-03-19 10:47:18 | INFO | Application Layer  | rx: Satellite Data 1
2026-03-19 10:47:19 | INFO | Application Layer  | rx: Satellite Data 1
2026-03-19 10:47:22 | INFO | Application Layer  | rx: Satellite Data 1
2026-03-19 10:47:24 | INFO | Application Layer  | rx: Satellite Data 1
2026-03-19 10:47:25 | INFO | Application Layer  | rx: Satellite Data 1
2026-03-19 10:47:26 | INFO | Application Layer  | rx: Satellite Data 1
2026-03-19 10:47:29 | INFO | Application Layer  | rx: Satellite Data 1
2026-03-19 10:47:31 | INFO | Application Layer  | rx: Satellite Data 1
2026-03-19 10:47:32 | INFO | Application Layer  | rx: Satellite Data 1
2026-03-19 10:47:33 | INFO | Application Layer  | rx: Satellite Data 1
2026-03-19 10:47:34 | INFO | Application Layer  | rx: Satellite Data 1
2026-03-19 10:47:36 | INFO | Application Layer  | rx: Satellite Data 1
2026-03-19 10:47:37 | INFO | Application Layer  | rx: Satellite Data 1
2026-03-19 10:47:39 | INFO | Application Layer  | rx: Satellite Data 1
2026-03-19 10:47:43 | INFO | Application Layer  | rx: Satellite Data 1
2026-03-19 10:47:44 | INFO | Application Layer  | rx: Satellite Data 1
2026-03-19 10:47:45 | INFO | Application Layer  | rx: Satellite Data 1
2026-03-19 10:47:46 | INFO | Application Layer  | rx: Satellite Data 1
2026-03-19 10:47:47 | INFO | Application Layer  | rx: Satellite Data 1
2026-03-19 10:47:49 | INFO | Application Layer  | rx: Satellite Data 1
2026-03-19 10:47:51 | INFO | Application Layer  | rx: Satellite Data 1
2026-03-19 10:47:53 | INFO | Application Layer  | rx: Satellite Data 1
2026-03-19 10:47:54 | INFO | Application Layer  | rx: Satellite Data 1
2026-03-19 10:47:55 | INFO | Application Layer  | rx: Satellite Data 1
2026-03-19 10:47:56 | INFO | Application Layer  | rx: Satellite Data 1
2026-03-19 10:47:57 | INFO | Application Layer  | rx: Satellite Data 1
2026-03-19 10:47:59 | INFO | Application Layer  | rx: Satellite Data 1
2026-03-19 10:48:00 | INFO | Application Layer  | rx: Satellite Data 1
2026-03-19 10:48:04 | INFO | Application Layer  | rx: Satellite Data 1
2026-03-19 10:48:06 | INFO | Application Layer  | rx: Satellite Data 1
2026-03-19 10:48:08 | INFO | Application Layer  | rx: Satellite Data 1
2026-03-19 10:48:09 | INFO | Application Layer  | rx: Satellite Data 1
2026-03-19 10:48:10 | INFO | Application Layer  | rx: Satellite Data 1
2026-03-19 10:48:11 | INFO | Application Layer  | rx: Satellite Data 1
2026-03-19 10:48:12 | INFO | Application Layer  | rx: Satellite Data 1
2026-03-19 10:48:15 | INFO | Application Layer  | rx: Satellite Data 1
2026-03-19 10:48:16 | INFO | Application Layer  | rx: Satellite Data 1
2026-03-19 10:48:17 | INFO | Application Layer  | rx: Satellite Data 1
2026-03-19 10:48:19 | INFO | Application Layer  | rx: Satellite Data 1
2026-03-19 10:48:21 | INFO | Application Layer  | rx: Satellite Data 1
2026-03-19 10:48:22 | INFO | Application Layer  | rx: Satellite Data 1
2026-03-19 10:48:23 | INFO | Application Layer  | rx: Satellite Data 1
2026-03-19 10:48:24 | INFO | Application Layer  | rx: Satellite Data 1
2026-03-19 10:48:25 | INFO | Application Layer  | rx: Satellite Data 1
2026-03-19 10:48:27 | INFO | Application Layer  | rx: Satellite Data 1
2026-03-19 10:48:28 | INFO | Application Layer  | rx: Satellite Data 1
2026-03-19 10:48:30 | INFO | Application Layer  | rx: Satellite Data 1
2026-03-19 10:48:31 | INFO | Application Layer  | rx: Satellite Data 1
2026-03-19 10:48:32 | INFO | Application Layer  | rx: Satellite Data 1
2026-03-19 10:48:35 | INFO | Application Layer  | rx: Satellite Data 1
2026-03-19 10:48:36 | INFO | Application Layer  | rx: Satellite Data 1
2026-03-19 10:48:37 | INFO | Application Layer  | rx: Satellite Data 1
2026-03-19 10:48:38 | INFO | Application Layer  | rx: Satellite Data 1
2026-03-19 10:48:39 | INFO | Application Layer  | rx: Satellite Data 1
2026-03-19 10:48:43 | INFO | Application Layer  | rx: Satellite Data 1
2026-03-19 10:48:44 | INFO | Application Layer  | rx: Satellite Data 1
2026-03-19 10:48:45 | INFO | Application Layer  | rx: Satellite Data 1
2026-03-19 10:48:46 | INFO | Application Layer  | rx: Satellite Data 1
2026-03-19 10:48:47 | INFO | Application Layer  | rx: Satellite Data 1
2026-03-19 10:48:49 | INFO | Application Layer  | rx: Satellite Data 1
2026-03-19 10:48:50 | INFO | Application Layer  | rx: Satellite Data 1
2026-03-19 10:48:51 | INFO | Application Layer  | rx: Satellite Data 1
2026-03-19 10:48:52 | INFO | Application Layer  | rx: Satellite Data 1
2026-03-19 10:48:53 | INFO | Application Layer  | rx: Satellite Data 1
2026-03-19 10:48:54 | INFO | Application Layer  | rx: Satellite Data 1
2026-03-19 10:48:55 | INFO | Application Layer  | rx: Satellite Data 1
2026-03-19 10:48:56 | INFO | Application Layer  | rx: Satellite Data 1
2026-03-19 10:48:57 | INFO | Application Layer  | rx: Satellite Data 1
2026-03-19 10:48:59 | INFO | Application Layer  | rx: Satellite Data 1
2026-03-19 10:49:02 | INFO | Application Layer  | rx: Satellite Data 1
2026-03-19 10:49:05 | INFO | Application Layer  | rx: Satellite Data 1
2026-03-19 10:49:06 | INFO | Application Layer  | rx: Satellite Data 1
2026-03-19 10:49:07 | INFO | Application Layer  | rx: Satellite Data 1
2026-03-19 10:49:08 | INFO | Application Layer  | rx: Satellite Data 1
2026-03-19 10:49:09 | INFO | Application Layer  | rx: Satellite Data 1
2026-03-19 10:49:10 | INFO | Application Layer  | rx: Satellite Data 1
2026-03-19 10:49:11 | INFO | Application Layer  | rx: Satellite Data 1
2026-03-19 10:49:12 | INFO | Application Layer  | rx: Satellite Data 1
2026-03-19 10:49:14 | INFO | Application Layer  | rx: Satellite Data 1
2026-03-19 10:49:16 | INFO | Application Layer  | rx: Satellite Data 1
2026-03-19 10:49:17 | INFO | Application Layer  | rx: Satellite Data 1
2026-03-19 10:49:18 | INFO | Application Layer  | rx: Satellite Data 1
2026-03-19 10:49:20 | INFO | Application Layer  | rx: Satellite Data 1
2026-03-19 10:49:21 | INFO | Application Layer  | rx: Satellite Data 1
2026-03-19 10:49:22 | INFO | Application Layer  | rx: Satellite Data 1
2026-03-19 10:49:23 | INFO | Application Layer  | rx: Satellite Data 1
2026-03-19 10:49:26 | INFO | Application Layer  | rx: Satellite Data 1
2026-03-19 10:49:27 | INFO | Application Layer  | rx: Satellite Data 1
2026-03-19 10:49:28 | INFO | Application Layer  | rx: Satellite Data 1
2026-03-19 10:49:29 | INFO | Application Layer  | rx: Satellite Data 1
2026-03-19 10:49:30 | INFO | Application Layer  | rx: Satellite Data 1
2026-03-19 10:49:32 | INFO | Application Layer  | rx: Satellite Data 1
2026-03-19 10:49:33 | INFO | Application Layer  | rx: Satellite Data 1
2026-03-19 10:49:36 | INFO | Application Layer  | rx: Satellite Data 1
2026-03-19 10:49:37 | INFO | Application Layer  | rx: Satellite Data 1
2026-03-19 10:49:39 | INFO | Application Layer  | rx: Satellite Data 1
2026-03-19 10:49:40 | INFO | Application Layer  | rx: Satellite Data 1
2026-03-19 10:49:43 | INFO | Application Layer  | rx: Satellite Data 1
2026-03-19 10:49:46 | INFO | Application Layer  | rx: Satellite Data 1
2026-03-19 10:49:47 | INFO | Application Layer  | rx: Satellite Data 1
2026-03-19 10:49:50 | INFO | Application Layer  | rx: Satellite Data 1
2026-03-19 10:49:52 | INFO | Application Layer  | rx: Satellite Data 1
2026-03-19 10:49:53 | INFO | Application Layer  | rx: Satellite Data 1
2026-03-19 10:49:54 | INFO | Application Layer  | rx: Satellite Data 1
2026-03-19 10:49:55 | INFO | Application Layer  | rx: Satellite Data 1
2026-03-19 10:49:56 | INFO | Application Layer  | rx: Satellite Data 1
2026-03-19 10:49:57 | INFO | Application Layer  | rx: Satellite Data 1
2026-03-19 10:49:58 | INFO | Application Layer  | rx: Satellite Data 1
2026-03-19 10:49:59 | INFO | Application Layer  | rx: Satellite Data 1
2026-03-19 10:50:00 | INFO | Application Layer  | rx: Satellite Data 1
2026-03-19 10:50:01 | INFO | Application Layer  | rx: Satellite Data 1
2026-03-19 10:50:02 | INFO | Application Layer  | rx: Satellite Data 1
2026-03-19 10:50:03 | INFO | Application Layer  | rx: Satellite Data 1
2026-03-19 10:50:05 | INFO | Application Layer  | rx: Satellite Data 1
2026-03-19 10:50:06 | INFO | Application Layer  | rx: Satellite Data 1
2026-03-19 10:50:07 | INFO | Application Layer  | rx: Satellite Data 1
2026-03-19 10:50:09 | INFO | Application Layer  | rx: Satellite Data 1
2026-03-19 10:50:10 | INFO | Application Layer  | rx: Satellite Data 1
2026-03-19 10:50:11 | INFO | Application Layer  | rx: Satellite Data 1
2026-03-19 10:50:12 | INFO | Application Layer  | rx: Satellite Data 1
2026-03-19 10:50:14 | INFO | Application Layer  | rx: Satellite Data 1
2026-03-19 10:50:15 | INFO | Application Layer  | rx: Satellite Data 1
2026-03-19 10:50:16 | INFO | Application Layer  | rx: Satellite Data 1
2026-03-19 10:50:17 | INFO | Application Layer  | rx: Satellite Data 1
2026-03-19 10:50:18 | INFO | Application Layer  | rx: Satellite Data 1
2026-03-19 10:50:19 | INFO | Application Layer  | rx: Satellite Data 1
2026-03-19 10:50:20 | INFO | Application Layer  | rx: Satellite Data 1
2026-03-19 10:50:21 | INFO | Application Layer  | rx: Satellite Data 1
2026-03-19 10:50:22 | INFO | Application Layer  | rx: Satellite Data 1
2026-03-19 10:50:23 | INFO | Application Layer  | rx: Satellite Data 1
2026-03-19 10:50:24 | INFO | Application Layer  | rx: Satellite Data 1
2026-03-19 10:50:25 | INFO | Application Layer  | rx: Satellite Data 1
2026-03-19 10:50:27 | INFO | Application Layer  | rx: Satellite Data 1
2026-03-19 10:50:28 | INFO | Application Layer  | rx: Satellite Data 1
2026-03-19 10:50:29 | INFO | Application Layer  | rx: Satellite Data 1
2026-03-19 10:50:30 | INFO | Application Layer  | rx: Satellite Data 1
2026-03-19 10:50:31 | INFO | Application Layer  | rx: Satellite Data 1
2026-03-19 10:50:32 | INFO | Application Layer  | rx: Satellite Data 1
2026-03-19 10:50:33 | INFO | Application Layer  | rx: Satellite Data 1
2026-03-19 10:50:34 | INFO | Application Layer  | rx: Satellite Data 1
2026-03-19 10:50:35 | INFO | Application Layer  | rx: Satellite Data 1
2026-03-19 10:50:37 | INFO | Application Layer  | rx: Satellite Data 1
2026-03-19 10:50:38 | INFO | Application Layer  | rx: Satellite Data 1
2026-03-19 10:50:40 | INFO | Application Layer  | rx: Satellite Data 1
2026-03-19 10:50:42 | INFO | Application Layer  | rx: Satellite Data 1
2026-03-19 10:50:43 | INFO | Application Layer  | rx: Satellite Data 1
2026-03-19 10:50:44 | INFO | Application Layer  | rx: Satellite Data 1
2026-03-19 10:50:45 | INFO | Application Layer  | rx: Satellite Data 1
2026-03-19 10:50:46 | INFO | Application Layer  | rx: Satellite Data 1
2026-03-19 10:50:49 | INFO | Application Layer  | rx: Satellite Data 1
2026-03-19 10:50:50 | INFO | Application Layer  | rx: Satellite Data 1
2026-03-19 10:50:51 | INFO | Application Layer  | rx: Satellite Data 1
2026-03-19 10:50:52 | INFO | Application Layer  | rx: Satellite Data 1
2026-03-19 10:50:53 | INFO | Application Layer  | rx: Satellite Data 1
2026-03-19 10:50:55 | INFO | Application Layer  | rx: Satellite Data 1
2026-03-19 10:50:57 | INFO | Application Layer  | rx: Satellite Data 1
2026-03-19 10:50:58 | INFO | Application Layer  | rx: Satellite Data 1
2026-03-19 10:50:59 | INFO | Application Layer  | rx: Satellite Data 1
2026-03-19 10:51:00 | INFO | Application Layer  | rx: Satellite Data 1
2026-03-19 10:51:02 | INFO | Application Layer  | rx: Satellite Data 1
2026-03-19 10:51:03 | INFO | Application Layer  | rx: Satellite Data 1
2026-03-19 10:51:05 | INFO | Application Layer  | rx: Satellite Data 1
2026-03-19 10:51:07 | INFO | Application Layer  | rx: Satellite Data 1
2026-03-19 10:51:08 | INFO | Application Layer  | rx: Satellite Data 1
2026-03-19 10:51:20 | INFO | Application Layer  | rx: Satellite Data 1
2026-03-19 10:51:22 | INFO | Application Layer  | rx: Satellite Data 1
2026-03-19 10:51:23 | INFO | Application Layer  | rx: Satellite Data 1
2026-03-19 10:51:24 | INFO | Application Layer  | rx: Satellite Data 1
2026-03-19 10:51:25 | INFO | Application Layer  | rx: Satellite Data 1
2026-03-19 10:51:26 | INFO | Application Layer  | rx: Satellite Data 1
2026-03-19 10:51:27 | INFO | Application Layer  | rx: Satellite Data 1
2026-03-19 10:51:28 | INFO | Application Layer  | rx: Satellite Data 1
2026-03-19 10:51:29 | INFO | Application Layer  | rx: Satellite Data 1
2026-03-19 10:51:31 | INFO | Application Layer  | rx: Satellite Data 1
2026-03-19 10:51:32 | INFO | Application Layer  | rx: Satellite Data 1
2026-03-19 10:51:33 | INFO | Application Layer  | rx: Satellite Data 1
2026-03-19 10:51:34 | INFO | Application Layer  | rx: Satellite Data 1
2026-03-19 10:51:35 | INFO | Application Layer  | rx: Satellite Data 1
2026-03-19 10:51:37 | INFO | Application Layer  | rx: Satellite Data 1
2026-03-19 10:51:39 | INFO | Application Layer  | rx: Satellite Data 1
2026-03-19 10:51:40 | INFO | Application Layer  | rx: Satellite Data 1
2026-03-19 10:51:41 | INFO | Application Layer  | rx: Satellite Data 1
2026-03-19 10:51:42 | INFO | Application Layer  | rx: Satellite Data 1
2026-03-19 10:51:44 | INFO | Application Layer  | rx: Satellite Data 1
2026-03-19 10:51:46 | INFO | Application Layer  | rx: Satellite Data 1
2026-03-19 10:51:49 | INFO | Application Layer  | rx: Satellite Data 1
2026-03-19 15:16:34 | INFO | Application Layer  | starting state watcher
2026-03-19 15:16:34 | INFO | Application Layer  | New AROS mode: 1
2026-03-19 15:16:42 | INFO | Application Layer  | New AROS mode: 4
2026-03-19 15:17:03 | INFO | Application Layer  | New AROS mode: 1
2026-03-19 15:25:16 | INFO | Application Layer  | starting state watcher
2026-03-19 15:25:16 | INFO | Application Layer  | New AROS mode: 1
2026-03-19 15:25:27 | INFO | Application Layer  | New AROS mode: 4
2026-03-19 15:26:02 | INFO | Application Layer  | New AROS mode: 1
2026-03-19 15:26:28 | INFO | Application Layer  | New AROS mode: 3
2026-03-19 15:28:40 | INFO | Application Layer  | starting state watcher
2026-03-19 15:28:40 | INFO | Application Layer  | New AROS mode: 1
2026-03-19 15:28:50 | INFO | Application Layer  | New AROS mode: 4
2026-03-19 15:29:51 | INFO | Application Layer  | burn 10
2026-03-19 15:32:05 | INFO | Application Layer  | starting state watcher
2026-03-19 15:32:05 | INFO | Application Layer  | New AROS mode: 1
2026-03-19 15:32:13 | INFO | Application Layer  | New AROS mode: 4
2026-03-19 15:33:00 | INFO | Application Layer  | burn 10
2026-03-19 15:33:21 | INFO | Application Layer  | New AROS mode: 1
2026-03-19 19:14:40 | INFO | Application Layer  | starting state watcher
2026-03-19 19:14:40 | INFO | Application Layer  | New AROS mode: 1
2026-03-19 19:15:25 | INFO | Application Layer  | New AROS mode: 4
2026-03-19 19:17:40 | INFO | Application Layer  | New AROS mode: 2
2026-03-19 19:17:46 | INFO | Application Layer  | rx: Satellite Data 1
2026-03-19 19:18:11 | INFO | Application Layer  | rx: Satellite Data 1
2026-03-19 19:18:16 | INFO | Application Layer  | rx: Satellite Data 1
2026-03-19 19:18:25 | INFO | Application Layer  | New AROS mode: 2
2026-03-19 19:19:00 | INFO | Application Layer  | starting state watcher
2026-03-19 19:19:00 | INFO | Application Layer  | New AROS mode: 1
2026-03-19 19:19:12 | INFO | Application Layer  | New AROS mode: 4
2026-03-19 19:20:00 | INFO | Application Layer  | starting state watcher
2026-03-19 19:20:00 | INFO | Application Layer  | New AROS mode: 1
2026-03-19 19:20:20 | INFO | Application Layer  | New AROS mode: 4
2026-03-19 19:28:25 | INFO | Application Layer  | starting state watcher
2026-03-19 19:28:25 | INFO | Application Layer  | New AROS mode: 1
2026-03-19 19:28:40 | INFO | Application Layer  | New AROS mode: 4
2026-03-19 19:34:22 | INFO | Application Layer  | starting state watcher
2026-03-19 19:34:22 | INFO | Application Layer  | New AROS mode: 1
2026-03-19 19:41:53 | INFO | Application Layer  | starting state watcher
2026-03-19 19:41:53 | INFO | Application Layer  | New AROS mode: 1
2026-03-19 19:42:04 | INFO | Application Layer  | New AROS mode: 4
2026-03-19 19:43:47 | INFO | Application Layer  | starting state watcher
2026-03-19 19:43:47 | INFO | Application Layer  | New AROS mode: 1
2026-03-19 19:44:02 | INFO | Application Layer  | New AROS mode: 4
2026-03-19 19:44:52 | INFO | Application Layer  | starting state watcher
2026-03-19 19:44:52 | INFO | Application Layer  | New AROS mode: 1
2026-03-19 19:45:09 | INFO | Application Layer  | New AROS mode: 4
2026-03-19 19:46:51 | INFO | Application Layer  | starting state watcher
2026-03-19 19:46:51 | INFO | Application Layer  | New AROS mode: 1
2026-03-19 19:47:11 | INFO | Application Layer  | New AROS mode: 4
2026-03-19 19:52:40 | INFO | Application Layer  | starting state watcher
2026-03-19 19:52:40 | INFO | Application Layer  | New AROS mode: 1
2026-03-19 19:52:55 | INFO | Application Layer  | New AROS mode: 4
2026-03-19 19:54:45 | INFO | Application Layer  | starting state watcher
2026-03-19 19:54:45 | INFO | Application Layer  | New AROS mode: 1
2026-03-19 19:56:02 | INFO | Application Layer  | starting state watcher
2026-03-19 19:56:02 | INFO | Application Layer  | New AROS mode: 1
2026-03-19 19:56:27 | INFO | Application Layer  | New AROS mode: 4
2026-03-19 20:04:02 | INFO | Application Layer  | starting state watcher
2026-03-19 20:04:02 | INFO | Application Layer  | New AROS mode: 1
2026-03-19 20:04:23 | INFO | Application Layer  | starting state watcher
2026-03-19 20:04:23 | INFO | Application Layer  | New AROS mode: 1
2026-03-19 20:05:10 | INFO | Application Layer  | starting state watcher
2026-03-19 20:05:11 | INFO | Application Layer  | New AROS mode: 1
2026-03-19 20:08:11 | INFO | Application Layer  | New AROS mode: 2
2026-03-19 20:17:37 | INFO | Application Layer  | starting state watcher
2026-03-19 20:17:37 | INFO | Application Layer  | New AROS mode: 1
2026-03-19 20:18:00 | INFO | Application Layer  | starting state watcher
2026-03-19 20:18:00 | INFO | Application Layer  | New AROS mode: 1
2026-03-19 20:21:00 | INFO | Application Layer  | New AROS mode: 2
2026-03-19 20:22:37 | INFO | Application Layer  | starting state watcher
2026-03-19 20:22:37 | INFO | Application Layer  | New AROS mode: 1
2026-03-19 20:23:11 | INFO | Application Layer  | starting state watcher
2026-03-19 20:23:11 | INFO | Application Layer  | New AROS mode: 1
2026-03-19 20:26:31 | INFO | Application Layer  | starting state watcher
2026-03-19 20:26:31 | INFO | Application Layer  | New AROS mode: 1
2026-03-19 20:27:44 | INFO | Application Layer  | starting state watcher
2026-03-19 20:27:44 | INFO | Application Layer  | New AROS mode: 1
2026-03-29 18:18:54 | INFO | Application Layer  | starting state watcher
2026-03-29 18:20:38 | INFO | Application Layer  | starting state watcher
2026-03-29 18:21:04 | INFO | Application Layer  | starting state watcher
2026-03-29 18:22:06 | INFO | Application Layer  | starting state watcher
2026-03-29 18:23:03 | INFO | Application Layer  | starting state watcher
2026-03-29 18:25:06 | INFO | Application Layer  | starting state watcher
2026-03-29 18:27:01 | INFO | Application Layer  | starting state watcher
2026-03-29 18:28:24 | INFO | Application Layer  | starting state watcher
2026-03-29 18:29:15 | INFO | Application Layer  | starting state watcher
2026-03-29 18:30:10 | INFO | Application Layer  | starting state watcher
2026-03-29 18:30:22 | INFO | Application Layer  | New AROS mode: 1
2026-03-29 18:30:58 | INFO | Application Layer  | starting state watcher
2026-03-29 18:31:09 | INFO | Application Layer  | starting state watcher
2026-03-29 18:31:09 | INFO | Application Layer  | New AROS mode: 1
2026-03-29 18:31:20 | INFO | Application Layer  | New AROS mode: 4
2026-03-29 18:31:22 | INFO | Application Layer  | New AROS mode: 2
2026-03-29 18:51:51 | INFO | Application Layer  | starting state watcher
2026-03-29 18:51:51 | INFO | Application Layer  | New AROS mode: 1
2026-03-29 18:52:10 | INFO | Application Layer  | starting state watcher
2026-03-29 18:52:10 | INFO | Application Layer  | New AROS mode: 1
2026-03-29 18:53:18 | INFO | Application Layer  | starting state watcher
2026-03-29 18:53:18 | INFO | Application Layer  | New AROS mode: 1
2026-03-29 18:54:36 | INFO | Application Layer  | starting state watcher
2026-03-29 18:54:36 | INFO | Application Layer  | New AROS mode: 1
2026-03-29 18:56:36 | INFO | Application Layer  | starting state watcher
2026-03-29 18:56:36 | INFO | Application Layer  | New AROS mode: 1
2026-03-29 18:57:28 | INFO | Application Layer  | starting state watcher
2026-03-29 18:57:28 | INFO | Application Layer  | New AROS mode: 1
2026-03-29 18:57:30 | INFO | Application Layer  | starting state watcher
2026-03-29 18:57:30 | INFO | Application Layer  | New AROS mode: 1
2026-03-29 18:58:01 | INFO | Application Layer  | starting state watcher
2026-03-29 18:58:01 | INFO | Application Layer  | New AROS mode: 1
2026-03-29 18:58:25 | INFO | Application Layer  | starting state watcher
2026-03-29 18:58:25 | INFO | Application Layer  | New AROS mode: 1
2026-03-29 19:00:29 | INFO | Application Layer  | starting state watcher
2026-03-29 19:00:29 | INFO | Application Layer  | New AROS mode: 1
2026-03-29 19:01:12 | INFO | Application Layer  | starting state watcher
2026-03-29 19:01:12 | INFO | Application Layer  | New AROS mode: 1
2026-03-29 19:01:28 | INFO | Application Layer  | starting state watcher
2026-03-29 19:01:28 | INFO | Application Layer  | New AROS mode: 1
2026-03-29 19:01:56 | INFO | Application Layer  | starting state watcher
2026-03-29 19:01:56 | INFO | Application Layer  | New AROS mode: 1
2026-03-29 19:02:32 | INFO | Application Layer  | starting state watcher
2026-03-29 19:02:32 | INFO | Application Layer  | New AROS mode: 1
2026-03-29 19:02:58 | INFO | Application Layer  | starting state watcher
2026-03-29 19:02:58 | INFO | Application Layer  | New AROS mode: 1
2026-03-29 19:03:08 | INFO | Application Layer  | starting state watcher
2026-03-29 19:03:08 | INFO | Application Layer  | New AROS mode: 1
2026-03-29 19:03:27 | INFO | Application Layer  | starting state watcher
2026-03-29 19:03:27 | INFO | Application Layer  | New AROS mode: 1
2026-03-29 19:08:34 | INFO | Application Layer  | starting state watcher
2026-03-29 19:08:34 | INFO | Application Layer  | New AROS mode: 1
2026-03-29 19:08:57 | INFO | Application Layer  | starting state watcher
2026-03-29 19:08:57 | INFO | Application Layer  | New AROS mode: 1
2026-03-29 19:09:18 | INFO | Application Layer  | starting state watcher
2026-03-29 19:09:18 | INFO | Application Layer  | New AROS mode: 1
2026-03-29 19:09:35 | INFO | Application Layer  | starting state watcher
2026-03-29 19:09:35 | INFO | Application Layer  | New AROS mode: 1
2026-03-29 19:09:42 | INFO | Application Layer  | starting state watcher
2026-03-29 19:09:42 | INFO | Application Layer  | New AROS mode: 1
2026-03-29 19:10:21 | INFO | Application Layer  | starting state watcher
2026-03-29 19:10:21 | INFO | Application Layer  | New AROS mode: 1
2026-03-29 19:18:33 | INFO | Application Layer  | starting state watcher
2026-03-29 19:18:33 | INFO | Application Layer  | New AROS mode: 1
2026-03-29 19:19:15 | INFO | Application Layer  | starting state watcher
2026-03-29 19:19:15 | INFO | Application Layer  | New AROS mode: 1
2026-03-29 19:19:27 | INFO | Application Layer  | starting state watcher
2026-03-29 19:19:27 | INFO | Application Layer  | New AROS mode: 1
2026-03-29 19:20:35 | INFO | Application Layer  | starting state watcher
2026-03-29 19:20:35 | INFO | Application Layer  | New AROS mode: 1
2026-03-29 19:20:38 | INFO | Application Layer  | New AROS mode: 4
2026-03-29 19:20:40 | INFO | Application Layer  | New AROS mode: 2
2026-03-29 19:21:09 | INFO | Application Layer  | starting state watcher
2026-03-29 19:21:09 | INFO | Application Layer  | New AROS mode: 1
2026-03-29 19:21:12 | INFO | Application Layer  | New AROS mode: 4
2026-03-29 19:21:14 | INFO | Application Layer  | New AROS mode: 2
2026-03-29 19:22:01 | INFO | Application Layer  | rx: Satellite Data 1
2026-03-29 19:22:05 | INFO | Application Layer  | database result:3
2026-03-29 19:22:05 | INFO | Application Layer  | rx: Satellite Data 1
2026-03-29 19:22:44 | INFO | Application Layer  | starting state watcher
2026-03-29 19:22:44 | INFO | Application Layer  | New AROS mode: 1
2026-03-29 19:23:43 | INFO | Application Layer  | starting state watcher
2026-03-29 19:23:43 | INFO | Application Layer  | New AROS mode: 1
2026-03-29 19:24:04 | INFO | Application Layer  | starting state watcher
2026-03-29 19:24:04 | INFO | Application Layer  | New AROS mode: 1
2026-03-29 19:24:48 | INFO | Application Layer  | starting state watcher
2026-03-29 19:24:48 | INFO | Application Layer  | New AROS mode: 1
2026-03-29 19:24:57 | INFO | Application Layer  | New AROS mode: 4
2026-03-29 19:25:07 | INFO | Application Layer  | starting state watcher
2026-03-29 19:25:07 | INFO | Application Layer  | New AROS mode: 1
2026-03-29 19:25:10 | INFO | Application Layer  | New AROS mode: 4
2026-03-29 19:25:19 | INFO | Application Layer  | starting state watcher
2026-03-29 19:25:19 | INFO | Application Layer  | New AROS mode: 1
2026-03-29 19:25:31 | INFO | Application Layer  | New AROS mode: 4
2026-03-29 19:26:01 | INFO | Application Layer  | New AROS mode: 2
2026-03-29 19:34:47 | INFO | Application Layer  | starting state watcher
2026-03-29 19:34:47 | INFO | Application Layer  | New AROS mode: 1
2026-03-29 19:34:52 | INFO | Application Layer  | New AROS mode: 4
2026-03-29 19:35:15 | INFO | Application Layer  | burn 10
2026-03-29 19:35:22 | INFO | Application Layer  | New AROS mode: 2
2026-03-29 19:35:23 | INFO | Application Layer  | rx: Satellite Data 1
2026-03-29 19:35:27 | INFO | Application Layer  | database result:3
2026-03-29 19:35:28 | INFO | Application Layer  | rx: Satellite Data 1
2026-03-29 19:35:32 | INFO | Application Layer  | database result:3
2026-03-29 19:49:04 | INFO | Application Layer  | starting state watcher
2026-03-29 19:49:24 | INFO | Application Layer  | starting state watcher
2026-03-29 19:50:06 | INFO | Application Layer  | starting state watcher
2026-03-29 19:50:06 | INFO | Application Layer  | New AROS mode: 1
2026-03-29 19:50:14 | INFO | Application Layer  | New AROS mode: 4
2026-03-29 19:50:44 | INFO | Application Layer  | New AROS mode: 2
2026-03-29 19:50:48 | INFO | Application Layer  | rx: Satellite Data 1
2026-03-29 19:50:53 | INFO | Application Layer  | database result:3
2026-03-29 19:50:53 | INFO | Application Layer  | rx: Satellite Data 1
2026-03-29 19:50:57 | INFO | Application Layer  | database result:3
2026-03-29 19:50:58 | INFO | Application Layer  | rx: Satellite Data 1
2026-03-29 19:51:02 | INFO | Application Layer  | database result:3
2026-03-29 19:51:03 | INFO | Application Layer  | rx: Satellite Data 1
2026-03-29 19:51:08 | INFO | Application Layer  | database result:3
2026-03-29 19:51:08 | INFO | Application Layer  | rx: Satellite Data 1
2026-03-29 19:51:12 | INFO | Application Layer  | database result:3
2026-03-29 19:52:43 | INFO | Application Layer  | starting state watcher
2026-03-29 19:52:43 | INFO | Application Layer  | New AROS mode: 1
2026-03-29 19:52:47 | INFO | Application Layer  | New AROS mode: 4
2026-03-29 19:52:55 | INFO | Application Layer  | starting state watcher
2026-03-29 19:52:55 | INFO | Application Layer  | New AROS mode: 1
2026-03-29 19:53:01 | INFO | Application Layer  | New AROS mode: 4
2026-03-29 19:53:31 | INFO | Application Layer  | New AROS mode: 2
2026-03-29 19:55:59 | INFO | Application Layer  | starting state watcher
2026-03-29 19:55:59 | INFO | Application Layer  | New AROS mode: 1
2026-03-29 19:56:03 | INFO | Application Layer  | New AROS mode: 4
2026-03-29 19:56:33 | INFO | Application Layer  | New AROS mode: 2
2026-03-29 19:56:39 | INFO | Application Layer  | starting state watcher
2026-03-29 19:56:39 | INFO | Application Layer  | New AROS mode: 1
2026-03-29 19:56:45 | INFO | Application Layer  | New AROS mode: 4
2026-03-29 19:57:15 | INFO | Application Layer  | New AROS mode: 2
2026-03-29 19:57:21 | INFO | Application Layer  | starting state watcher
2026-03-29 19:57:21 | INFO | Application Layer  | New AROS mode: 1
2026-03-29 19:57:24 | INFO | Application Layer  | New AROS mode: 4
2026-03-29 19:57:54 | INFO | Application Layer  | New AROS mode: 2
2026-03-29 19:57:56 | INFO | Application Layer  | rx: Satellite Data 1
2026-03-29 19:58:01 | INFO | Application Layer  | database result:3
2026-03-29 19:58:01 | INFO | Application Layer  | rx: Satellite Data 1
2026-03-29 19:58:05 | INFO | Application Layer  | database result:3
2026-03-29 19:58:07 | INFO | Application Layer  | starting state watcher
2026-03-29 19:58:07 | INFO | Application Layer  | New AROS mode: 1
2026-03-29 19:58:11 | INFO | Application Layer  | New AROS mode: 4
2026-03-29 19:58:24 | INFO | Application Layer  | 
2026-03-29 19:58:41 | INFO | Application Layer  | New AROS mode: 2
2026-03-29 19:58:42 | INFO | Application Layer  | rx: Satellite Data 1
2026-03-29 19:58:46 | INFO | Application Layer  | database result:3
2026-03-29 19:58:46 | INFO | Application Layer  | rx: Satellite Data 1
2026-03-29 19:58:50 | INFO | Application Layer  | database result:3
2026-03-29 20:00:18 | INFO | Application Layer  | starting state watcher
2026-03-29 20:00:18 | INFO | Application Layer  | New AROS mode: 1
2026-03-29 20:00:22 | INFO | Application Layer  | New AROS mode: 4
2026-03-29 20:02:07 | INFO | Application Layer  | starting state watcher
2026-03-29 20:02:07 | INFO | Application Layer  | New AROS mode: 1
2026-03-29 20:02:10 | INFO | Application Layer  | New AROS mode: 4
2026-03-29 20:02:40 | INFO | Application Layer  | New AROS mode: 2
2026-03-29 20:10:24 | INFO | Application Layer  | starting state watcher
2026-03-29 20:10:24 | INFO | Application Layer  | New AROS mode: 1
2026-03-29 20:10:27 | INFO | Application Layer  | New AROS mode: 4
2026-03-29 20:10:51 | INFO | Application Layer  | starting state watcher
2026-03-29 20:10:51 | INFO | Application Layer  | New AROS mode: 1
2026-03-29 20:11:01 | INFO | Application Layer  | New AROS mode: 4
2026-03-29 20:11:02 | INFO | Application Layer  | New AROS mode: 2
2026-03-29 20:11:06 | INFO | Application Layer  | rx: Satellite Data 1
2026-03-29 20:11:11 | INFO | Application Layer  | database result:3
2026-03-29 20:11:11 | INFO | Application Layer  | rx: Satellite Data 1
2026-03-29 20:11:15 | INFO | Application Layer  | database result:3
2026-03-29 20:11:15 | INFO | Application Layer  | rx: Satellite Data 1
2026-03-29 20:11:19 | INFO | Application Layer  | database result:3
2026-03-29 20:11:19 | INFO | Application Layer  | rx: Satellite Data 1
2026-03-29 20:11:23 | INFO | Application Layer  | database result:3
2026-03-29 20:14:17 | INFO | Application Layer  | starting state watcher
2026-03-29 20:14:17 | INFO | Application Layer  | New AROS mode: 1
2026-03-29 20:14:20 | INFO | Application Layer  | New AROS mode: 4
2026-03-29 20:15:15 | INFO | Application Layer  | starting state watcher
2026-03-29 20:15:15 | INFO | Application Layer  | New AROS mode: 1
2026-03-29 20:15:18 | INFO | Application Layer  | New AROS mode: 4
2026-03-29 20:15:48 | INFO | Application Layer  | New AROS mode: 2
2026-03-29 20:19:10 | INFO | Application Layer  | starting state watcher
2026-03-29 20:19:10 | INFO | Application Layer  | New AROS mode: 1
2026-03-29 20:19:13 | INFO | Application Layer  | New AROS mode: 4
2026-03-29 20:19:43 | INFO | Application Layer  | New AROS mode: 2
2026-03-29 20:19:44 | INFO | Application Layer  | rx: Satellite Data 1
2026-03-29 20:19:49 | INFO | Application Layer  | database result:3
2026-03-29 20:19:49 | INFO | Application Layer  | rx: Satellite Data 1
2026-03-29 20:19:53 | INFO | Application Layer  | database result:3
2026-03-29 20:20:13 | INFO | Application Layer  | starting state watcher
2026-03-29 20:20:13 | INFO | Application Layer  | New AROS mode: 1
2026-03-29 20:20:16 | INFO | Application Layer  | New AROS mode: 4
2026-03-29 20:20:46 | INFO | Application Layer  | New AROS mode: 2
2026-03-29 20:20:49 | INFO | Application Layer  | starting state watcher
2026-03-29 20:20:49 | INFO | Application Layer  | New AROS mode: 1
2026-03-29 20:20:53 | INFO | Application Layer  | New AROS mode: 4
2026-03-29 20:20:58 | INFO | Application Layer  | New AROS mode: 1
2026-03-29 20:20:59 | INFO | Application Layer  | New AROS mode: 1
2026-03-29 20:21:00 | INFO | Application Layer  | New AROS mode: 1
2026-03-29 20:21:01 | INFO | Application Layer  | New AROS mode: 1
2026-03-29 20:21:02 | INFO | Application Layer  | New AROS mode: 1
2026-03-29 20:21:23 | INFO | Application Layer  | New AROS mode: 2
2026-03-29 20:21:57 | INFO | Application Layer  | starting state watcher
2026-03-29 20:21:57 | INFO | Application Layer  | New AROS mode: 1
2026-03-29 20:22:00 | INFO | Application Layer  | New AROS mode: 4
2026-03-29 20:22:04 | INFO | Application Layer  | New AROS mode: 2
2026-03-29 20:22:14 | INFO | Application Layer  | starting state watcher
2026-03-29 20:22:14 | INFO | Application Layer  | New AROS mode: 1
2026-03-29 20:22:17 | INFO | Application Layer  | New AROS mode: 4
2026-03-29 20:22:23 | INFO | Application Layer  | New AROS mode: 1
2026-03-29 20:22:24 | INFO | Application Layer  | New AROS mode: 1
2026-03-29 20:22:25 | INFO | Application Layer  | New AROS mode: 1
2026-03-29 20:22:26 | INFO | Application Layer  | New AROS mode: 1
2026-03-29 20:22:27 | INFO | Application Layer  | New AROS mode: 1
2026-03-29 20:22:47 | INFO | Application Layer  | New AROS mode: 2
2026-03-29 20:22:56 | INFO | Application Layer  | rx: Satellite Data 1
2026-03-29 20:23:00 | INFO | Application Layer  | database result:3
2026-03-29 20:23:00 | INFO | Application Layer  | rx: Satellite Data 1
2026-03-29 20:23:04 | INFO | Application Layer  | database result:3
2026-03-29 20:23:04 | INFO | Application Layer  | rx: Satellite Data 1
2026-03-29 20:23:08 | INFO | Application Layer  | database result:3
2026-03-29 20:23:08 | INFO | Application Layer  | rx: Satellite Data 1
2026-03-29 20:23:10 | INFO | Application Layer  | starting state watcher
2026-03-29 20:23:10 | INFO | Application Layer  | New AROS mode: 1
2026-03-29 20:23:13 | INFO | Application Layer  | starting state watcher
2026-03-29 20:23:13 | INFO | Application Layer  | New AROS mode: 1
2026-03-29 20:23:16 | INFO | Application Layer  | starting state watcher
2026-03-29 20:23:16 | INFO | Application Layer  | New AROS mode: 1
2026-03-29 20:23:21 | INFO | Application Layer  | New AROS mode: 4
2026-03-29 20:23:24 | INFO | Application Layer  | New AROS mode: 2
2026-03-29 20:23:29 | INFO | Application Layer  | rx: Satellite Data 1
2026-03-29 20:23:33 | INFO | Application Layer  | database result:3
2026-03-29 20:23:33 | INFO | Application Layer  | rx: Satellite Data 1
2026-03-29 20:23:37 | INFO | Application Layer  | database result:3
2026-03-29 20:23:37 | INFO | Application Layer  | rx: Satellite Data 1
2026-03-29 20:23:47 | INFO | Application Layer  | starting state watcher
2026-03-29 20:23:47 | INFO | Application Layer  | New AROS mode: 1
2026-03-29 20:23:51 | INFO | Application Layer  | New AROS mode: 4
2026-03-29 20:23:54 | INFO | Application Layer  | New AROS mode: 1
2026-03-29 20:23:55 | INFO | Application Layer  | New AROS mode: 1
2026-03-29 20:23:56 | INFO | Application Layer  | New AROS mode: 1
2026-03-29 20:24:40 | INFO | Application Layer  | starting state watcher
2026-03-29 20:24:40 | INFO | Application Layer  | New AROS mode: 1
2026-03-29 20:24:43 | INFO | Application Layer  | New AROS mode: 4
2026-03-29 20:24:47 | INFO | Application Layer  | New AROS mode: 1
2026-03-29 20:24:48 | INFO | Application Layer  | New AROS mode: 1
2026-03-29 20:24:49 | INFO | Application Layer  | New AROS mode: 1
2026-03-29 20:25:06 | INFO | Application Layer  | starting state watcher
2026-03-29 20:25:06 | INFO | Application Layer  | New AROS mode: 1
2026-03-29 20:25:09 | INFO | Application Layer  | New AROS mode: 4
2026-03-29 20:25:13 | INFO | Application Layer  | New AROS mode: 1
2026-03-29 20:25:14 | INFO | Application Layer  | New AROS mode: 1
2026-03-29 20:27:39 | INFO | Application Layer  | starting state watcher
2026-03-29 20:27:39 | INFO | Application Layer  | New AROS mode: 1
2026-03-29 20:27:42 | INFO | Application Layer  | New AROS mode: 4
2026-03-29 20:27:52 | INFO | Application Layer  | New AROS mode: 1
2026-03-29 20:27:53 | INFO | Application Layer  | New AROS mode: 1
2026-03-29 20:27:54 | INFO | Application Layer  | New AROS mode: 1
2026-03-29 20:27:55 | INFO | Application Layer  | New AROS mode: 1
2026-03-29 20:27:56 | INFO | Application Layer  | New AROS mode: 1
2026-03-29 20:28:12 | INFO | Application Layer  | New AROS mode: 2
2026-03-29 20:28:48 | INFO | Application Layer  | starting state watcher
2026-03-29 20:28:48 | INFO | Application Layer  | New AROS mode: 1
2026-03-29 20:29:16 | INFO | Application Layer  | starting state watcher
2026-03-29 20:29:16 | INFO | Application Layer  | New AROS mode: 1
2026-03-29 20:29:21 | INFO | Application Layer  | New AROS mode: 4
2026-03-29 20:29:24 | INFO | Application Layer  | New AROS mode: 1
2026-03-29 20:29:51 | INFO | Application Layer  | New AROS mode: 2
2026-03-29 20:32:29 | INFO | Application Layer  | starting state watcher
2026-03-29 20:32:29 | INFO | Application Layer  | New AROS mode: 1
2026-03-29 20:32:33 | INFO | Application Layer  | New AROS mode: 3
2026-03-29 20:34:40 | INFO | Application Layer  | starting state watcher
2026-03-29 20:34:40 | INFO | Application Layer  | New AROS mode: 1
2026-03-29 20:34:44 | INFO | Application Layer  | New AROS mode: 3
2026-03-29 20:34:44 | INFO | Application Layer  | rx: 
2026-03-29 20:34:48 | INFO | Application Layer  | database result:3
2026-03-29 20:34:48 | INFO | Application Layer  | rx: 
2026-03-29 20:34:52 | INFO | Application Layer  | database result:3
2026-03-29 20:34:52 | INFO | Application Layer  | rx: 
2026-03-29 20:34:56 | INFO | Application Layer  | database result:3
2026-03-29 20:35:14 | INFO | Application Layer  | New AROS mode: 2
2026-03-29 20:35:15 | INFO | Application Layer  | rx: Satellite Data 1
2026-03-29 20:35:19 | INFO | Application Layer  | database result:3
2026-03-29 20:36:13 | INFO | Application Layer  | starting state watcher
2026-03-29 20:36:13 | INFO | Application Layer  | New AROS mode: 1
2026-03-29 20:37:43 | INFO | Application Layer  | starting state watcher
2026-03-29 20:37:43 | INFO | Application Layer  | New AROS mode: 1
2026-03-29 20:37:50 | INFO | Application Layer  | New AROS mode: 3
2026-03-29 20:37:50 | INFO | Application Layer  | rx: 
2026-03-29 20:37:54 | INFO | Application Layer  | database result:3
2026-03-29 20:37:54 | INFO | Application Layer  | rx: 
2026-03-29 20:37:58 | INFO | Application Layer  | database result:3
2026-03-29 20:40:13 | INFO | Application Layer  | starting state watcher
2026-03-29 20:40:13 | INFO | Application Layer  | New AROS mode: 1
2026-03-29 20:40:16 | INFO | Application Layer  | New AROS mode: 4
2026-03-29 20:40:21 | INFO | Application Layer  | New AROS mode: 1
2026-03-29 20:40:28 | INFO | Application Layer  | New AROS mode: 3
2026-03-29 20:40:28 | INFO | Application Layer  | rx: 
2026-03-29 20:40:32 | INFO | Application Layer  | database result:3
2026-03-29 20:40:32 | INFO | Application Layer  | rx: 
2026-03-29 20:40:36 | INFO | Application Layer  | database result:3
2026-03-29 20:42:16 | INFO | Application Layer  | starting state watcher
2026-03-29 20:42:16 | INFO | Application Layer  | New AROS mode: 1
2026-03-29 20:42:22 | INFO | Application Layer  | New AROS mode: 3
2026-03-29 20:42:22 | INFO | Application Layer  | rx: 
2026-03-29 20:42:26 | INFO | Application Layer  | database result:3
2026-03-29 20:42:26 | INFO | Application Layer  | rx: 
2026-03-29 20:42:30 | INFO | Application Layer  | database result:3
2026-03-29 20:42:52 | INFO | Application Layer  | New AROS mode: 2
2026-03-29 20:46:13 | INFO | Application Layer  | starting state watcher
2026-03-29 20:46:13 | INFO | Application Layer  | New AROS mode: 1
2026-03-29 20:46:17 | INFO | Application Layer  | New AROS mode: 3
2026-03-29 20:46:17 | INFO | Application Layer  | rx: 
2026-03-29 20:46:21 | INFO | Application Layer  | database result:3
2026-03-29 20:46:21 | INFO | Application Layer  | rx: 
2026-03-29 20:46:25 | INFO | Application Layer  | database result:3
2026-03-29 20:46:47 | INFO | Application Layer  | New AROS mode: 2
2026-03-29 20:51:57 | INFO | Application Layer  | starting state watcher
2026-03-29 20:51:57 | INFO | Application Layer  | New AROS mode: 1
2026-03-29 20:52:01 | INFO | Application Layer  | New AROS mode: 3
2026-03-29 20:52:01 | INFO | Application Layer  | rx: 
2026-03-29 20:52:05 | INFO | Application Layer  | database result:3
2026-03-29 20:52:05 | INFO | Application Layer  | rx: 
2026-03-29 20:52:09 | INFO | Application Layer  | database result:3
2026-03-29 20:52:35 | INFO | Application Layer  | starting state watcher
2026-03-29 20:52:35 | INFO | Application Layer  | New AROS mode: 1
2026-03-29 20:52:42 | INFO | Application Layer  | New AROS mode: 3
2026-03-29 20:52:42 | INFO | Application Layer  | rx: 
2026-03-29 20:52:46 | INFO | Application Layer  | database result:3
2026-03-29 20:52:46 | INFO | Application Layer  | rx: 
2026-03-29 20:52:50 | INFO | Application Layer  | database result:3
2026-03-29 20:53:12 | INFO | Application Layer  | New AROS mode: 2
2026-03-29 20:57:25 | INFO | Application Layer  | starting state watcher
2026-03-29 20:57:25 | INFO | Application Layer  | New AROS mode: 1
2026-03-29 20:57:29 | INFO | Application Layer  | New AROS mode: 3
2026-03-29 20:57:29 | INFO | Application Layer  | rx: 
2026-03-29 20:57:34 | INFO | Application Layer  | database result:3
2026-03-29 20:57:34 | INFO | Application Layer  | rx: 
2026-03-29 20:57:38 | INFO | Application Layer  | database result:3
2026-03-29 20:57:42 | INFO | Application Layer  | starting state watcher
2026-03-29 20:57:42 | INFO | Application Layer  | New AROS mode: 1
2026-03-29 20:57:48 | INFO | Application Layer  | New AROS mode: 3
2026-03-29 20:57:48 | INFO | Application Layer  | rx: 
2026-03-29 20:57:52 | INFO | Application Layer  | database result:3
2026-03-29 20:57:52 | INFO | Application Layer  | rx: 
2026-03-29 20:57:56 | INFO | Application Layer  | database result:3
2026-03-29 20:58:18 | INFO | Application Layer  | starting state watcher
2026-03-29 20:58:18 | INFO | Application Layer  | New AROS mode: 1
2026-03-29 20:58:21 | INFO | Application Layer  | New AROS mode: 3
2026-03-29 20:58:21 | INFO | Application Layer  | rx: 
2026-03-29 20:58:25 | INFO | Application Layer  | database result:3
2026-03-29 20:58:25 | INFO | Application Layer  | rx: 
2026-03-29 20:58:29 | INFO | Application Layer  | database result:3
2026-03-29 20:59:03 | INFO | Application Layer  | starting state watcher
2026-03-29 20:59:03 | INFO | Application Layer  | New AROS mode: 1
2026-03-29 20:59:06 | INFO | Application Layer  | New AROS mode: 3
2026-03-29 20:59:07 | INFO | Application Layer  | rx: 
2026-03-29 20:59:11 | INFO | Application Layer  | database result:3
2026-03-29 20:59:11 | INFO | Application Layer  | rx: 
2026-03-29 20:59:15 | INFO | Application Layer  | database result:3
2026-03-29 20:59:20 | INFO | Application Layer  | starting state watcher
2026-03-29 20:59:20 | INFO | Application Layer  | New AROS mode: 1
2026-03-29 20:59:23 | INFO | Application Layer  | New AROS mode: 3
2026-03-29 20:59:24 | INFO | Application Layer  | rx: 
2026-03-29 20:59:29 | INFO | Application Layer  | database result:3
2026-03-29 20:59:29 | INFO | Application Layer  | rx: 
2026-03-29 20:59:33 | INFO | Application Layer  | database result:3
2026-03-29 21:05:13 | INFO | Application Layer  | starting state watcher
2026-03-29 21:05:13 | INFO | Application Layer  | New AROS mode: 1
2026-03-29 21:05:19 | INFO | Application Layer  | New AROS mode: 3
2026-03-29 21:05:20 | INFO | Application Layer  | rx: 
2026-03-29 21:05:25 | INFO | Application Layer  | database result:3
2026-03-29 21:07:22 | INFO | Application Layer  | starting state watcher
2026-03-29 21:07:22 | INFO | Application Layer  | New AROS mode: 1
2026-03-29 21:07:28 | INFO | Application Layer  | New AROS mode: 3
2026-03-29 21:07:29 | INFO | Application Layer  | rx: 
2026-03-29 21:07:33 | INFO | Application Layer  | database result:3
2026-03-29 21:07:33 | INFO | Application Layer  | rx: 
2026-03-29 21:07:37 | INFO | Application Layer  | database result:3
2026-03-29 21:10:56 | INFO | Application Layer  | starting state watcher
2026-03-29 21:10:56 | INFO | Application Layer  | New AROS mode: 1
2026-03-29 21:11:02 | INFO | Application Layer  | New AROS mode: 3
2026-03-29 21:11:03 | INFO | Application Layer  | rx: 
2026-03-29 21:11:07 | INFO | Application Layer  | database result:3
2026-03-29 21:11:07 | INFO | Application Layer  | rx: 
2026-03-29 21:11:11 | INFO | Application Layer  | database result:3
2026-03-29 21:11:11 | INFO | Application Layer  | rx: 
2026-03-29 21:11:15 | INFO | Application Layer  | database result:3
2026-03-29 21:14:26 | INFO | Application Layer  | starting state watcher
2026-03-29 21:14:26 | INFO | Application Layer  | New AROS mode: 1
2026-03-29 21:14:29 | INFO | Application Layer  | New AROS mode: 3
2026-03-29 21:14:45 | INFO | Application Layer  | starting state watcher
2026-03-29 21:14:45 | INFO | Application Layer  | New AROS mode: 1
2026-03-29 21:14:51 | INFO | Application Layer  | New AROS mode: 3
2026-03-29 21:15:21 | INFO | Application Layer  | New AROS mode: 2
2026-03-29 21:17:36 | INFO | Application Layer  | starting state watcher
2026-03-29 21:17:36 | INFO | Application Layer  | New AROS mode: 1
2026-03-29 21:17:39 | INFO | Application Layer  | New AROS mode: 3
2026-03-29 21:18:15 | INFO | Application Layer  | starting state watcher
2026-03-29 21:18:15 | INFO | Application Layer  | New AROS mode: 1
2026-03-29 21:18:19 | INFO | Application Layer  | New AROS mode: 3
2026-03-29 21:19:18 | INFO | Application Layer  | starting state watcher
2026-03-29 21:19:18 | INFO | Application Layer  | New AROS mode: 1
2026-03-29 21:19:22 | INFO | Application Layer  | New AROS mode: 3
2026-03-29 21:19:23 | INFO | Application Layer  | rx: Satellite Data 1
2026-03-29 21:19:27 | INFO | Application Layer  | database result:3
2026-03-29 21:19:27 | INFO | Application Layer  | rx: Satellite Data 1
2026-03-29 21:19:31 | INFO | Application Layer  | database result:3
2026-03-29 21:19:31 | INFO | Application Layer  | rx: Satellite Data 1
2026-03-29 21:19:35 | INFO | Application Layer  | database result:3
2026-03-29 21:20:54 | INFO | Application Layer  | starting state watcher
2026-03-29 21:20:54 | INFO | Application Layer  | New AROS mode: 1
2026-03-29 21:20:58 | INFO | Application Layer  | New AROS mode: 3
2026-03-29 21:20:59 | INFO | Application Layer  | rx: Satellite Data 1
2026-03-29 21:21:03 | INFO | Application Layer  | database result:3
2026-03-29 21:21:03 | INFO | Application Layer  | rx: Satellite Data 1
2026-03-29 21:21:07 | INFO | Application Layer  | database result:3
2026-03-29 21:21:17 | INFO | Application Layer  | starting state watcher
2026-03-29 21:21:17 | INFO | Application Layer  | New AROS mode: 1
2026-03-29 21:21:23 | INFO | Application Layer  | New AROS mode: 3
2026-03-29 21:21:23 | INFO | Application Layer  | rx: Satellite Data 1
2026-03-29 21:21:27 | INFO | Application Layer  | database result:3
2026-03-29 21:21:53 | INFO | Application Layer  | New AROS mode: 2
2026-03-29 21:21:54 | INFO | Application Layer  | rx: Satellite Data 1
2026-03-29 21:21:58 | INFO | Application Layer  | database result:3
2026-03-29 21:21:58 | INFO | Application Layer  | rx: Satellite Data 1
2026-03-29 21:22:02 | INFO | Application Layer  | database result:3
2026-03-29 21:34:42 | INFO | Application Layer  | starting state watcher
2026-03-29 21:34:42 | INFO | Application Layer  | New AROS mode: 1
2026-03-29 21:34:50 | INFO | Application Layer  | New AROS mode: 4
2026-03-29 21:35:20 | INFO | Application Layer  | New AROS mode: 2
2026-03-29 21:35:20 | INFO | Application Layer  | New AROS mode: 2
2026-03-29 21:35:37 | INFO | Application Layer  | starting state watcher
2026-03-29 21:35:47 | INFO | Application Layer  | starting state watcher
2026-03-29 21:35:47 | INFO | Application Layer  | New AROS mode: 1
2026-03-29 21:35:50 | INFO | Application Layer  | New AROS mode: 4
2026-03-29 21:36:20 | INFO | Application Layer  | New AROS mode: 2
2026-03-29 21:36:21 | INFO | Application Layer  | rx: Satellite Data 1
2026-03-29 21:36:25 | INFO | Application Layer  | database result:3
2026-03-29 21:36:25 | INFO | Application Layer  | rx: Satellite Data 1
2026-03-29 21:36:30 | INFO | Application Layer  | database result:3
2026-03-29 21:36:30 | INFO | Application Layer  | rx: Satellite Data 1
2026-03-29 21:36:34 | INFO | Application Layer  | database result:3
2026-03-29 21:36:34 | INFO | Application Layer  | rx: Satellite Data 1
2026-03-29 21:36:38 | INFO | Application Layer  | database result:3
