2026-03-19 09:26:49 | INFO | ConnectedDownlink | Entered ConnectedDownlink mode
2026-03-19 09:26:49 | INFO | ConnectedDownlink | ConnectedDownlink entered
2026-03-19 09:26:49 | INFO | ConnectedDownlink | starting activity timer for 180
2026-03-19 09:26:49 | INFO | ConnectedDownlink | Satellite serve_loop started (implicit-ACK mode)
2026-03-19 09:26:49 | INFO | ConnectedDownlink | Entered ConnectedDownlink mode
2026-03-19 09:26:49 | INFO | ConnectedDownlink | ConnectedDownlink entered
2026-03-19 09:26:49 | INFO | ConnectedDownlink | starting activity timer for 180
2026-03-19 09:26:49 | INFO | ConnectedDownlink | retransmit_loop started (implicit-ACK mode)
2026-03-19 09:26:49 | INFO | ConnectedDownlink | Requesting retransmission of [5997, 5998, 5999, 6000, 6001, 6002, 6003, 6004, 6005, 6006, 6007, 6008, 6009, 6010, 6011, 6046, 6047, 6048, 6050, 6051, 6058, 6059, 6062, 6063, 6066, 6067, 6068, 6069, 6074, 6076, 6077, 6079, 6083, 6085, 6086, 6088, 6092, 6098, 6099, 6103, 6110, 6112, 6114, 6116, 6117, 6120, 6122, 6130, 6139, 6146, 6151, 6152, 6162, 6166, 6172, 6173, 6177, 6178, 6186, 6187, 6189, 6192, 6200, 6203, 6204, 6208, 6212, 6215, 6216, 6226, 6231, 6234, 6241, 6243, 6249, 6255, 6259, 6261, 6270, 6273, 6276, 6277, 6281, 6292, 6293, 6298, 6309, 6313, 6315, 6316, 6317, 6320, 6322, 6324, 6327, 6331, 6338, 6344, 6345, 6346, 6347, 6348, 6349, 6350, 6358, 6359, 6364, 6367, 6369, 6374, 6375, 6376, 6381, 6387, 6388, 6393, 6399, 6403, 6408, 6410, 6412, 6420, 6423, 6424, 6425, 6426, 6430, 6432, 6433, 6437, 6441, 6449, 6454, 6457, 6459, 6462, 6463, 6464, 6465, 6466, 6467, 6468, 6472, 6473, 6475, 6477, 6478, 6479, 6482, 6483, 6485, 6495, 6496, 6497, 6498, 6501, 6502, 6506, 6512, 6513, 6514, 6516, 6521, 6523, 6526, 6531, 6532, 6534, 6535, 6540, 6542, 6545, 6549, 6550, 6556, 6559, 6561, 6566, 6569, 6570, 6572, 6575, 6577, 6578, 6581, 6592, 6600, 6601, 6606, 6607, 6617, 6618, 6620, 6624, 6626, 6632, 6634, 6635, 6646, 6655, 6660, 6664, 6666, 6668, 6669, 6675, 6678, 6683, 6686, 6691, 6694, 6695, 6705, 6708, 6711, 6714, 6729, 6735, 6736, 6738, 6742, 6745, 6746, 6747, 6748, 6753, 6754, 6756, 6759, 6761, 6767, 6773, 6775, 6777, 6778, 6787, 6793, 6795, 6797, 6812, 6828, 6829, 6832, 6833, 6834, 6835, 6836, 6840, 6842, 6844, 6854, 6855, 6860, 6862, 6865, 6868, 6871, 6874, 6876, 6877, 6886, 6887, 6888, 6889, 6892, 6895, 6896, 6902, 6906, 6907, 6909, 6916, 6917, 6921, 6925, 6934, 6940, 6941, 6945, 6947, 6950, 6951, 6959, 6962, 6963, 6965, 6967, 6968, 6970, 6974, 6980, 6988, 6991, 6994, 6997, 6998, 7005, 7008, 7010, 7020, 7025, 7027, 7035, 7037, 7039, 7041, 7042, 7053, 7054, 7055, 7056, 7058, 7059, 7064, 7067, 7073, 7077, 7090, 7096, 7100, 7102, 7104, 7106, 7114, 7115, 7116, 7118, 7122, 7126, 7128, 7133, 7136, 7137, 7139, 7141, 7142, 7143, 7147, 7151, 7158, 7159, 7161, 7163, 7164, 7176, 7177, 7178, 7187, 7189, 7197, 7198, 7199, 7204, 7206, 7208, 7209, 7216, 7221, 7225, 7226, 7227, 7228, 7237, 7239, 7241, 7244]
2026-03-19 09:26:49 | INFO | ConnectedDownlink | SENDING RETRANSMISSION REQUEST [5997, 5998, 5999, 6000, 6001, 6002, 6003, 6004, 6005, 6006, 6007, 6008, 6009, 6010, 6011, 6046, 6047, 6048, 6050, 6051, 6058, 6059, 6062, 6063, 6066, 6067, 6068, 6069, 6074, 6076, 6077, 6079, 6083, 6085, 6086, 6088, 6092, 6098, 6099, 6103, 6110, 6112, 6114, 6116, 6117, 6120, 6122, 6130, 6139, 6146, 6151, 6152, 6162, 6166, 6172, 6173, 6177, 6178, 6186, 6187, 6189, 6192, 6200, 6203, 6204, 6208, 6212, 6215, 6216, 6226, 6231, 6234, 6241, 6243, 6249, 6255, 6259, 6261, 6270, 6273, 6276, 6277, 6281, 6292, 6293, 6298, 6309, 6313, 6315, 6316, 6317, 6320, 6322, 6324, 6327, 6331, 6338, 6344, 6345, 6346, 6347, 6348, 6349, 6350, 6358, 6359, 6364, 6367, 6369, 6374, 6375, 6376, 6381, 6387, 6388, 6393, 6399, 6403, 6408, 6410, 6412, 6420, 6423, 6424, 6425, 6426, 6430, 6432, 6433, 6437, 6441, 6449, 6454, 6457, 6459, 6462, 6463, 6464, 6465, 6466, 6467, 6468, 6472, 6473, 6475, 6477, 6478, 6479, 6482, 6483, 6485, 6495, 6496, 6497, 6498, 6501, 6502, 6506, 6512, 6513, 6514, 6516, 6521, 6523, 6526, 6531, 6532, 6534, 6535, 6540, 6542, 6545, 6549, 6550, 6556, 6559, 6561, 6566, 6569, 6570, 6572, 6575, 6577, 6578, 6581, 6592, 6600, 6601, 6606, 6607, 6617, 6618, 6620, 6624, 6626, 6632, 6634, 6635, 6646, 6655, 6660, 6664, 6666, 6668, 6669, 6675, 6678, 6683, 6686, 6691, 6694, 6695, 6705, 6708, 6711, 6714, 6729, 6735, 6736, 6738, 6742, 6745, 6746, 6747, 6748, 6753, 6754, 6756, 6759, 6761, 6767, 6773, 6775, 6777, 6778, 6787, 6793, 6795, 6797, 6812, 6828, 6829, 6832, 6833, 6834, 6835, 6836, 6840, 6842, 6844, 6854, 6855, 6860, 6862, 6865, 6868, 6871, 6874, 6876, 6877, 6886, 6887, 6888, 6889, 6892, 6895, 6896, 6902, 6906, 6907, 6909, 6916, 6917, 6921, 6925, 6934, 6940, 6941, 6945, 6947, 6950, 6951, 6959, 6962, 6963, 6965, 6967, 6968, 6970, 6974, 6980, 6988, 6991, 6994, 6997, 6998, 7005, 7008, 7010, 7020, 7025, 7027, 7035, 7037, 7039, 7041, 7042, 7053, 7054, 7055, 7056, 7058, 7059, 7064, 7067, 7073, 7077, 7090, 7096, 7100, 7102, 7104, 7106, 7114, 7115, 7116, 7118, 7122, 7126, 7128, 7133, 7136, 7137, 7139, 7141, 7142, 7143, 7147, 7151, 7158, 7159, 7161, 7163, 7164, 7176, 7177, 7178, 7187, 7189, 7197, 7198, 7199, 7204, 7206, 7208, 7209, 7216, 7221, 7225, 7226, 7227, 7228, 7237, 7239, 7241, 7244] (attempt 1/5)
2026-03-19 09:26:49 | INFO | ConnectedDownlink | RETRANSMIT_REQUEST received: [5997, 5998, 5999, 6000, 6001, 6002, 6003, 6004, 6005, 6006, 6007, 6008, 6009, 6010, 6011, 6046, 6047, 6048, 6050, 6051, 6058, 6059, 6062, 6063, 6066, 6067, 6068, 6069, 6074, 6076, 6077, 6079, 6083, 6085, 6086, 6088, 6092, 6098, 6099, 6103, 6110, 6112, 6114, 6116, 6117, 6120, 6122, 6130, 6139, 6146, 6151, 6152, 6162, 6166, 6172, 6173, 6177, 6178, 6186, 6187, 6189, 6192, 6200, 6203, 6204, 6208, 6212, 6215, 6216, 6226, 6231, 6234, 6241, 6243, 6249, 6255, 6259, 6261, 6270, 6273, 6276, 6277, 6281, 6292, 6293, 6298, 6309, 6313, 6315, 6316, 6317, 6320, 6322, 6324, 6327, 6331, 6338, 6344, 6345, 6346, 6347, 6348, 6349, 6350, 6358, 6359, 6364, 6367, 6369, 6374, 6375, 6376, 6381, 6387, 6388, 6393, 6399, 6403, 6408, 6410, 6412, 6420, 6423, 6424, 6425, 6426, 6430, 6432, 6433, 6437, 6441, 6449, 6454, 6457, 6459, 6462, 6463, 6464, 6465, 6466, 6467, 6468, 6472, 6473, 6475, 6477, 6478, 6479, 6482, 6483, 6485, 6495, 6496, 6497, 6498, 6501, 6502, 6506, 6512, 6513, 6514, 6516, 6521, 6523, 6526, 6531, 6532, 6534, 6535, 6540, 6542, 6545, 6549, 6550, 6556, 6559, 6561, 6566, 6569, 6570, 6572, 6575, 6577, 6578, 6581, 6592, 6600, 6601, 6606, 6607, 6617, 6618, 6620, 6624, 6626, 6632, 6634, 6635, 6646, 6655, 6660, 6664, 6666, 6668, 6669, 6675, 6678, 6683, 6686, 6691, 6694, 6695, 6705, 6708, 6711, 6714, 6729, 6735, 6736, 6738, 6742, 6745, 6746, 6747, 6748, 6753, 6754, 6756, 6759, 6761, 6767, 6773, 6775, 6777, 6778, 6787, 6793, 6795, 6797, 6812, 6828, 6829, 6832, 6833, 6834, 6835, 6836, 6840, 6842, 6844, 6854, 6855, 6860, 6862, 6865, 6868, 6871, 6874, 6876, 6877, 6886, 6887, 6888, 6889, 6892, 6895, 6896, 6902, 6906, 6907, 6909, 6916, 6917, 6921, 6925, 6934, 6940, 6941, 6945, 6947, 6950, 6951, 6959, 6962, 6963, 6965, 6967, 6968, 6970, 6974, 6980, 6988, 6991, 6994, 6997, 6998, 7005, 7008, 7010, 7020, 7025, 7027, 7035, 7037, 7039, 7041, 7042, 7053, 7054, 7055, 7056, 7058, 7059, 7064, 7067, 7073, 7077, 7090, 7096, 7100, 7102, 7104, 7106, 7114, 7115, 7116, 7118, 7122, 7126, 7128, 7133, 7136, 7137, 7139, 7141, 7142, 7143, 7147, 7151, 7158, 7159, 7161, 7163, 7164, 7176, 7177, 7178, 7187, 7189, 7197, 7198, 7199, 7204, 7206, 7208, 7209, 7216, 7221, 7225, 7226, 7227, 7228, 7237, 7239, 7241, 7244]
2026-03-19 09:26:49 | INFO | ConnectedDownlink | Serving retransmit request: {6146, 6151, 6152, 6162, 6166, 6172, 6173, 6177, 6178, 6186, 6187, 6189, 6192, 6200, 6203, 6204, 6208, 6212, 6215, 6216, 6226, 6231, 6234, 6241, 6243, 6249, 6255, 6259, 6261, 6270, 6273, 6276, 6277, 6281, 6292, 6293, 6298, 6309, 6313, 6315, 6316, 6317, 6320, 6322, 6324, 6327, 6331, 6338, 6344, 6345, 6346, 6347, 6348, 6349, 6350, 6358, 6359, 6364, 6367, 6369, 6374, 6375, 6376, 6381, 6387, 6388, 6393, 6399, 6403, 6408, 6410, 6412, 6420, 6423, 6424, 6425, 6426, 6430, 6432, 6433, 6437, 6441, 6449, 6454, 6457, 6459, 6462, 6463, 6464, 6465, 6466, 6467, 6468, 6472, 6473, 6475, 6477, 6478, 6479, 6482, 6483, 6485, 6495, 6496, 6497, 6498, 6501, 6502, 6506, 6512, 6513, 6514, 6516, 6521, 6523, 6526, 6531, 6532, 6534, 6535, 6540, 6542, 6545, 6549, 6550, 6556, 6559, 6561, 6566, 6569, 6570, 6572, 6575, 6577, 6578, 6581, 6592, 6600, 6601, 6606, 6607, 6617, 6618, 6620, 6624, 6626, 6632, 6634, 6635, 6646, 6655, 6660, 6664, 6666, 6668, 6669, 6675, 6678, 6683, 6686, 6691, 6694, 6695, 6705, 6708, 6711, 6714, 6729, 6735, 6736, 6738, 6742, 6745, 6746, 6747, 6748, 6753, 6754, 6756, 6759, 6761, 6767, 6773, 6775, 6777, 6778, 6787, 6793, 6795, 6797, 6812, 6828, 6829, 6832, 6833, 6834, 6835, 6836, 6840, 6842, 6844, 6854, 6855, 6860, 6862, 6865, 6868, 6871, 6874, 6876, 6877, 6886, 6887, 6888, 6889, 6892, 6895, 6896, 6902, 6906, 6907, 6909, 6916, 6917, 6921, 6925, 6934, 6940, 6941, 6945, 6947, 6950, 6951, 6959, 6962, 6963, 6965, 6967, 6968, 6970, 6974, 6980, 6988, 6991, 6994, 6997, 6998, 7005, 7008, 7010, 7020, 7025, 7027, 7035, 7037, 7039, 7041, 7042, 7053, 7054, 7055, 7056, 7058, 7059, 7064, 7067, 7073, 7077, 7090, 7096, 7100, 7102, 7104, 7106, 7114, 7115, 7116, 7118, 7122, 7126, 7128, 7133, 7136, 7137, 7139, 7141, 7142, 7143, 7147, 7151, 7158, 7159, 7161, 7163, 7164, 7176, 7177, 7178, 7187, 7189, 7197, 7198, 7199, 7204, 7206, 7208, 7209, 7216, 7221, 7225, 7226, 7227, 7228, 7237, 7239, 7241, 7244, 5997, 5998, 5999, 6000, 6001, 6002, 6003, 6004, 6005, 6006, 6007, 6008, 6009, 6010, 6011, 6046, 6047, 6048, 6050, 6051, 6058, 6059, 6062, 6063, 6066, 6067, 6068, 6069, 6074, 6076, 6077, 6079, 6083, 6085, 6086, 6088, 6092, 6098, 6099, 6103, 6110, 6112, 6114, 6116, 6117, 6120, 6122, 6130, 6139}
2026-03-19 09:26:49 | INFO | ConnectedDownlink | Retransmitted packet seq=5997
2026-03-19 09:26:49 | INFO | ConnectedDownlink | Retransmitted packet seq=5998
2026-03-19 09:26:49 | INFO | ConnectedDownlink | Retransmitted packet seq=5999
2026-03-19 09:26:49 | INFO | ConnectedDownlink | Retransmitted packet seq=6000
2026-03-19 09:26:49 | INFO | ConnectedDownlink | Retransmitted packet seq=6001
2026-03-19 09:26:49 | INFO | ConnectedDownlink | Retransmitted packet seq=6002
2026-03-19 09:26:49 | INFO | ConnectedDownlink | Retransmitted packet seq=6003
2026-03-19 09:26:49 | INFO | ConnectedDownlink | Retransmitted packet seq=6004
2026-03-19 09:26:49 | INFO | ConnectedDownlink | Retransmitted packet seq=6005
2026-03-19 09:26:49 | INFO | ConnectedDownlink | Retransmitted packet seq=6006
2026-03-19 09:26:49 | INFO | ConnectedDownlink | Retransmitted packet seq=6007
2026-03-19 09:26:49 | INFO | ConnectedDownlink | Retransmitted packet seq=6008
2026-03-19 09:26:49 | INFO | ConnectedDownlink | Retransmitted packet seq=6009
2026-03-19 09:26:49 | INFO | ConnectedDownlink | Retransmitted packet seq=6010
2026-03-19 09:26:49 | INFO | ConnectedDownlink | Retransmitted packet seq=6011
2026-03-19 09:26:49 | INFO | ConnectedDownlink | Retransmitted packet seq=6046
2026-03-19 09:26:49 | INFO | ConnectedDownlink | Retransmitted packet seq=6047
2026-03-19 09:26:50 | INFO | ConnectedDownlink | Retransmitted packet seq=6048
2026-03-19 09:26:50 | INFO | ConnectedDownlink | Retransmitted packet seq=6050
2026-03-19 09:26:50 | INFO | ConnectedDownlink | Retransmitted packet seq=6051
2026-03-19 09:26:50 | INFO | ConnectedDownlink | Retransmitted packet seq=6058
2026-03-19 09:26:50 | INFO | ConnectedDownlink | Retransmitted packet seq=6059
2026-03-19 09:26:50 | INFO | ConnectedDownlink | Retransmitted packet seq=6062
2026-03-19 09:26:50 | INFO | ConnectedDownlink | Retransmitted packet seq=6063
2026-03-19 09:26:50 | INFO | ConnectedDownlink | Retransmitted packet seq=6066
2026-03-19 09:26:50 | INFO | ConnectedDownlink | Retransmitted packet seq=6067
2026-03-19 09:26:50 | INFO | ConnectedDownlink | Retransmitted packet seq=6068
2026-03-19 09:26:50 | INFO | ConnectedDownlink | Retransmitted packet seq=6069
2026-03-19 09:26:50 | INFO | ConnectedDownlink | Retransmitted packet seq=6074
2026-03-19 09:26:50 | INFO | ConnectedDownlink | Retransmitted packet seq=6076
2026-03-19 09:26:50 | INFO | ConnectedDownlink | Retransmitted packet seq=6077
2026-03-19 09:26:50 | INFO | ConnectedDownlink | Retransmitted packet seq=6079
2026-03-19 09:26:50 | INFO | ConnectedDownlink | Retransmitted packet seq=6083
2026-03-19 09:26:50 | INFO | ConnectedDownlink | Retransmitted packet seq=6085
2026-03-19 09:26:50 | INFO | ConnectedDownlink | Retransmitted packet seq=6086
2026-03-19 09:26:50 | INFO | ConnectedDownlink | Retransmitted packet seq=6088
2026-03-19 09:26:50 | INFO | ConnectedDownlink | Retransmitted packet seq=6092
2026-03-19 09:26:50 | INFO | ConnectedDownlink | Retransmitted packet seq=6098
2026-03-19 09:26:50 | INFO | ConnectedDownlink | Retransmitted packet seq=6099
2026-03-19 09:26:50 | INFO | ConnectedDownlink | Retransmitted packet seq=6103
2026-03-19 09:26:50 | INFO | ConnectedDownlink | Retransmitted packet seq=6110
2026-03-19 09:26:50 | INFO | ConnectedDownlink | Retransmitted packet seq=6112
2026-03-19 09:26:50 | INFO | ConnectedDownlink | Retransmitted packet seq=6114
2026-03-19 09:26:50 | INFO | ConnectedDownlink | Retransmitted packet seq=6116
2026-03-19 09:26:50 | INFO | ConnectedDownlink | Retransmitted packet seq=6117
2026-03-19 09:26:50 | INFO | ConnectedDownlink | Retransmitted packet seq=6120
2026-03-19 09:26:50 | INFO | ConnectedDownlink | Retransmitted packet seq=6122
2026-03-19 09:26:50 | INFO | ConnectedDownlink | Retransmitted packet seq=6130
2026-03-19 09:26:50 | INFO | ConnectedDownlink | Retransmitted packet seq=6139
2026-03-19 09:26:50 | INFO | ConnectedDownlink | Retransmitted packet seq=6146
2026-03-19 09:26:50 | INFO | ConnectedDownlink | Retransmitted packet seq=6151
2026-03-19 09:26:50 | INFO | ConnectedDownlink | Retransmitted packet seq=6152
2026-03-19 09:26:50 | INFO | ConnectedDownlink | Retransmitted packet seq=6162
2026-03-19 09:26:50 | INFO | ConnectedDownlink | Retransmitted packet seq=6166
2026-03-19 09:26:50 | INFO | ConnectedDownlink | Retransmitted packet seq=6172
2026-03-19 09:26:50 | INFO | ConnectedDownlink | Retransmitted packet seq=6173
2026-03-19 09:26:50 | INFO | ConnectedDownlink | Retransmitted packet seq=6177
2026-03-19 09:26:50 | INFO | ConnectedDownlink | Retransmitted packet seq=6178
2026-03-19 09:26:50 | INFO | ConnectedDownlink | Retransmitted packet seq=6186
2026-03-19 09:26:50 | INFO | ConnectedDownlink | Retransmitted packet seq=6187
2026-03-19 09:26:50 | INFO | ConnectedDownlink | Retransmitted packet seq=6189
2026-03-19 09:26:50 | INFO | ConnectedDownlink | Retransmitted packet seq=6192
2026-03-19 09:26:50 | INFO | ConnectedDownlink | Retransmitted packet seq=6200
2026-03-19 09:26:50 | INFO | ConnectedDownlink | Retransmitted packet seq=6203
2026-03-19 09:26:50 | INFO | ConnectedDownlink | Retransmitted packet seq=6204
2026-03-19 09:26:50 | INFO | ConnectedDownlink | Retransmitted packet seq=6208
2026-03-19 09:26:50 | INFO | ConnectedDownlink | Retransmitted packet seq=6212
2026-03-19 09:26:50 | INFO | ConnectedDownlink | Retransmitted packet seq=6215
2026-03-19 09:26:50 | INFO | ConnectedDownlink | Retransmitted packet seq=6216
2026-03-19 09:26:50 | INFO | ConnectedDownlink | Retransmitted packet seq=6226
2026-03-19 09:26:50 | INFO | ConnectedDownlink | Retransmitted packet seq=6231
2026-03-19 09:26:50 | INFO | ConnectedDownlink | Retransmitted packet seq=6234
2026-03-19 09:26:50 | INFO | ConnectedDownlink | Retransmitted packet seq=6241
2026-03-19 09:26:50 | INFO | ConnectedDownlink | Retransmitted packet seq=6243
2026-03-19 09:26:50 | INFO | ConnectedDownlink | Retransmitted packet seq=6249
2026-03-19 09:26:50 | INFO | ConnectedDownlink | Retransmitted packet seq=6255
2026-03-19 09:26:50 | INFO | ConnectedDownlink | Retransmitted packet seq=6259
2026-03-19 09:26:50 | INFO | ConnectedDownlink | Retransmitted packet seq=6261
2026-03-19 09:26:50 | INFO | ConnectedDownlink | Retransmitted packet seq=6270
2026-03-19 09:26:50 | INFO | ConnectedDownlink | Retransmitted packet seq=6273
2026-03-19 09:26:50 | INFO | ConnectedDownlink | Retransmitted packet seq=6276
2026-03-19 09:26:50 | INFO | ConnectedDownlink | Retransmitted packet seq=6277
2026-03-19 09:26:50 | INFO | ConnectedDownlink | Retransmitted packet seq=6281
2026-03-19 09:26:50 | INFO | ConnectedDownlink | Retransmitted packet seq=6292
2026-03-19 09:26:50 | INFO | ConnectedDownlink | Retransmitted packet seq=6293
2026-03-19 09:26:50 | INFO | ConnectedDownlink | Retransmitted packet seq=6298
2026-03-19 09:26:50 | INFO | ConnectedDownlink | Retransmitted packet seq=6309
2026-03-19 09:26:50 | INFO | ConnectedDownlink | Retransmitted packet seq=6313
2026-03-19 09:26:50 | INFO | ConnectedDownlink | Retransmitted packet seq=6315
2026-03-19 09:26:50 | INFO | ConnectedDownlink | Retransmitted packet seq=6316
2026-03-19 09:26:50 | INFO | ConnectedDownlink | Retransmitted packet seq=6317
2026-03-19 09:26:50 | INFO | ConnectedDownlink | Retransmitted packet seq=6320
2026-03-19 09:26:50 | INFO | ConnectedDownlink | Retransmitted packet seq=6322
2026-03-19 09:26:50 | INFO | ConnectedDownlink | Retransmitted packet seq=6324
2026-03-19 09:26:50 | INFO | ConnectedDownlink | Retransmitted packet seq=6327
2026-03-19 09:26:50 | INFO | ConnectedDownlink | Retransmitted packet seq=6331
2026-03-19 09:26:50 | INFO | ConnectedDownlink | Retransmitted packet seq=6338
2026-03-19 09:26:51 | INFO | ConnectedDownlink | Retransmitted packet seq=6344
2026-03-19 09:26:51 | INFO | ConnectedDownlink | Retransmitted packet seq=6345
2026-03-19 09:26:51 | INFO | ConnectedDownlink | Retransmitted packet seq=6346
2026-03-19 09:26:51 | INFO | ConnectedDownlink | Retransmitted packet seq=6347
2026-03-19 09:26:51 | INFO | ConnectedDownlink | Retransmitted packet seq=6348
2026-03-19 09:26:51 | INFO | ConnectedDownlink | Retransmitted packet seq=6349
2026-03-19 09:26:51 | INFO | ConnectedDownlink | Retransmitted packet seq=6350
2026-03-19 09:26:51 | INFO | ConnectedDownlink | Retransmitted packet seq=6358
2026-03-19 09:26:51 | INFO | ConnectedDownlink | Retransmitted packet seq=6359
2026-03-19 09:26:51 | INFO | ConnectedDownlink | Retransmitted packet seq=6364
2026-03-19 09:26:51 | INFO | ConnectedDownlink | Retransmitted packet seq=6367
2026-03-19 09:26:51 | INFO | ConnectedDownlink | Retransmitted packet seq=6369
2026-03-19 09:26:51 | INFO | ConnectedDownlink | Retransmitted packet seq=6374
2026-03-19 09:26:51 | INFO | ConnectedDownlink | Retransmitted packet seq=6375
2026-03-19 09:26:51 | INFO | ConnectedDownlink | Retransmitted packet seq=6376
2026-03-19 09:26:51 | INFO | ConnectedDownlink | Retransmitted packet seq=6381
2026-03-19 09:26:51 | INFO | ConnectedDownlink | Retransmitted packet seq=6387
2026-03-19 09:26:51 | INFO | ConnectedDownlink | Retransmitted packet seq=6388
2026-03-19 09:26:51 | INFO | ConnectedDownlink | Retransmitted packet seq=6393
2026-03-19 09:26:51 | INFO | ConnectedDownlink | Retransmitted packet seq=6399
2026-03-19 09:26:51 | INFO | ConnectedDownlink | Retransmitted packet seq=6403
2026-03-19 09:26:51 | INFO | ConnectedDownlink | Retransmitted packet seq=6408
2026-03-19 09:26:51 | INFO | ConnectedDownlink | Retransmitted packet seq=6410
2026-03-19 09:26:51 | INFO | ConnectedDownlink | Retransmitted packet seq=6412
2026-03-19 09:26:51 | INFO | ConnectedDownlink | Retransmitted packet seq=6420
2026-03-19 09:26:51 | INFO | ConnectedDownlink | Retransmitted packet seq=6423
2026-03-19 09:26:51 | INFO | ConnectedDownlink | Retransmitted packet seq=6424
2026-03-19 09:26:51 | INFO | ConnectedDownlink | Retransmitted packet seq=6425
2026-03-19 09:26:51 | INFO | ConnectedDownlink | Retransmitted packet seq=6426
2026-03-19 09:26:51 | INFO | ConnectedDownlink | Retransmitted packet seq=6430
2026-03-19 09:26:51 | INFO | ConnectedDownlink | Retransmitted packet seq=6432
2026-03-19 09:26:51 | INFO | ConnectedDownlink | Retransmitted packet seq=6433
2026-03-19 09:26:51 | INFO | ConnectedDownlink | Retransmitted packet seq=6437
2026-03-19 09:26:51 | INFO | ConnectedDownlink | Retransmitted packet seq=6441
2026-03-19 09:26:51 | INFO | ConnectedDownlink | Retransmitted packet seq=6449
2026-03-19 09:26:51 | INFO | ConnectedDownlink | Retransmitted packet seq=6454
2026-03-19 09:26:51 | INFO | ConnectedDownlink | Retransmitted packet seq=6457
2026-03-19 09:26:51 | INFO | ConnectedDownlink | Retransmitted packet seq=6459
2026-03-19 09:26:51 | INFO | ConnectedDownlink | Retransmitted packet seq=6462
2026-03-19 09:26:51 | INFO | ConnectedDownlink | Retransmitted packet seq=6463
2026-03-19 09:26:51 | INFO | ConnectedDownlink | Retransmitted packet seq=6464
2026-03-19 09:26:51 | INFO | ConnectedDownlink | Retransmitted packet seq=6465
2026-03-19 09:26:51 | INFO | ConnectedDownlink | Retransmitted packet seq=6466
2026-03-19 09:26:51 | INFO | ConnectedDownlink | Retransmitted packet seq=6467
2026-03-19 09:26:51 | INFO | ConnectedDownlink | Retransmitted packet seq=6468
2026-03-19 09:26:51 | INFO | ConnectedDownlink | Retransmitted packet seq=6472
2026-03-19 09:26:51 | INFO | ConnectedDownlink | Retransmitted packet seq=6473
2026-03-19 09:26:51 | INFO | ConnectedDownlink | Retransmitted packet seq=6475
2026-03-19 09:26:51 | INFO | ConnectedDownlink | Retransmitted packet seq=6477
2026-03-19 09:26:51 | INFO | ConnectedDownlink | Retransmitted packet seq=6478
2026-03-19 09:26:51 | INFO | ConnectedDownlink | Retransmitted packet seq=6479
2026-03-19 09:26:51 | INFO | ConnectedDownlink | Retransmitted packet seq=6482
2026-03-19 09:26:51 | INFO | ConnectedDownlink | Retransmitted packet seq=6483
2026-03-19 09:26:51 | INFO | ConnectedDownlink | Retransmitted packet seq=6485
2026-03-19 09:26:51 | INFO | ConnectedDownlink | Retransmitted packet seq=6495
2026-03-19 09:26:51 | INFO | ConnectedDownlink | Retransmitted packet seq=6496
2026-03-19 09:26:51 | INFO | ConnectedDownlink | Retransmitted packet seq=6497
2026-03-19 09:26:51 | INFO | ConnectedDownlink | Retransmitted packet seq=6498
2026-03-19 09:26:51 | INFO | ConnectedDownlink | Retransmitted packet seq=6501
2026-03-19 09:26:51 | INFO | ConnectedDownlink | Retransmitted packet seq=6502
2026-03-19 09:26:51 | INFO | ConnectedDownlink | Retransmitted packet seq=6506
2026-03-19 09:26:51 | INFO | ConnectedDownlink | Retransmitted packet seq=6512
2026-03-19 09:26:51 | INFO | ConnectedDownlink | Retransmitted packet seq=6513
2026-03-19 09:26:51 | INFO | ConnectedDownlink | Retransmitted packet seq=6514
2026-03-19 09:26:51 | INFO | ConnectedDownlink | Retransmitted packet seq=6516
2026-03-19 09:26:52 | INFO | ConnectedDownlink | Retransmitted packet seq=6521
2026-03-19 09:26:52 | INFO | ConnectedDownlink | Retransmitted packet seq=6523
2026-03-19 09:26:52 | INFO | ConnectedDownlink | Retransmitted packet seq=6526
2026-03-19 09:26:52 | INFO | ConnectedDownlink | Retransmitted packet seq=6531
2026-03-19 09:26:52 | INFO | ConnectedDownlink | Retransmitted packet seq=6532
2026-03-19 09:26:52 | INFO | ConnectedDownlink | Retransmitted packet seq=6534
2026-03-19 09:26:52 | INFO | ConnectedDownlink | Retransmitted packet seq=6535
2026-03-19 09:26:52 | INFO | ConnectedDownlink | Retransmitted packet seq=6540
2026-03-19 09:26:52 | INFO | ConnectedDownlink | Retransmitted packet seq=6542
2026-03-19 09:26:52 | INFO | ConnectedDownlink | Retransmitted packet seq=6545
2026-03-19 09:26:52 | INFO | ConnectedDownlink | Retransmitted packet seq=6549
2026-03-19 09:26:52 | INFO | ConnectedDownlink | Retransmitted packet seq=6550
2026-03-19 09:26:52 | INFO | ConnectedDownlink | Retransmitted packet seq=6556
2026-03-19 09:26:52 | INFO | ConnectedDownlink | Retransmitted packet seq=6559
2026-03-19 09:26:52 | INFO | ConnectedDownlink | Retransmitted packet seq=6561
2026-03-19 09:26:52 | INFO | ConnectedDownlink | Retransmitted packet seq=6566
2026-03-19 09:26:52 | INFO | ConnectedDownlink | Retransmitted packet seq=6569
2026-03-19 09:26:52 | INFO | ConnectedDownlink | Retransmitted packet seq=6570
2026-03-19 09:26:52 | INFO | ConnectedDownlink | Retransmitted packet seq=6572
2026-03-19 09:26:52 | INFO | ConnectedDownlink | Retransmitted packet seq=6575
2026-03-19 09:26:52 | INFO | ConnectedDownlink | Retransmitted packet seq=6577
2026-03-19 09:26:52 | INFO | ConnectedDownlink | Retransmitted packet seq=6578
2026-03-19 09:26:52 | INFO | ConnectedDownlink | Retransmitted packet seq=6581
2026-03-19 09:26:52 | INFO | ConnectedDownlink | Retransmitted packet seq=6592
2026-03-19 09:26:52 | INFO | ConnectedDownlink | Retransmitted packet seq=6600
2026-03-19 09:26:52 | INFO | ConnectedDownlink | Retransmitted packet seq=6601
2026-03-19 09:26:52 | INFO | ConnectedDownlink | Retransmitted packet seq=6606
2026-03-19 09:26:52 | INFO | ConnectedDownlink | Retransmitted packet seq=6607
2026-03-19 09:26:52 | INFO | ConnectedDownlink | Retransmitted packet seq=6617
2026-03-19 09:26:52 | INFO | ConnectedDownlink | Retransmitted packet seq=6618
2026-03-19 09:26:52 | INFO | ConnectedDownlink | Retransmitted packet seq=6620
2026-03-19 09:26:52 | INFO | ConnectedDownlink | Retransmitted packet seq=6624
2026-03-19 09:26:52 | INFO | ConnectedDownlink | Retransmitted packet seq=6626
2026-03-19 09:26:52 | INFO | ConnectedDownlink | Retransmitted packet seq=6632
2026-03-19 09:26:52 | INFO | ConnectedDownlink | Retransmitted packet seq=6634
2026-03-19 09:26:52 | INFO | ConnectedDownlink | Retransmitted packet seq=6635
2026-03-19 09:26:52 | INFO | ConnectedDownlink | Retransmitted packet seq=6646
2026-03-19 09:26:52 | INFO | ConnectedDownlink | Retransmitted packet seq=6655
2026-03-19 09:26:52 | INFO | ConnectedDownlink | Retransmitted packet seq=6660
2026-03-19 09:26:52 | INFO | ConnectedDownlink | Retransmitted packet seq=6664
2026-03-19 09:26:52 | INFO | ConnectedDownlink | Retransmitted packet seq=6666
2026-03-19 09:26:52 | INFO | ConnectedDownlink | Retransmitted packet seq=6668
2026-03-19 09:26:52 | INFO | ConnectedDownlink | Retransmitted packet seq=6669
2026-03-19 09:26:52 | INFO | ConnectedDownlink | Retransmitted packet seq=6675
2026-03-19 09:26:52 | INFO | ConnectedDownlink | Retransmitted packet seq=6678
2026-03-19 09:26:52 | INFO | ConnectedDownlink | Retransmitted packet seq=6683
2026-03-19 09:26:52 | INFO | ConnectedDownlink | Retransmitted packet seq=6686
2026-03-19 09:26:52 | INFO | ConnectedDownlink | Retransmitted packet seq=6691
2026-03-19 09:26:52 | INFO | ConnectedDownlink | Retransmitted packet seq=6694
2026-03-19 09:26:52 | INFO | ConnectedDownlink | Retransmitted packet seq=6695
2026-03-19 09:26:52 | INFO | ConnectedDownlink | Retransmitted packet seq=6705
2026-03-19 09:26:52 | INFO | ConnectedDownlink | Retransmitted packet seq=6708
2026-03-19 09:26:52 | INFO | ConnectedDownlink | Retransmitted packet seq=6711
2026-03-19 09:26:52 | INFO | ConnectedDownlink | Retransmitted packet seq=6714
2026-03-19 09:26:52 | INFO | ConnectedDownlink | Retransmitted packet seq=6729
2026-03-19 09:26:52 | INFO | ConnectedDownlink | Retransmitted packet seq=6735
2026-03-19 09:26:52 | INFO | ConnectedDownlink | Retransmitted packet seq=6736
2026-03-19 09:26:52 | INFO | ConnectedDownlink | Retransmitted packet seq=6738
2026-03-19 09:26:52 | INFO | ConnectedDownlink | Retransmitted packet seq=6742
2026-03-19 09:26:52 | INFO | ConnectedDownlink | Retransmitted packet seq=6745
2026-03-19 09:26:52 | INFO | ConnectedDownlink | Retransmitted packet seq=6746
2026-03-19 09:26:52 | INFO | ConnectedDownlink | Retransmitted packet seq=6747
2026-03-19 09:26:52 | INFO | ConnectedDownlink | Retransmitted packet seq=6748
2026-03-19 09:26:52 | INFO | ConnectedDownlink | Retransmitted packet seq=6753
2026-03-19 09:26:52 | INFO | ConnectedDownlink | Retransmitted packet seq=6754
2026-03-19 09:26:52 | INFO | ConnectedDownlink | Retransmitted packet seq=6756
2026-03-19 09:26:52 | INFO | ConnectedDownlink | Retransmitted packet seq=6759
2026-03-19 09:26:52 | INFO | ConnectedDownlink | Retransmitted packet seq=6761
2026-03-19 09:26:52 | INFO | ConnectedDownlink | Retransmitted packet seq=6767
2026-03-19 09:26:52 | INFO | ConnectedDownlink | Retransmitted packet seq=6773
2026-03-19 09:26:52 | INFO | ConnectedDownlink | Retransmitted packet seq=6775
2026-03-19 09:26:52 | INFO | ConnectedDownlink | Retransmitted packet seq=6777
2026-03-19 09:26:53 | INFO | ConnectedDownlink | Retransmitted packet seq=6778
2026-03-19 09:26:53 | INFO | ConnectedDownlink | Retransmitted packet seq=6787
2026-03-19 09:26:53 | INFO | ConnectedDownlink | Retransmitted packet seq=6793
2026-03-19 09:26:53 | INFO | ConnectedDownlink | Retransmitted packet seq=6795
2026-03-19 09:26:53 | INFO | ConnectedDownlink | Retransmitted packet seq=6797
2026-03-19 09:26:53 | INFO | ConnectedDownlink | Retransmitted packet seq=6812
2026-03-19 09:26:53 | INFO | ConnectedDownlink | Retransmitted packet seq=6828
2026-03-19 09:26:53 | INFO | ConnectedDownlink | Retransmitted packet seq=6829
2026-03-19 09:26:53 | INFO | ConnectedDownlink | Retransmitted packet seq=6832
2026-03-19 09:26:53 | INFO | ConnectedDownlink | Retransmitted packet seq=6833
2026-03-19 09:26:53 | INFO | ConnectedDownlink | Retransmitted packet seq=6834
2026-03-19 09:26:53 | INFO | ConnectedDownlink | Retransmitted packet seq=6835
2026-03-19 09:26:53 | INFO | ConnectedDownlink | Retransmitted packet seq=6836
2026-03-19 09:26:53 | INFO | ConnectedDownlink | Retransmitted packet seq=6840
2026-03-19 09:26:53 | INFO | ConnectedDownlink | Retransmitted packet seq=6842
2026-03-19 09:26:53 | INFO | ConnectedDownlink | Retransmitted packet seq=6844
2026-03-19 09:26:53 | INFO | ConnectedDownlink | Retransmitted packet seq=6854
2026-03-19 09:26:53 | INFO | ConnectedDownlink | Retransmitted packet seq=6855
2026-03-19 09:26:53 | INFO | ConnectedDownlink | Retransmitted packet seq=6860
2026-03-19 09:26:53 | INFO | ConnectedDownlink | Retransmitted packet seq=6862
2026-03-19 09:26:53 | INFO | ConnectedDownlink | Retransmitted packet seq=6865
2026-03-19 09:26:53 | INFO | ConnectedDownlink | Retransmitted packet seq=6868
2026-03-19 09:26:53 | INFO | ConnectedDownlink | Retransmitted packet seq=6871
2026-03-19 09:26:53 | INFO | ConnectedDownlink | Retransmitted packet seq=6874
2026-03-19 09:26:53 | INFO | ConnectedDownlink | Retransmitted packet seq=6876
2026-03-19 09:26:53 | INFO | ConnectedDownlink | Retransmitted packet seq=6877
2026-03-19 09:26:53 | INFO | ConnectedDownlink | Retransmitted packet seq=6886
2026-03-19 09:26:53 | INFO | ConnectedDownlink | Retransmitted packet seq=6887
2026-03-19 09:26:53 | INFO | ConnectedDownlink | Retransmitted packet seq=6888
2026-03-19 09:26:53 | INFO | ConnectedDownlink | Retransmitted packet seq=6889
2026-03-19 09:26:53 | INFO | ConnectedDownlink | Retransmitted packet seq=6892
2026-03-19 09:26:53 | INFO | ConnectedDownlink | Retransmitted packet seq=6895
2026-03-19 09:26:53 | INFO | ConnectedDownlink | Retransmitted packet seq=6896
2026-03-19 09:26:53 | INFO | ConnectedDownlink | Retransmitted packet seq=6902
2026-03-19 09:26:53 | INFO | ConnectedDownlink | Retransmitted packet seq=6906
2026-03-19 09:26:53 | INFO | ConnectedDownlink | Retransmitted packet seq=6907
2026-03-19 09:26:53 | INFO | ConnectedDownlink | Retransmitted packet seq=6909
2026-03-19 09:26:53 | INFO | ConnectedDownlink | Retransmitted packet seq=6916
2026-03-19 09:26:53 | INFO | ConnectedDownlink | Retransmitted packet seq=6917
2026-03-19 09:26:53 | INFO | ConnectedDownlink | Retransmitted packet seq=6921
2026-03-19 09:26:53 | INFO | ConnectedDownlink | Retransmitted packet seq=6925
2026-03-19 09:26:53 | INFO | ConnectedDownlink | Retransmitted packet seq=6934
2026-03-19 09:26:53 | INFO | ConnectedDownlink | Retransmitted packet seq=6940
2026-03-19 09:26:53 | INFO | ConnectedDownlink | Retransmitted packet seq=6941
2026-03-19 09:26:53 | INFO | ConnectedDownlink | Retransmitted packet seq=6945
2026-03-19 09:26:53 | INFO | ConnectedDownlink | Retransmitted packet seq=6947
2026-03-19 09:26:53 | INFO | ConnectedDownlink | Retransmitted packet seq=6950
2026-03-19 09:26:53 | INFO | ConnectedDownlink | Retransmitted packet seq=6951
2026-03-19 09:26:53 | INFO | ConnectedDownlink | Retransmitted packet seq=6959
2026-03-19 09:26:53 | INFO | ConnectedDownlink | Retransmitted packet seq=6962
2026-03-19 09:26:53 | INFO | ConnectedDownlink | Retransmitted packet seq=6963
2026-03-19 09:26:53 | INFO | ConnectedDownlink | Retransmitted packet seq=6965
2026-03-19 09:26:53 | INFO | ConnectedDownlink | Retransmitted packet seq=6967
2026-03-19 09:26:53 | INFO | ConnectedDownlink | Retransmitted packet seq=6968
2026-03-19 09:26:53 | INFO | ConnectedDownlink | Retransmitted packet seq=6970
2026-03-19 09:26:53 | INFO | ConnectedDownlink | Retransmitted packet seq=6974
2026-03-19 09:26:53 | INFO | ConnectedDownlink | Retransmitted packet seq=6980
2026-03-19 09:26:53 | INFO | ConnectedDownlink | Retransmitted packet seq=6988
2026-03-19 09:26:53 | INFO | ConnectedDownlink | Retransmitted packet seq=6991
2026-03-19 09:26:53 | INFO | ConnectedDownlink | Retransmitted packet seq=6994
2026-03-19 09:26:53 | INFO | ConnectedDownlink | Retransmitted packet seq=6997
2026-03-19 09:26:53 | INFO | ConnectedDownlink | Retransmitted packet seq=6998
2026-03-19 09:26:53 | INFO | ConnectedDownlink | Retransmitted packet seq=7005
2026-03-19 09:26:53 | INFO | ConnectedDownlink | Retransmitted packet seq=7008
2026-03-19 09:26:54 | INFO | ConnectedDownlink | Retransmitted packet seq=7010
2026-03-19 09:26:54 | INFO | ConnectedDownlink | Retransmitted packet seq=7020
2026-03-19 09:26:54 | INFO | ConnectedDownlink | Retransmitted packet seq=7025
2026-03-19 09:26:54 | INFO | ConnectedDownlink | Retransmitted packet seq=7027
2026-03-19 09:26:54 | INFO | ConnectedDownlink | Retransmitted packet seq=7035
2026-03-19 09:26:54 | INFO | ConnectedDownlink | Retransmitted packet seq=7037
2026-03-19 09:26:54 | INFO | ConnectedDownlink | Retransmitted packet seq=7039
2026-03-19 09:26:54 | INFO | ConnectedDownlink | Retransmitted packet seq=7041
2026-03-19 09:26:54 | INFO | ConnectedDownlink | Retransmitted packet seq=7042
2026-03-19 09:26:54 | INFO | ConnectedDownlink | Retransmitted packet seq=7053
2026-03-19 09:26:54 | INFO | ConnectedDownlink | Retransmitted packet seq=7054
2026-03-19 09:26:54 | INFO | ConnectedDownlink | Retransmitted packet seq=7055
2026-03-19 09:26:54 | INFO | ConnectedDownlink | Retransmitted packet seq=7056
2026-03-19 09:26:54 | INFO | ConnectedDownlink | Retransmitted packet seq=7058
2026-03-19 09:26:54 | INFO | ConnectedDownlink | Retransmitted packet seq=7059
2026-03-19 09:26:54 | INFO | ConnectedDownlink | Retransmitted packet seq=7064
2026-03-19 09:26:54 | INFO | ConnectedDownlink | Retransmitted packet seq=7067
2026-03-19 09:26:54 | INFO | ConnectedDownlink | Retransmitted packet seq=7073
2026-03-19 09:26:54 | INFO | ConnectedDownlink | Retransmitted packet seq=7077
2026-03-19 09:26:54 | INFO | ConnectedDownlink | Retransmitted packet seq=7090
2026-03-19 09:26:54 | INFO | ConnectedDownlink | Retransmitted packet seq=7096
2026-03-19 09:26:54 | INFO | ConnectedDownlink | Retransmitted packet seq=7100
2026-03-19 09:26:54 | INFO | ConnectedDownlink | Retransmitted packet seq=7102
2026-03-19 09:26:54 | INFO | ConnectedDownlink | Retransmitted packet seq=7104
2026-03-19 09:26:54 | INFO | ConnectedDownlink | Retransmitted packet seq=7106
2026-03-19 09:26:54 | INFO | ConnectedDownlink | Retransmitted packet seq=7114
2026-03-19 09:26:54 | INFO | ConnectedDownlink | Retransmitted packet seq=7115
2026-03-19 09:26:54 | INFO | ConnectedDownlink | Retransmitted packet seq=7116
2026-03-19 09:26:54 | INFO | ConnectedDownlink | Retransmitted packet seq=7118
2026-03-19 09:26:54 | INFO | ConnectedDownlink | Retransmitted packet seq=7122
2026-03-19 09:26:54 | INFO | ConnectedDownlink | Retransmitted packet seq=7126
2026-03-19 09:26:54 | INFO | ConnectedDownlink | Retransmitted packet seq=7128
2026-03-19 09:26:54 | INFO | ConnectedDownlink | Retransmitted packet seq=7133
2026-03-19 09:26:54 | INFO | ConnectedDownlink | Retransmitted packet seq=7136
2026-03-19 09:26:54 | INFO | ConnectedDownlink | Retransmitted packet seq=7137
2026-03-19 09:26:54 | INFO | ConnectedDownlink | Retransmitted packet seq=7139
2026-03-19 09:26:54 | INFO | ConnectedDownlink | Retransmitted packet seq=7141
2026-03-19 09:26:54 | INFO | ConnectedDownlink | Retransmitted packet seq=7142
2026-03-19 09:26:54 | INFO | ConnectedDownlink | Retransmitted packet seq=7143
2026-03-19 09:26:54 | INFO | ConnectedDownlink | Retransmitted packet seq=7147
2026-03-19 09:26:54 | INFO | ConnectedDownlink | Retransmitted packet seq=7151
2026-03-19 09:26:54 | INFO | ConnectedDownlink | Retransmitted packet seq=7158
2026-03-19 09:26:54 | INFO | ConnectedDownlink | Retransmitted packet seq=7159
2026-03-19 09:26:54 | INFO | ConnectedDownlink | Retransmitted packet seq=7161
2026-03-19 09:26:54 | INFO | ConnectedDownlink | Retransmitted packet seq=7163
2026-03-19 09:26:54 | INFO | ConnectedDownlink | Retransmitted packet seq=7164
2026-03-19 09:26:54 | INFO | ConnectedDownlink | Retransmitted packet seq=7176
2026-03-19 09:26:54 | INFO | ConnectedDownlink | Retransmitted packet seq=7177
2026-03-19 09:26:54 | INFO | ConnectedDownlink | Retransmitted packet seq=7178
2026-03-19 09:26:54 | INFO | ConnectedDownlink | Retransmitted packet seq=7187
2026-03-19 09:26:54 | INFO | ConnectedDownlink | Retransmitted packet seq=7189
2026-03-19 09:26:54 | INFO | ConnectedDownlink | Retransmitted packet seq=7197
2026-03-19 09:26:54 | INFO | ConnectedDownlink | Retransmitted packet seq=7198
2026-03-19 09:26:54 | INFO | ConnectedDownlink | Retransmitted packet seq=7199
2026-03-19 09:26:54 | INFO | ConnectedDownlink | Retransmitted packet seq=7204
2026-03-19 09:26:54 | INFO | ConnectedDownlink | Retransmitted packet seq=7206
2026-03-19 09:26:54 | INFO | ConnectedDownlink | Retransmitted packet seq=7208
2026-03-19 09:26:54 | INFO | ConnectedDownlink | Retransmitted packet seq=7209
2026-03-19 09:26:54 | INFO | ConnectedDownlink | Retransmitted packet seq=7216
2026-03-19 09:26:54 | INFO | ConnectedDownlink | Retransmitted packet seq=7221
2026-03-19 09:26:54 | INFO | ConnectedDownlink | Retransmitted packet seq=7225
2026-03-19 09:26:54 | INFO | ConnectedDownlink | Retransmitted packet seq=7226
2026-03-19 09:26:54 | INFO | ConnectedDownlink | Retransmitted packet seq=7227
2026-03-19 09:26:54 | INFO | ConnectedDownlink | Retransmitted packet seq=7228
2026-03-19 09:26:54 | INFO | ConnectedDownlink | Retransmitted packet seq=7237
2026-03-19 09:26:55 | INFO | ConnectedDownlink | Retransmitted packet seq=7239
2026-03-19 09:26:55 | INFO | ConnectedDownlink | Retransmitted packet seq=7241
2026-03-19 09:26:55 | INFO | ConnectedDownlink | Retransmitted packet seq=7244
2026-03-19 09:27:00 | INFO | ConnectedDownlink | Satellite serve_loop cancelled
2026-03-19 09:30:13 | INFO | ConnectedDownlink | Entered ConnectedDownlink mode
2026-03-19 09:30:13 | INFO | ConnectedDownlink | ConnectedDownlink entered
2026-03-19 09:30:13 | INFO | ConnectedDownlink | starting activity timer for 180
2026-03-19 09:30:13 | INFO | ConnectedDownlink | Satellite serve_loop started (implicit-ACK mode)
2026-03-19 09:30:13 | INFO | ConnectedDownlink | Entered ConnectedDownlink mode
2026-03-19 09:30:13 | INFO | ConnectedDownlink | ConnectedDownlink entered
2026-03-19 09:30:13 | INFO | ConnectedDownlink | starting activity timer for 180
2026-03-19 09:30:13 | INFO | ConnectedDownlink | retransmit_loop started (implicit-ACK mode)
2026-03-19 09:30:13 | INFO | ConnectedDownlink | Requesting retransmission of [5998, 5999, 6000, 6001, 6002, 6003, 6004, 6005, 6006, 6007, 6008, 6009, 6010, 6011, 6046, 6047, 6048, 6050, 6051, 6058, 6059, 6062, 6063, 6066, 6067, 6068, 6069, 6074, 6076, 6077, 6079, 6083, 6085, 6086, 6088, 6092, 6098, 6099, 6103, 6110, 6112, 6114, 6116, 6117, 6120, 6122, 6130, 6139, 6146, 6151, 6152, 6162, 6166, 6172, 6173, 6177, 6178, 6186, 6187, 6189, 6192, 6200, 6203, 6204, 6208, 6212, 6215, 6216, 6226, 6231, 6234, 6241, 6243, 6249, 6255, 6259, 6261, 6270, 6273, 6276, 6277, 6281, 6292, 6293, 6298, 6309, 6313, 6315, 6316, 6317, 6320, 6322, 6324, 6327, 6331, 6338, 6344, 6345, 6346, 6347, 6348, 6349, 6350, 6358, 6359, 6364, 6367, 6369, 6374, 6375, 6376, 6381, 6387, 6388, 6393, 6399, 6403, 6408, 6410, 6412, 6420, 6423, 6424, 6425, 6426, 6430, 6432, 6433, 6437, 6441, 6449, 6454, 6457, 6459, 6462, 6463, 6464, 6465, 6466, 6467, 6468, 6472, 6473, 6475, 6477, 6478, 6479, 6482, 6483, 6485, 6495, 6496, 6497, 6498, 6501, 6502, 6506, 6512, 6513, 6514, 6516, 6521, 6523, 6526, 6531, 6532, 6534, 6535, 6540, 6542, 6545, 6549, 6550, 6556, 6559, 6561, 6566, 6569, 6570, 6572, 6575, 6577, 6578, 6581, 6592, 6600, 6601, 6606, 6607, 6617, 6618, 6620, 6624, 6626, 6632, 6634, 6635, 6646, 6655, 6660, 6664, 6666, 6668, 6669, 6675, 6678, 6683, 6686, 6691, 6694, 6695, 6705, 6708, 6711, 6714, 6729, 6735, 6736, 6738, 6742, 6745, 6746, 6747, 6748, 6753, 6754, 6756, 6759, 6761, 6767, 6773, 6775, 6777, 6778, 6787, 6793, 6795, 6797, 6812, 6828, 6829, 6832, 6833, 6834, 6835, 6836, 6840, 6842, 6844, 6854, 6855, 6860, 6862, 6865, 6868, 6871, 6874, 6876, 6877, 6886, 6887, 6888, 6889, 6892, 6895, 6896, 6902, 6906, 6907, 6909, 6916, 6917, 6921, 6925, 6934, 6940, 6941, 6945, 6947, 6950, 6951, 6959, 6962, 6963, 6965, 6967, 6968, 6970, 6974, 6980, 6988, 6991, 6994, 6997, 6998, 7005, 7008, 7010, 7020, 7025, 7027, 7035, 7037, 7039, 7041, 7042, 7053, 7054, 7055, 7056, 7058, 7059, 7064, 7067, 7073, 7077, 7090, 7096, 7100, 7102, 7104, 7106, 7114, 7115, 7116, 7118, 7122, 7126, 7128, 7133, 7136, 7137, 7139, 7141, 7142, 7143, 7147, 7151, 7158, 7159, 7161, 7163, 7164, 7176, 7177, 7178, 7187, 7189, 7197, 7198, 7199, 7204, 7206, 7208, 7209, 7216, 7221, 7225, 7226, 7227, 7228, 7237, 7239, 7241, 7244]
2026-03-19 09:30:13 | INFO | ConnectedDownlink | SENDING RETRANSMISSION REQUEST [5998, 5999, 6000, 6001, 6002, 6003, 6004, 6005, 6006, 6007, 6008, 6009, 6010, 6011, 6046, 6047, 6048, 6050, 6051, 6058, 6059, 6062, 6063, 6066, 6067, 6068, 6069, 6074, 6076, 6077, 6079, 6083, 6085, 6086, 6088, 6092, 6098, 6099, 6103, 6110, 6112, 6114, 6116, 6117, 6120, 6122, 6130, 6139, 6146, 6151, 6152, 6162, 6166, 6172, 6173, 6177, 6178, 6186, 6187, 6189, 6192, 6200, 6203, 6204, 6208, 6212, 6215, 6216, 6226, 6231, 6234, 6241, 6243, 6249, 6255, 6259, 6261, 6270, 6273, 6276, 6277, 6281, 6292, 6293, 6298, 6309, 6313, 6315, 6316, 6317, 6320, 6322, 6324, 6327, 6331, 6338, 6344, 6345, 6346, 6347, 6348, 6349, 6350, 6358, 6359, 6364, 6367, 6369, 6374, 6375, 6376, 6381, 6387, 6388, 6393, 6399, 6403, 6408, 6410, 6412, 6420, 6423, 6424, 6425, 6426, 6430, 6432, 6433, 6437, 6441, 6449, 6454, 6457, 6459, 6462, 6463, 6464, 6465, 6466, 6467, 6468, 6472, 6473, 6475, 6477, 6478, 6479, 6482, 6483, 6485, 6495, 6496, 6497, 6498, 6501, 6502, 6506, 6512, 6513, 6514, 6516, 6521, 6523, 6526, 6531, 6532, 6534, 6535, 6540, 6542, 6545, 6549, 6550, 6556, 6559, 6561, 6566, 6569, 6570, 6572, 6575, 6577, 6578, 6581, 6592, 6600, 6601, 6606, 6607, 6617, 6618, 6620, 6624, 6626, 6632, 6634, 6635, 6646, 6655, 6660, 6664, 6666, 6668, 6669, 6675, 6678, 6683, 6686, 6691, 6694, 6695, 6705, 6708, 6711, 6714, 6729, 6735, 6736, 6738, 6742, 6745, 6746, 6747, 6748, 6753, 6754, 6756, 6759, 6761, 6767, 6773, 6775, 6777, 6778, 6787, 6793, 6795, 6797, 6812, 6828, 6829, 6832, 6833, 6834, 6835, 6836, 6840, 6842, 6844, 6854, 6855, 6860, 6862, 6865, 6868, 6871, 6874, 6876, 6877, 6886, 6887, 6888, 6889, 6892, 6895, 6896, 6902, 6906, 6907, 6909, 6916, 6917, 6921, 6925, 6934, 6940, 6941, 6945, 6947, 6950, 6951, 6959, 6962, 6963, 6965, 6967, 6968, 6970, 6974, 6980, 6988, 6991, 6994, 6997, 6998, 7005, 7008, 7010, 7020, 7025, 7027, 7035, 7037, 7039, 7041, 7042, 7053, 7054, 7055, 7056, 7058, 7059, 7064, 7067, 7073, 7077, 7090, 7096, 7100, 7102, 7104, 7106, 7114, 7115, 7116, 7118, 7122, 7126, 7128, 7133, 7136, 7137, 7139, 7141, 7142, 7143, 7147, 7151, 7158, 7159, 7161, 7163, 7164, 7176, 7177, 7178, 7187, 7189, 7197, 7198, 7199, 7204, 7206, 7208, 7209, 7216, 7221, 7225, 7226, 7227, 7228, 7237, 7239, 7241, 7244] (attempt 1/5)
2026-03-19 09:30:13 | INFO | ConnectedDownlink | RETRANSMIT_REQUEST received: [5998, 5999, 6000, 6001, 6002, 6003, 6004, 6005, 6006, 6007, 6008, 6009, 6010, 6011, 6046, 6047, 6048, 6050, 6051, 6058, 6059, 6062, 6063, 6066, 6067, 6068, 6069, 6074, 6076, 6077, 6079, 6083, 6085, 6086, 6088, 6092, 6098, 6099, 6103, 6110, 6112, 6114, 6116, 6117, 6120, 6122, 6130, 6139, 6146, 6151, 6152, 6162, 6166, 6172, 6173, 6177, 6178, 6186, 6187, 6189, 6192, 6200, 6203, 6204, 6208, 6212, 6215, 6216, 6226, 6231, 6234, 6241, 6243, 6249, 6255, 6259, 6261, 6270, 6273, 6276, 6277, 6281, 6292, 6293, 6298, 6309, 6313, 6315, 6316, 6317, 6320, 6322, 6324, 6327, 6331, 6338, 6344, 6345, 6346, 6347, 6348, 6349, 6350, 6358, 6359, 6364, 6367, 6369, 6374, 6375, 6376, 6381, 6387, 6388, 6393, 6399, 6403, 6408, 6410, 6412, 6420, 6423, 6424, 6425, 6426, 6430, 6432, 6433, 6437, 6441, 6449, 6454, 6457, 6459, 6462, 6463, 6464, 6465, 6466, 6467, 6468, 6472, 6473, 6475, 6477, 6478, 6479, 6482, 6483, 6485, 6495, 6496, 6497, 6498, 6501, 6502, 6506, 6512, 6513, 6514, 6516, 6521, 6523, 6526, 6531, 6532, 6534, 6535, 6540, 6542, 6545, 6549, 6550, 6556, 6559, 6561, 6566, 6569, 6570, 6572, 6575, 6577, 6578, 6581, 6592, 6600, 6601, 6606, 6607, 6617, 6618, 6620, 6624, 6626, 6632, 6634, 6635, 6646, 6655, 6660, 6664, 6666, 6668, 6669, 6675, 6678, 6683, 6686, 6691, 6694, 6695, 6705, 6708, 6711, 6714, 6729, 6735, 6736, 6738, 6742, 6745, 6746, 6747, 6748, 6753, 6754, 6756, 6759, 6761, 6767, 6773, 6775, 6777, 6778, 6787, 6793, 6795, 6797, 6812, 6828, 6829, 6832, 6833, 6834, 6835, 6836, 6840, 6842, 6844, 6854, 6855, 6860, 6862, 6865, 6868, 6871, 6874, 6876, 6877, 6886, 6887, 6888, 6889, 6892, 6895, 6896, 6902, 6906, 6907, 6909, 6916, 6917, 6921, 6925, 6934, 6940, 6941, 6945, 6947, 6950, 6951, 6959, 6962, 6963, 6965, 6967, 6968, 6970, 6974, 6980, 6988, 6991, 6994, 6997, 6998, 7005, 7008, 7010, 7020, 7025, 7027, 7035, 7037, 7039, 7041, 7042, 7053, 7054, 7055, 7056, 7058, 7059, 7064, 7067, 7073, 7077, 7090, 7096, 7100, 7102, 7104, 7106, 7114, 7115, 7116, 7118, 7122, 7126, 7128, 7133, 7136, 7137, 7139, 7141, 7142, 7143, 7147, 7151, 7158, 7159, 7161, 7163, 7164, 7176, 7177, 7178, 7187, 7189, 7197, 7198, 7199, 7204, 7206, 7208, 7209, 7216, 7221, 7225, 7226, 7227, 7228, 7237, 7239, 7241, 7244]
2026-03-19 09:30:13 | INFO | ConnectedDownlink | Serving retransmit request: {6146, 6151, 6152, 6162, 6166, 6172, 6173, 6177, 6178, 6186, 6187, 6189, 6192, 6200, 6203, 6204, 6208, 6212, 6215, 6216, 6226, 6231, 6234, 6241, 6243, 6249, 6255, 6259, 6261, 6270, 6273, 6276, 6277, 6281, 6292, 6293, 6298, 6309, 6313, 6315, 6316, 6317, 6320, 6322, 6324, 6327, 6331, 6338, 6344, 6345, 6346, 6347, 6348, 6349, 6350, 6358, 6359, 6364, 6367, 6369, 6374, 6375, 6376, 6381, 6387, 6388, 6393, 6399, 6403, 6408, 6410, 6412, 6420, 6423, 6424, 6425, 6426, 6430, 6432, 6433, 6437, 6441, 6449, 6454, 6457, 6459, 6462, 6463, 6464, 6465, 6466, 6467, 6468, 6472, 6473, 6475, 6477, 6478, 6479, 6482, 6483, 6485, 6495, 6496, 6497, 6498, 6501, 6502, 6506, 6512, 6513, 6514, 6516, 6521, 6523, 6526, 6531, 6532, 6534, 6535, 6540, 6542, 6545, 6549, 6550, 6556, 6559, 6561, 6566, 6569, 6570, 6572, 6575, 6577, 6578, 6581, 6592, 6600, 6601, 6606, 6607, 6617, 6618, 6620, 6624, 6626, 6632, 6634, 6635, 6646, 6655, 6660, 6664, 6666, 6668, 6669, 6675, 6678, 6683, 6686, 6691, 6694, 6695, 6705, 6708, 6711, 6714, 6729, 6735, 6736, 6738, 6742, 6745, 6746, 6747, 6748, 6753, 6754, 6756, 6759, 6761, 6767, 6773, 6775, 6777, 6778, 6787, 6793, 6795, 6797, 6812, 6828, 6829, 6832, 6833, 6834, 6835, 6836, 6840, 6842, 6844, 6854, 6855, 6860, 6862, 6865, 6868, 6871, 6874, 6876, 6877, 6886, 6887, 6888, 6889, 6892, 6895, 6896, 6902, 6906, 6907, 6909, 6916, 6917, 6921, 6925, 6934, 6940, 6941, 6945, 6947, 6950, 6951, 6959, 6962, 6963, 6965, 6967, 6968, 6970, 6974, 6980, 6988, 6991, 6994, 6997, 6998, 7005, 7008, 7010, 7020, 7025, 7027, 7035, 7037, 7039, 7041, 7042, 7053, 7054, 7055, 7056, 7058, 7059, 7064, 7067, 7073, 7077, 7090, 7096, 7100, 7102, 7104, 7106, 7114, 7115, 7116, 7118, 7122, 7126, 7128, 7133, 7136, 7137, 7139, 7141, 7142, 7143, 7147, 7151, 7158, 7159, 7161, 7163, 7164, 7176, 7177, 7178, 7187, 7189, 7197, 7198, 7199, 7204, 7206, 7208, 7209, 7216, 7221, 7225, 7226, 7227, 7228, 7237, 7239, 7241, 7244, 5998, 5999, 6000, 6001, 6002, 6003, 6004, 6005, 6006, 6007, 6008, 6009, 6010, 6011, 6046, 6047, 6048, 6050, 6051, 6058, 6059, 6062, 6063, 6066, 6067, 6068, 6069, 6074, 6076, 6077, 6079, 6083, 6085, 6086, 6088, 6092, 6098, 6099, 6103, 6110, 6112, 6114, 6116, 6117, 6120, 6122, 6130, 6139}
2026-03-19 09:30:13 | INFO | ConnectedDownlink | Retransmitted packet seq=5998
2026-03-19 09:30:13 | INFO | ConnectedDownlink | Retransmitted packet seq=5999
2026-03-19 09:30:13 | INFO | ConnectedDownlink | Retransmitted packet seq=6000
2026-03-19 09:30:13 | INFO | ConnectedDownlink | Retransmitted packet seq=6001
2026-03-19 09:30:13 | INFO | ConnectedDownlink | Retransmitted packet seq=6002
2026-03-19 09:30:13 | INFO | ConnectedDownlink | Retransmitted packet seq=6003
2026-03-19 09:30:13 | INFO | ConnectedDownlink | Retransmitted packet seq=6004
2026-03-19 09:30:13 | INFO | ConnectedDownlink | Retransmitted packet seq=6005
2026-03-19 09:30:13 | INFO | ConnectedDownlink | Retransmitted packet seq=6006
2026-03-19 09:30:13 | INFO | ConnectedDownlink | Retransmitted packet seq=6007
2026-03-19 09:30:13 | INFO | ConnectedDownlink | Retransmitted packet seq=6008
2026-03-19 09:30:13 | INFO | ConnectedDownlink | Retransmitted packet seq=6009
2026-03-19 09:30:13 | INFO | ConnectedDownlink | Retransmitted packet seq=6010
2026-03-19 09:30:13 | INFO | ConnectedDownlink | Retransmitted packet seq=6011
2026-03-19 09:30:13 | INFO | ConnectedDownlink | Retransmitted packet seq=6046
2026-03-19 09:30:13 | INFO | ConnectedDownlink | Retransmitted packet seq=6047
2026-03-19 09:30:13 | INFO | ConnectedDownlink | Retransmitted packet seq=6048
2026-03-19 09:30:13 | INFO | ConnectedDownlink | Retransmitted packet seq=6050
2026-03-19 09:30:13 | INFO | ConnectedDownlink | Retransmitted packet seq=6051
2026-03-19 09:30:13 | INFO | ConnectedDownlink | Retransmitted packet seq=6058
2026-03-19 09:30:13 | INFO | ConnectedDownlink | Retransmitted packet seq=6059
2026-03-19 09:30:13 | INFO | ConnectedDownlink | Retransmitted packet seq=6062
2026-03-19 09:30:13 | INFO | ConnectedDownlink | Retransmitted packet seq=6063
2026-03-19 09:30:13 | INFO | ConnectedDownlink | Retransmitted packet seq=6066
2026-03-19 09:30:13 | INFO | ConnectedDownlink | Retransmitted packet seq=6067
2026-03-19 09:30:13 | INFO | ConnectedDownlink | Retransmitted packet seq=6068
2026-03-19 09:30:13 | INFO | ConnectedDownlink | Retransmitted packet seq=6069
2026-03-19 09:30:13 | INFO | ConnectedDownlink | Retransmitted packet seq=6074
2026-03-19 09:30:13 | INFO | ConnectedDownlink | Retransmitted packet seq=6076
2026-03-19 09:30:13 | INFO | ConnectedDownlink | Retransmitted packet seq=6077
2026-03-19 09:30:13 | INFO | ConnectedDownlink | Retransmitted packet seq=6079
2026-03-19 09:30:13 | INFO | ConnectedDownlink | Retransmitted packet seq=6083
2026-03-19 09:30:13 | INFO | ConnectedDownlink | Retransmitted packet seq=6085
2026-03-19 09:30:13 | INFO | ConnectedDownlink | Retransmitted packet seq=6086
2026-03-19 09:30:13 | INFO | ConnectedDownlink | Retransmitted packet seq=6088
2026-03-19 09:30:13 | INFO | ConnectedDownlink | Retransmitted packet seq=6092
2026-03-19 09:30:13 | INFO | ConnectedDownlink | Retransmitted packet seq=6098
2026-03-19 09:30:13 | INFO | ConnectedDownlink | Retransmitted packet seq=6099
2026-03-19 09:30:13 | INFO | ConnectedDownlink | Retransmitted packet seq=6103
2026-03-19 09:30:13 | INFO | ConnectedDownlink | Retransmitted packet seq=6110
2026-03-19 09:30:13 | INFO | ConnectedDownlink | Retransmitted packet seq=6112
2026-03-19 09:30:13 | INFO | ConnectedDownlink | Retransmitted packet seq=6114
2026-03-19 09:30:13 | INFO | ConnectedDownlink | Retransmitted packet seq=6116
2026-03-19 09:30:13 | INFO | ConnectedDownlink | Retransmitted packet seq=6117
2026-03-19 09:30:13 | INFO | ConnectedDownlink | Retransmitted packet seq=6120
2026-03-19 09:30:13 | INFO | ConnectedDownlink | Retransmitted packet seq=6122
2026-03-19 09:30:13 | INFO | ConnectedDownlink | Retransmitted packet seq=6130
2026-03-19 09:30:13 | INFO | ConnectedDownlink | Retransmitted packet seq=6139
2026-03-19 09:30:13 | INFO | ConnectedDownlink | Retransmitted packet seq=6146
2026-03-19 09:30:13 | INFO | ConnectedDownlink | Retransmitted packet seq=6151
2026-03-19 09:30:13 | INFO | ConnectedDownlink | Retransmitted packet seq=6152
2026-03-19 09:30:13 | INFO | ConnectedDownlink | Retransmitted packet seq=6162
2026-03-19 09:30:13 | INFO | ConnectedDownlink | Retransmitted packet seq=6166
2026-03-19 09:30:13 | INFO | ConnectedDownlink | Retransmitted packet seq=6172
2026-03-19 09:30:13 | INFO | ConnectedDownlink | Retransmitted packet seq=6173
2026-03-19 09:30:13 | INFO | ConnectedDownlink | Retransmitted packet seq=6177
2026-03-19 09:30:13 | INFO | ConnectedDownlink | Retransmitted packet seq=6178
2026-03-19 09:30:13 | INFO | ConnectedDownlink | Retransmitted packet seq=6186
2026-03-19 09:30:13 | INFO | ConnectedDownlink | Retransmitted packet seq=6187
2026-03-19 09:30:14 | INFO | ConnectedDownlink | Retransmitted packet seq=6189
2026-03-19 09:30:14 | INFO | ConnectedDownlink | Retransmitted packet seq=6192
2026-03-19 09:30:14 | INFO | ConnectedDownlink | Retransmitted packet seq=6200
2026-03-19 09:30:14 | INFO | ConnectedDownlink | Retransmitted packet seq=6203
2026-03-19 09:30:14 | INFO | ConnectedDownlink | Retransmitted packet seq=6204
2026-03-19 09:30:14 | INFO | ConnectedDownlink | Retransmitted packet seq=6208
2026-03-19 09:30:14 | INFO | ConnectedDownlink | Retransmitted packet seq=6212
2026-03-19 09:30:14 | INFO | ConnectedDownlink | Retransmitted packet seq=6215
2026-03-19 09:30:14 | INFO | ConnectedDownlink | Retransmitted packet seq=6216
2026-03-19 09:30:14 | INFO | ConnectedDownlink | Retransmitted packet seq=6226
2026-03-19 09:30:14 | INFO | ConnectedDownlink | Retransmitted packet seq=6231
2026-03-19 09:30:14 | INFO | ConnectedDownlink | Retransmitted packet seq=6234
2026-03-19 09:30:14 | INFO | ConnectedDownlink | Retransmitted packet seq=6241
2026-03-19 09:30:14 | INFO | ConnectedDownlink | Retransmitted packet seq=6243
2026-03-19 09:30:14 | INFO | ConnectedDownlink | Retransmitted packet seq=6249
2026-03-19 09:30:14 | INFO | ConnectedDownlink | Retransmitted packet seq=6255
2026-03-19 09:30:14 | INFO | ConnectedDownlink | Retransmitted packet seq=6259
2026-03-19 09:30:14 | INFO | ConnectedDownlink | Retransmitted packet seq=6261
2026-03-19 09:30:14 | INFO | ConnectedDownlink | Retransmitted packet seq=6270
2026-03-19 09:30:14 | INFO | ConnectedDownlink | Retransmitted packet seq=6273
2026-03-19 09:30:14 | INFO | ConnectedDownlink | Retransmitted packet seq=6276
2026-03-19 09:30:14 | INFO | ConnectedDownlink | Retransmitted packet seq=6277
2026-03-19 09:30:14 | INFO | ConnectedDownlink | Retransmitted packet seq=6281
2026-03-19 09:30:14 | INFO | ConnectedDownlink | Retransmitted packet seq=6292
2026-03-19 09:30:14 | INFO | ConnectedDownlink | Retransmitted packet seq=6293
2026-03-19 09:30:14 | INFO | ConnectedDownlink | Retransmitted packet seq=6298
2026-03-19 09:30:14 | INFO | ConnectedDownlink | Retransmitted packet seq=6309
2026-03-19 09:30:14 | INFO | ConnectedDownlink | Retransmitted packet seq=6313
2026-03-19 09:30:14 | INFO | ConnectedDownlink | Retransmitted packet seq=6315
2026-03-19 09:30:14 | INFO | ConnectedDownlink | Retransmitted packet seq=6316
2026-03-19 09:30:14 | INFO | ConnectedDownlink | Retransmitted packet seq=6317
2026-03-19 09:30:14 | INFO | ConnectedDownlink | Retransmitted packet seq=6320
2026-03-19 09:30:14 | INFO | ConnectedDownlink | Retransmitted packet seq=6322
2026-03-19 09:30:14 | INFO | ConnectedDownlink | Retransmitted packet seq=6324
2026-03-19 09:30:14 | INFO | ConnectedDownlink | Retransmitted packet seq=6327
2026-03-19 09:30:14 | INFO | ConnectedDownlink | Retransmitted packet seq=6331
2026-03-19 09:30:14 | INFO | ConnectedDownlink | Retransmitted packet seq=6338
2026-03-19 09:30:14 | INFO | ConnectedDownlink | Retransmitted packet seq=6344
2026-03-19 09:30:14 | INFO | ConnectedDownlink | Retransmitted packet seq=6345
2026-03-19 09:30:14 | INFO | ConnectedDownlink | Retransmitted packet seq=6346
2026-03-19 09:30:14 | INFO | ConnectedDownlink | Retransmitted packet seq=6347
2026-03-19 09:30:14 | INFO | ConnectedDownlink | Retransmitted packet seq=6348
2026-03-19 09:30:14 | INFO | ConnectedDownlink | Retransmitted packet seq=6349
2026-03-19 09:30:14 | INFO | ConnectedDownlink | Retransmitted packet seq=6350
2026-03-19 09:30:14 | INFO | ConnectedDownlink | Retransmitted packet seq=6358
2026-03-19 09:30:14 | INFO | ConnectedDownlink | Retransmitted packet seq=6359
2026-03-19 09:30:14 | INFO | ConnectedDownlink | Retransmitted packet seq=6364
2026-03-19 09:30:14 | INFO | ConnectedDownlink | Retransmitted packet seq=6367
2026-03-19 09:30:14 | INFO | ConnectedDownlink | Retransmitted packet seq=6369
2026-03-19 09:30:14 | INFO | ConnectedDownlink | Retransmitted packet seq=6374
2026-03-19 09:30:14 | INFO | ConnectedDownlink | Retransmitted packet seq=6375
2026-03-19 09:30:14 | INFO | ConnectedDownlink | Retransmitted packet seq=6376
2026-03-19 09:30:14 | INFO | ConnectedDownlink | Retransmitted packet seq=6381
2026-03-19 09:30:14 | INFO | ConnectedDownlink | Retransmitted packet seq=6387
2026-03-19 09:30:14 | INFO | ConnectedDownlink | Retransmitted packet seq=6388
2026-03-19 09:30:14 | INFO | ConnectedDownlink | Retransmitted packet seq=6393
2026-03-19 09:30:14 | INFO | ConnectedDownlink | Retransmitted packet seq=6399
2026-03-19 09:30:14 | INFO | ConnectedDownlink | Retransmitted packet seq=6403
2026-03-19 09:30:14 | INFO | ConnectedDownlink | Retransmitted packet seq=6408
2026-03-19 09:30:14 | INFO | ConnectedDownlink | Retransmitted packet seq=6410
2026-03-19 09:30:14 | INFO | ConnectedDownlink | Retransmitted packet seq=6412
2026-03-19 09:30:14 | INFO | ConnectedDownlink | Retransmitted packet seq=6420
2026-03-19 09:30:14 | INFO | ConnectedDownlink | Retransmitted packet seq=6423
2026-03-19 09:30:14 | INFO | ConnectedDownlink | Retransmitted packet seq=6424
2026-03-19 09:30:14 | INFO | ConnectedDownlink | Retransmitted packet seq=6425
2026-03-19 09:30:14 | INFO | ConnectedDownlink | Retransmitted packet seq=6426
2026-03-19 09:30:14 | INFO | ConnectedDownlink | Retransmitted packet seq=6430
2026-03-19 09:30:14 | INFO | ConnectedDownlink | Retransmitted packet seq=6432
2026-03-19 09:30:15 | INFO | ConnectedDownlink | Retransmitted packet seq=6433
2026-03-19 09:30:15 | INFO | ConnectedDownlink | Retransmitted packet seq=6437
2026-03-19 09:30:15 | INFO | ConnectedDownlink | Retransmitted packet seq=6441
2026-03-19 09:30:15 | INFO | ConnectedDownlink | Retransmitted packet seq=6449
2026-03-19 09:30:15 | INFO | ConnectedDownlink | Retransmitted packet seq=6454
2026-03-19 09:30:15 | INFO | ConnectedDownlink | Retransmitted packet seq=6457
2026-03-19 09:30:15 | INFO | ConnectedDownlink | Retransmitted packet seq=6459
2026-03-19 09:30:15 | INFO | ConnectedDownlink | Retransmitted packet seq=6462
2026-03-19 09:30:15 | INFO | ConnectedDownlink | Retransmitted packet seq=6463
2026-03-19 09:30:15 | INFO | ConnectedDownlink | Retransmitted packet seq=6464
2026-03-19 09:30:15 | INFO | ConnectedDownlink | Retransmitted packet seq=6465
2026-03-19 09:30:15 | INFO | ConnectedDownlink | Retransmitted packet seq=6466
2026-03-19 09:30:15 | INFO | ConnectedDownlink | Retransmitted packet seq=6467
2026-03-19 09:30:15 | INFO | ConnectedDownlink | Retransmitted packet seq=6468
2026-03-19 09:30:15 | INFO | ConnectedDownlink | Retransmitted packet seq=6472
2026-03-19 09:30:15 | INFO | ConnectedDownlink | Retransmitted packet seq=6473
2026-03-19 09:30:15 | INFO | ConnectedDownlink | Retransmitted packet seq=6475
2026-03-19 09:30:15 | INFO | ConnectedDownlink | Retransmitted packet seq=6477
2026-03-19 09:30:15 | INFO | ConnectedDownlink | Retransmitted packet seq=6478
2026-03-19 09:30:15 | INFO | ConnectedDownlink | Retransmitted packet seq=6479
2026-03-19 09:30:15 | INFO | ConnectedDownlink | Retransmitted packet seq=6482
2026-03-19 09:30:15 | INFO | ConnectedDownlink | Retransmitted packet seq=6483
2026-03-19 09:30:15 | INFO | ConnectedDownlink | Retransmitted packet seq=6485
2026-03-19 09:30:15 | INFO | ConnectedDownlink | Retransmitted packet seq=6495
2026-03-19 09:30:15 | INFO | ConnectedDownlink | Retransmitted packet seq=6496
2026-03-19 09:30:15 | INFO | ConnectedDownlink | Retransmitted packet seq=6497
2026-03-19 09:30:15 | INFO | ConnectedDownlink | Retransmitted packet seq=6498
2026-03-19 09:30:15 | INFO | ConnectedDownlink | Retransmitted packet seq=6501
2026-03-19 09:30:15 | INFO | ConnectedDownlink | Retransmitted packet seq=6502
2026-03-19 09:30:15 | INFO | ConnectedDownlink | Retransmitted packet seq=6506
2026-03-19 09:30:15 | INFO | ConnectedDownlink | Retransmitted packet seq=6512
2026-03-19 09:30:15 | INFO | ConnectedDownlink | Retransmitted packet seq=6513
2026-03-19 09:30:15 | INFO | ConnectedDownlink | Retransmitted packet seq=6514
2026-03-19 09:30:15 | INFO | ConnectedDownlink | Retransmitted packet seq=6516
2026-03-19 09:30:15 | INFO | ConnectedDownlink | Retransmitted packet seq=6521
2026-03-19 09:30:15 | INFO | ConnectedDownlink | Retransmitted packet seq=6523
2026-03-19 09:30:15 | INFO | ConnectedDownlink | Retransmitted packet seq=6526
2026-03-19 09:30:15 | INFO | ConnectedDownlink | Retransmitted packet seq=6531
2026-03-19 09:30:15 | INFO | ConnectedDownlink | Retransmitted packet seq=6532
2026-03-19 09:30:15 | INFO | ConnectedDownlink | Retransmitted packet seq=6534
2026-03-19 09:30:15 | INFO | ConnectedDownlink | Retransmitted packet seq=6535
2026-03-19 09:30:15 | INFO | ConnectedDownlink | Retransmitted packet seq=6540
2026-03-19 09:30:15 | INFO | ConnectedDownlink | Retransmitted packet seq=6542
2026-03-19 09:30:15 | INFO | ConnectedDownlink | Retransmitted packet seq=6545
2026-03-19 09:30:15 | INFO | ConnectedDownlink | Retransmitted packet seq=6549
2026-03-19 09:30:15 | INFO | ConnectedDownlink | Retransmitted packet seq=6550
2026-03-19 09:30:15 | INFO | ConnectedDownlink | Retransmitted packet seq=6556
2026-03-19 09:30:15 | INFO | ConnectedDownlink | Retransmitted packet seq=6559
2026-03-19 09:30:15 | INFO | ConnectedDownlink | Retransmitted packet seq=6561
2026-03-19 09:30:15 | INFO | ConnectedDownlink | Retransmitted packet seq=6566
2026-03-19 09:30:15 | INFO | ConnectedDownlink | Retransmitted packet seq=6569
2026-03-19 09:30:15 | INFO | ConnectedDownlink | Retransmitted packet seq=6570
2026-03-19 09:30:15 | INFO | ConnectedDownlink | Retransmitted packet seq=6572
2026-03-19 09:30:15 | INFO | ConnectedDownlink | Retransmitted packet seq=6575
2026-03-19 09:30:15 | INFO | ConnectedDownlink | Retransmitted packet seq=6577
2026-03-19 09:30:15 | INFO | ConnectedDownlink | Retransmitted packet seq=6578
2026-03-19 09:30:15 | INFO | ConnectedDownlink | Retransmitted packet seq=6581
2026-03-19 09:30:15 | INFO | ConnectedDownlink | Retransmitted packet seq=6592
2026-03-19 09:30:15 | INFO | ConnectedDownlink | Retransmitted packet seq=6600
2026-03-19 09:30:15 | INFO | ConnectedDownlink | Retransmitted packet seq=6601
2026-03-19 09:30:15 | INFO | ConnectedDownlink | Retransmitted packet seq=6606
2026-03-19 09:30:15 | INFO | ConnectedDownlink | Retransmitted packet seq=6607
2026-03-19 09:30:15 | INFO | ConnectedDownlink | Retransmitted packet seq=6617
2026-03-19 09:30:15 | INFO | ConnectedDownlink | Retransmitted packet seq=6618
2026-03-19 09:30:15 | INFO | ConnectedDownlink | Retransmitted packet seq=6620
2026-03-19 09:30:15 | INFO | ConnectedDownlink | Retransmitted packet seq=6624
2026-03-19 09:30:15 | INFO | ConnectedDownlink | Retransmitted packet seq=6626
2026-03-19 09:30:16 | INFO | ConnectedDownlink | Retransmitted packet seq=6632
2026-03-19 09:30:16 | INFO | ConnectedDownlink | Retransmitted packet seq=6634
2026-03-19 09:30:16 | INFO | ConnectedDownlink | Retransmitted packet seq=6635
2026-03-19 09:30:16 | INFO | ConnectedDownlink | Retransmitted packet seq=6646
2026-03-19 09:30:16 | INFO | ConnectedDownlink | Retransmitted packet seq=6655
2026-03-19 09:30:16 | INFO | ConnectedDownlink | Retransmitted packet seq=6660
2026-03-19 09:30:16 | INFO | ConnectedDownlink | Retransmitted packet seq=6664
2026-03-19 09:30:16 | INFO | ConnectedDownlink | Retransmitted packet seq=6666
2026-03-19 09:30:16 | INFO | ConnectedDownlink | Retransmitted packet seq=6668
2026-03-19 09:30:16 | INFO | ConnectedDownlink | Retransmitted packet seq=6669
2026-03-19 09:30:16 | INFO | ConnectedDownlink | Retransmitted packet seq=6675
2026-03-19 09:30:16 | INFO | ConnectedDownlink | Retransmitted packet seq=6678
2026-03-19 09:30:16 | INFO | ConnectedDownlink | Retransmitted packet seq=6683
2026-03-19 09:30:16 | INFO | ConnectedDownlink | Retransmitted packet seq=6686
2026-03-19 09:30:16 | INFO | ConnectedDownlink | Retransmitted packet seq=6691
2026-03-19 09:30:16 | INFO | ConnectedDownlink | Retransmitted packet seq=6694
2026-03-19 09:30:16 | INFO | ConnectedDownlink | Retransmitted packet seq=6695
2026-03-19 09:30:16 | INFO | ConnectedDownlink | Retransmitted packet seq=6705
2026-03-19 09:30:16 | INFO | ConnectedDownlink | Retransmitted packet seq=6708
2026-03-19 09:30:16 | INFO | ConnectedDownlink | Retransmitted packet seq=6711
2026-03-19 09:30:16 | INFO | ConnectedDownlink | Retransmitted packet seq=6714
2026-03-19 09:30:16 | INFO | ConnectedDownlink | Retransmitted packet seq=6729
2026-03-19 09:30:16 | INFO | ConnectedDownlink | Retransmitted packet seq=6735
2026-03-19 09:30:16 | INFO | ConnectedDownlink | Retransmitted packet seq=6736
2026-03-19 09:30:16 | INFO | ConnectedDownlink | Retransmitted packet seq=6738
2026-03-19 09:30:16 | INFO | ConnectedDownlink | Retransmitted packet seq=6742
2026-03-19 09:30:16 | INFO | ConnectedDownlink | Retransmitted packet seq=6745
2026-03-19 09:30:16 | INFO | ConnectedDownlink | Retransmitted packet seq=6746
2026-03-19 09:30:16 | INFO | ConnectedDownlink | Retransmitted packet seq=6747
2026-03-19 09:30:16 | INFO | ConnectedDownlink | Retransmitted packet seq=6748
2026-03-19 09:30:16 | INFO | ConnectedDownlink | Retransmitted packet seq=6753
2026-03-19 09:30:16 | INFO | ConnectedDownlink | Retransmitted packet seq=6754
2026-03-19 09:30:16 | INFO | ConnectedDownlink | Retransmitted packet seq=6756
2026-03-19 09:30:16 | INFO | ConnectedDownlink | Retransmitted packet seq=6759
2026-03-19 09:30:16 | INFO | ConnectedDownlink | Retransmitted packet seq=6761
2026-03-19 09:30:16 | INFO | ConnectedDownlink | Retransmitted packet seq=6767
2026-03-19 09:30:16 | INFO | ConnectedDownlink | Retransmitted packet seq=6773
2026-03-19 09:30:16 | INFO | ConnectedDownlink | Retransmitted packet seq=6775
2026-03-19 09:30:16 | INFO | ConnectedDownlink | Retransmitted packet seq=6777
2026-03-19 09:30:16 | INFO | ConnectedDownlink | Retransmitted packet seq=6778
2026-03-19 09:30:16 | INFO | ConnectedDownlink | Retransmitted packet seq=6787
2026-03-19 09:30:16 | INFO | ConnectedDownlink | Retransmitted packet seq=6793
2026-03-19 09:30:16 | INFO | ConnectedDownlink | Retransmitted packet seq=6795
2026-03-19 09:30:16 | INFO | ConnectedDownlink | Retransmitted packet seq=6797
2026-03-19 09:30:16 | INFO | ConnectedDownlink | Retransmitted packet seq=6812
2026-03-19 09:30:16 | INFO | ConnectedDownlink | Retransmitted packet seq=6828
2026-03-19 09:30:16 | INFO | ConnectedDownlink | Retransmitted packet seq=6829
2026-03-19 09:30:16 | INFO | ConnectedDownlink | Retransmitted packet seq=6832
2026-03-19 09:30:16 | INFO | ConnectedDownlink | Retransmitted packet seq=6833
2026-03-19 09:30:16 | INFO | ConnectedDownlink | Retransmitted packet seq=6834
2026-03-19 09:30:16 | INFO | ConnectedDownlink | Retransmitted packet seq=6835
2026-03-19 09:30:16 | INFO | ConnectedDownlink | Retransmitted packet seq=6836
2026-03-19 09:30:16 | INFO | ConnectedDownlink | Retransmitted packet seq=6840
2026-03-19 09:30:16 | INFO | ConnectedDownlink | Retransmitted packet seq=6842
2026-03-19 09:30:16 | INFO | ConnectedDownlink | Retransmitted packet seq=6844
2026-03-19 09:30:16 | INFO | ConnectedDownlink | Retransmitted packet seq=6854
2026-03-19 09:30:16 | INFO | ConnectedDownlink | Retransmitted packet seq=6855
2026-03-19 09:30:16 | INFO | ConnectedDownlink | Retransmitted packet seq=6860
2026-03-19 09:30:16 | INFO | ConnectedDownlink | Retransmitted packet seq=6862
2026-03-19 09:30:16 | INFO | ConnectedDownlink | Retransmitted packet seq=6865
2026-03-19 09:30:16 | INFO | ConnectedDownlink | Retransmitted packet seq=6868
2026-03-19 09:30:16 | INFO | ConnectedDownlink | Retransmitted packet seq=6871
2026-03-19 09:30:16 | INFO | ConnectedDownlink | Retransmitted packet seq=6874
2026-03-19 09:30:16 | INFO | ConnectedDownlink | Retransmitted packet seq=6876
2026-03-19 09:30:16 | INFO | ConnectedDownlink | Retransmitted packet seq=6877
2026-03-19 09:30:16 | INFO | ConnectedDownlink | Retransmitted packet seq=6886
2026-03-19 09:30:16 | INFO | ConnectedDownlink | Retransmitted packet seq=6887
2026-03-19 09:30:16 | INFO | ConnectedDownlink | Retransmitted packet seq=6888
2026-03-19 09:30:16 | INFO | ConnectedDownlink | Retransmitted packet seq=6889
2026-03-19 09:30:16 | INFO | ConnectedDownlink | Retransmitted packet seq=6892
2026-03-19 09:30:17 | INFO | ConnectedDownlink | Retransmitted packet seq=6895
2026-03-19 09:30:17 | INFO | ConnectedDownlink | Retransmitted packet seq=6896
2026-03-19 09:30:17 | INFO | ConnectedDownlink | Retransmitted packet seq=6902
2026-03-19 09:30:17 | INFO | ConnectedDownlink | Retransmitted packet seq=6906
2026-03-19 09:30:17 | INFO | ConnectedDownlink | Retransmitted packet seq=6907
2026-03-19 09:30:17 | INFO | ConnectedDownlink | Retransmitted packet seq=6909
2026-03-19 09:30:17 | INFO | ConnectedDownlink | Retransmitted packet seq=6916
2026-03-19 09:30:17 | INFO | ConnectedDownlink | Retransmitted packet seq=6917
2026-03-19 09:30:17 | INFO | ConnectedDownlink | Retransmitted packet seq=6921
2026-03-19 09:30:17 | INFO | ConnectedDownlink | Retransmitted packet seq=6925
2026-03-19 09:30:17 | INFO | ConnectedDownlink | Retransmitted packet seq=6934
2026-03-19 09:30:17 | INFO | ConnectedDownlink | Retransmitted packet seq=6940
2026-03-19 09:30:17 | INFO | ConnectedDownlink | Retransmitted packet seq=6941
2026-03-19 09:30:17 | INFO | ConnectedDownlink | Retransmitted packet seq=6945
2026-03-19 09:30:17 | INFO | ConnectedDownlink | Retransmitted packet seq=6947
2026-03-19 09:30:17 | INFO | ConnectedDownlink | Retransmitted packet seq=6950
2026-03-19 09:30:17 | INFO | ConnectedDownlink | Retransmitted packet seq=6951
2026-03-19 09:30:17 | INFO | ConnectedDownlink | Retransmitted packet seq=6959
2026-03-19 09:30:17 | INFO | ConnectedDownlink | Retransmitted packet seq=6962
2026-03-19 09:30:17 | INFO | ConnectedDownlink | Retransmitted packet seq=6963
2026-03-19 09:30:17 | INFO | ConnectedDownlink | Retransmitted packet seq=6965
2026-03-19 09:30:17 | INFO | ConnectedDownlink | Retransmitted packet seq=6967
2026-03-19 09:30:17 | INFO | ConnectedDownlink | Retransmitted packet seq=6968
2026-03-19 09:30:17 | INFO | ConnectedDownlink | Retransmitted packet seq=6970
2026-03-19 09:30:17 | INFO | ConnectedDownlink | Retransmitted packet seq=6974
2026-03-19 09:30:17 | INFO | ConnectedDownlink | Retransmitted packet seq=6980
2026-03-19 09:30:17 | INFO | ConnectedDownlink | Retransmitted packet seq=6988
2026-03-19 09:30:17 | INFO | ConnectedDownlink | Retransmitted packet seq=6991
2026-03-19 09:30:17 | INFO | ConnectedDownlink | Retransmitted packet seq=6994
2026-03-19 09:30:17 | INFO | ConnectedDownlink | Retransmitted packet seq=6997
2026-03-19 09:30:17 | INFO | ConnectedDownlink | Retransmitted packet seq=6998
2026-03-19 09:30:17 | INFO | ConnectedDownlink | Retransmitted packet seq=7005
2026-03-19 09:30:17 | INFO | ConnectedDownlink | Retransmitted packet seq=7008
2026-03-19 09:30:17 | INFO | ConnectedDownlink | Retransmitted packet seq=7010
2026-03-19 09:30:17 | INFO | ConnectedDownlink | Retransmitted packet seq=7020
2026-03-19 09:30:17 | INFO | ConnectedDownlink | Retransmitted packet seq=7025
2026-03-19 09:30:17 | INFO | ConnectedDownlink | Retransmitted packet seq=7027
2026-03-19 09:30:17 | INFO | ConnectedDownlink | Retransmitted packet seq=7035
2026-03-19 09:30:17 | INFO | ConnectedDownlink | Retransmitted packet seq=7037
2026-03-19 09:30:17 | INFO | ConnectedDownlink | Retransmitted packet seq=7039
2026-03-19 09:30:17 | INFO | ConnectedDownlink | Retransmitted packet seq=7041
2026-03-19 09:30:17 | INFO | ConnectedDownlink | Retransmitted packet seq=7042
2026-03-19 09:30:17 | INFO | ConnectedDownlink | Retransmitted packet seq=7053
2026-03-19 09:30:17 | INFO | ConnectedDownlink | Retransmitted packet seq=7054
2026-03-19 09:30:17 | INFO | ConnectedDownlink | Retransmitted packet seq=7055
2026-03-19 09:30:17 | INFO | ConnectedDownlink | Retransmitted packet seq=7056
2026-03-19 09:30:17 | INFO | ConnectedDownlink | Retransmitted packet seq=7058
2026-03-19 09:30:17 | INFO | ConnectedDownlink | Retransmitted packet seq=7059
2026-03-19 09:30:17 | INFO | ConnectedDownlink | Retransmitted packet seq=7064
2026-03-19 09:30:17 | INFO | ConnectedDownlink | Retransmitted packet seq=7067
2026-03-19 09:30:17 | INFO | ConnectedDownlink | Retransmitted packet seq=7073
2026-03-19 09:30:17 | INFO | ConnectedDownlink | Retransmitted packet seq=7077
2026-03-19 09:30:17 | INFO | ConnectedDownlink | Retransmitted packet seq=7090
2026-03-19 09:30:17 | INFO | ConnectedDownlink | Retransmitted packet seq=7096
2026-03-19 09:30:17 | INFO | ConnectedDownlink | Retransmitted packet seq=7100
2026-03-19 09:30:17 | INFO | ConnectedDownlink | Retransmitted packet seq=7102
2026-03-19 09:30:17 | INFO | ConnectedDownlink | Retransmitted packet seq=7104
2026-03-19 09:30:17 | INFO | ConnectedDownlink | Retransmitted packet seq=7106
2026-03-19 09:30:17 | INFO | ConnectedDownlink | Retransmitted packet seq=7114
2026-03-19 09:30:17 | INFO | ConnectedDownlink | Retransmitted packet seq=7115
2026-03-19 09:30:17 | INFO | ConnectedDownlink | Retransmitted packet seq=7116
2026-03-19 09:30:17 | INFO | ConnectedDownlink | Retransmitted packet seq=7118
2026-03-19 09:30:17 | INFO | ConnectedDownlink | Retransmitted packet seq=7122
2026-03-19 09:30:17 | INFO | ConnectedDownlink | Retransmitted packet seq=7126
2026-03-19 09:30:18 | INFO | ConnectedDownlink | Retransmitted packet seq=7128
2026-03-19 09:30:18 | INFO | ConnectedDownlink | Retransmitted packet seq=7133
2026-03-19 09:30:18 | INFO | ConnectedDownlink | Retransmitted packet seq=7136
2026-03-19 09:30:18 | INFO | ConnectedDownlink | Retransmitted packet seq=7137
2026-03-19 09:30:18 | INFO | ConnectedDownlink | Retransmitted packet seq=7139
2026-03-19 09:30:18 | INFO | ConnectedDownlink | Retransmitted packet seq=7141
2026-03-19 09:30:18 | INFO | ConnectedDownlink | Retransmitted packet seq=7142
2026-03-19 09:30:18 | INFO | ConnectedDownlink | Retransmitted packet seq=7143
2026-03-19 09:30:18 | INFO | ConnectedDownlink | Retransmitted packet seq=7147
2026-03-19 09:30:18 | INFO | ConnectedDownlink | Retransmitted packet seq=7151
2026-03-19 09:30:18 | INFO | ConnectedDownlink | Retransmitted packet seq=7158
2026-03-19 09:30:18 | INFO | ConnectedDownlink | Retransmitted packet seq=7159
2026-03-19 09:30:18 | INFO | ConnectedDownlink | Retransmitted packet seq=7161
2026-03-19 09:30:18 | INFO | ConnectedDownlink | Retransmitted packet seq=7163
2026-03-19 09:30:18 | INFO | ConnectedDownlink | Retransmitted packet seq=7164
2026-03-19 09:30:18 | INFO | ConnectedDownlink | Retransmitted packet seq=7176
2026-03-19 09:30:18 | INFO | ConnectedDownlink | Retransmitted packet seq=7177
2026-03-19 09:30:18 | INFO | ConnectedDownlink | Retransmitted packet seq=7178
2026-03-19 09:30:18 | INFO | ConnectedDownlink | Retransmitted packet seq=7187
2026-03-19 09:30:18 | INFO | ConnectedDownlink | Retransmitted packet seq=7189
2026-03-19 09:30:18 | INFO | ConnectedDownlink | Retransmitted packet seq=7197
2026-03-19 09:30:18 | INFO | ConnectedDownlink | Retransmitted packet seq=7198
2026-03-19 09:30:18 | INFO | ConnectedDownlink | Retransmitted packet seq=7199
2026-03-19 09:30:18 | INFO | ConnectedDownlink | Retransmitted packet seq=7204
2026-03-19 09:30:18 | INFO | ConnectedDownlink | Retransmitted packet seq=7206
2026-03-19 09:30:18 | INFO | ConnectedDownlink | Retransmitted packet seq=7208
2026-03-19 09:30:18 | INFO | ConnectedDownlink | Retransmitted packet seq=7209
2026-03-19 09:30:18 | INFO | ConnectedDownlink | Retransmitted packet seq=7216
2026-03-19 09:30:18 | INFO | ConnectedDownlink | Retransmitted packet seq=7221
2026-03-19 09:30:18 | INFO | ConnectedDownlink | Retransmitted packet seq=7225
2026-03-19 09:30:18 | INFO | ConnectedDownlink | Retransmitted packet seq=7226
2026-03-19 09:30:18 | INFO | ConnectedDownlink | Retransmitted packet seq=7227
2026-03-19 09:30:18 | INFO | ConnectedDownlink | Retransmitted packet seq=7228
2026-03-19 09:30:18 | INFO | ConnectedDownlink | Retransmitted packet seq=7237
2026-03-19 09:30:18 | INFO | ConnectedDownlink | Retransmitted packet seq=7239
2026-03-19 09:30:18 | INFO | ConnectedDownlink | Retransmitted packet seq=7241
2026-03-19 09:30:18 | INFO | ConnectedDownlink | Retransmitted packet seq=7244
2026-03-19 09:32:48 | INFO | ConnectedDownlink | Satellite ConnectedDownlink: on_exit
2026-03-19 09:32:48 | INFO | ConnectedDownlink | GroundStation ConnectedDownlink: on_exit
2026-03-19 09:32:48 | INFO | ConnectedDownlink | Satellite serve_loop cancelled
2026-03-19 09:33:13 | INFO | ConnectedDownlink | No activity detected, switching to Connectionless Downlink Mode
2026-03-19 09:33:13 | INFO | ConnectedDownlink | No activity detected, switching to Connectionless Downlink Mode
2026-03-19 09:34:35 | INFO | ConnectedDownlink | Entered ConnectedDownlink mode
2026-03-19 09:34:35 | INFO | ConnectedDownlink | ConnectedDownlink entered
2026-03-19 09:34:35 | INFO | ConnectedDownlink | starting activity timer for 180
2026-03-19 09:34:35 | INFO | ConnectedDownlink | Satellite serve_loop started (implicit-ACK mode)
2026-03-19 09:34:35 | INFO | ConnectedDownlink | Entered ConnectedDownlink mode
2026-03-19 09:34:35 | INFO | ConnectedDownlink | ConnectedDownlink entered
2026-03-19 09:34:35 | INFO | ConnectedDownlink | starting activity timer for 180
2026-03-19 09:34:35 | INFO | ConnectedDownlink | retransmit_loop started (implicit-ACK mode)
2026-03-19 09:34:35 | INFO | ConnectedDownlink | Requesting retransmission of [5998, 6000, 6001, 6002, 6003, 6004, 6005, 6006, 6007, 6008, 6009, 6010, 6011, 6046, 6047, 6048, 6050, 6051, 6058, 6059, 6062, 6063, 6066, 6067, 6068, 6069, 6074, 6076, 6077, 6079, 6083, 6085, 6086, 6088, 6092, 6098, 6099, 6103, 6110, 6112, 6114, 6116, 6117, 6120, 6122, 6130, 6139, 6146, 6151, 6152, 6162, 6166, 6172, 6173, 6177, 6178, 6186, 6187, 6189, 6192, 6200, 6203, 6204, 6208, 6212, 6215, 6216, 6226, 6231, 6234, 6241, 6243, 6249, 6255, 6259, 6261, 6270, 6273, 6276, 6277, 6281, 6292, 6293, 6298, 6309, 6313, 6315, 6316, 6317, 6320, 6322, 6324, 6327, 6331, 6338, 6344, 6345, 6346, 6347, 6348, 6349, 6350, 6358, 6359, 6364, 6367, 6369, 6374, 6375, 6376, 6381, 6387, 6388, 6393, 6399, 6403, 6408, 6410, 6412, 6420, 6423, 6424, 6425, 6426, 6430, 6432, 6433, 6437, 6441, 6449, 6454, 6457, 6459, 6462, 6463, 6464, 6465, 6466, 6467, 6468, 6472, 6473, 6475, 6477, 6478, 6479, 6482, 6483, 6485, 6495, 6496, 6497, 6498, 6501, 6502, 6506, 6512, 6513, 6514, 6516, 6521, 6523, 6526, 6531, 6532, 6534, 6535, 6540, 6542, 6545, 6549, 6550, 6556, 6559, 6561, 6566, 6569, 6570, 6572, 6575, 6577, 6578, 6581, 6592, 6600, 6601, 6606, 6607, 6617, 6618, 6620, 6624, 6626, 6632, 6634, 6635, 6646, 6655, 6660, 6664, 6666, 6668, 6669, 6675, 6678, 6683, 6686, 6691, 6694, 6695, 6705, 6708, 6711, 6714, 6729, 6735, 6736, 6738, 6742, 6745, 6746, 6747, 6748, 6753, 6754, 6756, 6759, 6761, 6767, 6773, 6775, 6777, 6778, 6787, 6793, 6795, 6797, 6812, 6828, 6829, 6832, 6833, 6834, 6835, 6836, 6840, 6842, 6844, 6854, 6855, 6860, 6862, 6865, 6868, 6871, 6874, 6876, 6877, 6886, 6887, 6888, 6889, 6892, 6895, 6896, 6902, 6906, 6907, 6909, 6916, 6917, 6921, 6925, 6934, 6940, 6941, 6945, 6947, 6950, 6951, 6959, 6962, 6963, 6965, 6967, 6968, 6970, 6974, 6980, 6988, 6991, 6994, 6997, 6998, 7005, 7008, 7010, 7020, 7025, 7027, 7035, 7037, 7039, 7041, 7042, 7053, 7054, 7055, 7056, 7058, 7059, 7064, 7067, 7073, 7077, 7090, 7096, 7100, 7102, 7104, 7106, 7114, 7115, 7116, 7118, 7122, 7126, 7128, 7133, 7136, 7137, 7139, 7141, 7142, 7143, 7147, 7151, 7158, 7159, 7161, 7163, 7164, 7176, 7177, 7178, 7187, 7189, 7197, 7198, 7199, 7204, 7206, 7208, 7209, 7216, 7221, 7225, 7226, 7227, 7228, 7237, 7239, 7241, 7244, 7246, 7247, 7253, 7258, 7260, 7261, 7262, 7263, 7264, 7266, 7267, 7268, 7270, 7272, 7274]
2026-03-19 09:34:35 | INFO | ConnectedDownlink | SENDING RETRANSMISSION REQUEST [5998, 6000, 6001, 6002, 6003, 6004, 6005, 6006, 6007, 6008, 6009, 6010, 6011, 6046, 6047, 6048, 6050, 6051, 6058, 6059, 6062, 6063, 6066, 6067, 6068, 6069, 6074, 6076, 6077, 6079, 6083, 6085, 6086, 6088, 6092, 6098, 6099, 6103, 6110, 6112, 6114, 6116, 6117, 6120, 6122, 6130, 6139, 6146, 6151, 6152, 6162, 6166, 6172, 6173, 6177, 6178, 6186, 6187, 6189, 6192, 6200, 6203, 6204, 6208, 6212, 6215, 6216, 6226, 6231, 6234, 6241, 6243, 6249, 6255, 6259, 6261, 6270, 6273, 6276, 6277, 6281, 6292, 6293, 6298, 6309, 6313, 6315, 6316, 6317, 6320, 6322, 6324, 6327, 6331, 6338, 6344, 6345, 6346, 6347, 6348, 6349, 6350, 6358, 6359, 6364, 6367, 6369, 6374, 6375, 6376, 6381, 6387, 6388, 6393, 6399, 6403, 6408, 6410, 6412, 6420, 6423, 6424, 6425, 6426, 6430, 6432, 6433, 6437, 6441, 6449, 6454, 6457, 6459, 6462, 6463, 6464, 6465, 6466, 6467, 6468, 6472, 6473, 6475, 6477, 6478, 6479, 6482, 6483, 6485, 6495, 6496, 6497, 6498, 6501, 6502, 6506, 6512, 6513, 6514, 6516, 6521, 6523, 6526, 6531, 6532, 6534, 6535, 6540, 6542, 6545, 6549, 6550, 6556, 6559, 6561, 6566, 6569, 6570, 6572, 6575, 6577, 6578, 6581, 6592, 6600, 6601, 6606, 6607, 6617, 6618, 6620, 6624, 6626, 6632, 6634, 6635, 6646, 6655, 6660, 6664, 6666, 6668, 6669, 6675, 6678, 6683, 6686, 6691, 6694, 6695, 6705, 6708, 6711, 6714, 6729, 6735, 6736, 6738, 6742, 6745, 6746, 6747, 6748, 6753, 6754, 6756, 6759, 6761, 6767, 6773, 6775, 6777, 6778, 6787, 6793, 6795, 6797, 6812, 6828, 6829, 6832, 6833, 6834, 6835, 6836, 6840, 6842, 6844, 6854, 6855, 6860, 6862, 6865, 6868, 6871, 6874, 6876, 6877, 6886, 6887, 6888, 6889, 6892, 6895, 6896, 6902, 6906, 6907, 6909, 6916, 6917, 6921, 6925, 6934, 6940, 6941, 6945, 6947, 6950, 6951, 6959, 6962, 6963, 6965, 6967, 6968, 6970, 6974, 6980, 6988, 6991, 6994, 6997, 6998, 7005, 7008, 7010, 7020, 7025, 7027, 7035, 7037, 7039, 7041, 7042, 7053, 7054, 7055, 7056, 7058, 7059, 7064, 7067, 7073, 7077, 7090, 7096, 7100, 7102, 7104, 7106, 7114, 7115, 7116, 7118, 7122, 7126, 7128, 7133, 7136, 7137, 7139, 7141, 7142, 7143, 7147, 7151, 7158, 7159, 7161, 7163, 7164, 7176, 7177, 7178, 7187, 7189, 7197, 7198, 7199, 7204, 7206, 7208, 7209, 7216, 7221, 7225, 7226, 7227, 7228, 7237, 7239, 7241, 7244, 7246, 7247, 7253, 7258, 7260, 7261, 7262, 7263, 7264, 7266, 7267, 7268, 7270, 7272, 7274] (attempt 1/5)
2026-03-19 09:34:35 | INFO | ConnectedDownlink | RETRANSMIT_REQUEST received: [5998, 6000, 6001, 6002, 6003, 6004, 6005, 6006, 6007, 6008, 6009, 6010, 6011, 6046, 6047, 6048, 6050, 6051, 6058, 6059, 6062, 6063, 6066, 6067, 6068, 6069, 6074, 6076, 6077, 6079, 6083, 6085, 6086, 6088, 6092, 6098, 6099, 6103, 6110, 6112, 6114, 6116, 6117, 6120, 6122, 6130, 6139, 6146, 6151, 6152, 6162, 6166, 6172, 6173, 6177, 6178, 6186, 6187, 6189, 6192, 6200, 6203, 6204, 6208, 6212, 6215, 6216, 6226, 6231, 6234, 6241, 6243, 6249, 6255, 6259, 6261, 6270, 6273, 6276, 6277, 6281, 6292, 6293, 6298, 6309, 6313, 6315, 6316, 6317, 6320, 6322, 6324, 6327, 6331, 6338, 6344, 6345, 6346, 6347, 6348, 6349, 6350, 6358, 6359, 6364, 6367, 6369, 6374, 6375, 6376, 6381, 6387, 6388, 6393, 6399, 6403, 6408, 6410, 6412, 6420, 6423, 6424, 6425, 6426, 6430, 6432, 6433, 6437, 6441, 6449, 6454, 6457, 6459, 6462, 6463, 6464, 6465, 6466, 6467, 6468, 6472, 6473, 6475, 6477, 6478, 6479, 6482, 6483, 6485, 6495, 6496, 6497, 6498, 6501, 6502, 6506, 6512, 6513, 6514, 6516, 6521, 6523, 6526, 6531, 6532, 6534, 6535, 6540, 6542, 6545, 6549, 6550, 6556, 6559, 6561, 6566, 6569, 6570, 6572, 6575, 6577, 6578, 6581, 6592, 6600, 6601, 6606, 6607, 6617, 6618, 6620, 6624, 6626, 6632, 6634, 6635, 6646, 6655, 6660, 6664, 6666, 6668, 6669, 6675, 6678, 6683, 6686, 6691, 6694, 6695, 6705, 6708, 6711, 6714, 6729, 6735, 6736, 6738, 6742, 6745, 6746, 6747, 6748, 6753, 6754, 6756, 6759, 6761, 6767, 6773, 6775, 6777, 6778, 6787, 6793, 6795, 6797, 6812, 6828, 6829, 6832, 6833, 6834, 6835, 6836, 6840, 6842, 6844, 6854, 6855, 6860, 6862, 6865, 6868, 6871, 6874, 6876, 6877, 6886, 6887, 6888, 6889, 6892, 6895, 6896, 6902, 6906, 6907, 6909, 6916, 6917, 6921, 6925, 6934, 6940, 6941, 6945, 6947, 6950, 6951, 6959, 6962, 6963, 6965, 6967, 6968, 6970, 6974, 6980, 6988, 6991, 6994, 6997, 6998, 7005, 7008, 7010, 7020, 7025, 7027, 7035, 7037, 7039, 7041, 7042, 7053, 7054, 7055, 7056, 7058, 7059, 7064, 7067, 7073, 7077, 7090, 7096, 7100, 7102, 7104, 7106, 7114, 7115, 7116, 7118, 7122, 7126, 7128, 7133, 7136, 7137, 7139, 7141, 7142, 7143, 7147, 7151, 7158, 7159, 7161, 7163, 7164, 7176, 7177, 7178, 7187, 7189, 7197, 7198, 7199, 7204, 7206, 7208, 7209, 7216, 7221, 7225, 7226, 7227, 7228, 7237, 7239, 7241, 7244, 7246, 7247, 7253, 7258, 7260, 7261, 7262, 7263, 7264, 7266, 7267, 7268, 7270, 7272, 7274]
2026-03-19 09:34:35 | INFO | ConnectedDownlink | Serving retransmit request: {6146, 6151, 6152, 6162, 6166, 6172, 6173, 6177, 6178, 6186, 6187, 6189, 6192, 6200, 6203, 6204, 6208, 6212, 6215, 6216, 6226, 6231, 6234, 6241, 6243, 6249, 6255, 6259, 6261, 6270, 6273, 6276, 6277, 6281, 6292, 6293, 6298, 6309, 6313, 6315, 6316, 6317, 6320, 6322, 6324, 6327, 6331, 6338, 6344, 6345, 6346, 6347, 6348, 6349, 6350, 6358, 6359, 6364, 6367, 6369, 6374, 6375, 6376, 6381, 6387, 6388, 6393, 6399, 6403, 6408, 6410, 6412, 6420, 6423, 6424, 6425, 6426, 6430, 6432, 6433, 6437, 6441, 6449, 6454, 6457, 6459, 6462, 6463, 6464, 6465, 6466, 6467, 6468, 6472, 6473, 6475, 6477, 6478, 6479, 6482, 6483, 6485, 6495, 6496, 6497, 6498, 6501, 6502, 6506, 6512, 6513, 6514, 6516, 6521, 6523, 6526, 6531, 6532, 6534, 6535, 6540, 6542, 6545, 6549, 6550, 6556, 6559, 6561, 6566, 6569, 6570, 6572, 6575, 6577, 6578, 6581, 6592, 6600, 6601, 6606, 6607, 6617, 6618, 6620, 6624, 6626, 6632, 6634, 6635, 6646, 6655, 6660, 6664, 6666, 6668, 6669, 6675, 6678, 6683, 6686, 6691, 6694, 6695, 6705, 6708, 6711, 6714, 6729, 6735, 6736, 6738, 6742, 6745, 6746, 6747, 6748, 6753, 6754, 6756, 6759, 6761, 6767, 6773, 6775, 6777, 6778, 6787, 6793, 6795, 6797, 6812, 6828, 6829, 6832, 6833, 6834, 6835, 6836, 6840, 6842, 6844, 6854, 6855, 6860, 6862, 6865, 6868, 6871, 6874, 6876, 6877, 6886, 6887, 6888, 6889, 6892, 6895, 6896, 6902, 6906, 6907, 6909, 6916, 6917, 6921, 6925, 6934, 6940, 6941, 6945, 6947, 6950, 6951, 6959, 6962, 6963, 6965, 6967, 6968, 6970, 6974, 6980, 6988, 6991, 6994, 6997, 6998, 7005, 7008, 7010, 7020, 7025, 7027, 7035, 7037, 7039, 7041, 7042, 7053, 7054, 7055, 7056, 7058, 7059, 7064, 7067, 7073, 7077, 7090, 7096, 7100, 7102, 7104, 7106, 7114, 7115, 7116, 7118, 7122, 7126, 7128, 7133, 7136, 7137, 7139, 7141, 7142, 7143, 7147, 7151, 7158, 7159, 7161, 7163, 7164, 7176, 7177, 7178, 7187, 7189, 7197, 7198, 7199, 7204, 7206, 7208, 7209, 7216, 7221, 7225, 7226, 7227, 7228, 7237, 7239, 7241, 7244, 7246, 7247, 7253, 7258, 7260, 7261, 7262, 7263, 7264, 7266, 7267, 7268, 7270, 7272, 7274, 5998, 6000, 6001, 6002, 6003, 6004, 6005, 6006, 6007, 6008, 6009, 6010, 6011, 6046, 6047, 6048, 6050, 6051, 6058, 6059, 6062, 6063, 6066, 6067, 6068, 6069, 6074, 6076, 6077, 6079, 6083, 6085, 6086, 6088, 6092, 6098, 6099, 6103, 6110, 6112, 6114, 6116, 6117, 6120, 6122, 6130, 6139}
2026-03-19 09:34:35 | INFO | ConnectedDownlink | Retransmitted packet seq=5998
2026-03-19 09:34:35 | INFO | ConnectedDownlink | Retransmitted packet seq=6000
2026-03-19 09:34:35 | INFO | ConnectedDownlink | Retransmitted packet seq=6001
2026-03-19 09:34:35 | INFO | ConnectedDownlink | Retransmitted packet seq=6002
2026-03-19 09:34:35 | INFO | ConnectedDownlink | Retransmitted packet seq=6003
2026-03-19 09:34:35 | INFO | ConnectedDownlink | Retransmitted packet seq=6004
2026-03-19 09:34:35 | INFO | ConnectedDownlink | Retransmitted packet seq=6005
2026-03-19 09:34:35 | INFO | ConnectedDownlink | Retransmitted packet seq=6006
2026-03-19 09:34:35 | INFO | ConnectedDownlink | Retransmitted packet seq=6007
2026-03-19 09:34:35 | INFO | ConnectedDownlink | Retransmitted packet seq=6008
2026-03-19 09:34:35 | INFO | ConnectedDownlink | Retransmitted packet seq=6009
2026-03-19 09:34:35 | INFO | ConnectedDownlink | Retransmitted packet seq=6010
2026-03-19 09:34:35 | INFO | ConnectedDownlink | Retransmitted packet seq=6011
2026-03-19 09:34:35 | INFO | ConnectedDownlink | Retransmitted packet seq=6046
2026-03-19 09:34:35 | INFO | ConnectedDownlink | Retransmitted packet seq=6047
2026-03-19 09:34:35 | INFO | ConnectedDownlink | Retransmitted packet seq=6048
2026-03-19 09:34:35 | INFO | ConnectedDownlink | Retransmitted packet seq=6050
2026-03-19 09:34:35 | INFO | ConnectedDownlink | Retransmitted packet seq=6051
2026-03-19 09:34:35 | INFO | ConnectedDownlink | Retransmitted packet seq=6058
2026-03-19 09:34:35 | INFO | ConnectedDownlink | Retransmitted packet seq=6059
2026-03-19 09:34:35 | INFO | ConnectedDownlink | Retransmitted packet seq=6062
2026-03-19 09:34:35 | INFO | ConnectedDownlink | Retransmitted packet seq=6063
2026-03-19 09:34:35 | INFO | ConnectedDownlink | Retransmitted packet seq=6066
2026-03-19 09:34:35 | INFO | ConnectedDownlink | Retransmitted packet seq=6067
2026-03-19 09:34:35 | INFO | ConnectedDownlink | Retransmitted packet seq=6068
2026-03-19 09:34:35 | INFO | ConnectedDownlink | Retransmitted packet seq=6069
2026-03-19 09:34:35 | INFO | ConnectedDownlink | Retransmitted packet seq=6074
2026-03-19 09:34:35 | INFO | ConnectedDownlink | Retransmitted packet seq=6076
2026-03-19 09:34:35 | INFO | ConnectedDownlink | Retransmitted packet seq=6077
2026-03-19 09:34:35 | INFO | ConnectedDownlink | Retransmitted packet seq=6079
2026-03-19 09:34:35 | INFO | ConnectedDownlink | Retransmitted packet seq=6083
2026-03-19 09:34:35 | INFO | ConnectedDownlink | Retransmitted packet seq=6085
2026-03-19 09:34:35 | INFO | ConnectedDownlink | Retransmitted packet seq=6086
2026-03-19 09:34:35 | INFO | ConnectedDownlink | Retransmitted packet seq=6088
2026-03-19 09:34:35 | INFO | ConnectedDownlink | Retransmitted packet seq=6092
2026-03-19 09:34:35 | INFO | ConnectedDownlink | Retransmitted packet seq=6098
2026-03-19 09:34:35 | INFO | ConnectedDownlink | Retransmitted packet seq=6099
2026-03-19 09:34:35 | INFO | ConnectedDownlink | Retransmitted packet seq=6103
2026-03-19 09:34:35 | INFO | ConnectedDownlink | Retransmitted packet seq=6110
2026-03-19 09:34:35 | INFO | ConnectedDownlink | Retransmitted packet seq=6112
2026-03-19 09:34:35 | INFO | ConnectedDownlink | Retransmitted packet seq=6114
2026-03-19 09:34:35 | INFO | ConnectedDownlink | Retransmitted packet seq=6116
2026-03-19 09:34:35 | INFO | ConnectedDownlink | Retransmitted packet seq=6117
2026-03-19 09:34:35 | INFO | ConnectedDownlink | Retransmitted packet seq=6120
2026-03-19 09:34:35 | INFO | ConnectedDownlink | Retransmitted packet seq=6122
2026-03-19 09:34:35 | INFO | ConnectedDownlink | Retransmitted packet seq=6130
2026-03-19 09:34:35 | INFO | ConnectedDownlink | Retransmitted packet seq=6139
2026-03-19 09:34:35 | INFO | ConnectedDownlink | Retransmitted packet seq=6146
2026-03-19 09:34:35 | INFO | ConnectedDownlink | Retransmitted packet seq=6151
2026-03-19 09:34:35 | INFO | ConnectedDownlink | Retransmitted packet seq=6152
2026-03-19 09:34:35 | INFO | ConnectedDownlink | Retransmitted packet seq=6162
2026-03-19 09:34:35 | INFO | ConnectedDownlink | Retransmitted packet seq=6166
2026-03-19 09:34:35 | INFO | ConnectedDownlink | Retransmitted packet seq=6172
2026-03-19 09:34:35 | INFO | ConnectedDownlink | Retransmitted packet seq=6173
2026-03-19 09:34:35 | INFO | ConnectedDownlink | Retransmitted packet seq=6177
2026-03-19 09:34:35 | INFO | ConnectedDownlink | Retransmitted packet seq=6178
2026-03-19 09:34:35 | INFO | ConnectedDownlink | Retransmitted packet seq=6186
2026-03-19 09:34:35 | INFO | ConnectedDownlink | Retransmitted packet seq=6187
2026-03-19 09:34:35 | INFO | ConnectedDownlink | Retransmitted packet seq=6189
2026-03-19 09:34:35 | INFO | ConnectedDownlink | Retransmitted packet seq=6192
2026-03-19 09:34:35 | INFO | ConnectedDownlink | Retransmitted packet seq=6200
2026-03-19 09:34:35 | INFO | ConnectedDownlink | Retransmitted packet seq=6203
2026-03-19 09:34:35 | INFO | ConnectedDownlink | Retransmitted packet seq=6204
2026-03-19 09:34:36 | INFO | ConnectedDownlink | Retransmitted packet seq=6208
2026-03-19 09:34:36 | INFO | ConnectedDownlink | Retransmitted packet seq=6212
2026-03-19 09:34:36 | INFO | ConnectedDownlink | Retransmitted packet seq=6215
2026-03-19 09:34:36 | INFO | ConnectedDownlink | Retransmitted packet seq=6216
2026-03-19 09:34:36 | INFO | ConnectedDownlink | Retransmitted packet seq=6226
2026-03-19 09:34:36 | INFO | ConnectedDownlink | Retransmitted packet seq=6231
2026-03-19 09:34:36 | INFO | ConnectedDownlink | Retransmitted packet seq=6234
2026-03-19 09:34:36 | INFO | ConnectedDownlink | Retransmitted packet seq=6241
2026-03-19 09:34:36 | INFO | ConnectedDownlink | Retransmitted packet seq=6243
2026-03-19 09:34:36 | INFO | ConnectedDownlink | Retransmitted packet seq=6249
2026-03-19 09:34:36 | INFO | ConnectedDownlink | Retransmitted packet seq=6255
2026-03-19 09:34:36 | INFO | ConnectedDownlink | Retransmitted packet seq=6259
2026-03-19 09:34:36 | INFO | ConnectedDownlink | Retransmitted packet seq=6261
2026-03-19 09:34:36 | INFO | ConnectedDownlink | Retransmitted packet seq=6270
2026-03-19 09:34:36 | INFO | ConnectedDownlink | Retransmitted packet seq=6273
2026-03-19 09:34:36 | INFO | ConnectedDownlink | Retransmitted packet seq=6276
2026-03-19 09:34:36 | INFO | ConnectedDownlink | Retransmitted packet seq=6277
2026-03-19 09:34:36 | INFO | ConnectedDownlink | Retransmitted packet seq=6281
2026-03-19 09:34:36 | INFO | ConnectedDownlink | Retransmitted packet seq=6292
2026-03-19 09:34:36 | INFO | ConnectedDownlink | Retransmitted packet seq=6293
2026-03-19 09:34:36 | INFO | ConnectedDownlink | Retransmitted packet seq=6298
2026-03-19 09:34:36 | INFO | ConnectedDownlink | Retransmitted packet seq=6309
2026-03-19 09:34:36 | INFO | ConnectedDownlink | Retransmitted packet seq=6313
2026-03-19 09:34:36 | INFO | ConnectedDownlink | Retransmitted packet seq=6315
2026-03-19 09:34:36 | INFO | ConnectedDownlink | Retransmitted packet seq=6316
2026-03-19 09:34:36 | INFO | ConnectedDownlink | Retransmitted packet seq=6317
2026-03-19 09:34:36 | INFO | ConnectedDownlink | Retransmitted packet seq=6320
2026-03-19 09:34:36 | INFO | ConnectedDownlink | Retransmitted packet seq=6322
2026-03-19 09:34:36 | INFO | ConnectedDownlink | Retransmitted packet seq=6324
2026-03-19 09:34:36 | INFO | ConnectedDownlink | Retransmitted packet seq=6327
2026-03-19 09:34:36 | INFO | ConnectedDownlink | Retransmitted packet seq=6331
2026-03-19 09:34:36 | INFO | ConnectedDownlink | Retransmitted packet seq=6338
2026-03-19 09:34:36 | INFO | ConnectedDownlink | Retransmitted packet seq=6344
2026-03-19 09:34:36 | INFO | ConnectedDownlink | Retransmitted packet seq=6345
2026-03-19 09:34:36 | INFO | ConnectedDownlink | Retransmitted packet seq=6346
2026-03-19 09:34:36 | INFO | ConnectedDownlink | Retransmitted packet seq=6347
2026-03-19 09:34:36 | INFO | ConnectedDownlink | Retransmitted packet seq=6348
2026-03-19 09:34:36 | INFO | ConnectedDownlink | Retransmitted packet seq=6349
2026-03-19 09:34:36 | INFO | ConnectedDownlink | Retransmitted packet seq=6350
2026-03-19 09:34:36 | INFO | ConnectedDownlink | Retransmitted packet seq=6358
2026-03-19 09:34:36 | INFO | ConnectedDownlink | Retransmitted packet seq=6359
2026-03-19 09:34:36 | INFO | ConnectedDownlink | Retransmitted packet seq=6364
2026-03-19 09:34:36 | INFO | ConnectedDownlink | Retransmitted packet seq=6367
2026-03-19 09:34:36 | INFO | ConnectedDownlink | Retransmitted packet seq=6369
2026-03-19 09:34:36 | INFO | ConnectedDownlink | Retransmitted packet seq=6374
2026-03-19 09:34:36 | INFO | ConnectedDownlink | Retransmitted packet seq=6375
2026-03-19 09:34:36 | INFO | ConnectedDownlink | Retransmitted packet seq=6376
2026-03-19 09:34:36 | INFO | ConnectedDownlink | Retransmitted packet seq=6381
2026-03-19 09:34:36 | INFO | ConnectedDownlink | Retransmitted packet seq=6387
2026-03-19 09:34:36 | INFO | ConnectedDownlink | Retransmitted packet seq=6388
2026-03-19 09:34:36 | INFO | ConnectedDownlink | Retransmitted packet seq=6393
2026-03-19 09:34:36 | INFO | ConnectedDownlink | Retransmitted packet seq=6399
2026-03-19 09:34:36 | INFO | ConnectedDownlink | Retransmitted packet seq=6403
2026-03-19 09:34:36 | INFO | ConnectedDownlink | Retransmitted packet seq=6408
2026-03-19 09:34:36 | INFO | ConnectedDownlink | Retransmitted packet seq=6410
2026-03-19 09:34:36 | INFO | ConnectedDownlink | Retransmitted packet seq=6412
2026-03-19 09:34:36 | INFO | ConnectedDownlink | Retransmitted packet seq=6420
2026-03-19 09:34:36 | INFO | ConnectedDownlink | Retransmitted packet seq=6423
2026-03-19 09:34:36 | INFO | ConnectedDownlink | Retransmitted packet seq=6424
2026-03-19 09:34:36 | INFO | ConnectedDownlink | Retransmitted packet seq=6425
2026-03-19 09:34:36 | INFO | ConnectedDownlink | Retransmitted packet seq=6426
2026-03-19 09:34:36 | INFO | ConnectedDownlink | Retransmitted packet seq=6430
2026-03-19 09:34:36 | INFO | ConnectedDownlink | Retransmitted packet seq=6432
2026-03-19 09:34:36 | INFO | ConnectedDownlink | Retransmitted packet seq=6433
2026-03-19 09:34:36 | INFO | ConnectedDownlink | Retransmitted packet seq=6437
2026-03-19 09:34:36 | INFO | ConnectedDownlink | Retransmitted packet seq=6441
2026-03-19 09:34:36 | INFO | ConnectedDownlink | Retransmitted packet seq=6449
2026-03-19 09:34:36 | INFO | ConnectedDownlink | Retransmitted packet seq=6454
2026-03-19 09:34:36 | INFO | ConnectedDownlink | Retransmitted packet seq=6457
2026-03-19 09:34:36 | INFO | ConnectedDownlink | Retransmitted packet seq=6459
2026-03-19 09:34:37 | INFO | ConnectedDownlink | Retransmitted packet seq=6462
2026-03-19 09:34:37 | INFO | ConnectedDownlink | Retransmitted packet seq=6463
2026-03-19 09:34:37 | INFO | ConnectedDownlink | Retransmitted packet seq=6464
2026-03-19 09:34:37 | INFO | ConnectedDownlink | Retransmitted packet seq=6465
2026-03-19 09:34:37 | INFO | ConnectedDownlink | Retransmitted packet seq=6466
2026-03-19 09:34:37 | INFO | ConnectedDownlink | Retransmitted packet seq=6467
2026-03-19 09:34:37 | INFO | ConnectedDownlink | Retransmitted packet seq=6468
2026-03-19 09:34:37 | INFO | ConnectedDownlink | Retransmitted packet seq=6472
2026-03-19 09:34:37 | INFO | ConnectedDownlink | Retransmitted packet seq=6473
2026-03-19 09:34:37 | INFO | ConnectedDownlink | Retransmitted packet seq=6475
2026-03-19 09:34:37 | INFO | ConnectedDownlink | Retransmitted packet seq=6477
2026-03-19 09:34:37 | INFO | ConnectedDownlink | Retransmitted packet seq=6478
2026-03-19 09:34:37 | INFO | ConnectedDownlink | Retransmitted packet seq=6479
2026-03-19 09:34:37 | INFO | ConnectedDownlink | Retransmitted packet seq=6482
2026-03-19 09:34:37 | INFO | ConnectedDownlink | Retransmitted packet seq=6483
2026-03-19 09:34:37 | INFO | ConnectedDownlink | Retransmitted packet seq=6485
2026-03-19 09:34:37 | INFO | ConnectedDownlink | Retransmitted packet seq=6495
2026-03-19 09:34:37 | INFO | ConnectedDownlink | Retransmitted packet seq=6496
2026-03-19 09:34:37 | INFO | ConnectedDownlink | Retransmitted packet seq=6497
2026-03-19 09:34:37 | INFO | ConnectedDownlink | Retransmitted packet seq=6498
2026-03-19 09:34:37 | INFO | ConnectedDownlink | Retransmitted packet seq=6501
2026-03-19 09:34:37 | INFO | ConnectedDownlink | Retransmitted packet seq=6502
2026-03-19 09:34:37 | INFO | ConnectedDownlink | Retransmitted packet seq=6506
2026-03-19 09:34:37 | INFO | ConnectedDownlink | Retransmitted packet seq=6512
2026-03-19 09:34:37 | INFO | ConnectedDownlink | Retransmitted packet seq=6513
2026-03-19 09:34:37 | INFO | ConnectedDownlink | Retransmitted packet seq=6514
2026-03-19 09:34:37 | INFO | ConnectedDownlink | Retransmitted packet seq=6516
2026-03-19 09:34:37 | INFO | ConnectedDownlink | Retransmitted packet seq=6521
2026-03-19 09:34:37 | INFO | ConnectedDownlink | Retransmitted packet seq=6523
2026-03-19 09:34:37 | INFO | ConnectedDownlink | Retransmitted packet seq=6526
2026-03-19 09:34:37 | INFO | ConnectedDownlink | Retransmitted packet seq=6531
2026-03-19 09:34:37 | INFO | ConnectedDownlink | Retransmitted packet seq=6532
2026-03-19 09:34:37 | INFO | ConnectedDownlink | Retransmitted packet seq=6534
2026-03-19 09:34:37 | INFO | ConnectedDownlink | Retransmitted packet seq=6535
2026-03-19 09:34:37 | INFO | ConnectedDownlink | Retransmitted packet seq=6540
2026-03-19 09:34:37 | INFO | ConnectedDownlink | Retransmitted packet seq=6542
2026-03-19 09:34:37 | INFO | ConnectedDownlink | Retransmitted packet seq=6545
2026-03-19 09:34:37 | INFO | ConnectedDownlink | Retransmitted packet seq=6549
2026-03-19 09:34:37 | INFO | ConnectedDownlink | Retransmitted packet seq=6550
2026-03-19 09:34:37 | INFO | ConnectedDownlink | Retransmitted packet seq=6556
2026-03-19 09:34:37 | INFO | ConnectedDownlink | Retransmitted packet seq=6559
2026-03-19 09:34:37 | INFO | ConnectedDownlink | Retransmitted packet seq=6561
2026-03-19 09:34:37 | INFO | ConnectedDownlink | Retransmitted packet seq=6566
2026-03-19 09:34:37 | INFO | ConnectedDownlink | Retransmitted packet seq=6569
2026-03-19 09:34:37 | INFO | ConnectedDownlink | Retransmitted packet seq=6570
2026-03-19 09:34:37 | INFO | ConnectedDownlink | Retransmitted packet seq=6572
2026-03-19 09:34:37 | INFO | ConnectedDownlink | Retransmitted packet seq=6575
2026-03-19 09:34:37 | INFO | ConnectedDownlink | Retransmitted packet seq=6577
2026-03-19 09:34:37 | INFO | ConnectedDownlink | Retransmitted packet seq=6578
2026-03-19 09:34:37 | INFO | ConnectedDownlink | Retransmitted packet seq=6581
2026-03-19 09:34:37 | INFO | ConnectedDownlink | Retransmitted packet seq=6592
2026-03-19 09:34:37 | INFO | ConnectedDownlink | Retransmitted packet seq=6600
2026-03-19 09:34:37 | INFO | ConnectedDownlink | Retransmitted packet seq=6601
2026-03-19 09:34:37 | INFO | ConnectedDownlink | Retransmitted packet seq=6606
2026-03-19 09:34:37 | INFO | ConnectedDownlink | Retransmitted packet seq=6607
2026-03-19 09:34:37 | INFO | ConnectedDownlink | Retransmitted packet seq=6617
2026-03-19 09:34:37 | INFO | ConnectedDownlink | Retransmitted packet seq=6618
2026-03-19 09:34:37 | INFO | ConnectedDownlink | Retransmitted packet seq=6620
2026-03-19 09:34:37 | INFO | ConnectedDownlink | Retransmitted packet seq=6624
2026-03-19 09:34:37 | INFO | ConnectedDownlink | Retransmitted packet seq=6626
2026-03-19 09:34:37 | INFO | ConnectedDownlink | Retransmitted packet seq=6632
2026-03-19 09:34:37 | INFO | ConnectedDownlink | Retransmitted packet seq=6634
2026-03-19 09:34:37 | INFO | ConnectedDownlink | Retransmitted packet seq=6635
2026-03-19 09:34:37 | INFO | ConnectedDownlink | Retransmitted packet seq=6646
2026-03-19 09:34:38 | INFO | ConnectedDownlink | Retransmitted packet seq=6655
2026-03-19 09:34:38 | INFO | ConnectedDownlink | Retransmitted packet seq=6660
2026-03-19 09:34:38 | INFO | ConnectedDownlink | Retransmitted packet seq=6664
2026-03-19 09:34:38 | INFO | ConnectedDownlink | Retransmitted packet seq=6666
2026-03-19 09:34:38 | INFO | ConnectedDownlink | Retransmitted packet seq=6668
2026-03-19 09:34:38 | INFO | ConnectedDownlink | Retransmitted packet seq=6669
2026-03-19 09:34:38 | INFO | ConnectedDownlink | Retransmitted packet seq=6675
2026-03-19 09:34:38 | INFO | ConnectedDownlink | Retransmitted packet seq=6678
2026-03-19 09:34:38 | INFO | ConnectedDownlink | Retransmitted packet seq=6683
2026-03-19 09:34:38 | INFO | ConnectedDownlink | Retransmitted packet seq=6686
2026-03-19 09:34:38 | INFO | ConnectedDownlink | Retransmitted packet seq=6691
2026-03-19 09:34:38 | INFO | ConnectedDownlink | Retransmitted packet seq=6694
2026-03-19 09:34:38 | INFO | ConnectedDownlink | Retransmitted packet seq=6695
2026-03-19 09:34:38 | INFO | ConnectedDownlink | Retransmitted packet seq=6705
2026-03-19 09:34:38 | INFO | ConnectedDownlink | Retransmitted packet seq=6708
2026-03-19 09:34:38 | INFO | ConnectedDownlink | Retransmitted packet seq=6711
2026-03-19 09:34:38 | INFO | ConnectedDownlink | Retransmitted packet seq=6714
2026-03-19 09:34:38 | INFO | ConnectedDownlink | Retransmitted packet seq=6729
2026-03-19 09:34:38 | INFO | ConnectedDownlink | Retransmitted packet seq=6735
2026-03-19 09:34:38 | INFO | ConnectedDownlink | Retransmitted packet seq=6736
2026-03-19 09:34:38 | INFO | ConnectedDownlink | Retransmitted packet seq=6738
2026-03-19 09:34:38 | INFO | ConnectedDownlink | Retransmitted packet seq=6742
2026-03-19 09:34:38 | INFO | ConnectedDownlink | Retransmitted packet seq=6745
2026-03-19 09:34:38 | INFO | ConnectedDownlink | Retransmitted packet seq=6746
2026-03-19 09:34:38 | INFO | ConnectedDownlink | Retransmitted packet seq=6747
2026-03-19 09:34:38 | INFO | ConnectedDownlink | Retransmitted packet seq=6748
2026-03-19 09:34:38 | INFO | ConnectedDownlink | Retransmitted packet seq=6753
2026-03-19 09:34:38 | INFO | ConnectedDownlink | Retransmitted packet seq=6754
2026-03-19 09:34:38 | INFO | ConnectedDownlink | Retransmitted packet seq=6756
2026-03-19 09:34:38 | INFO | ConnectedDownlink | Retransmitted packet seq=6759
2026-03-19 09:34:38 | INFO | ConnectedDownlink | Retransmitted packet seq=6761
2026-03-19 09:34:38 | INFO | ConnectedDownlink | Retransmitted packet seq=6767
2026-03-19 09:34:38 | INFO | ConnectedDownlink | Retransmitted packet seq=6773
2026-03-19 09:34:38 | INFO | ConnectedDownlink | Retransmitted packet seq=6775
2026-03-19 09:34:38 | INFO | ConnectedDownlink | Retransmitted packet seq=6777
2026-03-19 09:34:38 | INFO | ConnectedDownlink | Retransmitted packet seq=6778
2026-03-19 09:34:38 | INFO | ConnectedDownlink | Retransmitted packet seq=6787
2026-03-19 09:34:38 | INFO | ConnectedDownlink | Retransmitted packet seq=6793
2026-03-19 09:34:38 | INFO | ConnectedDownlink | Retransmitted packet seq=6795
2026-03-19 09:34:38 | INFO | ConnectedDownlink | Retransmitted packet seq=6797
2026-03-19 09:34:38 | INFO | ConnectedDownlink | Retransmitted packet seq=6812
2026-03-19 09:34:38 | INFO | ConnectedDownlink | Retransmitted packet seq=6828
2026-03-19 09:34:38 | INFO | ConnectedDownlink | Retransmitted packet seq=6829
2026-03-19 09:34:38 | INFO | ConnectedDownlink | Retransmitted packet seq=6832
2026-03-19 09:34:38 | INFO | ConnectedDownlink | Retransmitted packet seq=6833
2026-03-19 09:34:38 | INFO | ConnectedDownlink | Retransmitted packet seq=6834
2026-03-19 09:34:38 | INFO | ConnectedDownlink | Retransmitted packet seq=6835
2026-03-19 09:34:38 | INFO | ConnectedDownlink | Retransmitted packet seq=6836
2026-03-19 09:34:38 | INFO | ConnectedDownlink | Retransmitted packet seq=6840
2026-03-19 09:34:38 | INFO | ConnectedDownlink | Retransmitted packet seq=6842
2026-03-19 09:34:38 | INFO | ConnectedDownlink | Retransmitted packet seq=6844
2026-03-19 09:34:38 | INFO | ConnectedDownlink | Retransmitted packet seq=6854
2026-03-19 09:34:38 | INFO | ConnectedDownlink | Retransmitted packet seq=6855
2026-03-19 09:34:38 | INFO | ConnectedDownlink | Retransmitted packet seq=6860
2026-03-19 09:34:38 | INFO | ConnectedDownlink | Retransmitted packet seq=6862
2026-03-19 09:34:38 | INFO | ConnectedDownlink | Retransmitted packet seq=6865
2026-03-19 09:34:38 | INFO | ConnectedDownlink | Retransmitted packet seq=6868
2026-03-19 09:34:38 | INFO | ConnectedDownlink | Retransmitted packet seq=6871
2026-03-19 09:34:38 | INFO | ConnectedDownlink | Retransmitted packet seq=6874
2026-03-19 09:34:38 | INFO | ConnectedDownlink | Retransmitted packet seq=6876
2026-03-19 09:34:38 | INFO | ConnectedDownlink | Retransmitted packet seq=6877
2026-03-19 09:34:38 | INFO | ConnectedDownlink | Retransmitted packet seq=6886
2026-03-19 09:34:38 | INFO | ConnectedDownlink | Retransmitted packet seq=6887
2026-03-19 09:34:38 | INFO | ConnectedDownlink | Retransmitted packet seq=6888
2026-03-19 09:34:39 | INFO | ConnectedDownlink | Retransmitted packet seq=6889
2026-03-19 09:34:39 | INFO | ConnectedDownlink | Retransmitted packet seq=6892
2026-03-19 09:34:39 | INFO | ConnectedDownlink | Retransmitted packet seq=6895
2026-03-19 09:34:39 | INFO | ConnectedDownlink | Retransmitted packet seq=6896
2026-03-19 09:34:39 | INFO | ConnectedDownlink | Retransmitted packet seq=6902
2026-03-19 09:34:39 | INFO | ConnectedDownlink | Retransmitted packet seq=6906
2026-03-19 09:34:39 | INFO | ConnectedDownlink | Retransmitted packet seq=6907
2026-03-19 09:34:39 | INFO | ConnectedDownlink | Retransmitted packet seq=6909
2026-03-19 09:34:39 | INFO | ConnectedDownlink | Retransmitted packet seq=6916
2026-03-19 09:34:39 | INFO | ConnectedDownlink | Retransmitted packet seq=6917
2026-03-19 09:34:39 | INFO | ConnectedDownlink | Retransmitted packet seq=6921
2026-03-19 09:34:39 | INFO | ConnectedDownlink | Retransmitted packet seq=6925
2026-03-19 09:34:39 | INFO | ConnectedDownlink | Retransmitted packet seq=6934
2026-03-19 09:34:39 | INFO | ConnectedDownlink | Retransmitted packet seq=6940
2026-03-19 09:34:39 | INFO | ConnectedDownlink | Retransmitted packet seq=6941
2026-03-19 09:34:39 | INFO | ConnectedDownlink | Retransmitted packet seq=6945
2026-03-19 09:34:39 | INFO | ConnectedDownlink | Retransmitted packet seq=6947
2026-03-19 09:34:39 | INFO | ConnectedDownlink | Retransmitted packet seq=6950
2026-03-19 09:34:39 | INFO | ConnectedDownlink | Retransmitted packet seq=6951
2026-03-19 09:34:39 | INFO | ConnectedDownlink | Retransmitted packet seq=6959
2026-03-19 09:34:39 | INFO | ConnectedDownlink | Retransmitted packet seq=6962
2026-03-19 09:34:39 | INFO | ConnectedDownlink | Retransmitted packet seq=6963
2026-03-19 09:34:39 | INFO | ConnectedDownlink | Retransmitted packet seq=6965
2026-03-19 09:34:39 | INFO | ConnectedDownlink | Retransmitted packet seq=6967
2026-03-19 09:34:39 | INFO | ConnectedDownlink | Retransmitted packet seq=6968
2026-03-19 09:34:39 | INFO | ConnectedDownlink | Retransmitted packet seq=6970
2026-03-19 09:34:39 | INFO | ConnectedDownlink | Retransmitted packet seq=6974
2026-03-19 09:34:39 | INFO | ConnectedDownlink | Retransmitted packet seq=6980
2026-03-19 09:34:39 | INFO | ConnectedDownlink | Retransmitted packet seq=6988
2026-03-19 09:34:39 | INFO | ConnectedDownlink | Retransmitted packet seq=6991
2026-03-19 09:34:39 | INFO | ConnectedDownlink | Retransmitted packet seq=6994
2026-03-19 09:34:39 | INFO | ConnectedDownlink | Retransmitted packet seq=6997
2026-03-19 09:34:39 | INFO | ConnectedDownlink | Retransmitted packet seq=6998
2026-03-19 09:34:39 | INFO | ConnectedDownlink | Retransmitted packet seq=7005
2026-03-19 09:34:39 | INFO | ConnectedDownlink | Retransmitted packet seq=7008
2026-03-19 09:34:39 | INFO | ConnectedDownlink | Retransmitted packet seq=7010
2026-03-19 09:34:39 | INFO | ConnectedDownlink | Retransmitted packet seq=7020
2026-03-19 09:34:39 | INFO | ConnectedDownlink | Retransmitted packet seq=7025
2026-03-19 09:34:39 | INFO | ConnectedDownlink | Retransmitted packet seq=7027
2026-03-19 09:34:39 | INFO | ConnectedDownlink | Retransmitted packet seq=7035
2026-03-19 09:34:39 | INFO | ConnectedDownlink | Retransmitted packet seq=7037
2026-03-19 09:34:39 | INFO | ConnectedDownlink | Retransmitted packet seq=7039
2026-03-19 09:34:39 | INFO | ConnectedDownlink | Retransmitted packet seq=7041
2026-03-19 09:34:39 | INFO | ConnectedDownlink | Retransmitted packet seq=7042
2026-03-19 09:34:39 | INFO | ConnectedDownlink | Retransmitted packet seq=7053
2026-03-19 09:34:39 | INFO | ConnectedDownlink | Retransmitted packet seq=7054
2026-03-19 09:34:39 | INFO | ConnectedDownlink | Retransmitted packet seq=7055
2026-03-19 09:34:39 | INFO | ConnectedDownlink | Retransmitted packet seq=7056
2026-03-19 09:34:39 | INFO | ConnectedDownlink | Retransmitted packet seq=7058
2026-03-19 09:34:39 | INFO | ConnectedDownlink | Retransmitted packet seq=7059
2026-03-19 09:34:39 | INFO | ConnectedDownlink | Retransmitted packet seq=7064
2026-03-19 09:34:39 | INFO | ConnectedDownlink | Retransmitted packet seq=7067
2026-03-19 09:34:39 | INFO | ConnectedDownlink | Retransmitted packet seq=7073
2026-03-19 09:34:39 | INFO | ConnectedDownlink | Retransmitted packet seq=7077
2026-03-19 09:34:39 | INFO | ConnectedDownlink | Retransmitted packet seq=7090
2026-03-19 09:34:39 | INFO | ConnectedDownlink | Retransmitted packet seq=7096
2026-03-19 09:34:39 | INFO | ConnectedDownlink | Retransmitted packet seq=7100
2026-03-19 09:34:39 | INFO | ConnectedDownlink | Retransmitted packet seq=7102
2026-03-19 09:34:39 | INFO | ConnectedDownlink | Retransmitted packet seq=7104
2026-03-19 09:34:39 | INFO | ConnectedDownlink | Retransmitted packet seq=7106
2026-03-19 09:34:39 | INFO | ConnectedDownlink | Retransmitted packet seq=7114
2026-03-19 09:34:39 | INFO | ConnectedDownlink | Retransmitted packet seq=7115
2026-03-19 09:34:39 | INFO | ConnectedDownlink | Retransmitted packet seq=7116
2026-03-19 09:34:39 | INFO | ConnectedDownlink | Retransmitted packet seq=7118
2026-03-19 09:34:39 | INFO | ConnectedDownlink | Retransmitted packet seq=7122
2026-03-19 09:34:39 | INFO | ConnectedDownlink | Retransmitted packet seq=7126
2026-03-19 09:34:39 | INFO | ConnectedDownlink | Retransmitted packet seq=7128
2026-03-19 09:34:39 | INFO | ConnectedDownlink | Retransmitted packet seq=7133
2026-03-19 09:34:39 | INFO | ConnectedDownlink | Retransmitted packet seq=7136
2026-03-19 09:34:39 | INFO | ConnectedDownlink | Retransmitted packet seq=7137
2026-03-19 09:34:39 | INFO | ConnectedDownlink | Retransmitted packet seq=7139
2026-03-19 09:34:39 | INFO | ConnectedDownlink | Retransmitted packet seq=7141
2026-03-19 09:34:40 | INFO | ConnectedDownlink | Retransmitted packet seq=7142
2026-03-19 09:34:40 | INFO | ConnectedDownlink | Retransmitted packet seq=7143
2026-03-19 09:34:40 | INFO | ConnectedDownlink | Retransmitted packet seq=7147
2026-03-19 09:34:40 | INFO | ConnectedDownlink | Retransmitted packet seq=7151
2026-03-19 09:34:40 | INFO | ConnectedDownlink | Retransmitted packet seq=7158
2026-03-19 09:34:40 | INFO | ConnectedDownlink | Retransmitted packet seq=7159
2026-03-19 09:34:40 | INFO | ConnectedDownlink | Retransmitted packet seq=7161
2026-03-19 09:34:40 | INFO | ConnectedDownlink | Retransmitted packet seq=7163
2026-03-19 09:34:40 | INFO | ConnectedDownlink | Retransmitted packet seq=7164
2026-03-19 09:34:40 | INFO | ConnectedDownlink | Retransmitted packet seq=7176
2026-03-19 09:34:40 | INFO | ConnectedDownlink | Retransmitted packet seq=7177
2026-03-19 09:34:40 | INFO | ConnectedDownlink | Retransmitted packet seq=7178
2026-03-19 09:34:40 | INFO | ConnectedDownlink | Retransmitted packet seq=7187
2026-03-19 09:34:40 | INFO | ConnectedDownlink | Retransmitted packet seq=7189
2026-03-19 09:34:40 | INFO | ConnectedDownlink | Retransmitted packet seq=7197
2026-03-19 09:34:40 | INFO | ConnectedDownlink | Retransmitted packet seq=7198
2026-03-19 09:34:40 | INFO | ConnectedDownlink | Retransmitted packet seq=7199
2026-03-19 09:34:40 | INFO | ConnectedDownlink | Retransmitted packet seq=7204
2026-03-19 09:34:40 | INFO | ConnectedDownlink | Retransmitted packet seq=7206
2026-03-19 09:34:40 | INFO | ConnectedDownlink | Retransmitted packet seq=7208
2026-03-19 09:34:40 | INFO | ConnectedDownlink | Retransmitted packet seq=7209
2026-03-19 09:34:40 | INFO | ConnectedDownlink | Retransmitted packet seq=7216
2026-03-19 09:34:40 | INFO | ConnectedDownlink | Retransmitted packet seq=7221
2026-03-19 09:34:40 | INFO | ConnectedDownlink | Retransmitted packet seq=7225
2026-03-19 09:34:40 | INFO | ConnectedDownlink | Retransmitted packet seq=7226
2026-03-19 09:34:40 | INFO | ConnectedDownlink | Retransmitted packet seq=7227
2026-03-19 09:34:40 | INFO | ConnectedDownlink | Retransmitted packet seq=7228
2026-03-19 09:34:40 | INFO | ConnectedDownlink | Retransmitted packet seq=7237
2026-03-19 09:34:40 | INFO | ConnectedDownlink | Retransmitted packet seq=7239
2026-03-19 09:34:40 | INFO | ConnectedDownlink | Retransmitted packet seq=7241
2026-03-19 09:34:40 | INFO | ConnectedDownlink | Retransmitted packet seq=7244
2026-03-19 09:34:40 | INFO | ConnectedDownlink | Retransmitted packet seq=7246
2026-03-19 09:34:40 | INFO | ConnectedDownlink | Retransmitted packet seq=7247
2026-03-19 09:34:40 | INFO | ConnectedDownlink | Retransmitted packet seq=7253
2026-03-19 09:34:40 | INFO | ConnectedDownlink | Retransmitted packet seq=7258
2026-03-19 09:34:40 | INFO | ConnectedDownlink | Retransmitted packet seq=7260
2026-03-19 09:34:40 | INFO | ConnectedDownlink | Retransmitted packet seq=7261
2026-03-19 09:34:40 | INFO | ConnectedDownlink | Retransmitted packet seq=7262
2026-03-19 09:34:40 | INFO | ConnectedDownlink | Retransmitted packet seq=7263
2026-03-19 09:34:40 | INFO | ConnectedDownlink | Retransmitted packet seq=7264
2026-03-19 09:34:40 | INFO | ConnectedDownlink | Retransmitted packet seq=7266
2026-03-19 09:34:40 | INFO | ConnectedDownlink | Retransmitted packet seq=7267
2026-03-19 09:34:40 | INFO | ConnectedDownlink | Retransmitted packet seq=7268
2026-03-19 09:34:40 | INFO | ConnectedDownlink | Retransmitted packet seq=7270
2026-03-19 09:34:40 | INFO | ConnectedDownlink | Retransmitted packet seq=7272
2026-03-19 09:34:40 | INFO | ConnectedDownlink | Retransmitted packet seq=7274
2026-03-19 09:37:31 | INFO | ConnectedDownlink | GroundStation ConnectedDownlink: on_exit
2026-03-19 09:37:31 | INFO | ConnectedDownlink | Satellite ConnectedDownlink: on_exit
2026-03-19 09:37:31 | INFO | ConnectedDownlink | Satellite serve_loop cancelled
2026-03-19 09:37:35 | INFO | ConnectedDownlink | No activity detected, switching to Connectionless Downlink Mode
2026-03-19 09:37:35 | INFO | ConnectedDownlink | No activity detected, switching to Connectionless Downlink Mode
2026-03-19 09:38:02 | INFO | ConnectedDownlink | Entered ConnectedDownlink mode
2026-03-19 09:38:02 | INFO | ConnectedDownlink | ConnectedDownlink entered
2026-03-19 09:38:02 | INFO | ConnectedDownlink | starting activity timer for 180
2026-03-19 09:38:02 | INFO | ConnectedDownlink | Satellite serve_loop started (implicit-ACK mode)
2026-03-19 09:38:02 | INFO | ConnectedDownlink | Entered ConnectedDownlink mode
2026-03-19 09:38:02 | INFO | ConnectedDownlink | ConnectedDownlink entered
2026-03-19 09:38:02 | INFO | ConnectedDownlink | starting activity timer for 180
2026-03-19 09:38:02 | INFO | ConnectedDownlink | retransmit_loop started (implicit-ACK mode)
2026-03-19 09:38:02 | INFO | ConnectedDownlink | Requesting retransmission of [6000, 6001, 6002, 6003, 6004, 6005, 6006, 6007, 6008, 6009, 6010, 6011, 6046, 6047, 6048, 6050, 6051, 6058, 6059, 6062, 6063, 6066, 6067, 6068, 6069, 6074, 6076, 6077, 6079, 6083, 6085, 6086, 6088, 6092, 6098, 6099, 6103, 6110, 6112, 6114, 6116, 6117, 6120, 6122, 6130, 6139, 6146, 6151, 6152, 6162, 6166, 6172, 6173, 6177, 6178, 6186, 6187, 6189, 6192, 6200, 6203, 6204, 6208, 6212, 6215, 6216, 6226, 6231, 6234, 6241, 6243, 6249, 6255, 6259, 6261, 6270, 6273, 6276, 6277, 6281, 6292, 6293, 6298, 6309, 6313, 6315, 6316, 6317, 6320, 6322, 6324, 6327, 6331, 6338, 6344, 6345, 6346, 6347, 6348, 6349, 6350, 6358, 6359, 6364, 6367, 6369, 6374, 6375, 6376, 6381, 6387, 6388, 6393, 6399, 6403, 6408, 6410, 6412, 6420, 6423, 6424, 6425, 6426, 6430, 6432, 6433, 6437, 6441, 6449, 6454, 6457, 6459, 6462, 6463, 6464, 6465, 6466, 6467, 6468, 6472, 6473, 6475, 6477, 6478, 6479, 6482, 6483, 6485, 6495, 6496, 6497, 6498, 6501, 6502, 6506, 6512, 6513, 6514, 6516, 6521, 6523, 6526, 6531, 6532, 6534, 6535, 6540, 6542, 6545, 6549, 6550, 6556, 6559, 6561, 6566, 6569, 6570, 6572, 6575, 6577, 6578, 6581, 6592, 6600, 6601, 6606, 6607, 6617, 6618, 6620, 6624, 6626, 6632, 6634, 6635, 6646, 6655, 6660, 6664, 6666, 6668, 6669, 6675, 6678, 6683, 6686, 6691, 6694, 6695, 6705, 6708, 6711, 6714, 6729, 6735, 6736, 6738, 6742, 6745, 6746, 6747, 6748, 6753, 6754, 6756, 6759, 6761, 6767, 6773, 6775, 6777, 6778, 6787, 6793, 6795, 6797, 6812, 6828, 6829, 6832, 6833, 6834, 6835, 6836, 6840, 6842, 6844, 6854, 6855, 6860, 6862, 6865, 6868, 6871, 6874, 6876, 6877, 6886, 6887, 6888, 6889, 6892, 6895, 6896, 6902, 6906, 6907, 6909, 6916, 6917, 6921, 6925, 6934, 6940, 6941, 6945, 6947, 6950, 6951, 6959, 6962, 6963, 6965, 6967, 6968, 6970, 6974, 6980, 6988, 6991, 6994, 6997, 6998, 7005, 7008, 7010, 7020, 7025, 7027, 7035, 7037, 7039, 7041, 7042, 7053, 7054, 7055, 7056, 7058, 7059, 7064, 7067, 7073, 7077, 7090, 7096, 7100, 7102, 7104, 7106, 7114, 7115, 7116, 7118, 7122, 7126, 7128, 7133, 7136, 7137, 7139, 7141, 7142, 7143, 7147, 7151, 7158, 7159, 7161, 7163, 7164, 7176, 7177, 7178, 7187, 7189, 7197, 7198, 7199, 7204, 7206, 7208, 7209, 7216, 7221, 7225, 7226, 7227, 7228, 7237, 7239, 7241, 7244, 7246, 7247, 7253, 7258, 7260, 7261, 7262, 7263, 7264, 7266, 7267, 7268, 7270, 7272, 7274, 7280, 7282, 7285, 7290, 7293, 7298, 7299, 7303]
2026-03-19 09:38:02 | INFO | ConnectedDownlink | SENDING RETRANSMISSION REQUEST [6000, 6001, 6002, 6003, 6004, 6005, 6006, 6007, 6008, 6009, 6010, 6011, 6046, 6047, 6048, 6050, 6051, 6058, 6059, 6062, 6063, 6066, 6067, 6068, 6069, 6074, 6076, 6077, 6079, 6083, 6085, 6086, 6088, 6092, 6098, 6099, 6103, 6110, 6112, 6114, 6116, 6117, 6120, 6122, 6130, 6139, 6146, 6151, 6152, 6162, 6166, 6172, 6173, 6177, 6178, 6186, 6187, 6189, 6192, 6200, 6203, 6204, 6208, 6212, 6215, 6216, 6226, 6231, 6234, 6241, 6243, 6249, 6255, 6259, 6261, 6270, 6273, 6276, 6277, 6281, 6292, 6293, 6298, 6309, 6313, 6315, 6316, 6317, 6320, 6322, 6324, 6327, 6331, 6338, 6344, 6345, 6346, 6347, 6348, 6349, 6350, 6358, 6359, 6364, 6367, 6369, 6374, 6375, 6376, 6381, 6387, 6388, 6393, 6399, 6403, 6408, 6410, 6412, 6420, 6423, 6424, 6425, 6426, 6430, 6432, 6433, 6437, 6441, 6449, 6454, 6457, 6459, 6462, 6463, 6464, 6465, 6466, 6467, 6468, 6472, 6473, 6475, 6477, 6478, 6479, 6482, 6483, 6485, 6495, 6496, 6497, 6498, 6501, 6502, 6506, 6512, 6513, 6514, 6516, 6521, 6523, 6526, 6531, 6532, 6534, 6535, 6540, 6542, 6545, 6549, 6550, 6556, 6559, 6561, 6566, 6569, 6570, 6572, 6575, 6577, 6578, 6581, 6592, 6600, 6601, 6606, 6607, 6617, 6618, 6620, 6624, 6626, 6632, 6634, 6635, 6646, 6655, 6660, 6664, 6666, 6668, 6669, 6675, 6678, 6683, 6686, 6691, 6694, 6695, 6705, 6708, 6711, 6714, 6729, 6735, 6736, 6738, 6742, 6745, 6746, 6747, 6748, 6753, 6754, 6756, 6759, 6761, 6767, 6773, 6775, 6777, 6778, 6787, 6793, 6795, 6797, 6812, 6828, 6829, 6832, 6833, 6834, 6835, 6836, 6840, 6842, 6844, 6854, 6855, 6860, 6862, 6865, 6868, 6871, 6874, 6876, 6877, 6886, 6887, 6888, 6889, 6892, 6895, 6896, 6902, 6906, 6907, 6909, 6916, 6917, 6921, 6925, 6934, 6940, 6941, 6945, 6947, 6950, 6951, 6959, 6962, 6963, 6965, 6967, 6968, 6970, 6974, 6980, 6988, 6991, 6994, 6997, 6998, 7005, 7008, 7010, 7020, 7025, 7027, 7035, 7037, 7039, 7041, 7042, 7053, 7054, 7055, 7056, 7058, 7059, 7064, 7067, 7073, 7077, 7090, 7096, 7100, 7102, 7104, 7106, 7114, 7115, 7116, 7118, 7122, 7126, 7128, 7133, 7136, 7137, 7139, 7141, 7142, 7143, 7147, 7151, 7158, 7159, 7161, 7163, 7164, 7176, 7177, 7178, 7187, 7189, 7197, 7198, 7199, 7204, 7206, 7208, 7209, 7216, 7221, 7225, 7226, 7227, 7228, 7237, 7239, 7241, 7244, 7246, 7247, 7253, 7258, 7260, 7261, 7262, 7263, 7264, 7266, 7267, 7268, 7270, 7272, 7274, 7280, 7282, 7285, 7290, 7293, 7298, 7299, 7303] (attempt 1/5)
2026-03-19 09:38:02 | INFO | ConnectedDownlink | RETRANSMIT_REQUEST received: [6000, 6001, 6002, 6003, 6004, 6005, 6006, 6007, 6008, 6009, 6010, 6011, 6046, 6047, 6048, 6050, 6051, 6058, 6059, 6062, 6063, 6066, 6067, 6068, 6069, 6074, 6076, 6077, 6079, 6083, 6085, 6086, 6088, 6092, 6098, 6099, 6103, 6110, 6112, 6114, 6116, 6117, 6120, 6122, 6130, 6139, 6146, 6151, 6152, 6162, 6166, 6172, 6173, 6177, 6178, 6186, 6187, 6189, 6192, 6200, 6203, 6204, 6208, 6212, 6215, 6216, 6226, 6231, 6234, 6241, 6243, 6249, 6255, 6259, 6261, 6270, 6273, 6276, 6277, 6281, 6292, 6293, 6298, 6309, 6313, 6315, 6316, 6317, 6320, 6322, 6324, 6327, 6331, 6338, 6344, 6345, 6346, 6347, 6348, 6349, 6350, 6358, 6359, 6364, 6367, 6369, 6374, 6375, 6376, 6381, 6387, 6388, 6393, 6399, 6403, 6408, 6410, 6412, 6420, 6423, 6424, 6425, 6426, 6430, 6432, 6433, 6437, 6441, 6449, 6454, 6457, 6459, 6462, 6463, 6464, 6465, 6466, 6467, 6468, 6472, 6473, 6475, 6477, 6478, 6479, 6482, 6483, 6485, 6495, 6496, 6497, 6498, 6501, 6502, 6506, 6512, 6513, 6514, 6516, 6521, 6523, 6526, 6531, 6532, 6534, 6535, 6540, 6542, 6545, 6549, 6550, 6556, 6559, 6561, 6566, 6569, 6570, 6572, 6575, 6577, 6578, 6581, 6592, 6600, 6601, 6606, 6607, 6617, 6618, 6620, 6624, 6626, 6632, 6634, 6635, 6646, 6655, 6660, 6664, 6666, 6668, 6669, 6675, 6678, 6683, 6686, 6691, 6694, 6695, 6705, 6708, 6711, 6714, 6729, 6735, 6736, 6738, 6742, 6745, 6746, 6747, 6748, 6753, 6754, 6756, 6759, 6761, 6767, 6773, 6775, 6777, 6778, 6787, 6793, 6795, 6797, 6812, 6828, 6829, 6832, 6833, 6834, 6835, 6836, 6840, 6842, 6844, 6854, 6855, 6860, 6862, 6865, 6868, 6871, 6874, 6876, 6877, 6886, 6887, 6888, 6889, 6892, 6895, 6896, 6902, 6906, 6907, 6909, 6916, 6917, 6921, 6925, 6934, 6940, 6941, 6945, 6947, 6950, 6951, 6959, 6962, 6963, 6965, 6967, 6968, 6970, 6974, 6980, 6988, 6991, 6994, 6997, 6998, 7005, 7008, 7010, 7020, 7025, 7027, 7035, 7037, 7039, 7041, 7042, 7053, 7054, 7055, 7056, 7058, 7059, 7064, 7067, 7073, 7077, 7090, 7096, 7100, 7102, 7104, 7106, 7114, 7115, 7116, 7118, 7122, 7126, 7128, 7133, 7136, 7137, 7139, 7141, 7142, 7143, 7147, 7151, 7158, 7159, 7161, 7163, 7164, 7176, 7177, 7178, 7187, 7189, 7197, 7198, 7199, 7204, 7206, 7208, 7209, 7216, 7221, 7225, 7226, 7227, 7228, 7237, 7239, 7241, 7244, 7246, 7247, 7253, 7258, 7260, 7261, 7262, 7263, 7264, 7266, 7267, 7268, 7270, 7272, 7274, 7280, 7282, 7285, 7290, 7293, 7298, 7299, 7303]
2026-03-19 09:38:02 | INFO | ConnectedDownlink | Serving retransmit request: {6146, 6151, 6152, 6162, 6166, 6172, 6173, 6177, 6178, 6186, 6187, 6189, 6192, 6200, 6203, 6204, 6208, 6212, 6215, 6216, 6226, 6231, 6234, 6241, 6243, 6249, 6255, 6259, 6261, 6270, 6273, 6276, 6277, 6281, 6292, 6293, 6298, 6309, 6313, 6315, 6316, 6317, 6320, 6322, 6324, 6327, 6331, 6338, 6344, 6345, 6346, 6347, 6348, 6349, 6350, 6358, 6359, 6364, 6367, 6369, 6374, 6375, 6376, 6381, 6387, 6388, 6393, 6399, 6403, 6408, 6410, 6412, 6420, 6423, 6424, 6425, 6426, 6430, 6432, 6433, 6437, 6441, 6449, 6454, 6457, 6459, 6462, 6463, 6464, 6465, 6466, 6467, 6468, 6472, 6473, 6475, 6477, 6478, 6479, 6482, 6483, 6485, 6495, 6496, 6497, 6498, 6501, 6502, 6506, 6512, 6513, 6514, 6516, 6521, 6523, 6526, 6531, 6532, 6534, 6535, 6540, 6542, 6545, 6549, 6550, 6556, 6559, 6561, 6566, 6569, 6570, 6572, 6575, 6577, 6578, 6581, 6592, 6600, 6601, 6606, 6607, 6617, 6618, 6620, 6624, 6626, 6632, 6634, 6635, 6646, 6655, 6660, 6664, 6666, 6668, 6669, 6675, 6678, 6683, 6686, 6691, 6694, 6695, 6705, 6708, 6711, 6714, 6729, 6735, 6736, 6738, 6742, 6745, 6746, 6747, 6748, 6753, 6754, 6756, 6759, 6761, 6767, 6773, 6775, 6777, 6778, 6787, 6793, 6795, 6797, 6812, 6828, 6829, 6832, 6833, 6834, 6835, 6836, 6840, 6842, 6844, 6854, 6855, 6860, 6862, 6865, 6868, 6871, 6874, 6876, 6877, 6886, 6887, 6888, 6889, 6892, 6895, 6896, 6902, 6906, 6907, 6909, 6916, 6917, 6921, 6925, 6934, 6940, 6941, 6945, 6947, 6950, 6951, 6959, 6962, 6963, 6965, 6967, 6968, 6970, 6974, 6980, 6988, 6991, 6994, 6997, 6998, 7005, 7008, 7010, 7020, 7025, 7027, 7035, 7037, 7039, 7041, 7042, 7053, 7054, 7055, 7056, 7058, 7059, 7064, 7067, 7073, 7077, 7090, 7096, 7100, 7102, 7104, 7106, 7114, 7115, 7116, 7118, 7122, 7126, 7128, 7133, 7136, 7137, 7139, 7141, 7142, 7143, 7147, 7151, 7158, 7159, 7161, 7163, 7164, 7176, 7177, 7178, 7187, 7189, 7197, 7198, 7199, 7204, 7206, 7208, 7209, 7216, 7221, 7225, 7226, 7227, 7228, 7237, 7239, 7241, 7244, 7246, 7247, 7253, 7258, 7260, 7261, 7262, 7263, 7264, 7266, 7267, 7268, 7270, 7272, 7274, 7280, 7282, 7285, 7290, 7293, 7298, 7299, 7303, 6000, 6001, 6002, 6003, 6004, 6005, 6006, 6007, 6008, 6009, 6010, 6011, 6046, 6047, 6048, 6050, 6051, 6058, 6059, 6062, 6063, 6066, 6067, 6068, 6069, 6074, 6076, 6077, 6079, 6083, 6085, 6086, 6088, 6092, 6098, 6099, 6103, 6110, 6112, 6114, 6116, 6117, 6120, 6122, 6130, 6139}
2026-03-19 09:38:02 | INFO | ConnectedDownlink | Retransmitted packet seq=6000
2026-03-19 09:38:02 | INFO | ConnectedDownlink | Retransmitted packet seq=6001
2026-03-19 09:38:02 | INFO | ConnectedDownlink | Retransmitted packet seq=6002
2026-03-19 09:38:02 | INFO | ConnectedDownlink | Retransmitted packet seq=6003
2026-03-19 09:38:02 | INFO | ConnectedDownlink | Retransmitted packet seq=6004
2026-03-19 09:38:02 | INFO | ConnectedDownlink | Retransmitted packet seq=6005
2026-03-19 09:38:02 | INFO | ConnectedDownlink | Retransmitted packet seq=6006
2026-03-19 09:38:02 | INFO | ConnectedDownlink | Retransmitted packet seq=6007
2026-03-19 09:38:02 | INFO | ConnectedDownlink | Retransmitted packet seq=6008
2026-03-19 09:38:03 | INFO | ConnectedDownlink | Retransmitted packet seq=6009
2026-03-19 09:38:03 | INFO | ConnectedDownlink | Retransmitted packet seq=6010
2026-03-19 09:38:03 | INFO | ConnectedDownlink | Retransmitted packet seq=6011
2026-03-19 09:38:03 | INFO | ConnectedDownlink | Retransmitted packet seq=6046
2026-03-19 09:38:03 | INFO | ConnectedDownlink | Retransmitted packet seq=6047
2026-03-19 09:38:03 | INFO | ConnectedDownlink | Retransmitted packet seq=6048
2026-03-19 09:38:03 | INFO | ConnectedDownlink | Retransmitted packet seq=6050
2026-03-19 09:38:03 | INFO | ConnectedDownlink | Retransmitted packet seq=6051
2026-03-19 09:38:03 | INFO | ConnectedDownlink | Retransmitted packet seq=6058
2026-03-19 09:38:03 | INFO | ConnectedDownlink | Retransmitted packet seq=6059
2026-03-19 09:38:03 | INFO | ConnectedDownlink | Retransmitted packet seq=6062
2026-03-19 09:38:03 | INFO | ConnectedDownlink | Retransmitted packet seq=6063
2026-03-19 09:38:03 | INFO | ConnectedDownlink | Retransmitted packet seq=6066
2026-03-19 09:38:03 | INFO | ConnectedDownlink | Retransmitted packet seq=6067
2026-03-19 09:38:03 | INFO | ConnectedDownlink | Retransmitted packet seq=6068
2026-03-19 09:38:03 | INFO | ConnectedDownlink | Retransmitted packet seq=6069
2026-03-19 09:38:03 | INFO | ConnectedDownlink | Retransmitted packet seq=6074
2026-03-19 09:38:03 | INFO | ConnectedDownlink | Retransmitted packet seq=6076
2026-03-19 09:38:03 | INFO | ConnectedDownlink | Retransmitted packet seq=6077
2026-03-19 09:38:03 | INFO | ConnectedDownlink | Retransmitted packet seq=6079
2026-03-19 09:38:03 | INFO | ConnectedDownlink | Retransmitted packet seq=6083
2026-03-19 09:38:03 | INFO | ConnectedDownlink | Retransmitted packet seq=6085
2026-03-19 09:38:03 | INFO | ConnectedDownlink | Retransmitted packet seq=6086
2026-03-19 09:38:03 | INFO | ConnectedDownlink | Retransmitted packet seq=6088
2026-03-19 09:38:03 | INFO | ConnectedDownlink | Retransmitted packet seq=6092
2026-03-19 09:38:03 | INFO | ConnectedDownlink | Retransmitted packet seq=6098
2026-03-19 09:38:03 | INFO | ConnectedDownlink | Retransmitted packet seq=6099
2026-03-19 09:38:03 | INFO | ConnectedDownlink | Retransmitted packet seq=6103
2026-03-19 09:38:03 | INFO | ConnectedDownlink | Retransmitted packet seq=6110
2026-03-19 09:38:03 | INFO | ConnectedDownlink | Retransmitted packet seq=6112
2026-03-19 09:38:03 | INFO | ConnectedDownlink | Retransmitted packet seq=6114
2026-03-19 09:38:03 | INFO | ConnectedDownlink | Retransmitted packet seq=6116
2026-03-19 09:38:03 | INFO | ConnectedDownlink | Retransmitted packet seq=6117
2026-03-19 09:38:03 | INFO | ConnectedDownlink | Retransmitted packet seq=6120
2026-03-19 09:38:03 | INFO | ConnectedDownlink | Retransmitted packet seq=6122
2026-03-19 09:38:03 | INFO | ConnectedDownlink | Retransmitted packet seq=6130
2026-03-19 09:38:03 | INFO | ConnectedDownlink | Retransmitted packet seq=6139
2026-03-19 09:38:03 | INFO | ConnectedDownlink | Retransmitted packet seq=6146
2026-03-19 09:38:03 | INFO | ConnectedDownlink | Retransmitted packet seq=6151
2026-03-19 09:38:03 | INFO | ConnectedDownlink | Retransmitted packet seq=6152
2026-03-19 09:38:03 | INFO | ConnectedDownlink | Retransmitted packet seq=6162
2026-03-19 09:38:03 | INFO | ConnectedDownlink | Retransmitted packet seq=6166
2026-03-19 09:38:03 | INFO | ConnectedDownlink | Retransmitted packet seq=6172
2026-03-19 09:38:03 | INFO | ConnectedDownlink | Retransmitted packet seq=6173
2026-03-19 09:38:03 | INFO | ConnectedDownlink | Retransmitted packet seq=6177
2026-03-19 09:38:03 | INFO | ConnectedDownlink | Retransmitted packet seq=6178
2026-03-19 09:38:03 | INFO | ConnectedDownlink | Retransmitted packet seq=6186
2026-03-19 09:38:03 | INFO | ConnectedDownlink | Retransmitted packet seq=6187
2026-03-19 09:38:03 | INFO | ConnectedDownlink | Retransmitted packet seq=6189
2026-03-19 09:38:03 | INFO | ConnectedDownlink | Retransmitted packet seq=6192
2026-03-19 09:38:03 | INFO | ConnectedDownlink | Retransmitted packet seq=6200
2026-03-19 09:38:03 | INFO | ConnectedDownlink | Retransmitted packet seq=6203
2026-03-19 09:38:03 | INFO | ConnectedDownlink | Retransmitted packet seq=6204
2026-03-19 09:38:03 | INFO | ConnectedDownlink | Retransmitted packet seq=6208
2026-03-19 09:38:03 | INFO | ConnectedDownlink | Retransmitted packet seq=6212
2026-03-19 09:38:03 | INFO | ConnectedDownlink | Retransmitted packet seq=6215
2026-03-19 09:38:03 | INFO | ConnectedDownlink | Retransmitted packet seq=6216
2026-03-19 09:38:03 | INFO | ConnectedDownlink | Retransmitted packet seq=6226
2026-03-19 09:38:03 | INFO | ConnectedDownlink | Retransmitted packet seq=6231
2026-03-19 09:38:03 | INFO | ConnectedDownlink | Retransmitted packet seq=6234
2026-03-19 09:38:03 | INFO | ConnectedDownlink | Retransmitted packet seq=6241
2026-03-19 09:38:03 | INFO | ConnectedDownlink | Retransmitted packet seq=6243
2026-03-19 09:38:03 | INFO | ConnectedDownlink | Retransmitted packet seq=6249
2026-03-19 09:38:03 | INFO | ConnectedDownlink | Retransmitted packet seq=6255
2026-03-19 09:38:03 | INFO | ConnectedDownlink | Retransmitted packet seq=6259
2026-03-19 09:38:03 | INFO | ConnectedDownlink | Retransmitted packet seq=6261
2026-03-19 09:38:03 | INFO | ConnectedDownlink | Retransmitted packet seq=6270
2026-03-19 09:38:03 | INFO | ConnectedDownlink | Retransmitted packet seq=6273
2026-03-19 09:38:04 | INFO | ConnectedDownlink | Retransmitted packet seq=6276
2026-03-19 09:38:04 | INFO | ConnectedDownlink | Retransmitted packet seq=6277
2026-03-19 09:38:04 | INFO | ConnectedDownlink | Retransmitted packet seq=6281
2026-03-19 09:38:04 | INFO | ConnectedDownlink | Retransmitted packet seq=6292
2026-03-19 09:38:04 | INFO | ConnectedDownlink | Retransmitted packet seq=6293
2026-03-19 09:38:04 | INFO | ConnectedDownlink | Retransmitted packet seq=6298
2026-03-19 09:38:04 | INFO | ConnectedDownlink | Retransmitted packet seq=6309
2026-03-19 09:38:04 | INFO | ConnectedDownlink | Retransmitted packet seq=6313
2026-03-19 09:38:04 | INFO | ConnectedDownlink | Retransmitted packet seq=6315
2026-03-19 09:38:04 | INFO | ConnectedDownlink | Retransmitted packet seq=6316
2026-03-19 09:38:04 | INFO | ConnectedDownlink | Retransmitted packet seq=6317
2026-03-19 09:38:04 | INFO | ConnectedDownlink | Retransmitted packet seq=6320
2026-03-19 09:38:04 | INFO | ConnectedDownlink | Retransmitted packet seq=6322
2026-03-19 09:38:04 | INFO | ConnectedDownlink | Retransmitted packet seq=6324
2026-03-19 09:38:04 | INFO | ConnectedDownlink | Retransmitted packet seq=6327
2026-03-19 09:38:04 | INFO | ConnectedDownlink | Retransmitted packet seq=6331
2026-03-19 09:38:04 | INFO | ConnectedDownlink | Retransmitted packet seq=6338
2026-03-19 09:38:04 | INFO | ConnectedDownlink | Retransmitted packet seq=6344
2026-03-19 09:38:04 | INFO | ConnectedDownlink | Retransmitted packet seq=6345
2026-03-19 09:38:04 | INFO | ConnectedDownlink | Retransmitted packet seq=6346
2026-03-19 09:38:04 | INFO | ConnectedDownlink | Retransmitted packet seq=6347
2026-03-19 09:38:04 | INFO | ConnectedDownlink | Retransmitted packet seq=6348
2026-03-19 09:38:04 | INFO | ConnectedDownlink | Retransmitted packet seq=6349
2026-03-19 09:38:04 | INFO | ConnectedDownlink | Retransmitted packet seq=6350
2026-03-19 09:38:04 | INFO | ConnectedDownlink | Retransmitted packet seq=6358
2026-03-19 09:38:04 | INFO | ConnectedDownlink | Retransmitted packet seq=6359
2026-03-19 09:38:04 | INFO | ConnectedDownlink | Retransmitted packet seq=6364
2026-03-19 09:38:04 | INFO | ConnectedDownlink | Retransmitted packet seq=6367
2026-03-19 09:38:04 | INFO | ConnectedDownlink | Retransmitted packet seq=6369
2026-03-19 09:38:04 | INFO | ConnectedDownlink | Retransmitted packet seq=6374
2026-03-19 09:38:04 | INFO | ConnectedDownlink | Retransmitted packet seq=6375
2026-03-19 09:38:04 | INFO | ConnectedDownlink | Retransmitted packet seq=6376
2026-03-19 09:38:04 | INFO | ConnectedDownlink | Retransmitted packet seq=6381
2026-03-19 09:38:04 | INFO | ConnectedDownlink | Retransmitted packet seq=6387
2026-03-19 09:38:04 | INFO | ConnectedDownlink | Retransmitted packet seq=6388
2026-03-19 09:38:04 | INFO | ConnectedDownlink | Retransmitted packet seq=6393
2026-03-19 09:38:04 | INFO | ConnectedDownlink | Retransmitted packet seq=6399
2026-03-19 09:38:04 | INFO | ConnectedDownlink | Retransmitted packet seq=6403
2026-03-19 09:38:04 | INFO | ConnectedDownlink | Retransmitted packet seq=6408
2026-03-19 09:38:04 | INFO | ConnectedDownlink | Retransmitted packet seq=6410
2026-03-19 09:38:04 | INFO | ConnectedDownlink | Retransmitted packet seq=6412
2026-03-19 09:38:04 | INFO | ConnectedDownlink | Retransmitted packet seq=6420
2026-03-19 09:38:04 | INFO | ConnectedDownlink | Retransmitted packet seq=6423
2026-03-19 09:38:04 | INFO | ConnectedDownlink | Retransmitted packet seq=6424
2026-03-19 09:38:04 | INFO | ConnectedDownlink | Retransmitted packet seq=6425
2026-03-19 09:38:04 | INFO | ConnectedDownlink | Retransmitted packet seq=6426
2026-03-19 09:38:04 | INFO | ConnectedDownlink | Retransmitted packet seq=6430
2026-03-19 09:38:04 | INFO | ConnectedDownlink | Retransmitted packet seq=6432
2026-03-19 09:38:04 | INFO | ConnectedDownlink | Retransmitted packet seq=6433
2026-03-19 09:38:04 | INFO | ConnectedDownlink | Retransmitted packet seq=6437
2026-03-19 09:38:04 | INFO | ConnectedDownlink | Retransmitted packet seq=6441
2026-03-19 09:38:04 | INFO | ConnectedDownlink | Retransmitted packet seq=6449
2026-03-19 09:38:04 | INFO | ConnectedDownlink | Retransmitted packet seq=6454
2026-03-19 09:38:04 | INFO | ConnectedDownlink | Retransmitted packet seq=6457
2026-03-19 09:38:04 | INFO | ConnectedDownlink | Retransmitted packet seq=6459
2026-03-19 09:38:04 | INFO | ConnectedDownlink | Retransmitted packet seq=6462
2026-03-19 09:38:04 | INFO | ConnectedDownlink | Retransmitted packet seq=6463
2026-03-19 09:38:04 | INFO | ConnectedDownlink | Retransmitted packet seq=6464
2026-03-19 09:38:04 | INFO | ConnectedDownlink | Retransmitted packet seq=6465
2026-03-19 09:38:04 | INFO | ConnectedDownlink | Retransmitted packet seq=6466
2026-03-19 09:38:04 | INFO | ConnectedDownlink | Retransmitted packet seq=6467
2026-03-19 09:38:04 | INFO | ConnectedDownlink | Retransmitted packet seq=6468
2026-03-19 09:38:04 | INFO | ConnectedDownlink | Retransmitted packet seq=6472
2026-03-19 09:38:04 | INFO | ConnectedDownlink | Retransmitted packet seq=6473
2026-03-19 09:38:05 | INFO | ConnectedDownlink | Retransmitted packet seq=6475
2026-03-19 09:38:05 | INFO | ConnectedDownlink | Retransmitted packet seq=6477
2026-03-19 09:38:05 | INFO | ConnectedDownlink | Retransmitted packet seq=6478
2026-03-19 09:38:05 | INFO | ConnectedDownlink | Retransmitted packet seq=6479
2026-03-19 09:38:05 | INFO | ConnectedDownlink | Retransmitted packet seq=6482
2026-03-19 09:38:05 | INFO | ConnectedDownlink | Retransmitted packet seq=6483
2026-03-19 09:38:05 | INFO | ConnectedDownlink | Retransmitted packet seq=6485
2026-03-19 09:38:05 | INFO | ConnectedDownlink | Retransmitted packet seq=6495
2026-03-19 09:38:05 | INFO | ConnectedDownlink | Retransmitted packet seq=6496
2026-03-19 09:38:05 | INFO | ConnectedDownlink | Retransmitted packet seq=6497
2026-03-19 09:38:05 | INFO | ConnectedDownlink | Retransmitted packet seq=6498
2026-03-19 09:38:05 | INFO | ConnectedDownlink | Retransmitted packet seq=6501
2026-03-19 09:38:05 | INFO | ConnectedDownlink | Retransmitted packet seq=6502
2026-03-19 09:38:05 | INFO | ConnectedDownlink | Retransmitted packet seq=6506
2026-03-19 09:38:05 | INFO | ConnectedDownlink | Retransmitted packet seq=6512
2026-03-19 09:38:05 | INFO | ConnectedDownlink | Retransmitted packet seq=6513
2026-03-19 09:38:05 | INFO | ConnectedDownlink | Retransmitted packet seq=6514
2026-03-19 09:38:05 | INFO | ConnectedDownlink | Retransmitted packet seq=6516
2026-03-19 09:38:05 | INFO | ConnectedDownlink | Retransmitted packet seq=6521
2026-03-19 09:38:05 | INFO | ConnectedDownlink | Retransmitted packet seq=6523
2026-03-19 09:38:05 | INFO | ConnectedDownlink | Retransmitted packet seq=6526
2026-03-19 09:38:05 | INFO | ConnectedDownlink | Retransmitted packet seq=6531
2026-03-19 09:38:05 | INFO | ConnectedDownlink | Retransmitted packet seq=6532
2026-03-19 09:38:05 | INFO | ConnectedDownlink | Retransmitted packet seq=6534
2026-03-19 09:38:05 | INFO | ConnectedDownlink | Retransmitted packet seq=6535
2026-03-19 09:38:05 | INFO | ConnectedDownlink | Retransmitted packet seq=6540
2026-03-19 09:38:05 | INFO | ConnectedDownlink | Retransmitted packet seq=6542
2026-03-19 09:38:05 | INFO | ConnectedDownlink | Retransmitted packet seq=6545
2026-03-19 09:38:05 | INFO | ConnectedDownlink | Retransmitted packet seq=6549
2026-03-19 09:38:05 | INFO | ConnectedDownlink | Retransmitted packet seq=6550
2026-03-19 09:38:05 | INFO | ConnectedDownlink | Retransmitted packet seq=6556
2026-03-19 09:38:05 | INFO | ConnectedDownlink | Retransmitted packet seq=6559
2026-03-19 09:38:05 | INFO | ConnectedDownlink | Retransmitted packet seq=6561
2026-03-19 09:38:05 | INFO | ConnectedDownlink | Retransmitted packet seq=6566
2026-03-19 09:38:05 | INFO | ConnectedDownlink | Retransmitted packet seq=6569
2026-03-19 09:38:05 | INFO | ConnectedDownlink | Retransmitted packet seq=6570
2026-03-19 09:38:05 | INFO | ConnectedDownlink | Retransmitted packet seq=6572
2026-03-19 09:38:05 | INFO | ConnectedDownlink | Retransmitted packet seq=6575
2026-03-19 09:38:05 | INFO | ConnectedDownlink | Retransmitted packet seq=6577
2026-03-19 09:38:05 | INFO | ConnectedDownlink | Retransmitted packet seq=6578
2026-03-19 09:38:05 | INFO | ConnectedDownlink | Retransmitted packet seq=6581
2026-03-19 09:38:05 | INFO | ConnectedDownlink | Retransmitted packet seq=6592
2026-03-19 09:38:05 | INFO | ConnectedDownlink | Retransmitted packet seq=6600
2026-03-19 09:38:05 | INFO | ConnectedDownlink | Retransmitted packet seq=6601
2026-03-19 09:38:05 | INFO | ConnectedDownlink | Retransmitted packet seq=6606
2026-03-19 09:38:05 | INFO | ConnectedDownlink | Retransmitted packet seq=6607
2026-03-19 09:38:05 | INFO | ConnectedDownlink | Retransmitted packet seq=6617
2026-03-19 09:38:05 | INFO | ConnectedDownlink | Retransmitted packet seq=6618
2026-03-19 09:38:05 | INFO | ConnectedDownlink | Retransmitted packet seq=6620
2026-03-19 09:38:05 | INFO | ConnectedDownlink | Retransmitted packet seq=6624
2026-03-19 09:38:05 | INFO | ConnectedDownlink | Retransmitted packet seq=6626
2026-03-19 09:38:05 | INFO | ConnectedDownlink | Retransmitted packet seq=6632
2026-03-19 09:38:05 | INFO | ConnectedDownlink | Retransmitted packet seq=6634
2026-03-19 09:38:05 | INFO | ConnectedDownlink | Retransmitted packet seq=6635
2026-03-19 09:38:05 | INFO | ConnectedDownlink | Retransmitted packet seq=6646
2026-03-19 09:38:05 | INFO | ConnectedDownlink | Retransmitted packet seq=6655
2026-03-19 09:38:05 | INFO | ConnectedDownlink | Retransmitted packet seq=6660
2026-03-19 09:38:05 | INFO | ConnectedDownlink | Retransmitted packet seq=6664
2026-03-19 09:38:05 | INFO | ConnectedDownlink | Retransmitted packet seq=6666
2026-03-19 09:38:05 | INFO | ConnectedDownlink | Retransmitted packet seq=6668
2026-03-19 09:38:05 | INFO | ConnectedDownlink | Retransmitted packet seq=6669
2026-03-19 09:38:05 | INFO | ConnectedDownlink | Retransmitted packet seq=6675
2026-03-19 09:38:05 | INFO | ConnectedDownlink | Retransmitted packet seq=6678
2026-03-19 09:38:05 | INFO | ConnectedDownlink | Retransmitted packet seq=6683
2026-03-19 09:38:06 | INFO | ConnectedDownlink | Retransmitted packet seq=6686
2026-03-19 09:38:06 | INFO | ConnectedDownlink | Retransmitted packet seq=6691
2026-03-19 09:38:06 | INFO | ConnectedDownlink | Retransmitted packet seq=6694
2026-03-19 09:38:06 | INFO | ConnectedDownlink | Retransmitted packet seq=6695
2026-03-19 09:38:06 | INFO | ConnectedDownlink | Retransmitted packet seq=6705
2026-03-19 09:38:06 | INFO | ConnectedDownlink | Retransmitted packet seq=6708
2026-03-19 09:38:06 | INFO | ConnectedDownlink | Retransmitted packet seq=6711
2026-03-19 09:38:06 | INFO | ConnectedDownlink | Retransmitted packet seq=6714
2026-03-19 09:38:06 | INFO | ConnectedDownlink | Retransmitted packet seq=6729
2026-03-19 09:38:06 | INFO | ConnectedDownlink | Retransmitted packet seq=6735
2026-03-19 09:38:06 | INFO | ConnectedDownlink | Retransmitted packet seq=6736
2026-03-19 09:38:06 | INFO | ConnectedDownlink | Retransmitted packet seq=6738
2026-03-19 09:38:06 | INFO | ConnectedDownlink | Retransmitted packet seq=6742
2026-03-19 09:38:06 | INFO | ConnectedDownlink | Retransmitted packet seq=6745
2026-03-19 09:38:06 | INFO | ConnectedDownlink | Retransmitted packet seq=6746
2026-03-19 09:38:06 | INFO | ConnectedDownlink | Retransmitted packet seq=6747
2026-03-19 09:38:06 | INFO | ConnectedDownlink | Retransmitted packet seq=6748
2026-03-19 09:38:06 | INFO | ConnectedDownlink | Satellite serve_loop cancelled
2026-03-19 09:38:26 | INFO | ConnectedDownlink | Entered ConnectedDownlink mode
2026-03-19 09:38:26 | INFO | ConnectedDownlink | ConnectedDownlink entered
2026-03-19 09:38:26 | INFO | ConnectedDownlink | starting activity timer for 180
2026-03-19 09:38:26 | INFO | ConnectedDownlink | Satellite serve_loop started (implicit-ACK mode)
2026-03-19 09:38:26 | INFO | ConnectedDownlink | Entered ConnectedDownlink mode
2026-03-19 09:38:26 | INFO | ConnectedDownlink | ConnectedDownlink entered
2026-03-19 09:38:26 | INFO | ConnectedDownlink | starting activity timer for 180
2026-03-19 09:38:26 | INFO | ConnectedDownlink | retransmit_loop started (implicit-ACK mode)
2026-03-19 09:38:26 | INFO | ConnectedDownlink | Requesting retransmission of [6001, 6002, 6003, 6004, 6005, 6006, 6007, 6008, 6009, 6010, 6011, 6046, 6047, 6048, 6050, 6051, 6058, 6059, 6062, 6063, 6066, 6067, 6068, 6069, 6074, 6076, 6077, 6079, 6083, 6085, 6086, 6088, 6092, 6098, 6099, 6103, 6110, 6112, 6114, 6116, 6117, 6120, 6122, 6130, 6139, 6146, 6151, 6152, 6162, 6166, 6172, 6173, 6177, 6178, 6186, 6187, 6189, 6192, 6200, 6203, 6204, 6208, 6212, 6215, 6216, 6226, 6231, 6234, 6241, 6243, 6249, 6255, 6259, 6261, 6270, 6273, 6276, 6277, 6281, 6292, 6293, 6298, 6309, 6313, 6315, 6316, 6317, 6320, 6322, 6324, 6327, 6331, 6338, 6344, 6345, 6346, 6347, 6348, 6349, 6350, 6358, 6359, 6364, 6367, 6369, 6374, 6375, 6376, 6381, 6387, 6388, 6393, 6399, 6403, 6408, 6410, 6412, 6420, 6423, 6424, 6425, 6426, 6430, 6432, 6433, 6437, 6441, 6449, 6454, 6457, 6459, 6462, 6463, 6464, 6465, 6466, 6467, 6468, 6472, 6473, 6475, 6477, 6478, 6479, 6482, 6483, 6485, 6495, 6496, 6497, 6498, 6501, 6502, 6506, 6512, 6513, 6514, 6516, 6521, 6523, 6526, 6531, 6532, 6534, 6535, 6540, 6542, 6545, 6549, 6550, 6556, 6559, 6561, 6566, 6569, 6570, 6572, 6575, 6577, 6578, 6581, 6592, 6600, 6601, 6606, 6607, 6617, 6618, 6620, 6624, 6626, 6632, 6634, 6635, 6646, 6655, 6660, 6664, 6666, 6668, 6669, 6675, 6678, 6683, 6686, 6691, 6694, 6695, 6705, 6708, 6711, 6714, 6729, 6735, 6736, 6738, 6742, 6745, 6746, 6747, 6748, 6753, 6754, 6756, 6759, 6761, 6767, 6773, 6775, 6777, 6778, 6787, 6793, 6795, 6797, 6812, 6828, 6829, 6832, 6833, 6834, 6835, 6836, 6840, 6842, 6844, 6854, 6855, 6860, 6862, 6865, 6868, 6871, 6874, 6876, 6877, 6886, 6887, 6888, 6889, 6892, 6895, 6896, 6902, 6906, 6907, 6909, 6916, 6917, 6921, 6925, 6934, 6940, 6941, 6945, 6947, 6950, 6951, 6959, 6962, 6963, 6965, 6967, 6968, 6970, 6974, 6980, 6988, 6991, 6994, 6997, 6998, 7005, 7008, 7010, 7020, 7025, 7027, 7035, 7037, 7039, 7041, 7042, 7053, 7054, 7055, 7056, 7058, 7059, 7064, 7067, 7073, 7077, 7090, 7096, 7100, 7102, 7104, 7106, 7114, 7115, 7116, 7118, 7122, 7126, 7128, 7133, 7136, 7137, 7139, 7141, 7142, 7143, 7147, 7151, 7158, 7159, 7161, 7163, 7164, 7176, 7177, 7178, 7187, 7189, 7197, 7198, 7199, 7204, 7206, 7208, 7209, 7216, 7221, 7225, 7226, 7227, 7228, 7237, 7239, 7241, 7244, 7246, 7247, 7253, 7258, 7260, 7261, 7262, 7263, 7264, 7266, 7267, 7268, 7270, 7272, 7274, 7280, 7282, 7285, 7290, 7293, 7298, 7299, 7303]
2026-03-19 09:38:26 | INFO | ConnectedDownlink | SENDING RETRANSMISSION REQUEST [6001, 6002, 6003, 6004, 6005, 6006, 6007, 6008, 6009, 6010, 6011, 6046, 6047, 6048, 6050, 6051, 6058, 6059, 6062, 6063, 6066, 6067, 6068, 6069, 6074, 6076, 6077, 6079, 6083, 6085, 6086, 6088, 6092, 6098, 6099, 6103, 6110, 6112, 6114, 6116, 6117, 6120, 6122, 6130, 6139, 6146, 6151, 6152, 6162, 6166, 6172, 6173, 6177, 6178, 6186, 6187, 6189, 6192, 6200, 6203, 6204, 6208, 6212, 6215, 6216, 6226, 6231, 6234, 6241, 6243, 6249, 6255, 6259, 6261, 6270, 6273, 6276, 6277, 6281, 6292, 6293, 6298, 6309, 6313, 6315, 6316, 6317, 6320, 6322, 6324, 6327, 6331, 6338, 6344, 6345, 6346, 6347, 6348, 6349, 6350, 6358, 6359, 6364, 6367, 6369, 6374, 6375, 6376, 6381, 6387, 6388, 6393, 6399, 6403, 6408, 6410, 6412, 6420, 6423, 6424, 6425, 6426, 6430, 6432, 6433, 6437, 6441, 6449, 6454, 6457, 6459, 6462, 6463, 6464, 6465, 6466, 6467, 6468, 6472, 6473, 6475, 6477, 6478, 6479, 6482, 6483, 6485, 6495, 6496, 6497, 6498, 6501, 6502, 6506, 6512, 6513, 6514, 6516, 6521, 6523, 6526, 6531, 6532, 6534, 6535, 6540, 6542, 6545, 6549, 6550, 6556, 6559, 6561, 6566, 6569, 6570, 6572, 6575, 6577, 6578, 6581, 6592, 6600, 6601, 6606, 6607, 6617, 6618, 6620, 6624, 6626, 6632, 6634, 6635, 6646, 6655, 6660, 6664, 6666, 6668, 6669, 6675, 6678, 6683, 6686, 6691, 6694, 6695, 6705, 6708, 6711, 6714, 6729, 6735, 6736, 6738, 6742, 6745, 6746, 6747, 6748, 6753, 6754, 6756, 6759, 6761, 6767, 6773, 6775, 6777, 6778, 6787, 6793, 6795, 6797, 6812, 6828, 6829, 6832, 6833, 6834, 6835, 6836, 6840, 6842, 6844, 6854, 6855, 6860, 6862, 6865, 6868, 6871, 6874, 6876, 6877, 6886, 6887, 6888, 6889, 6892, 6895, 6896, 6902, 6906, 6907, 6909, 6916, 6917, 6921, 6925, 6934, 6940, 6941, 6945, 6947, 6950, 6951, 6959, 6962, 6963, 6965, 6967, 6968, 6970, 6974, 6980, 6988, 6991, 6994, 6997, 6998, 7005, 7008, 7010, 7020, 7025, 7027, 7035, 7037, 7039, 7041, 7042, 7053, 7054, 7055, 7056, 7058, 7059, 7064, 7067, 7073, 7077, 7090, 7096, 7100, 7102, 7104, 7106, 7114, 7115, 7116, 7118, 7122, 7126, 7128, 7133, 7136, 7137, 7139, 7141, 7142, 7143, 7147, 7151, 7158, 7159, 7161, 7163, 7164, 7176, 7177, 7178, 7187, 7189, 7197, 7198, 7199, 7204, 7206, 7208, 7209, 7216, 7221, 7225, 7226, 7227, 7228, 7237, 7239, 7241, 7244, 7246, 7247, 7253, 7258, 7260, 7261, 7262, 7263, 7264, 7266, 7267, 7268, 7270, 7272, 7274, 7280, 7282, 7285, 7290, 7293, 7298, 7299, 7303] (attempt 1/5)
2026-03-19 09:38:26 | INFO | ConnectedDownlink | RETRANSMIT_REQUEST received: [6001, 6002, 6003, 6004, 6005, 6006, 6007, 6008, 6009, 6010, 6011, 6046, 6047, 6048, 6050, 6051, 6058, 6059, 6062, 6063, 6066, 6067, 6068, 6069, 6074, 6076, 6077, 6079, 6083, 6085, 6086, 6088, 6092, 6098, 6099, 6103, 6110, 6112, 6114, 6116, 6117, 6120, 6122, 6130, 6139, 6146, 6151, 6152, 6162, 6166, 6172, 6173, 6177, 6178, 6186, 6187, 6189, 6192, 6200, 6203, 6204, 6208, 6212, 6215, 6216, 6226, 6231, 6234, 6241, 6243, 6249, 6255, 6259, 6261, 6270, 6273, 6276, 6277, 6281, 6292, 6293, 6298, 6309, 6313, 6315, 6316, 6317, 6320, 6322, 6324, 6327, 6331, 6338, 6344, 6345, 6346, 6347, 6348, 6349, 6350, 6358, 6359, 6364, 6367, 6369, 6374, 6375, 6376, 6381, 6387, 6388, 6393, 6399, 6403, 6408, 6410, 6412, 6420, 6423, 6424, 6425, 6426, 6430, 6432, 6433, 6437, 6441, 6449, 6454, 6457, 6459, 6462, 6463, 6464, 6465, 6466, 6467, 6468, 6472, 6473, 6475, 6477, 6478, 6479, 6482, 6483, 6485, 6495, 6496, 6497, 6498, 6501, 6502, 6506, 6512, 6513, 6514, 6516, 6521, 6523, 6526, 6531, 6532, 6534, 6535, 6540, 6542, 6545, 6549, 6550, 6556, 6559, 6561, 6566, 6569, 6570, 6572, 6575, 6577, 6578, 6581, 6592, 6600, 6601, 6606, 6607, 6617, 6618, 6620, 6624, 6626, 6632, 6634, 6635, 6646, 6655, 6660, 6664, 6666, 6668, 6669, 6675, 6678, 6683, 6686, 6691, 6694, 6695, 6705, 6708, 6711, 6714, 6729, 6735, 6736, 6738, 6742, 6745, 6746, 6747, 6748, 6753, 6754, 6756, 6759, 6761, 6767, 6773, 6775, 6777, 6778, 6787, 6793, 6795, 6797, 6812, 6828, 6829, 6832, 6833, 6834, 6835, 6836, 6840, 6842, 6844, 6854, 6855, 6860, 6862, 6865, 6868, 6871, 6874, 6876, 6877, 6886, 6887, 6888, 6889, 6892, 6895, 6896, 6902, 6906, 6907, 6909, 6916, 6917, 6921, 6925, 6934, 6940, 6941, 6945, 6947, 6950, 6951, 6959, 6962, 6963, 6965, 6967, 6968, 6970, 6974, 6980, 6988, 6991, 6994, 6997, 6998, 7005, 7008, 7010, 7020, 7025, 7027, 7035, 7037, 7039, 7041, 7042, 7053, 7054, 7055, 7056, 7058, 7059, 7064, 7067, 7073, 7077, 7090, 7096, 7100, 7102, 7104, 7106, 7114, 7115, 7116, 7118, 7122, 7126, 7128, 7133, 7136, 7137, 7139, 7141, 7142, 7143, 7147, 7151, 7158, 7159, 7161, 7163, 7164, 7176, 7177, 7178, 7187, 7189, 7197, 7198, 7199, 7204, 7206, 7208, 7209, 7216, 7221, 7225, 7226, 7227, 7228, 7237, 7239, 7241, 7244, 7246, 7247, 7253, 7258, 7260, 7261, 7262, 7263, 7264, 7266, 7267, 7268, 7270, 7272, 7274, 7280, 7282, 7285, 7290, 7293, 7298, 7299, 7303]
2026-03-19 09:38:26 | INFO | ConnectedDownlink | Serving retransmit request: {6146, 6151, 6152, 6162, 6166, 6172, 6173, 6177, 6178, 6186, 6187, 6189, 6192, 6200, 6203, 6204, 6208, 6212, 6215, 6216, 6226, 6231, 6234, 6241, 6243, 6249, 6255, 6259, 6261, 6270, 6273, 6276, 6277, 6281, 6292, 6293, 6298, 6309, 6313, 6315, 6316, 6317, 6320, 6322, 6324, 6327, 6331, 6338, 6344, 6345, 6346, 6347, 6348, 6349, 6350, 6358, 6359, 6364, 6367, 6369, 6374, 6375, 6376, 6381, 6387, 6388, 6393, 6399, 6403, 6408, 6410, 6412, 6420, 6423, 6424, 6425, 6426, 6430, 6432, 6433, 6437, 6441, 6449, 6454, 6457, 6459, 6462, 6463, 6464, 6465, 6466, 6467, 6468, 6472, 6473, 6475, 6477, 6478, 6479, 6482, 6483, 6485, 6495, 6496, 6497, 6498, 6501, 6502, 6506, 6512, 6513, 6514, 6516, 6521, 6523, 6526, 6531, 6532, 6534, 6535, 6540, 6542, 6545, 6549, 6550, 6556, 6559, 6561, 6566, 6569, 6570, 6572, 6575, 6577, 6578, 6581, 6592, 6600, 6601, 6606, 6607, 6617, 6618, 6620, 6624, 6626, 6632, 6634, 6635, 6646, 6655, 6660, 6664, 6666, 6668, 6669, 6675, 6678, 6683, 6686, 6691, 6694, 6695, 6705, 6708, 6711, 6714, 6729, 6735, 6736, 6738, 6742, 6745, 6746, 6747, 6748, 6753, 6754, 6756, 6759, 6761, 6767, 6773, 6775, 6777, 6778, 6787, 6793, 6795, 6797, 6812, 6828, 6829, 6832, 6833, 6834, 6835, 6836, 6840, 6842, 6844, 6854, 6855, 6860, 6862, 6865, 6868, 6871, 6874, 6876, 6877, 6886, 6887, 6888, 6889, 6892, 6895, 6896, 6902, 6906, 6907, 6909, 6916, 6917, 6921, 6925, 6934, 6940, 6941, 6945, 6947, 6950, 6951, 6959, 6962, 6963, 6965, 6967, 6968, 6970, 6974, 6980, 6988, 6991, 6994, 6997, 6998, 7005, 7008, 7010, 7020, 7025, 7027, 7035, 7037, 7039, 7041, 7042, 7053, 7054, 7055, 7056, 7058, 7059, 7064, 7067, 7073, 7077, 7090, 7096, 7100, 7102, 7104, 7106, 7114, 7115, 7116, 7118, 7122, 7126, 7128, 7133, 7136, 7137, 7139, 7141, 7142, 7143, 7147, 7151, 7158, 7159, 7161, 7163, 7164, 7176, 7177, 7178, 7187, 7189, 7197, 7198, 7199, 7204, 7206, 7208, 7209, 7216, 7221, 7225, 7226, 7227, 7228, 7237, 7239, 7241, 7244, 7246, 7247, 7253, 7258, 7260, 7261, 7262, 7263, 7264, 7266, 7267, 7268, 7270, 7272, 7274, 7280, 7282, 7285, 7290, 7293, 7298, 7299, 7303, 6001, 6002, 6003, 6004, 6005, 6006, 6007, 6008, 6009, 6010, 6011, 6046, 6047, 6048, 6050, 6051, 6058, 6059, 6062, 6063, 6066, 6067, 6068, 6069, 6074, 6076, 6077, 6079, 6083, 6085, 6086, 6088, 6092, 6098, 6099, 6103, 6110, 6112, 6114, 6116, 6117, 6120, 6122, 6130, 6139}
2026-03-19 09:38:26 | INFO | ConnectedDownlink | Retransmitted packet seq=6001
2026-03-19 09:38:26 | INFO | ConnectedDownlink | Retransmitted packet seq=6002
2026-03-19 09:38:26 | INFO | ConnectedDownlink | Retransmitted packet seq=6003
2026-03-19 09:38:26 | INFO | ConnectedDownlink | Retransmitted packet seq=6004
2026-03-19 09:38:26 | INFO | ConnectedDownlink | Retransmitted packet seq=6005
2026-03-19 09:38:26 | INFO | ConnectedDownlink | Retransmitted packet seq=6006
2026-03-19 09:38:26 | INFO | ConnectedDownlink | Retransmitted packet seq=6007
2026-03-19 09:38:26 | INFO | ConnectedDownlink | Retransmitted packet seq=6008
2026-03-19 09:38:26 | INFO | ConnectedDownlink | Retransmitted packet seq=6009
2026-03-19 09:38:26 | INFO | ConnectedDownlink | Retransmitted packet seq=6010
2026-03-19 09:38:26 | INFO | ConnectedDownlink | Retransmitted packet seq=6011
2026-03-19 09:38:26 | INFO | ConnectedDownlink | Retransmitted packet seq=6046
2026-03-19 09:38:26 | INFO | ConnectedDownlink | Retransmitted packet seq=6047
2026-03-19 09:38:26 | INFO | ConnectedDownlink | Retransmitted packet seq=6048
2026-03-19 09:38:26 | INFO | ConnectedDownlink | Retransmitted packet seq=6050
2026-03-19 09:38:26 | INFO | ConnectedDownlink | Retransmitted packet seq=6051
2026-03-19 09:38:26 | INFO | ConnectedDownlink | Retransmitted packet seq=6058
2026-03-19 09:38:26 | INFO | ConnectedDownlink | Retransmitted packet seq=6059
2026-03-19 09:38:26 | INFO | ConnectedDownlink | Retransmitted packet seq=6062
2026-03-19 09:38:26 | INFO | ConnectedDownlink | Retransmitted packet seq=6063
2026-03-19 09:38:26 | INFO | ConnectedDownlink | Retransmitted packet seq=6066
2026-03-19 09:38:26 | INFO | ConnectedDownlink | Retransmitted packet seq=6067
2026-03-19 09:38:26 | INFO | ConnectedDownlink | Retransmitted packet seq=6068
2026-03-19 09:38:26 | INFO | ConnectedDownlink | Retransmitted packet seq=6069
2026-03-19 09:38:26 | INFO | ConnectedDownlink | Retransmitted packet seq=6074
2026-03-19 09:38:26 | INFO | ConnectedDownlink | Retransmitted packet seq=6076
2026-03-19 09:38:26 | INFO | ConnectedDownlink | Retransmitted packet seq=6077
2026-03-19 09:38:26 | INFO | ConnectedDownlink | Retransmitted packet seq=6079
2026-03-19 09:38:26 | INFO | ConnectedDownlink | Retransmitted packet seq=6083
2026-03-19 09:38:26 | INFO | ConnectedDownlink | Retransmitted packet seq=6085
2026-03-19 09:38:26 | INFO | ConnectedDownlink | Retransmitted packet seq=6086
2026-03-19 09:38:26 | INFO | ConnectedDownlink | Retransmitted packet seq=6088
2026-03-19 09:38:26 | INFO | ConnectedDownlink | Retransmitted packet seq=6092
2026-03-19 09:38:26 | INFO | ConnectedDownlink | Retransmitted packet seq=6098
2026-03-19 09:38:26 | INFO | ConnectedDownlink | Retransmitted packet seq=6099
2026-03-19 09:38:26 | INFO | ConnectedDownlink | Retransmitted packet seq=6103
2026-03-19 09:38:26 | INFO | ConnectedDownlink | Retransmitted packet seq=6110
2026-03-19 09:38:26 | INFO | ConnectedDownlink | Retransmitted packet seq=6112
2026-03-19 09:38:26 | INFO | ConnectedDownlink | Retransmitted packet seq=6114
2026-03-19 09:38:26 | INFO | ConnectedDownlink | Retransmitted packet seq=6116
2026-03-19 09:38:26 | INFO | ConnectedDownlink | Retransmitted packet seq=6117
2026-03-19 09:38:26 | INFO | ConnectedDownlink | Retransmitted packet seq=6120
2026-03-19 09:38:26 | INFO | ConnectedDownlink | Retransmitted packet seq=6122
2026-03-19 09:38:27 | INFO | ConnectedDownlink | Retransmitted packet seq=6130
2026-03-19 09:38:27 | INFO | ConnectedDownlink | Retransmitted packet seq=6139
2026-03-19 09:38:27 | INFO | ConnectedDownlink | Retransmitted packet seq=6146
2026-03-19 09:38:27 | INFO | ConnectedDownlink | Retransmitted packet seq=6151
2026-03-19 09:38:27 | INFO | ConnectedDownlink | Retransmitted packet seq=6152
2026-03-19 09:38:27 | INFO | ConnectedDownlink | Retransmitted packet seq=6162
2026-03-19 09:38:27 | INFO | ConnectedDownlink | Retransmitted packet seq=6166
2026-03-19 09:38:27 | INFO | ConnectedDownlink | Retransmitted packet seq=6172
2026-03-19 09:38:27 | INFO | ConnectedDownlink | Retransmitted packet seq=6173
2026-03-19 09:38:27 | INFO | ConnectedDownlink | Retransmitted packet seq=6177
2026-03-19 09:38:27 | INFO | ConnectedDownlink | Retransmitted packet seq=6178
2026-03-19 09:38:27 | INFO | ConnectedDownlink | Retransmitted packet seq=6186
2026-03-19 09:38:27 | INFO | ConnectedDownlink | Retransmitted packet seq=6187
2026-03-19 09:38:27 | INFO | ConnectedDownlink | Retransmitted packet seq=6189
2026-03-19 09:38:27 | INFO | ConnectedDownlink | Retransmitted packet seq=6192
2026-03-19 09:38:27 | INFO | ConnectedDownlink | Retransmitted packet seq=6200
2026-03-19 09:38:27 | INFO | ConnectedDownlink | Retransmitted packet seq=6203
2026-03-19 09:38:27 | INFO | ConnectedDownlink | Retransmitted packet seq=6204
2026-03-19 09:38:27 | INFO | ConnectedDownlink | Retransmitted packet seq=6208
2026-03-19 09:38:27 | INFO | ConnectedDownlink | Retransmitted packet seq=6212
2026-03-19 09:38:27 | INFO | ConnectedDownlink | Retransmitted packet seq=6215
2026-03-19 09:38:27 | INFO | ConnectedDownlink | Retransmitted packet seq=6216
2026-03-19 09:38:27 | INFO | ConnectedDownlink | Retransmitted packet seq=6226
2026-03-19 09:38:27 | INFO | ConnectedDownlink | Retransmitted packet seq=6231
2026-03-19 09:38:27 | INFO | ConnectedDownlink | Retransmitted packet seq=6234
2026-03-19 09:38:27 | INFO | ConnectedDownlink | Retransmitted packet seq=6241
2026-03-19 09:38:27 | INFO | ConnectedDownlink | Retransmitted packet seq=6243
2026-03-19 09:38:27 | INFO | ConnectedDownlink | Retransmitted packet seq=6249
2026-03-19 09:38:27 | INFO | ConnectedDownlink | Retransmitted packet seq=6255
2026-03-19 09:38:27 | INFO | ConnectedDownlink | Retransmitted packet seq=6259
2026-03-19 09:38:27 | INFO | ConnectedDownlink | Retransmitted packet seq=6261
2026-03-19 09:38:27 | INFO | ConnectedDownlink | Retransmitted packet seq=6270
2026-03-19 09:38:27 | INFO | ConnectedDownlink | Retransmitted packet seq=6273
2026-03-19 09:38:27 | INFO | ConnectedDownlink | Retransmitted packet seq=6276
2026-03-19 09:38:27 | INFO | ConnectedDownlink | Retransmitted packet seq=6277
2026-03-19 09:38:27 | INFO | ConnectedDownlink | Retransmitted packet seq=6281
2026-03-19 09:38:27 | INFO | ConnectedDownlink | Retransmitted packet seq=6292
2026-03-19 09:38:27 | INFO | ConnectedDownlink | Retransmitted packet seq=6293
2026-03-19 09:38:27 | INFO | ConnectedDownlink | Retransmitted packet seq=6298
2026-03-19 09:38:27 | INFO | ConnectedDownlink | Retransmitted packet seq=6309
2026-03-19 09:38:27 | INFO | ConnectedDownlink | Retransmitted packet seq=6313
2026-03-19 09:38:27 | INFO | ConnectedDownlink | Retransmitted packet seq=6315
2026-03-19 09:38:27 | INFO | ConnectedDownlink | Retransmitted packet seq=6316
2026-03-19 09:38:27 | INFO | ConnectedDownlink | Retransmitted packet seq=6317
2026-03-19 09:38:27 | INFO | ConnectedDownlink | Retransmitted packet seq=6320
2026-03-19 09:38:27 | INFO | ConnectedDownlink | Retransmitted packet seq=6322
2026-03-19 09:38:27 | INFO | ConnectedDownlink | Retransmitted packet seq=6324
2026-03-19 09:38:27 | INFO | ConnectedDownlink | Retransmitted packet seq=6327
2026-03-19 09:38:27 | INFO | ConnectedDownlink | Retransmitted packet seq=6331
2026-03-19 09:38:27 | INFO | ConnectedDownlink | Retransmitted packet seq=6338
2026-03-19 09:38:27 | INFO | ConnectedDownlink | Retransmitted packet seq=6344
2026-03-19 09:38:27 | INFO | ConnectedDownlink | Retransmitted packet seq=6345
2026-03-19 09:38:27 | INFO | ConnectedDownlink | Retransmitted packet seq=6346
2026-03-19 09:38:27 | INFO | ConnectedDownlink | Retransmitted packet seq=6347
2026-03-19 09:38:27 | INFO | ConnectedDownlink | Retransmitted packet seq=6348
2026-03-19 09:38:27 | INFO | ConnectedDownlink | Retransmitted packet seq=6349
2026-03-19 09:38:27 | INFO | ConnectedDownlink | Retransmitted packet seq=6350
2026-03-19 09:38:27 | INFO | ConnectedDownlink | Retransmitted packet seq=6358
2026-03-19 09:38:27 | INFO | ConnectedDownlink | Retransmitted packet seq=6359
2026-03-19 09:38:27 | INFO | ConnectedDownlink | Retransmitted packet seq=6364
2026-03-19 09:38:27 | INFO | ConnectedDownlink | Retransmitted packet seq=6367
2026-03-19 09:38:27 | INFO | ConnectedDownlink | Retransmitted packet seq=6369
2026-03-19 09:38:27 | INFO | ConnectedDownlink | Retransmitted packet seq=6374
2026-03-19 09:38:27 | INFO | ConnectedDownlink | Retransmitted packet seq=6375
2026-03-19 09:38:28 | INFO | ConnectedDownlink | Retransmitted packet seq=6376
2026-03-19 09:38:28 | INFO | ConnectedDownlink | Retransmitted packet seq=6381
2026-03-19 09:38:28 | INFO | ConnectedDownlink | Retransmitted packet seq=6387
2026-03-19 09:38:28 | INFO | ConnectedDownlink | Retransmitted packet seq=6388
2026-03-19 09:38:28 | INFO | ConnectedDownlink | Retransmitted packet seq=6393
2026-03-19 09:38:28 | INFO | ConnectedDownlink | Retransmitted packet seq=6399
2026-03-19 09:38:28 | INFO | ConnectedDownlink | Retransmitted packet seq=6403
2026-03-19 09:38:28 | INFO | ConnectedDownlink | Retransmitted packet seq=6408
2026-03-19 09:38:28 | INFO | ConnectedDownlink | Retransmitted packet seq=6410
2026-03-19 09:38:28 | INFO | ConnectedDownlink | Retransmitted packet seq=6412
2026-03-19 09:38:28 | INFO | ConnectedDownlink | Retransmitted packet seq=6420
2026-03-19 09:38:28 | INFO | ConnectedDownlink | Retransmitted packet seq=6423
2026-03-19 09:38:28 | INFO | ConnectedDownlink | Retransmitted packet seq=6424
2026-03-19 09:38:28 | INFO | ConnectedDownlink | Retransmitted packet seq=6425
2026-03-19 09:38:28 | INFO | ConnectedDownlink | Retransmitted packet seq=6426
2026-03-19 09:38:28 | INFO | ConnectedDownlink | Retransmitted packet seq=6430
2026-03-19 09:38:28 | INFO | ConnectedDownlink | Retransmitted packet seq=6432
2026-03-19 09:38:28 | INFO | ConnectedDownlink | Retransmitted packet seq=6433
2026-03-19 09:38:28 | INFO | ConnectedDownlink | Retransmitted packet seq=6437
2026-03-19 09:38:28 | INFO | ConnectedDownlink | Retransmitted packet seq=6441
2026-03-19 09:38:28 | INFO | ConnectedDownlink | Retransmitted packet seq=6449
2026-03-19 09:38:28 | INFO | ConnectedDownlink | Retransmitted packet seq=6454
2026-03-19 09:38:28 | INFO | ConnectedDownlink | Retransmitted packet seq=6457
2026-03-19 09:38:28 | INFO | ConnectedDownlink | Retransmitted packet seq=6459
2026-03-19 09:38:28 | INFO | ConnectedDownlink | Retransmitted packet seq=6462
2026-03-19 09:38:28 | INFO | ConnectedDownlink | Retransmitted packet seq=6463
2026-03-19 09:38:28 | INFO | ConnectedDownlink | Retransmitted packet seq=6464
2026-03-19 09:38:28 | INFO | ConnectedDownlink | Retransmitted packet seq=6465
2026-03-19 09:38:28 | INFO | ConnectedDownlink | Retransmitted packet seq=6466
2026-03-19 09:38:28 | INFO | ConnectedDownlink | Retransmitted packet seq=6467
2026-03-19 09:38:28 | INFO | ConnectedDownlink | Retransmitted packet seq=6468
2026-03-19 09:38:28 | INFO | ConnectedDownlink | Retransmitted packet seq=6472
2026-03-19 09:38:28 | INFO | ConnectedDownlink | Retransmitted packet seq=6473
2026-03-19 09:38:28 | INFO | ConnectedDownlink | Retransmitted packet seq=6475
2026-03-19 09:38:28 | INFO | ConnectedDownlink | Retransmitted packet seq=6477
2026-03-19 09:38:28 | INFO | ConnectedDownlink | Retransmitted packet seq=6478
2026-03-19 09:38:28 | INFO | ConnectedDownlink | Retransmitted packet seq=6479
2026-03-19 09:38:28 | INFO | ConnectedDownlink | Retransmitted packet seq=6482
2026-03-19 09:38:28 | INFO | ConnectedDownlink | Retransmitted packet seq=6483
2026-03-19 09:38:28 | INFO | ConnectedDownlink | Retransmitted packet seq=6485
2026-03-19 09:38:28 | INFO | ConnectedDownlink | Retransmitted packet seq=6495
2026-03-19 09:38:28 | INFO | ConnectedDownlink | Retransmitted packet seq=6496
2026-03-19 09:38:28 | INFO | ConnectedDownlink | Retransmitted packet seq=6497
2026-03-19 09:38:28 | INFO | ConnectedDownlink | Retransmitted packet seq=6498
2026-03-19 09:38:28 | INFO | ConnectedDownlink | Retransmitted packet seq=6501
2026-03-19 09:38:28 | INFO | ConnectedDownlink | Retransmitted packet seq=6502
2026-03-19 09:38:28 | INFO | ConnectedDownlink | Retransmitted packet seq=6506
2026-03-19 09:38:28 | INFO | ConnectedDownlink | Retransmitted packet seq=6512
2026-03-19 09:38:28 | INFO | ConnectedDownlink | Retransmitted packet seq=6513
2026-03-19 09:38:28 | INFO | ConnectedDownlink | Retransmitted packet seq=6514
2026-03-19 09:38:28 | INFO | ConnectedDownlink | Retransmitted packet seq=6516
2026-03-19 09:38:28 | INFO | ConnectedDownlink | Retransmitted packet seq=6521
2026-03-19 09:38:28 | INFO | ConnectedDownlink | Retransmitted packet seq=6523
2026-03-19 09:38:28 | INFO | ConnectedDownlink | Retransmitted packet seq=6526
2026-03-19 09:38:28 | INFO | ConnectedDownlink | Retransmitted packet seq=6531
2026-03-19 09:38:28 | INFO | ConnectedDownlink | Retransmitted packet seq=6532
2026-03-19 09:38:28 | INFO | ConnectedDownlink | Retransmitted packet seq=6534
2026-03-19 09:38:28 | INFO | ConnectedDownlink | Retransmitted packet seq=6535
2026-03-19 09:38:28 | INFO | ConnectedDownlink | Retransmitted packet seq=6540
2026-03-19 09:38:28 | INFO | ConnectedDownlink | Retransmitted packet seq=6542
2026-03-19 09:38:28 | INFO | ConnectedDownlink | Retransmitted packet seq=6545
2026-03-19 09:38:28 | INFO | ConnectedDownlink | Retransmitted packet seq=6549
2026-03-19 09:38:28 | INFO | ConnectedDownlink | Retransmitted packet seq=6550
2026-03-19 09:38:28 | INFO | ConnectedDownlink | Retransmitted packet seq=6556
2026-03-19 09:38:28 | INFO | ConnectedDownlink | Retransmitted packet seq=6559
2026-03-19 09:38:29 | INFO | ConnectedDownlink | Retransmitted packet seq=6561
2026-03-19 09:38:29 | INFO | ConnectedDownlink | Retransmitted packet seq=6566
2026-03-19 09:38:29 | INFO | ConnectedDownlink | Retransmitted packet seq=6569
2026-03-19 09:38:29 | INFO | ConnectedDownlink | Retransmitted packet seq=6570
2026-03-19 09:38:29 | INFO | ConnectedDownlink | Retransmitted packet seq=6572
2026-03-19 09:38:29 | INFO | ConnectedDownlink | Retransmitted packet seq=6575
2026-03-19 09:38:29 | INFO | ConnectedDownlink | Retransmitted packet seq=6577
2026-03-19 09:38:29 | INFO | ConnectedDownlink | Retransmitted packet seq=6578
2026-03-19 09:38:29 | INFO | ConnectedDownlink | Retransmitted packet seq=6581
2026-03-19 09:38:29 | INFO | ConnectedDownlink | Retransmitted packet seq=6592
2026-03-19 09:38:29 | INFO | ConnectedDownlink | Retransmitted packet seq=6600
2026-03-19 09:38:29 | INFO | ConnectedDownlink | Retransmitted packet seq=6601
2026-03-19 09:38:29 | INFO | ConnectedDownlink | Retransmitted packet seq=6606
2026-03-19 09:38:29 | INFO | ConnectedDownlink | Retransmitted packet seq=6607
2026-03-19 09:38:29 | INFO | ConnectedDownlink | Retransmitted packet seq=6617
2026-03-19 09:38:29 | INFO | ConnectedDownlink | Retransmitted packet seq=6618
2026-03-19 09:38:29 | INFO | ConnectedDownlink | Retransmitted packet seq=6620
2026-03-19 09:38:29 | INFO | ConnectedDownlink | Retransmitted packet seq=6624
2026-03-19 09:38:29 | INFO | ConnectedDownlink | Retransmitted packet seq=6626
2026-03-19 09:38:29 | INFO | ConnectedDownlink | Retransmitted packet seq=6632
2026-03-19 09:38:29 | INFO | ConnectedDownlink | Retransmitted packet seq=6634
2026-03-19 09:38:29 | INFO | ConnectedDownlink | Retransmitted packet seq=6635
2026-03-19 09:38:29 | INFO | ConnectedDownlink | Retransmitted packet seq=6646
2026-03-19 09:38:29 | INFO | ConnectedDownlink | Retransmitted packet seq=6655
2026-03-19 09:38:29 | INFO | ConnectedDownlink | Retransmitted packet seq=6660
2026-03-19 09:38:29 | INFO | ConnectedDownlink | Retransmitted packet seq=6664
2026-03-19 09:38:29 | INFO | ConnectedDownlink | Retransmitted packet seq=6666
2026-03-19 09:38:29 | INFO | ConnectedDownlink | Retransmitted packet seq=6668
2026-03-19 09:38:29 | INFO | ConnectedDownlink | Retransmitted packet seq=6669
2026-03-19 09:38:29 | INFO | ConnectedDownlink | Retransmitted packet seq=6675
2026-03-19 09:38:29 | INFO | ConnectedDownlink | Retransmitted packet seq=6678
2026-03-19 09:38:29 | INFO | ConnectedDownlink | Retransmitted packet seq=6683
2026-03-19 09:38:29 | INFO | ConnectedDownlink | Retransmitted packet seq=6686
2026-03-19 09:38:29 | INFO | ConnectedDownlink | Retransmitted packet seq=6691
2026-03-19 09:38:29 | INFO | ConnectedDownlink | Retransmitted packet seq=6694
2026-03-19 09:38:29 | INFO | ConnectedDownlink | Retransmitted packet seq=6695
2026-03-19 09:38:29 | INFO | ConnectedDownlink | Retransmitted packet seq=6705
2026-03-19 09:38:29 | INFO | ConnectedDownlink | Retransmitted packet seq=6708
2026-03-19 09:38:29 | INFO | ConnectedDownlink | Retransmitted packet seq=6711
2026-03-19 09:38:29 | INFO | ConnectedDownlink | Retransmitted packet seq=6714
2026-03-19 09:38:29 | INFO | ConnectedDownlink | Retransmitted packet seq=6729
2026-03-19 09:38:29 | INFO | ConnectedDownlink | Retransmitted packet seq=6735
2026-03-19 09:38:29 | INFO | ConnectedDownlink | Retransmitted packet seq=6736
2026-03-19 09:38:29 | INFO | ConnectedDownlink | Retransmitted packet seq=6738
2026-03-19 09:38:29 | INFO | ConnectedDownlink | Retransmitted packet seq=6742
2026-03-19 09:38:29 | INFO | ConnectedDownlink | Retransmitted packet seq=6745
2026-03-19 09:38:29 | INFO | ConnectedDownlink | Retransmitted packet seq=6746
2026-03-19 09:38:29 | INFO | ConnectedDownlink | Retransmitted packet seq=6747
2026-03-19 09:38:29 | INFO | ConnectedDownlink | Retransmitted packet seq=6748
2026-03-19 09:38:29 | INFO | ConnectedDownlink | Retransmitted packet seq=6753
2026-03-19 09:38:29 | INFO | ConnectedDownlink | Retransmitted packet seq=6754
2026-03-19 09:38:29 | INFO | ConnectedDownlink | Retransmitted packet seq=6756
2026-03-19 09:38:29 | INFO | ConnectedDownlink | Retransmitted packet seq=6759
2026-03-19 09:38:29 | INFO | ConnectedDownlink | Retransmitted packet seq=6761
2026-03-19 09:38:29 | INFO | ConnectedDownlink | Retransmitted packet seq=6767
2026-03-19 09:38:29 | INFO | ConnectedDownlink | Retransmitted packet seq=6773
2026-03-19 09:38:29 | INFO | ConnectedDownlink | Retransmitted packet seq=6775
2026-03-19 09:38:29 | INFO | ConnectedDownlink | Retransmitted packet seq=6777
2026-03-19 09:38:29 | INFO | ConnectedDownlink | Retransmitted packet seq=6778
2026-03-19 09:38:29 | INFO | ConnectedDownlink | Retransmitted packet seq=6787
2026-03-19 09:38:29 | INFO | ConnectedDownlink | Retransmitted packet seq=6793
2026-03-19 09:38:29 | INFO | ConnectedDownlink | Retransmitted packet seq=6795
2026-03-19 09:38:29 | INFO | ConnectedDownlink | Retransmitted packet seq=6797
2026-03-19 09:38:29 | INFO | ConnectedDownlink | Retransmitted packet seq=6812
2026-03-19 09:38:29 | INFO | ConnectedDownlink | Retransmitted packet seq=6828
2026-03-19 09:38:29 | INFO | ConnectedDownlink | Retransmitted packet seq=6829
2026-03-19 09:38:29 | INFO | ConnectedDownlink | Retransmitted packet seq=6832
2026-03-19 09:38:30 | INFO | ConnectedDownlink | Retransmitted packet seq=6833
2026-03-19 09:38:30 | INFO | ConnectedDownlink | Retransmitted packet seq=6834
2026-03-19 09:38:30 | INFO | ConnectedDownlink | Retransmitted packet seq=6835
2026-03-19 09:38:30 | INFO | ConnectedDownlink | Retransmitted packet seq=6836
2026-03-19 09:38:30 | INFO | ConnectedDownlink | Retransmitted packet seq=6840
2026-03-19 09:38:30 | INFO | ConnectedDownlink | Retransmitted packet seq=6842
2026-03-19 09:38:30 | INFO | ConnectedDownlink | Retransmitted packet seq=6844
2026-03-19 09:38:30 | INFO | ConnectedDownlink | Retransmitted packet seq=6854
2026-03-19 09:38:30 | INFO | ConnectedDownlink | Retransmitted packet seq=6855
2026-03-19 09:38:30 | INFO | ConnectedDownlink | Satellite serve_loop cancelled
2026-03-19 09:39:05 | INFO | ConnectedDownlink | Entered ConnectedDownlink mode
2026-03-19 09:39:05 | INFO | ConnectedDownlink | ConnectedDownlink entered
2026-03-19 09:39:05 | INFO | ConnectedDownlink | starting activity timer for 180
2026-03-19 09:39:05 | INFO | ConnectedDownlink | Satellite serve_loop started (implicit-ACK mode)
2026-03-19 09:39:05 | INFO | ConnectedDownlink | Entered ConnectedDownlink mode
2026-03-19 09:39:05 | INFO | ConnectedDownlink | ConnectedDownlink entered
2026-03-19 09:39:05 | INFO | ConnectedDownlink | starting activity timer for 180
2026-03-19 09:39:05 | INFO | ConnectedDownlink | retransmit_loop started (implicit-ACK mode)
2026-03-19 09:39:05 | INFO | ConnectedDownlink | Requesting retransmission of [6001, 6003, 6004, 6005, 6006, 6007, 6008, 6009, 6010, 6011, 6046, 6047, 6048, 6050, 6051, 6058, 6059, 6062, 6063, 6066, 6067, 6068, 6069, 6074, 6076, 6077, 6079, 6083, 6085, 6086, 6088, 6092, 6098, 6099, 6103, 6110, 6112, 6114, 6116, 6117, 6120, 6122, 6130, 6139, 6146, 6151, 6152, 6162, 6166, 6172, 6173, 6177, 6178, 6186, 6187, 6189, 6192, 6200, 6203, 6204, 6208, 6212, 6215, 6216, 6226, 6231, 6234, 6241, 6243, 6249, 6255, 6259, 6261, 6270, 6273, 6276, 6277, 6281, 6292, 6293, 6298, 6309, 6313, 6315, 6316, 6317, 6320, 6322, 6324, 6327, 6331, 6338, 6344, 6345, 6346, 6347, 6348, 6349, 6350, 6358, 6359, 6364, 6367, 6369, 6374, 6375, 6376, 6381, 6387, 6388, 6393, 6399, 6403, 6408, 6410, 6412, 6420, 6423, 6424, 6425, 6426, 6430, 6432, 6433, 6437, 6441, 6449, 6454, 6457, 6459, 6462, 6463, 6464, 6465, 6466, 6467, 6468, 6472, 6473, 6475, 6477, 6478, 6479, 6482, 6483, 6485, 6495, 6496, 6497, 6498, 6501, 6502, 6506, 6512, 6513, 6514, 6516, 6521, 6523, 6526, 6531, 6532, 6534, 6535, 6540, 6542, 6545, 6549, 6550, 6556, 6559, 6561, 6566, 6569, 6570, 6572, 6575, 6577, 6578, 6581, 6592, 6600, 6601, 6606, 6607, 6617, 6618, 6620, 6624, 6626, 6632, 6634, 6635, 6646, 6655, 6660, 6664, 6666, 6668, 6669, 6675, 6678, 6683, 6686, 6691, 6694, 6695, 6705, 6708, 6711, 6714, 6729, 6735, 6736, 6738, 6742, 6745, 6746, 6747, 6748, 6753, 6754, 6756, 6759, 6761, 6767, 6773, 6775, 6777, 6778, 6787, 6793, 6795, 6797, 6812, 6828, 6829, 6832, 6833, 6834, 6835, 6836, 6840, 6842, 6844, 6854, 6855, 6860, 6862, 6865, 6868, 6871, 6874, 6876, 6877, 6886, 6887, 6888, 6889, 6892, 6895, 6896, 6902, 6906, 6907, 6909, 6916, 6917, 6921, 6925, 6934, 6940, 6941, 6945, 6947, 6950, 6951, 6959, 6962, 6963, 6965, 6967, 6968, 6970, 6974, 6980, 6988, 6991, 6994, 6997, 6998, 7005, 7008, 7010, 7020, 7025, 7027, 7035, 7037, 7039, 7041, 7042, 7053, 7054, 7055, 7056, 7058, 7059, 7064, 7067, 7073, 7077, 7090, 7096, 7100, 7102, 7104, 7106, 7114, 7115, 7116, 7118, 7122, 7126, 7128, 7133, 7136, 7137, 7139, 7141, 7142, 7143, 7147, 7151, 7158, 7159, 7161, 7163, 7164, 7176, 7177, 7178, 7187, 7189, 7197, 7198, 7199, 7204, 7206, 7208, 7209, 7216, 7221, 7225, 7226, 7227, 7228, 7237, 7239, 7241, 7244, 7246, 7247, 7253, 7258, 7260, 7261, 7262, 7263, 7264, 7266, 7267, 7268, 7270, 7272, 7274, 7280, 7282, 7285, 7290, 7293, 7298, 7299, 7303]
2026-03-19 09:39:05 | INFO | ConnectedDownlink | SENDING RETRANSMISSION REQUEST [6001, 6003, 6004, 6005, 6006, 6007, 6008, 6009, 6010, 6011, 6046, 6047, 6048, 6050, 6051, 6058, 6059, 6062, 6063, 6066, 6067, 6068, 6069, 6074, 6076, 6077, 6079, 6083, 6085, 6086, 6088, 6092, 6098, 6099, 6103, 6110, 6112, 6114, 6116, 6117, 6120, 6122, 6130, 6139, 6146, 6151, 6152, 6162, 6166, 6172, 6173, 6177, 6178, 6186, 6187, 6189, 6192, 6200, 6203, 6204, 6208, 6212, 6215, 6216, 6226, 6231, 6234, 6241, 6243, 6249, 6255, 6259, 6261, 6270, 6273, 6276, 6277, 6281, 6292, 6293, 6298, 6309, 6313, 6315, 6316, 6317, 6320, 6322, 6324, 6327, 6331, 6338, 6344, 6345, 6346, 6347, 6348, 6349, 6350, 6358, 6359, 6364, 6367, 6369, 6374, 6375, 6376, 6381, 6387, 6388, 6393, 6399, 6403, 6408, 6410, 6412, 6420, 6423, 6424, 6425, 6426, 6430, 6432, 6433, 6437, 6441, 6449, 6454, 6457, 6459, 6462, 6463, 6464, 6465, 6466, 6467, 6468, 6472, 6473, 6475, 6477, 6478, 6479, 6482, 6483, 6485, 6495, 6496, 6497, 6498, 6501, 6502, 6506, 6512, 6513, 6514, 6516, 6521, 6523, 6526, 6531, 6532, 6534, 6535, 6540, 6542, 6545, 6549, 6550, 6556, 6559, 6561, 6566, 6569, 6570, 6572, 6575, 6577, 6578, 6581, 6592, 6600, 6601, 6606, 6607, 6617, 6618, 6620, 6624, 6626, 6632, 6634, 6635, 6646, 6655, 6660, 6664, 6666, 6668, 6669, 6675, 6678, 6683, 6686, 6691, 6694, 6695, 6705, 6708, 6711, 6714, 6729, 6735, 6736, 6738, 6742, 6745, 6746, 6747, 6748, 6753, 6754, 6756, 6759, 6761, 6767, 6773, 6775, 6777, 6778, 6787, 6793, 6795, 6797, 6812, 6828, 6829, 6832, 6833, 6834, 6835, 6836, 6840, 6842, 6844, 6854, 6855, 6860, 6862, 6865, 6868, 6871, 6874, 6876, 6877, 6886, 6887, 6888, 6889, 6892, 6895, 6896, 6902, 6906, 6907, 6909, 6916, 6917, 6921, 6925, 6934, 6940, 6941, 6945, 6947, 6950, 6951, 6959, 6962, 6963, 6965, 6967, 6968, 6970, 6974, 6980, 6988, 6991, 6994, 6997, 6998, 7005, 7008, 7010, 7020, 7025, 7027, 7035, 7037, 7039, 7041, 7042, 7053, 7054, 7055, 7056, 7058, 7059, 7064, 7067, 7073, 7077, 7090, 7096, 7100, 7102, 7104, 7106, 7114, 7115, 7116, 7118, 7122, 7126, 7128, 7133, 7136, 7137, 7139, 7141, 7142, 7143, 7147, 7151, 7158, 7159, 7161, 7163, 7164, 7176, 7177, 7178, 7187, 7189, 7197, 7198, 7199, 7204, 7206, 7208, 7209, 7216, 7221, 7225, 7226, 7227, 7228, 7237, 7239, 7241, 7244, 7246, 7247, 7253, 7258, 7260, 7261, 7262, 7263, 7264, 7266, 7267, 7268, 7270, 7272, 7274, 7280, 7282, 7285, 7290, 7293, 7298, 7299, 7303] (attempt 1/5)
2026-03-19 09:39:15 | INFO | ConnectedDownlink | timeout error
2026-03-19 09:39:15 | INFO | ConnectedDownlink | Attempt 1/5: received 0/384, still missing [6001, 6003, 6004, 6005, 6006, 6007, 6008, 6009, 6010, 6011, 6046, 6047, 6048, 6050, 6051, 6058, 6059, 6062, 6063, 6066, 6067, 6068, 6069, 6074, 6076, 6077, 6079, 6083, 6085, 6086, 6088, 6092, 6098, 6099, 6103, 6110, 6112, 6114, 6116, 6117, 6120, 6122, 6130, 6139, 6146, 6151, 6152, 6162, 6166, 6172, 6173, 6177, 6178, 6186, 6187, 6189, 6192, 6200, 6203, 6204, 6208, 6212, 6215, 6216, 6226, 6231, 6234, 6241, 6243, 6249, 6255, 6259, 6261, 6270, 6273, 6276, 6277, 6281, 6292, 6293, 6298, 6309, 6313, 6315, 6316, 6317, 6320, 6322, 6324, 6327, 6331, 6338, 6344, 6345, 6346, 6347, 6348, 6349, 6350, 6358, 6359, 6364, 6367, 6369, 6374, 6375, 6376, 6381, 6387, 6388, 6393, 6399, 6403, 6408, 6410, 6412, 6420, 6423, 6424, 6425, 6426, 6430, 6432, 6433, 6437, 6441, 6449, 6454, 6457, 6459, 6462, 6463, 6464, 6465, 6466, 6467, 6468, 6472, 6473, 6475, 6477, 6478, 6479, 6482, 6483, 6485, 6495, 6496, 6497, 6498, 6501, 6502, 6506, 6512, 6513, 6514, 6516, 6521, 6523, 6526, 6531, 6532, 6534, 6535, 6540, 6542, 6545, 6549, 6550, 6556, 6559, 6561, 6566, 6569, 6570, 6572, 6575, 6577, 6578, 6581, 6592, 6600, 6601, 6606, 6607, 6617, 6618, 6620, 6624, 6626, 6632, 6634, 6635, 6646, 6655, 6660, 6664, 6666, 6668, 6669, 6675, 6678, 6683, 6686, 6691, 6694, 6695, 6705, 6708, 6711, 6714, 6729, 6735, 6736, 6738, 6742, 6745, 6746, 6747, 6748, 6753, 6754, 6756, 6759, 6761, 6767, 6773, 6775, 6777, 6778, 6787, 6793, 6795, 6797, 6812, 6828, 6829, 6832, 6833, 6834, 6835, 6836, 6840, 6842, 6844, 6854, 6855, 6860, 6862, 6865, 6868, 6871, 6874, 6876, 6877, 6886, 6887, 6888, 6889, 6892, 6895, 6896, 6902, 6906, 6907, 6909, 6916, 6917, 6921, 6925, 6934, 6940, 6941, 6945, 6947, 6950, 6951, 6959, 6962, 6963, 6965, 6967, 6968, 6970, 6974, 6980, 6988, 6991, 6994, 6997, 6998, 7005, 7008, 7010, 7020, 7025, 7027, 7035, 7037, 7039, 7041, 7042, 7053, 7054, 7055, 7056, 7058, 7059, 7064, 7067, 7073, 7077, 7090, 7096, 7100, 7102, 7104, 7106, 7114, 7115, 7116, 7118, 7122, 7126, 7128, 7133, 7136, 7137, 7139, 7141, 7142, 7143, 7147, 7151, 7158, 7159, 7161, 7163, 7164, 7176, 7177, 7178, 7187, 7189, 7197, 7198, 7199, 7204, 7206, 7208, 7209, 7216, 7221, 7225, 7226, 7227, 7228, 7237, 7239, 7241, 7244, 7246, 7247, 7253, 7258, 7260, 7261, 7262, 7263, 7264, 7266, 7267, 7268, 7270, 7272, 7274, 7280, 7282, 7285, 7290, 7293, 7298, 7299, 7303]
2026-03-19 09:39:15 | INFO | ConnectedDownlink | SENDING RETRANSMISSION REQUEST [6001, 6003, 6004, 6005, 6006, 6007, 6008, 6009, 6010, 6011, 6046, 6047, 6048, 6050, 6051, 6058, 6059, 6062, 6063, 6066, 6067, 6068, 6069, 6074, 6076, 6077, 6079, 6083, 6085, 6086, 6088, 6092, 6098, 6099, 6103, 6110, 6112, 6114, 6116, 6117, 6120, 6122, 6130, 6139, 6146, 6151, 6152, 6162, 6166, 6172, 6173, 6177, 6178, 6186, 6187, 6189, 6192, 6200, 6203, 6204, 6208, 6212, 6215, 6216, 6226, 6231, 6234, 6241, 6243, 6249, 6255, 6259, 6261, 6270, 6273, 6276, 6277, 6281, 6292, 6293, 6298, 6309, 6313, 6315, 6316, 6317, 6320, 6322, 6324, 6327, 6331, 6338, 6344, 6345, 6346, 6347, 6348, 6349, 6350, 6358, 6359, 6364, 6367, 6369, 6374, 6375, 6376, 6381, 6387, 6388, 6393, 6399, 6403, 6408, 6410, 6412, 6420, 6423, 6424, 6425, 6426, 6430, 6432, 6433, 6437, 6441, 6449, 6454, 6457, 6459, 6462, 6463, 6464, 6465, 6466, 6467, 6468, 6472, 6473, 6475, 6477, 6478, 6479, 6482, 6483, 6485, 6495, 6496, 6497, 6498, 6501, 6502, 6506, 6512, 6513, 6514, 6516, 6521, 6523, 6526, 6531, 6532, 6534, 6535, 6540, 6542, 6545, 6549, 6550, 6556, 6559, 6561, 6566, 6569, 6570, 6572, 6575, 6577, 6578, 6581, 6592, 6600, 6601, 6606, 6607, 6617, 6618, 6620, 6624, 6626, 6632, 6634, 6635, 6646, 6655, 6660, 6664, 6666, 6668, 6669, 6675, 6678, 6683, 6686, 6691, 6694, 6695, 6705, 6708, 6711, 6714, 6729, 6735, 6736, 6738, 6742, 6745, 6746, 6747, 6748, 6753, 6754, 6756, 6759, 6761, 6767, 6773, 6775, 6777, 6778, 6787, 6793, 6795, 6797, 6812, 6828, 6829, 6832, 6833, 6834, 6835, 6836, 6840, 6842, 6844, 6854, 6855, 6860, 6862, 6865, 6868, 6871, 6874, 6876, 6877, 6886, 6887, 6888, 6889, 6892, 6895, 6896, 6902, 6906, 6907, 6909, 6916, 6917, 6921, 6925, 6934, 6940, 6941, 6945, 6947, 6950, 6951, 6959, 6962, 6963, 6965, 6967, 6968, 6970, 6974, 6980, 6988, 6991, 6994, 6997, 6998, 7005, 7008, 7010, 7020, 7025, 7027, 7035, 7037, 7039, 7041, 7042, 7053, 7054, 7055, 7056, 7058, 7059, 7064, 7067, 7073, 7077, 7090, 7096, 7100, 7102, 7104, 7106, 7114, 7115, 7116, 7118, 7122, 7126, 7128, 7133, 7136, 7137, 7139, 7141, 7142, 7143, 7147, 7151, 7158, 7159, 7161, 7163, 7164, 7176, 7177, 7178, 7187, 7189, 7197, 7198, 7199, 7204, 7206, 7208, 7209, 7216, 7221, 7225, 7226, 7227, 7228, 7237, 7239, 7241, 7244, 7246, 7247, 7253, 7258, 7260, 7261, 7262, 7263, 7264, 7266, 7267, 7268, 7270, 7272, 7274, 7280, 7282, 7285, 7290, 7293, 7298, 7299, 7303] (attempt 2/5)
2026-03-19 09:39:15 | INFO | ConnectedDownlink | RETRANSMIT_REQUEST received: [6001, 6003, 6004, 6005, 6006, 6007, 6008, 6009, 6010, 6011, 6046, 6047, 6048, 6050, 6051, 6058, 6059, 6062, 6063, 6066, 6067, 6068, 6069, 6074, 6076, 6077, 6079, 6083, 6085, 6086, 6088, 6092, 6098, 6099, 6103, 6110, 6112, 6114, 6116, 6117, 6120, 6122, 6130, 6139, 6146, 6151, 6152, 6162, 6166, 6172, 6173, 6177, 6178, 6186, 6187, 6189, 6192, 6200, 6203, 6204, 6208, 6212, 6215, 6216, 6226, 6231, 6234, 6241, 6243, 6249, 6255, 6259, 6261, 6270, 6273, 6276, 6277, 6281, 6292, 6293, 6298, 6309, 6313, 6315, 6316, 6317, 6320, 6322, 6324, 6327, 6331, 6338, 6344, 6345, 6346, 6347, 6348, 6349, 6350, 6358, 6359, 6364, 6367, 6369, 6374, 6375, 6376, 6381, 6387, 6388, 6393, 6399, 6403, 6408, 6410, 6412, 6420, 6423, 6424, 6425, 6426, 6430, 6432, 6433, 6437, 6441, 6449, 6454, 6457, 6459, 6462, 6463, 6464, 6465, 6466, 6467, 6468, 6472, 6473, 6475, 6477, 6478, 6479, 6482, 6483, 6485, 6495, 6496, 6497, 6498, 6501, 6502, 6506, 6512, 6513, 6514, 6516, 6521, 6523, 6526, 6531, 6532, 6534, 6535, 6540, 6542, 6545, 6549, 6550, 6556, 6559, 6561, 6566, 6569, 6570, 6572, 6575, 6577, 6578, 6581, 6592, 6600, 6601, 6606, 6607, 6617, 6618, 6620, 6624, 6626, 6632, 6634, 6635, 6646, 6655, 6660, 6664, 6666, 6668, 6669, 6675, 6678, 6683, 6686, 6691, 6694, 6695, 6705, 6708, 6711, 6714, 6729, 6735, 6736, 6738, 6742, 6745, 6746, 6747, 6748, 6753, 6754, 6756, 6759, 6761, 6767, 6773, 6775, 6777, 6778, 6787, 6793, 6795, 6797, 6812, 6828, 6829, 6832, 6833, 6834, 6835, 6836, 6840, 6842, 6844, 6854, 6855, 6860, 6862, 6865, 6868, 6871, 6874, 6876, 6877, 6886, 6887, 6888, 6889, 6892, 6895, 6896, 6902, 6906, 6907, 6909, 6916, 6917, 6921, 6925, 6934, 6940, 6941, 6945, 6947, 6950, 6951, 6959, 6962, 6963, 6965, 6967, 6968, 6970, 6974, 6980, 6988, 6991, 6994, 6997, 6998, 7005, 7008, 7010, 7020, 7025, 7027, 7035, 7037, 7039, 7041, 7042, 7053, 7054, 7055, 7056, 7058, 7059, 7064, 7067, 7073, 7077, 7090, 7096, 7100, 7102, 7104, 7106, 7114, 7115, 7116, 7118, 7122, 7126, 7128, 7133, 7136, 7137, 7139, 7141, 7142, 7143, 7147, 7151, 7158, 7159, 7161, 7163, 7164, 7176, 7177, 7178, 7187, 7189, 7197, 7198, 7199, 7204, 7206, 7208, 7209, 7216, 7221, 7225, 7226, 7227, 7228, 7237, 7239, 7241, 7244, 7246, 7247, 7253, 7258, 7260, 7261, 7262, 7263, 7264, 7266, 7267, 7268, 7270, 7272, 7274, 7280, 7282, 7285, 7290, 7293, 7298, 7299, 7303]
2026-03-19 09:39:15 | INFO | ConnectedDownlink | Serving retransmit request: {6146, 6151, 6152, 6162, 6166, 6172, 6173, 6177, 6178, 6186, 6187, 6189, 6192, 6200, 6203, 6204, 6208, 6212, 6215, 6216, 6226, 6231, 6234, 6241, 6243, 6249, 6255, 6259, 6261, 6270, 6273, 6276, 6277, 6281, 6292, 6293, 6298, 6309, 6313, 6315, 6316, 6317, 6320, 6322, 6324, 6327, 6331, 6338, 6344, 6345, 6346, 6347, 6348, 6349, 6350, 6358, 6359, 6364, 6367, 6369, 6374, 6375, 6376, 6381, 6387, 6388, 6393, 6399, 6403, 6408, 6410, 6412, 6420, 6423, 6424, 6425, 6426, 6430, 6432, 6433, 6437, 6441, 6449, 6454, 6457, 6459, 6462, 6463, 6464, 6465, 6466, 6467, 6468, 6472, 6473, 6475, 6477, 6478, 6479, 6482, 6483, 6485, 6495, 6496, 6497, 6498, 6501, 6502, 6506, 6512, 6513, 6514, 6516, 6521, 6523, 6526, 6531, 6532, 6534, 6535, 6540, 6542, 6545, 6549, 6550, 6556, 6559, 6561, 6566, 6569, 6570, 6572, 6575, 6577, 6578, 6581, 6592, 6600, 6601, 6606, 6607, 6617, 6618, 6620, 6624, 6626, 6632, 6634, 6635, 6646, 6655, 6660, 6664, 6666, 6668, 6669, 6675, 6678, 6683, 6686, 6691, 6694, 6695, 6705, 6708, 6711, 6714, 6729, 6735, 6736, 6738, 6742, 6745, 6746, 6747, 6748, 6753, 6754, 6756, 6759, 6761, 6767, 6773, 6775, 6777, 6778, 6787, 6793, 6795, 6797, 6812, 6828, 6829, 6832, 6833, 6834, 6835, 6836, 6840, 6842, 6844, 6854, 6855, 6860, 6862, 6865, 6868, 6871, 6874, 6876, 6877, 6886, 6887, 6888, 6889, 6892, 6895, 6896, 6902, 6906, 6907, 6909, 6916, 6917, 6921, 6925, 6934, 6940, 6941, 6945, 6947, 6950, 6951, 6959, 6962, 6963, 6965, 6967, 6968, 6970, 6974, 6980, 6988, 6991, 6994, 6997, 6998, 7005, 7008, 7010, 7020, 7025, 7027, 7035, 7037, 7039, 7041, 7042, 7053, 7054, 7055, 7056, 7058, 7059, 7064, 7067, 7073, 7077, 7090, 7096, 7100, 7102, 7104, 7106, 7114, 7115, 7116, 7118, 7122, 7126, 7128, 7133, 7136, 7137, 7139, 7141, 7142, 7143, 7147, 7151, 7158, 7159, 7161, 7163, 7164, 7176, 7177, 7178, 7187, 7189, 7197, 7198, 7199, 7204, 7206, 7208, 7209, 7216, 7221, 7225, 7226, 7227, 7228, 7237, 7239, 7241, 7244, 7246, 7247, 7253, 7258, 7260, 7261, 7262, 7263, 7264, 7266, 7267, 7268, 7270, 7272, 7274, 7280, 7282, 7285, 7290, 7293, 7298, 7299, 7303, 6001, 6003, 6004, 6005, 6006, 6007, 6008, 6009, 6010, 6011, 6046, 6047, 6048, 6050, 6051, 6058, 6059, 6062, 6063, 6066, 6067, 6068, 6069, 6074, 6076, 6077, 6079, 6083, 6085, 6086, 6088, 6092, 6098, 6099, 6103, 6110, 6112, 6114, 6116, 6117, 6120, 6122, 6130, 6139}
2026-03-19 09:39:15 | INFO | ConnectedDownlink | Retransmitted packet seq=6001
2026-03-19 09:39:15 | INFO | ConnectedDownlink | Retransmitted packet seq=6003
2026-03-19 09:39:15 | INFO | ConnectedDownlink | DATA frame received seq=6001 → data_queue
2026-03-19 09:39:15 | INFO | ConnectedDownlink | Retransmitted packet seq=6004
2026-03-19 09:39:15 | INFO | ConnectedDownlink | Retransmitted packet seq=6005
2026-03-19 09:39:15 | INFO | ConnectedDownlink | DATA frame received seq=6005 → data_queue
2026-03-19 09:39:15 | INFO | ConnectedDownlink | Retransmitted packet seq=6006
2026-03-19 09:39:15 | INFO | ConnectedDownlink | DATA frame received seq=6006 → data_queue
2026-03-19 09:39:15 | INFO | ConnectedDownlink | Retransmitted packet seq=6007
2026-03-19 09:39:15 | INFO | ConnectedDownlink | DATA frame received seq=6007 → data_queue
2026-03-19 09:39:15 | INFO | ConnectedDownlink | Retransmitted packet seq=6008
2026-03-19 09:39:15 | INFO | ConnectedDownlink | Retransmitted packet seq=6009
2026-03-19 09:39:15 | INFO | ConnectedDownlink | DATA frame received seq=6009 → data_queue
2026-03-19 09:39:15 | INFO | ConnectedDownlink | Retransmitted packet seq=6010
2026-03-19 09:39:15 | INFO | ConnectedDownlink | Retransmitted packet seq=6011
2026-03-19 09:39:15 | INFO | ConnectedDownlink | DATA frame received seq=6010 → data_queue
2026-03-19 09:39:15 | INFO | ConnectedDownlink | Retransmitted packet seq=6046
2026-03-19 09:39:15 | INFO | ConnectedDownlink | DATA frame received seq=6011 → data_queue
2026-03-19 09:39:15 | INFO | ConnectedDownlink | DATA frame received seq=6046 → data_queue
2026-03-19 09:39:15 | INFO | ConnectedDownlink | Retransmitted packet seq=6047
2026-03-19 09:39:15 | INFO | ConnectedDownlink | Retransmitted packet seq=6048
2026-03-19 09:39:15 | INFO | ConnectedDownlink | DATA frame received seq=6047 → data_queue
2026-03-19 09:39:15 | INFO | ConnectedDownlink | Retransmitted packet seq=6050
2026-03-19 09:39:15 | INFO | ConnectedDownlink | Retransmitted packet seq=6051
2026-03-19 09:39:15 | INFO | ConnectedDownlink | Retransmitted packet seq=6058
2026-03-19 09:39:15 | INFO | ConnectedDownlink | DATA frame received seq=6051 → data_queue
2026-03-19 09:39:15 | INFO | ConnectedDownlink | DATA frame received seq=6058 → data_queue
2026-03-19 09:39:15 | INFO | ConnectedDownlink | Retransmitted packet seq=6059
2026-03-19 09:39:15 | INFO | ConnectedDownlink | Retransmitted packet seq=6062
2026-03-19 09:39:15 | INFO | ConnectedDownlink | DATA frame received seq=6059 → data_queue
2026-03-19 09:39:15 | INFO | ConnectedDownlink | Retransmitted packet seq=6063
2026-03-19 09:39:15 | INFO | ConnectedDownlink | DATA frame received seq=6062 → data_queue
2026-03-19 09:39:15 | INFO | ConnectedDownlink | Retransmitted packet seq=6066
2026-03-19 09:39:15 | INFO | ConnectedDownlink | Retransmitted packet seq=6067
2026-03-19 09:39:15 | INFO | ConnectedDownlink | DATA frame received seq=6067 → data_queue
2026-03-19 09:39:15 | INFO | ConnectedDownlink | Retransmitted packet seq=6068
2026-03-19 09:39:15 | INFO | ConnectedDownlink | Retransmitted packet seq=6069
2026-03-19 09:39:15 | INFO | ConnectedDownlink | Retransmitted packet seq=6074
2026-03-19 09:39:15 | INFO | ConnectedDownlink | Retransmitted packet seq=6076
2026-03-19 09:39:15 | INFO | ConnectedDownlink | Retransmitted packet seq=6077
2026-03-19 09:39:15 | INFO | ConnectedDownlink | DATA frame received seq=6077 → data_queue
2026-03-19 09:39:15 | INFO | ConnectedDownlink | Retransmitted packet seq=6079
2026-03-19 09:39:15 | INFO | ConnectedDownlink | Retransmitted packet seq=6083
2026-03-19 09:39:15 | INFO | ConnectedDownlink | DATA frame received seq=6083 → data_queue
2026-03-19 09:39:15 | INFO | ConnectedDownlink | Retransmitted packet seq=6085
2026-03-19 09:39:15 | INFO | ConnectedDownlink | DATA frame received seq=6085 → data_queue
2026-03-19 09:39:15 | INFO | ConnectedDownlink | Retransmitted packet seq=6086
2026-03-19 09:39:15 | INFO | ConnectedDownlink | Retransmitted packet seq=6088
2026-03-19 09:39:15 | INFO | ConnectedDownlink | DATA frame received seq=6088 → data_queue
2026-03-19 09:39:15 | INFO | ConnectedDownlink | Retransmitted packet seq=6092
2026-03-19 09:39:15 | INFO | ConnectedDownlink | Retransmitted packet seq=6098
2026-03-19 09:39:15 | INFO | ConnectedDownlink | DATA frame received seq=6098 → data_queue
2026-03-19 09:39:15 | INFO | ConnectedDownlink | Retransmitted packet seq=6099
2026-03-19 09:39:15 | INFO | ConnectedDownlink | Retransmitted packet seq=6103
2026-03-19 09:39:15 | INFO | ConnectedDownlink | Retransmitted packet seq=6110
2026-03-19 09:39:15 | INFO | ConnectedDownlink | DATA frame received seq=6103 → data_queue
2026-03-19 09:39:15 | INFO | ConnectedDownlink | Retransmitted packet seq=6112
2026-03-19 09:39:15 | INFO | ConnectedDownlink | DATA frame received seq=6110 → data_queue
2026-03-19 09:39:15 | INFO | ConnectedDownlink | Retransmitted packet seq=6114
2026-03-19 09:39:15 | INFO | ConnectedDownlink | Retransmitted packet seq=6116
2026-03-19 09:39:15 | INFO | ConnectedDownlink | DATA frame received seq=6116 → data_queue
2026-03-19 09:39:15 | INFO | ConnectedDownlink | Retransmitted packet seq=6117
2026-03-19 09:39:15 | INFO | ConnectedDownlink | DATA frame received seq=6117 → data_queue
2026-03-19 09:39:15 | INFO | ConnectedDownlink | Retransmitted packet seq=6120
2026-03-19 09:39:15 | INFO | ConnectedDownlink | Retransmitted packet seq=6122
2026-03-19 09:39:15 | INFO | ConnectedDownlink | Retransmitted packet seq=6130
2026-03-19 09:39:15 | INFO | ConnectedDownlink | DATA frame received seq=6130 → data_queue
2026-03-19 09:39:15 | INFO | ConnectedDownlink | Retransmitted packet seq=6139
2026-03-19 09:39:15 | INFO | ConnectedDownlink | Retransmitted packet seq=6146
2026-03-19 09:39:15 | INFO | ConnectedDownlink | DATA frame received seq=6139 → data_queue
2026-03-19 09:39:15 | INFO | ConnectedDownlink | Retransmitted packet seq=6151
2026-03-19 09:39:15 | INFO | ConnectedDownlink | DATA frame received seq=6146 → data_queue
2026-03-19 09:39:15 | INFO | ConnectedDownlink | Retransmitted packet seq=6152
2026-03-19 09:39:15 | INFO | ConnectedDownlink | Retransmitted packet seq=6162
2026-03-19 09:39:15 | INFO | ConnectedDownlink | DATA frame received seq=6152 → data_queue
2026-03-19 09:39:15 | INFO | ConnectedDownlink | Retransmitted packet seq=6166
2026-03-19 09:39:15 | INFO | ConnectedDownlink | Retransmitted packet seq=6172
2026-03-19 09:39:15 | INFO | ConnectedDownlink | DATA frame received seq=6166 → data_queue
2026-03-19 09:39:15 | INFO | ConnectedDownlink | Retransmitted packet seq=6173
2026-03-19 09:39:15 | INFO | ConnectedDownlink | DATA frame received seq=6172 → data_queue
2026-03-19 09:39:15 | INFO | ConnectedDownlink | DATA frame received seq=6173 → data_queue
2026-03-19 09:39:15 | INFO | ConnectedDownlink | Retransmitted packet seq=6177
2026-03-19 09:39:15 | INFO | ConnectedDownlink | Retransmitted packet seq=6178
2026-03-19 09:39:15 | INFO | ConnectedDownlink | Retransmitted packet seq=6186
2026-03-19 09:39:15 | INFO | ConnectedDownlink | DATA frame received seq=6178 → data_queue
2026-03-19 09:39:15 | INFO | ConnectedDownlink | Retransmitted packet seq=6187
2026-03-19 09:39:15 | INFO | ConnectedDownlink | DATA frame received seq=6186 → data_queue
2026-03-19 09:39:15 | INFO | ConnectedDownlink | Retransmitted packet seq=6189
2026-03-19 09:39:15 | INFO | ConnectedDownlink | Retransmitted packet seq=6192
2026-03-19 09:39:15 | INFO | ConnectedDownlink | DATA frame received seq=6189 → data_queue
2026-03-19 09:39:15 | INFO | ConnectedDownlink | DATA frame received seq=6192 → data_queue
2026-03-19 09:39:15 | INFO | ConnectedDownlink | Retransmitted packet seq=6200
2026-03-19 09:39:15 | INFO | ConnectedDownlink | Retransmitted packet seq=6203
2026-03-19 09:39:15 | INFO | ConnectedDownlink | Retransmitted packet seq=6204
2026-03-19 09:39:15 | INFO | ConnectedDownlink | DATA frame received seq=6204 → data_queue
2026-03-19 09:39:15 | INFO | ConnectedDownlink | Retransmitted packet seq=6208
2026-03-19 09:39:15 | INFO | ConnectedDownlink | DATA frame received seq=6208 → data_queue
2026-03-19 09:39:15 | INFO | ConnectedDownlink | Retransmitted packet seq=6212
2026-03-19 09:39:15 | INFO | ConnectedDownlink | DATA frame received seq=6212 → data_queue
2026-03-19 09:39:15 | INFO | ConnectedDownlink | Retransmitted packet seq=6215
2026-03-19 09:39:15 | INFO | ConnectedDownlink | Retransmitted packet seq=6216
2026-03-19 09:39:15 | INFO | ConnectedDownlink | DATA frame received seq=6216 → data_queue
2026-03-19 09:39:15 | INFO | ConnectedDownlink | Retransmitted packet seq=6226
2026-03-19 09:39:15 | INFO | ConnectedDownlink | Retransmitted packet seq=6231
2026-03-19 09:39:15 | INFO | ConnectedDownlink | DATA frame received seq=6231 → data_queue
2026-03-19 09:39:15 | INFO | ConnectedDownlink | Retransmitted packet seq=6234
2026-03-19 09:39:15 | INFO | ConnectedDownlink | DATA frame received seq=6234 → data_queue
2026-03-19 09:39:15 | INFO | ConnectedDownlink | Retransmitted packet seq=6241
2026-03-19 09:39:15 | INFO | ConnectedDownlink | DATA frame received seq=6241 → data_queue
2026-03-19 09:39:15 | INFO | ConnectedDownlink | Retransmitted packet seq=6243
2026-03-19 09:39:15 | INFO | ConnectedDownlink | DATA frame received seq=6243 → data_queue
2026-03-19 09:39:15 | INFO | ConnectedDownlink | Retransmitted packet seq=6249
2026-03-19 09:39:16 | INFO | ConnectedDownlink | Retransmitted packet seq=6255
2026-03-19 09:39:16 | INFO | ConnectedDownlink | DATA frame received seq=6255 → data_queue
2026-03-19 09:39:16 | INFO | ConnectedDownlink | Retransmitted packet seq=6259
2026-03-19 09:39:16 | INFO | ConnectedDownlink | Retransmitted packet seq=6261
2026-03-19 09:39:16 | INFO | ConnectedDownlink | DATA frame received seq=6259 → data_queue
2026-03-19 09:39:16 | INFO | ConnectedDownlink | Retransmitted packet seq=6270
2026-03-19 09:39:16 | INFO | ConnectedDownlink | DATA frame received seq=6270 → data_queue
2026-03-19 09:39:16 | INFO | ConnectedDownlink | Retransmitted packet seq=6273
2026-03-19 09:39:16 | INFO | ConnectedDownlink | DATA frame received seq=6273 → data_queue
2026-03-19 09:39:16 | INFO | ConnectedDownlink | Retransmitted packet seq=6276
2026-03-19 09:39:16 | INFO | ConnectedDownlink | Retransmitted packet seq=6277
2026-03-19 09:39:16 | INFO | ConnectedDownlink | DATA frame received seq=6277 → data_queue
2026-03-19 09:39:16 | INFO | ConnectedDownlink | Retransmitted packet seq=6281
2026-03-19 09:39:16 | INFO | ConnectedDownlink | Retransmitted packet seq=6292
2026-03-19 09:39:16 | INFO | ConnectedDownlink | DATA frame received seq=6292 → data_queue
2026-03-19 09:39:16 | INFO | ConnectedDownlink | Retransmitted packet seq=6293
2026-03-19 09:39:16 | INFO | ConnectedDownlink | DATA frame received seq=6293 → data_queue
2026-03-19 09:39:16 | INFO | ConnectedDownlink | Retransmitted packet seq=6298
2026-03-19 09:39:16 | INFO | ConnectedDownlink | DATA frame received seq=6298 → data_queue
2026-03-19 09:39:16 | INFO | ConnectedDownlink | Retransmitted packet seq=6309
2026-03-19 09:39:16 | INFO | ConnectedDownlink | DATA frame received seq=6309 → data_queue
2026-03-19 09:39:16 | INFO | ConnectedDownlink | Retransmitted packet seq=6313
2026-03-19 09:39:16 | INFO | ConnectedDownlink | DATA frame received seq=6313 → data_queue
2026-03-19 09:39:16 | INFO | ConnectedDownlink | Retransmitted packet seq=6315
2026-03-19 09:39:16 | INFO | ConnectedDownlink | Retransmitted packet seq=6316
2026-03-19 09:39:16 | INFO | ConnectedDownlink | DATA frame received seq=6316 → data_queue
2026-03-19 09:39:16 | INFO | ConnectedDownlink | Retransmitted packet seq=6317
2026-03-19 09:39:16 | INFO | ConnectedDownlink | DATA frame received seq=6317 → data_queue
2026-03-19 09:39:16 | INFO | ConnectedDownlink | Retransmitted packet seq=6320
2026-03-19 09:39:16 | INFO | ConnectedDownlink | Retransmitted packet seq=6322
2026-03-19 09:39:16 | INFO | ConnectedDownlink | DATA frame received seq=6322 → data_queue
2026-03-19 09:39:16 | INFO | ConnectedDownlink | Retransmitted packet seq=6324
2026-03-19 09:39:16 | INFO | ConnectedDownlink | DATA frame received seq=6324 → data_queue
2026-03-19 09:39:16 | INFO | ConnectedDownlink | Retransmitted packet seq=6327
2026-03-19 09:39:16 | INFO | ConnectedDownlink | DATA frame received seq=6327 → data_queue
2026-03-19 09:39:16 | INFO | ConnectedDownlink | Retransmitted packet seq=6331
2026-03-19 09:39:16 | INFO | ConnectedDownlink | DATA frame received seq=6331 → data_queue
2026-03-19 09:39:16 | INFO | ConnectedDownlink | Retransmitted packet seq=6338
2026-03-19 09:39:16 | INFO | ConnectedDownlink | Retransmitted packet seq=6344
2026-03-19 09:39:16 | INFO | ConnectedDownlink | DATA frame received seq=6344 → data_queue
2026-03-19 09:39:16 | INFO | ConnectedDownlink | Retransmitted packet seq=6345
2026-03-19 09:39:16 | INFO | ConnectedDownlink | DATA frame received seq=6345 → data_queue
2026-03-19 09:39:16 | INFO | ConnectedDownlink | Retransmitted packet seq=6346
2026-03-19 09:39:16 | INFO | ConnectedDownlink | DATA frame received seq=6346 → data_queue
2026-03-19 09:39:16 | INFO | ConnectedDownlink | Retransmitted packet seq=6347
2026-03-19 09:39:16 | INFO | ConnectedDownlink | Retransmitted packet seq=6348
2026-03-19 09:39:16 | INFO | ConnectedDownlink | DATA frame received seq=6348 → data_queue
2026-03-19 09:39:16 | INFO | ConnectedDownlink | Retransmitted packet seq=6349
2026-03-19 09:39:16 | INFO | ConnectedDownlink | DATA frame received seq=6349 → data_queue
2026-03-19 09:39:16 | INFO | ConnectedDownlink | Retransmitted packet seq=6350
2026-03-19 09:39:16 | INFO | ConnectedDownlink | DATA frame received seq=6350 → data_queue
2026-03-19 09:39:16 | INFO | ConnectedDownlink | Retransmitted packet seq=6358
2026-03-19 09:39:16 | INFO | ConnectedDownlink | DATA frame received seq=6358 → data_queue
2026-03-19 09:39:16 | INFO | ConnectedDownlink | Retransmitted packet seq=6359
2026-03-19 09:39:16 | INFO | ConnectedDownlink | DATA frame received seq=6359 → data_queue
2026-03-19 09:39:16 | INFO | ConnectedDownlink | Retransmitted packet seq=6364
2026-03-19 09:39:16 | INFO | ConnectedDownlink | DATA frame received seq=6364 → data_queue
2026-03-19 09:39:16 | INFO | ConnectedDownlink | Retransmitted packet seq=6367
2026-03-19 09:39:16 | INFO | ConnectedDownlink | Retransmitted packet seq=6369
2026-03-19 09:39:16 | INFO | ConnectedDownlink | Retransmitted packet seq=6374
2026-03-19 09:39:16 | INFO | ConnectedDownlink | DATA frame received seq=6374 → data_queue
2026-03-19 09:39:16 | INFO | ConnectedDownlink | Retransmitted packet seq=6375
2026-03-19 09:39:16 | INFO | ConnectedDownlink | DATA frame received seq=6375 → data_queue
2026-03-19 09:39:16 | INFO | ConnectedDownlink | Retransmitted packet seq=6376
2026-03-19 09:39:16 | INFO | ConnectedDownlink | DATA frame received seq=6376 → data_queue
2026-03-19 09:39:16 | INFO | ConnectedDownlink | Retransmitted packet seq=6381
2026-03-19 09:39:16 | INFO | ConnectedDownlink | Retransmitted packet seq=6387
2026-03-19 09:39:16 | INFO | ConnectedDownlink | Retransmitted packet seq=6388
2026-03-19 09:39:16 | INFO | ConnectedDownlink | DATA frame received seq=6388 → data_queue
2026-03-19 09:39:16 | INFO | ConnectedDownlink | Retransmitted packet seq=6393
2026-03-19 09:39:16 | INFO | ConnectedDownlink | Retransmitted packet seq=6399
2026-03-19 09:39:16 | INFO | ConnectedDownlink | Retransmitted packet seq=6403
2026-03-19 09:39:16 | INFO | ConnectedDownlink | DATA frame received seq=6403 → data_queue
2026-03-19 09:39:16 | INFO | ConnectedDownlink | Retransmitted packet seq=6408
2026-03-19 09:39:16 | INFO | ConnectedDownlink | Retransmitted packet seq=6410
2026-03-19 09:39:16 | INFO | ConnectedDownlink | DATA frame received seq=6410 → data_queue
2026-03-19 09:39:16 | INFO | ConnectedDownlink | Retransmitted packet seq=6412
2026-03-19 09:39:16 | INFO | ConnectedDownlink | DATA frame received seq=6412 → data_queue
2026-03-19 09:39:16 | INFO | ConnectedDownlink | Retransmitted packet seq=6420
2026-03-19 09:39:16 | INFO | ConnectedDownlink | Retransmitted packet seq=6423
2026-03-19 09:39:16 | INFO | ConnectedDownlink | DATA frame received seq=6423 → data_queue
2026-03-19 09:39:16 | INFO | ConnectedDownlink | Retransmitted packet seq=6424
2026-03-19 09:39:16 | INFO | ConnectedDownlink | DATA frame received seq=6424 → data_queue
2026-03-19 09:39:16 | INFO | ConnectedDownlink | Retransmitted packet seq=6425
2026-03-19 09:39:16 | INFO | ConnectedDownlink | DATA frame received seq=6425 → data_queue
2026-03-19 09:39:16 | INFO | ConnectedDownlink | Retransmitted packet seq=6426
2026-03-19 09:39:16 | INFO | ConnectedDownlink | DATA frame received seq=6426 → data_queue
2026-03-19 09:39:16 | INFO | ConnectedDownlink | Retransmitted packet seq=6430
2026-03-19 09:39:16 | INFO | ConnectedDownlink | DATA frame received seq=6430 → data_queue
2026-03-19 09:39:16 | INFO | ConnectedDownlink | Retransmitted packet seq=6432
2026-03-19 09:39:16 | INFO | ConnectedDownlink | DATA frame received seq=6432 → data_queue
2026-03-19 09:39:16 | INFO | ConnectedDownlink | Retransmitted packet seq=6433
2026-03-19 09:39:16 | INFO | ConnectedDownlink | DATA frame received seq=6433 → data_queue
2026-03-19 09:39:16 | INFO | ConnectedDownlink | Retransmitted packet seq=6437
2026-03-19 09:39:16 | INFO | ConnectedDownlink | Retransmitted packet seq=6441
2026-03-19 09:39:16 | INFO | ConnectedDownlink | DATA frame received seq=6441 → data_queue
2026-03-19 09:39:16 | INFO | ConnectedDownlink | Retransmitted packet seq=6449
2026-03-19 09:39:16 | INFO | ConnectedDownlink | DATA frame received seq=6449 → data_queue
2026-03-19 09:39:16 | INFO | ConnectedDownlink | Retransmitted packet seq=6454
2026-03-19 09:39:16 | INFO | ConnectedDownlink | DATA frame received seq=6454 → data_queue
2026-03-19 09:39:16 | INFO | ConnectedDownlink | Retransmitted packet seq=6457
2026-03-19 09:39:16 | INFO | ConnectedDownlink | DATA frame received seq=6457 → data_queue
2026-03-19 09:39:16 | INFO | ConnectedDownlink | Retransmitted packet seq=6459
2026-03-19 09:39:16 | INFO | ConnectedDownlink | Retransmitted packet seq=6462
2026-03-19 09:39:16 | INFO | ConnectedDownlink | DATA frame received seq=6462 → data_queue
2026-03-19 09:39:16 | INFO | ConnectedDownlink | Retransmitted packet seq=6463
2026-03-19 09:39:16 | INFO | ConnectedDownlink | DATA frame received seq=6463 → data_queue
2026-03-19 09:39:16 | INFO | ConnectedDownlink | Retransmitted packet seq=6464
2026-03-19 09:39:16 | INFO | ConnectedDownlink | DATA frame received seq=6464 → data_queue
2026-03-19 09:39:16 | INFO | ConnectedDownlink | Retransmitted packet seq=6465
2026-03-19 09:39:16 | INFO | ConnectedDownlink | DATA frame received seq=6465 → data_queue
2026-03-19 09:39:16 | INFO | ConnectedDownlink | Retransmitted packet seq=6466
2026-03-19 09:39:16 | INFO | ConnectedDownlink | DATA frame received seq=6466 → data_queue
2026-03-19 09:39:17 | INFO | ConnectedDownlink | Retransmitted packet seq=6467
2026-03-19 09:39:17 | INFO | ConnectedDownlink | Retransmitted packet seq=6468
2026-03-19 09:39:17 | INFO | ConnectedDownlink | DATA frame received seq=6468 → data_queue
2026-03-19 09:39:17 | INFO | ConnectedDownlink | Retransmitted packet seq=6472
2026-03-19 09:39:17 | INFO | ConnectedDownlink | DATA frame received seq=6472 → data_queue
2026-03-19 09:39:17 | INFO | ConnectedDownlink | Retransmitted packet seq=6473
2026-03-19 09:39:17 | INFO | ConnectedDownlink | DATA frame received seq=6473 → data_queue
2026-03-19 09:39:17 | INFO | ConnectedDownlink | Retransmitted packet seq=6475
2026-03-19 09:39:17 | INFO | ConnectedDownlink | DATA frame received seq=6475 → data_queue
2026-03-19 09:39:17 | INFO | ConnectedDownlink | Retransmitted packet seq=6477
2026-03-19 09:39:17 | INFO | ConnectedDownlink | Retransmitted packet seq=6478
2026-03-19 09:39:17 | INFO | ConnectedDownlink | DATA frame received seq=6478 → data_queue
2026-03-19 09:39:17 | INFO | ConnectedDownlink | Retransmitted packet seq=6479
2026-03-19 09:39:17 | INFO | ConnectedDownlink | Retransmitted packet seq=6482
2026-03-19 09:39:17 | INFO | ConnectedDownlink | DATA frame received seq=6482 → data_queue
2026-03-19 09:39:17 | INFO | ConnectedDownlink | Retransmitted packet seq=6483
2026-03-19 09:39:17 | INFO | ConnectedDownlink | DATA frame received seq=6483 → data_queue
2026-03-19 09:39:17 | INFO | ConnectedDownlink | Retransmitted packet seq=6485
2026-03-19 09:39:17 | INFO | ConnectedDownlink | DATA frame received seq=6485 → data_queue
2026-03-19 09:39:17 | INFO | ConnectedDownlink | Retransmitted packet seq=6495
2026-03-19 09:39:17 | INFO | ConnectedDownlink | DATA frame received seq=6495 → data_queue
2026-03-19 09:39:17 | INFO | ConnectedDownlink | Retransmitted packet seq=6496
2026-03-19 09:39:17 | INFO | ConnectedDownlink | DATA frame received seq=6496 → data_queue
2026-03-19 09:39:17 | INFO | ConnectedDownlink | Retransmitted packet seq=6497
2026-03-19 09:39:17 | INFO | ConnectedDownlink | DATA frame received seq=6497 → data_queue
2026-03-19 09:39:17 | INFO | ConnectedDownlink | Retransmitted packet seq=6498
2026-03-19 09:39:17 | INFO | ConnectedDownlink | DATA frame received seq=6498 → data_queue
2026-03-19 09:39:17 | INFO | ConnectedDownlink | Retransmitted packet seq=6501
2026-03-19 09:39:17 | INFO | ConnectedDownlink | Retransmitted packet seq=6502
2026-03-19 09:39:17 | INFO | ConnectedDownlink | DATA frame received seq=6502 → data_queue
2026-03-19 09:39:17 | INFO | ConnectedDownlink | Retransmitted packet seq=6506
2026-03-19 09:39:17 | INFO | ConnectedDownlink | Retransmitted packet seq=6512
2026-03-19 09:39:17 | INFO | ConnectedDownlink | Retransmitted packet seq=6513
2026-03-19 09:39:17 | INFO | ConnectedDownlink | DATA frame received seq=6513 → data_queue
2026-03-19 09:39:17 | INFO | ConnectedDownlink | Retransmitted packet seq=6514
2026-03-19 09:39:17 | INFO | ConnectedDownlink | DATA frame received seq=6514 → data_queue
2026-03-19 09:39:17 | INFO | ConnectedDownlink | Retransmitted packet seq=6516
2026-03-19 09:39:17 | INFO | ConnectedDownlink | DATA frame received seq=6516 → data_queue
2026-03-19 09:39:17 | INFO | ConnectedDownlink | Retransmitted packet seq=6521
2026-03-19 09:39:17 | INFO | ConnectedDownlink | Retransmitted packet seq=6523
2026-03-19 09:39:17 | INFO | ConnectedDownlink | DATA frame received seq=6523 → data_queue
2026-03-19 09:39:17 | INFO | ConnectedDownlink | Retransmitted packet seq=6526
2026-03-19 09:39:17 | INFO | ConnectedDownlink | DATA frame received seq=6526 → data_queue
2026-03-19 09:39:17 | INFO | ConnectedDownlink | Retransmitted packet seq=6531
2026-03-19 09:39:17 | INFO | ConnectedDownlink | DATA frame received seq=6531 → data_queue
2026-03-19 09:39:17 | INFO | ConnectedDownlink | Retransmitted packet seq=6532
2026-03-19 09:39:17 | INFO | ConnectedDownlink | DATA frame received seq=6532 → data_queue
2026-03-19 09:39:17 | INFO | ConnectedDownlink | Retransmitted packet seq=6534
2026-03-19 09:39:17 | INFO | ConnectedDownlink | Retransmitted packet seq=6535
2026-03-19 09:39:17 | INFO | ConnectedDownlink | DATA frame received seq=6535 → data_queue
2026-03-19 09:39:17 | INFO | ConnectedDownlink | Retransmitted packet seq=6540
2026-03-19 09:39:17 | INFO | ConnectedDownlink | Retransmitted packet seq=6542
2026-03-19 09:39:17 | INFO | ConnectedDownlink | DATA frame received seq=6542 → data_queue
2026-03-19 09:39:17 | INFO | ConnectedDownlink | Retransmitted packet seq=6545
2026-03-19 09:39:17 | INFO | ConnectedDownlink | DATA frame received seq=6545 → data_queue
2026-03-19 09:39:17 | INFO | ConnectedDownlink | Retransmitted packet seq=6549
2026-03-19 09:39:17 | INFO | ConnectedDownlink | DATA frame received seq=6549 → data_queue
2026-03-19 09:39:17 | INFO | ConnectedDownlink | Retransmitted packet seq=6550
2026-03-19 09:39:17 | INFO | ConnectedDownlink | DATA frame received seq=6550 → data_queue
2026-03-19 09:39:17 | INFO | ConnectedDownlink | Retransmitted packet seq=6556
2026-03-19 09:39:17 | INFO | ConnectedDownlink | DATA frame received seq=6556 → data_queue
2026-03-19 09:39:17 | INFO | ConnectedDownlink | Retransmitted packet seq=6559
2026-03-19 09:39:17 | INFO | ConnectedDownlink | DATA frame received seq=6559 → data_queue
2026-03-19 09:39:17 | INFO | ConnectedDownlink | Retransmitted packet seq=6561
2026-03-19 09:39:17 | INFO | ConnectedDownlink | Retransmitted packet seq=6566
2026-03-19 09:39:17 | INFO | ConnectedDownlink | Retransmitted packet seq=6569
2026-03-19 09:39:17 | INFO | ConnectedDownlink | DATA frame received seq=6569 → data_queue
2026-03-19 09:39:17 | INFO | ConnectedDownlink | Retransmitted packet seq=6570
2026-03-19 09:39:17 | INFO | ConnectedDownlink | DATA frame received seq=6570 → data_queue
2026-03-19 09:39:17 | INFO | ConnectedDownlink | Retransmitted packet seq=6572
2026-03-19 09:39:17 | INFO | ConnectedDownlink | Retransmitted packet seq=6575
2026-03-19 09:39:17 | INFO | ConnectedDownlink | DATA frame received seq=6575 → data_queue
2026-03-19 09:39:17 | INFO | ConnectedDownlink | Retransmitted packet seq=6577
2026-03-19 09:39:17 | INFO | ConnectedDownlink | DATA frame received seq=6577 → data_queue
2026-03-19 09:39:17 | INFO | ConnectedDownlink | Retransmitted packet seq=6578
2026-03-19 09:39:17 | INFO | ConnectedDownlink | DATA frame received seq=6578 → data_queue
2026-03-19 09:39:17 | INFO | ConnectedDownlink | Retransmitted packet seq=6581
2026-03-19 09:39:17 | INFO | ConnectedDownlink | Retransmitted packet seq=6592
2026-03-19 09:39:17 | INFO | ConnectedDownlink | DATA frame received seq=6592 → data_queue
2026-03-19 09:39:17 | INFO | ConnectedDownlink | Retransmitted packet seq=6600
2026-03-19 09:39:17 | INFO | ConnectedDownlink | DATA frame received seq=6600 → data_queue
2026-03-19 09:39:17 | INFO | ConnectedDownlink | Retransmitted packet seq=6601
2026-03-19 09:39:17 | INFO | ConnectedDownlink | DATA frame received seq=6601 → data_queue
2026-03-19 09:39:17 | INFO | ConnectedDownlink | Retransmitted packet seq=6606
2026-03-19 09:39:17 | INFO | ConnectedDownlink | DATA frame received seq=6606 → data_queue
2026-03-19 09:39:17 | INFO | ConnectedDownlink | Retransmitted packet seq=6607
2026-03-19 09:39:17 | INFO | ConnectedDownlink | DATA frame received seq=6607 → data_queue
2026-03-19 09:39:17 | INFO | ConnectedDownlink | Retransmitted packet seq=6617
2026-03-19 09:39:17 | INFO | ConnectedDownlink | DATA frame received seq=6617 → data_queue
2026-03-19 09:39:17 | INFO | ConnectedDownlink | Retransmitted packet seq=6618
2026-03-19 09:39:17 | INFO | ConnectedDownlink | Retransmitted packet seq=6620
2026-03-19 09:39:17 | INFO | ConnectedDownlink | DATA frame received seq=6620 → data_queue
2026-03-19 09:39:17 | INFO | ConnectedDownlink | Retransmitted packet seq=6624
2026-03-19 09:39:17 | INFO | ConnectedDownlink | DATA frame received seq=6624 → data_queue
2026-03-19 09:39:17 | INFO | ConnectedDownlink | Retransmitted packet seq=6626
2026-03-19 09:39:17 | INFO | ConnectedDownlink | DATA frame received seq=6626 → data_queue
2026-03-19 09:39:17 | INFO | ConnectedDownlink | Retransmitted packet seq=6632
2026-03-19 09:39:17 | INFO | ConnectedDownlink | DATA frame received seq=6632 → data_queue
2026-03-19 09:39:17 | INFO | ConnectedDownlink | Retransmitted packet seq=6634
2026-03-19 09:39:17 | INFO | ConnectedDownlink | Retransmitted packet seq=6635
2026-03-19 09:39:17 | INFO | ConnectedDownlink | DATA frame received seq=6635 → data_queue
2026-03-19 09:39:17 | INFO | ConnectedDownlink | Retransmitted packet seq=6646
2026-03-19 09:39:17 | INFO | ConnectedDownlink | DATA frame received seq=6646 → data_queue
2026-03-19 09:39:17 | INFO | ConnectedDownlink | Retransmitted packet seq=6655
2026-03-19 09:39:17 | INFO | ConnectedDownlink | Retransmitted packet seq=6660
2026-03-19 09:39:17 | INFO | ConnectedDownlink | DATA frame received seq=6660 → data_queue
2026-03-19 09:39:17 | INFO | ConnectedDownlink | Retransmitted packet seq=6664
2026-03-19 09:39:17 | INFO | ConnectedDownlink | Retransmitted packet seq=6666
2026-03-19 09:39:17 | INFO | ConnectedDownlink | Retransmitted packet seq=6668
2026-03-19 09:39:17 | INFO | ConnectedDownlink | DATA frame received seq=6668 → data_queue
2026-03-19 09:39:18 | INFO | ConnectedDownlink | Retransmitted packet seq=6669
2026-03-19 09:39:18 | INFO | ConnectedDownlink | Retransmitted packet seq=6675
2026-03-19 09:39:18 | INFO | ConnectedDownlink | Retransmitted packet seq=6678
2026-03-19 09:39:18 | INFO | ConnectedDownlink | DATA frame received seq=6678 → data_queue
2026-03-19 09:39:18 | INFO | ConnectedDownlink | Retransmitted packet seq=6683
2026-03-19 09:39:18 | INFO | ConnectedDownlink | Retransmitted packet seq=6686
2026-03-19 09:39:18 | INFO | ConnectedDownlink | DATA frame received seq=6686 → data_queue
2026-03-19 09:39:18 | INFO | ConnectedDownlink | Retransmitted packet seq=6691
2026-03-19 09:39:18 | INFO | ConnectedDownlink | DATA frame received seq=6691 → data_queue
2026-03-19 09:39:18 | INFO | ConnectedDownlink | Retransmitted packet seq=6694
2026-03-19 09:39:18 | INFO | ConnectedDownlink | DATA frame received seq=6694 → data_queue
2026-03-19 09:39:18 | INFO | ConnectedDownlink | Retransmitted packet seq=6695
2026-03-19 09:39:18 | INFO | ConnectedDownlink | DATA frame received seq=6695 → data_queue
2026-03-19 09:39:18 | INFO | ConnectedDownlink | Retransmitted packet seq=6705
2026-03-19 09:39:18 | INFO | ConnectedDownlink | Retransmitted packet seq=6708
2026-03-19 09:39:18 | INFO | ConnectedDownlink | DATA frame received seq=6708 → data_queue
2026-03-19 09:39:18 | INFO | ConnectedDownlink | Retransmitted packet seq=6711
2026-03-19 09:39:18 | INFO | ConnectedDownlink | DATA frame received seq=6711 → data_queue
2026-03-19 09:39:18 | INFO | ConnectedDownlink | Retransmitted packet seq=6714
2026-03-19 09:39:18 | INFO | ConnectedDownlink | DATA frame received seq=6714 → data_queue
2026-03-19 09:39:18 | INFO | ConnectedDownlink | Retransmitted packet seq=6729
2026-03-19 09:39:18 | INFO | ConnectedDownlink | DATA frame received seq=6729 → data_queue
2026-03-19 09:39:18 | INFO | ConnectedDownlink | Retransmitted packet seq=6735
2026-03-19 09:39:18 | INFO | ConnectedDownlink | DATA frame received seq=6735 → data_queue
2026-03-19 09:39:18 | INFO | ConnectedDownlink | Retransmitted packet seq=6736
2026-03-19 09:39:18 | INFO | ConnectedDownlink | Retransmitted packet seq=6738
2026-03-19 09:39:18 | INFO | ConnectedDownlink | DATA frame received seq=6738 → data_queue
2026-03-19 09:39:18 | INFO | ConnectedDownlink | Retransmitted packet seq=6742
2026-03-19 09:39:18 | INFO | ConnectedDownlink | Retransmitted packet seq=6745
2026-03-19 09:39:18 | INFO | ConnectedDownlink | DATA frame received seq=6745 → data_queue
2026-03-19 09:39:18 | INFO | ConnectedDownlink | Retransmitted packet seq=6746
2026-03-19 09:39:18 | INFO | ConnectedDownlink | DATA frame received seq=6746 → data_queue
2026-03-19 09:39:18 | INFO | ConnectedDownlink | Retransmitted packet seq=6747
2026-03-19 09:39:18 | INFO | ConnectedDownlink | DATA frame received seq=6747 → data_queue
2026-03-19 09:39:18 | INFO | ConnectedDownlink | Retransmitted packet seq=6748
2026-03-19 09:39:18 | INFO | ConnectedDownlink | DATA frame received seq=6748 → data_queue
2026-03-19 09:39:18 | INFO | ConnectedDownlink | Retransmitted packet seq=6753
2026-03-19 09:39:18 | INFO | ConnectedDownlink | DATA frame received seq=6753 → data_queue
2026-03-19 09:39:18 | INFO | ConnectedDownlink | Retransmitted packet seq=6754
2026-03-19 09:39:18 | INFO | ConnectedDownlink | DATA frame received seq=6754 → data_queue
2026-03-19 09:39:18 | INFO | ConnectedDownlink | Retransmitted packet seq=6756
2026-03-19 09:39:18 | INFO | ConnectedDownlink | DATA frame received seq=6756 → data_queue
2026-03-19 09:39:18 | INFO | ConnectedDownlink | Retransmitted packet seq=6759
2026-03-19 09:39:18 | INFO | ConnectedDownlink | DATA frame received seq=6759 → data_queue
2026-03-19 09:39:18 | INFO | ConnectedDownlink | Retransmitted packet seq=6761
2026-03-19 09:39:18 | INFO | ConnectedDownlink | DATA frame received seq=6761 → data_queue
2026-03-19 09:39:18 | INFO | ConnectedDownlink | Retransmitted packet seq=6767
2026-03-19 09:39:18 | INFO | ConnectedDownlink | DATA frame received seq=6767 → data_queue
2026-03-19 09:39:18 | INFO | ConnectedDownlink | Retransmitted packet seq=6773
2026-03-19 09:39:18 | INFO | ConnectedDownlink | DATA frame received seq=6773 → data_queue
2026-03-19 09:39:18 | INFO | ConnectedDownlink | Retransmitted packet seq=6775
2026-03-19 09:39:18 | INFO | ConnectedDownlink | Retransmitted packet seq=6777
2026-03-19 09:39:18 | INFO | ConnectedDownlink | DATA frame received seq=6777 → data_queue
2026-03-19 09:39:18 | INFO | ConnectedDownlink | Retransmitted packet seq=6778
2026-03-19 09:39:18 | INFO | ConnectedDownlink | DATA frame received seq=6778 → data_queue
2026-03-19 09:39:18 | INFO | ConnectedDownlink | Retransmitted packet seq=6787
2026-03-19 09:39:18 | INFO | ConnectedDownlink | DATA frame received seq=6787 → data_queue
2026-03-19 09:39:18 | INFO | ConnectedDownlink | Retransmitted packet seq=6793
2026-03-19 09:39:18 | INFO | ConnectedDownlink | Retransmitted packet seq=6795
2026-03-19 09:39:18 | INFO | ConnectedDownlink | DATA frame received seq=6795 → data_queue
2026-03-19 09:39:18 | INFO | ConnectedDownlink | Retransmitted packet seq=6797
2026-03-19 09:39:18 | INFO | ConnectedDownlink | DATA frame received seq=6797 → data_queue
2026-03-19 09:39:18 | INFO | ConnectedDownlink | Retransmitted packet seq=6812
2026-03-19 09:39:18 | INFO | ConnectedDownlink | DATA frame received seq=6812 → data_queue
2026-03-19 09:39:18 | INFO | ConnectedDownlink | Retransmitted packet seq=6828
2026-03-19 09:39:18 | INFO | ConnectedDownlink | Retransmitted packet seq=6829
2026-03-19 09:39:18 | INFO | ConnectedDownlink | DATA frame received seq=6829 → data_queue
2026-03-19 09:39:18 | INFO | ConnectedDownlink | Retransmitted packet seq=6832
2026-03-19 09:39:18 | INFO | ConnectedDownlink | DATA frame received seq=6832 → data_queue
2026-03-19 09:39:18 | INFO | ConnectedDownlink | Retransmitted packet seq=6833
2026-03-19 09:39:18 | INFO | ConnectedDownlink | Retransmitted packet seq=6834
2026-03-19 09:39:18 | INFO | ConnectedDownlink | DATA frame received seq=6834 → data_queue
2026-03-19 09:39:18 | INFO | ConnectedDownlink | Retransmitted packet seq=6835
2026-03-19 09:39:18 | INFO | ConnectedDownlink | Retransmitted packet seq=6836
2026-03-19 09:39:18 | INFO | ConnectedDownlink | Retransmitted packet seq=6840
2026-03-19 09:39:18 | INFO | ConnectedDownlink | DATA frame received seq=6840 → data_queue
2026-03-19 09:39:18 | INFO | ConnectedDownlink | Retransmitted packet seq=6842
2026-03-19 09:39:18 | INFO | ConnectedDownlink | Retransmitted packet seq=6844
2026-03-19 09:39:18 | INFO | ConnectedDownlink | DATA frame received seq=6844 → data_queue
2026-03-19 09:39:18 | INFO | ConnectedDownlink | Retransmitted packet seq=6854
2026-03-19 09:39:18 | INFO | ConnectedDownlink | Retransmitted packet seq=6855
2026-03-19 09:39:18 | INFO | ConnectedDownlink | DATA frame received seq=6855 → data_queue
2026-03-19 09:39:18 | INFO | ConnectedDownlink | Retransmitted packet seq=6860
2026-03-19 09:39:18 | INFO | ConnectedDownlink | Retransmitted packet seq=6862
2026-03-19 09:39:18 | INFO | ConnectedDownlink | DATA frame received seq=6862 → data_queue
2026-03-19 09:39:18 | INFO | ConnectedDownlink | Retransmitted packet seq=6865
2026-03-19 09:39:18 | INFO | ConnectedDownlink | DATA frame received seq=6865 → data_queue
2026-03-19 09:39:18 | INFO | ConnectedDownlink | Retransmitted packet seq=6868
2026-03-19 09:39:18 | INFO | ConnectedDownlink | DATA frame received seq=6868 → data_queue
2026-03-19 09:39:18 | INFO | ConnectedDownlink | Retransmitted packet seq=6871
2026-03-19 09:39:18 | INFO | ConnectedDownlink | DATA frame received seq=6871 → data_queue
2026-03-19 09:39:18 | INFO | ConnectedDownlink | Retransmitted packet seq=6874
2026-03-19 09:39:18 | INFO | ConnectedDownlink | Retransmitted packet seq=6876
2026-03-19 09:39:18 | INFO | ConnectedDownlink | DATA frame received seq=6876 → data_queue
2026-03-19 09:39:18 | INFO | ConnectedDownlink | Retransmitted packet seq=6877
2026-03-19 09:39:18 | INFO | ConnectedDownlink | DATA frame received seq=6877 → data_queue
2026-03-19 09:39:18 | INFO | ConnectedDownlink | Retransmitted packet seq=6886
2026-03-19 09:39:18 | INFO | ConnectedDownlink | Retransmitted packet seq=6887
2026-03-19 09:39:18 | INFO | ConnectedDownlink | Retransmitted packet seq=6888
2026-03-19 09:39:18 | INFO | ConnectedDownlink | DATA frame received seq=6888 → data_queue
2026-03-19 09:39:18 | INFO | ConnectedDownlink | Retransmitted packet seq=6889
2026-03-19 09:39:18 | INFO | ConnectedDownlink | DATA frame received seq=6889 → data_queue
2026-03-19 09:39:18 | INFO | ConnectedDownlink | Retransmitted packet seq=6892
2026-03-19 09:39:18 | INFO | ConnectedDownlink | DATA frame received seq=6892 → data_queue
2026-03-19 09:39:18 | INFO | ConnectedDownlink | Retransmitted packet seq=6895
2026-03-19 09:39:18 | INFO | ConnectedDownlink | DATA frame received seq=6895 → data_queue
2026-03-19 09:39:18 | INFO | ConnectedDownlink | Retransmitted packet seq=6896
2026-03-19 09:39:18 | INFO | ConnectedDownlink | Retransmitted packet seq=6902
2026-03-19 09:39:18 | INFO | ConnectedDownlink | DATA frame received seq=6902 → data_queue
2026-03-19 09:39:19 | INFO | ConnectedDownlink | Retransmitted packet seq=6906
2026-03-19 09:39:19 | INFO | ConnectedDownlink | DATA frame received seq=6906 → data_queue
2026-03-19 09:39:19 | INFO | ConnectedDownlink | Retransmitted packet seq=6907
2026-03-19 09:39:19 | INFO | ConnectedDownlink | DATA frame received seq=6907 → data_queue
2026-03-19 09:39:19 | INFO | ConnectedDownlink | Retransmitted packet seq=6909
2026-03-19 09:39:19 | INFO | ConnectedDownlink | DATA frame received seq=6909 → data_queue
2026-03-19 09:39:19 | INFO | ConnectedDownlink | Retransmitted packet seq=6916
2026-03-19 09:39:19 | INFO | ConnectedDownlink | DATA frame received seq=6916 → data_queue
2026-03-19 09:39:19 | INFO | ConnectedDownlink | Retransmitted packet seq=6917
2026-03-19 09:39:19 | INFO | ConnectedDownlink | DATA frame received seq=6917 → data_queue
2026-03-19 09:39:19 | INFO | ConnectedDownlink | Retransmitted packet seq=6921
2026-03-19 09:39:19 | INFO | ConnectedDownlink | Retransmitted packet seq=6925
2026-03-19 09:39:19 | INFO | ConnectedDownlink | Retransmitted packet seq=6934
2026-03-19 09:39:19 | INFO | ConnectedDownlink | DATA frame received seq=6934 → data_queue
2026-03-19 09:39:19 | INFO | ConnectedDownlink | Retransmitted packet seq=6940
2026-03-19 09:39:19 | INFO | ConnectedDownlink | DATA frame received seq=6940 → data_queue
2026-03-19 09:39:19 | INFO | ConnectedDownlink | Retransmitted packet seq=6941
2026-03-19 09:39:19 | INFO | ConnectedDownlink | DATA frame received seq=6941 → data_queue
2026-03-19 09:39:19 | INFO | ConnectedDownlink | Retransmitted packet seq=6945
2026-03-19 09:39:19 | INFO | ConnectedDownlink | DATA frame received seq=6945 → data_queue
2026-03-19 09:39:19 | INFO | ConnectedDownlink | Retransmitted packet seq=6947
2026-03-19 09:39:19 | INFO | ConnectedDownlink | Retransmitted packet seq=6950
2026-03-19 09:39:19 | INFO | ConnectedDownlink | DATA frame received seq=6950 → data_queue
2026-03-19 09:39:19 | INFO | ConnectedDownlink | Retransmitted packet seq=6951
2026-03-19 09:39:19 | INFO | ConnectedDownlink | Retransmitted packet seq=6959
2026-03-19 09:39:19 | INFO | ConnectedDownlink | DATA frame received seq=6959 → data_queue
2026-03-19 09:39:19 | INFO | ConnectedDownlink | Retransmitted packet seq=6962
2026-03-19 09:39:19 | INFO | ConnectedDownlink | Retransmitted packet seq=6963
2026-03-19 09:39:19 | INFO | ConnectedDownlink | Retransmitted packet seq=6965
2026-03-19 09:39:19 | INFO | ConnectedDownlink | DATA frame received seq=6965 → data_queue
2026-03-19 09:39:19 | INFO | ConnectedDownlink | Retransmitted packet seq=6967
2026-03-19 09:39:19 | INFO | ConnectedDownlink | DATA frame received seq=6967 → data_queue
2026-03-19 09:39:19 | INFO | ConnectedDownlink | Retransmitted packet seq=6968
2026-03-19 09:39:19 | INFO | ConnectedDownlink | DATA frame received seq=6968 → data_queue
2026-03-19 09:39:19 | INFO | ConnectedDownlink | Retransmitted packet seq=6970
2026-03-19 09:39:19 | INFO | ConnectedDownlink | Retransmitted packet seq=6974
2026-03-19 09:39:19 | INFO | ConnectedDownlink | DATA frame received seq=6974 → data_queue
2026-03-19 09:39:19 | INFO | ConnectedDownlink | Retransmitted packet seq=6980
2026-03-19 09:39:19 | INFO | ConnectedDownlink | Retransmitted packet seq=6988
2026-03-19 09:39:19 | INFO | ConnectedDownlink | DATA frame received seq=6988 → data_queue
2026-03-19 09:39:19 | INFO | ConnectedDownlink | Retransmitted packet seq=6991
2026-03-19 09:39:19 | INFO | ConnectedDownlink | Retransmitted packet seq=6994
2026-03-19 09:39:19 | INFO | ConnectedDownlink | Retransmitted packet seq=6997
2026-03-19 09:39:19 | INFO | ConnectedDownlink | Retransmitted packet seq=6998
2026-03-19 09:39:19 | INFO | ConnectedDownlink | DATA frame received seq=6998 → data_queue
2026-03-19 09:39:19 | INFO | ConnectedDownlink | Retransmitted packet seq=7005
2026-03-19 09:39:19 | INFO | ConnectedDownlink | Retransmitted packet seq=7008
2026-03-19 09:39:19 | INFO | ConnectedDownlink | DATA frame received seq=7008 → data_queue
2026-03-19 09:39:19 | INFO | ConnectedDownlink | Retransmitted packet seq=7010
2026-03-19 09:39:19 | INFO | ConnectedDownlink | DATA frame received seq=7010 → data_queue
2026-03-19 09:39:19 | INFO | ConnectedDownlink | Retransmitted packet seq=7020
2026-03-19 09:39:19 | INFO | ConnectedDownlink | DATA frame received seq=7020 → data_queue
2026-03-19 09:39:19 | INFO | ConnectedDownlink | Retransmitted packet seq=7025
2026-03-19 09:39:19 | INFO | ConnectedDownlink | Retransmitted packet seq=7027
2026-03-19 09:39:19 | INFO | ConnectedDownlink | DATA frame received seq=7027 → data_queue
2026-03-19 09:39:19 | INFO | ConnectedDownlink | Retransmitted packet seq=7035
2026-03-19 09:39:19 | INFO | ConnectedDownlink | DATA frame received seq=7035 → data_queue
2026-03-19 09:39:19 | INFO | ConnectedDownlink | Retransmitted packet seq=7037
2026-03-19 09:39:19 | INFO | ConnectedDownlink | DATA frame received seq=7037 → data_queue
2026-03-19 09:39:19 | INFO | ConnectedDownlink | Retransmitted packet seq=7039
2026-03-19 09:39:19 | INFO | ConnectedDownlink | Retransmitted packet seq=7041
2026-03-19 09:39:19 | INFO | ConnectedDownlink | DATA frame received seq=7041 → data_queue
2026-03-19 09:39:19 | INFO | ConnectedDownlink | Retransmitted packet seq=7042
2026-03-19 09:39:19 | INFO | ConnectedDownlink | DATA frame received seq=7042 → data_queue
2026-03-19 09:39:19 | INFO | ConnectedDownlink | Retransmitted packet seq=7053
2026-03-19 09:39:19 | INFO | ConnectedDownlink | Retransmitted packet seq=7054
2026-03-19 09:39:19 | INFO | ConnectedDownlink | DATA frame received seq=7054 → data_queue
2026-03-19 09:39:19 | INFO | ConnectedDownlink | Retransmitted packet seq=7055
2026-03-19 09:39:19 | INFO | ConnectedDownlink | DATA frame received seq=7055 → data_queue
2026-03-19 09:39:19 | INFO | ConnectedDownlink | Retransmitted packet seq=7056
2026-03-19 09:39:19 | INFO | ConnectedDownlink | DATA frame received seq=7056 → data_queue
2026-03-19 09:39:19 | INFO | ConnectedDownlink | Retransmitted packet seq=7058
2026-03-19 09:39:19 | INFO | ConnectedDownlink | DATA frame received seq=7058 → data_queue
2026-03-19 09:39:19 | INFO | ConnectedDownlink | Retransmitted packet seq=7059
2026-03-19 09:39:19 | INFO | ConnectedDownlink | DATA frame received seq=7059 → data_queue
2026-03-19 09:39:19 | INFO | ConnectedDownlink | Retransmitted packet seq=7064
2026-03-19 09:39:19 | INFO | ConnectedDownlink | DATA frame received seq=7064 → data_queue
2026-03-19 09:39:19 | INFO | ConnectedDownlink | Retransmitted packet seq=7067
2026-03-19 09:39:19 | INFO | ConnectedDownlink | DATA frame received seq=7067 → data_queue
2026-03-19 09:39:19 | INFO | ConnectedDownlink | Retransmitted packet seq=7073
2026-03-19 09:39:19 | INFO | ConnectedDownlink | Retransmitted packet seq=7077
2026-03-19 09:39:19 | INFO | ConnectedDownlink | DATA frame received seq=7077 → data_queue
2026-03-19 09:39:19 | INFO | ConnectedDownlink | Retransmitted packet seq=7090
2026-03-19 09:39:19 | INFO | ConnectedDownlink | DATA frame received seq=7090 → data_queue
2026-03-19 09:39:19 | INFO | ConnectedDownlink | Retransmitted packet seq=7096
2026-03-19 09:39:19 | INFO | ConnectedDownlink | DATA frame received seq=7096 → data_queue
2026-03-19 09:39:19 | INFO | ConnectedDownlink | Retransmitted packet seq=7100
2026-03-19 09:39:19 | INFO | ConnectedDownlink | DATA frame received seq=7100 → data_queue
2026-03-19 09:39:19 | INFO | ConnectedDownlink | Retransmitted packet seq=7102
2026-03-19 09:39:19 | INFO | ConnectedDownlink | DATA frame received seq=7102 → data_queue
2026-03-19 09:39:19 | INFO | ConnectedDownlink | Retransmitted packet seq=7104
2026-03-19 09:39:19 | INFO | ConnectedDownlink | DATA frame received seq=7104 → data_queue
2026-03-19 09:39:19 | INFO | ConnectedDownlink | Retransmitted packet seq=7106
2026-03-19 09:39:19 | INFO | ConnectedDownlink | Retransmitted packet seq=7114
2026-03-19 09:39:19 | INFO | ConnectedDownlink | DATA frame received seq=7114 → data_queue
2026-03-19 09:39:19 | INFO | ConnectedDownlink | Retransmitted packet seq=7115
2026-03-19 09:39:19 | INFO | ConnectedDownlink | Retransmitted packet seq=7116
2026-03-19 09:39:19 | INFO | ConnectedDownlink | DATA frame received seq=7116 → data_queue
2026-03-19 09:39:19 | INFO | ConnectedDownlink | Retransmitted packet seq=7118
2026-03-19 09:39:19 | INFO | ConnectedDownlink | Retransmitted packet seq=7122
2026-03-19 09:39:19 | INFO | ConnectedDownlink | DATA frame received seq=7122 → data_queue
2026-03-19 09:39:19 | INFO | ConnectedDownlink | Retransmitted packet seq=7126
2026-03-19 09:39:19 | INFO | ConnectedDownlink | DATA frame received seq=7126 → data_queue
2026-03-19 09:39:19 | INFO | ConnectedDownlink | Retransmitted packet seq=7128
2026-03-19 09:39:19 | INFO | ConnectedDownlink | DATA frame received seq=7128 → data_queue
2026-03-19 09:39:19 | INFO | ConnectedDownlink | Retransmitted packet seq=7133
2026-03-19 09:39:19 | INFO | ConnectedDownlink | DATA frame received seq=7133 → data_queue
2026-03-19 09:39:19 | INFO | ConnectedDownlink | Retransmitted packet seq=7136
2026-03-19 09:39:19 | INFO | ConnectedDownlink | DATA frame received seq=7136 → data_queue
2026-03-19 09:39:19 | INFO | ConnectedDownlink | Retransmitted packet seq=7137
2026-03-19 09:39:20 | INFO | ConnectedDownlink | DATA frame received seq=7137 → data_queue
2026-03-19 09:39:20 | INFO | ConnectedDownlink | Retransmitted packet seq=7139
2026-03-19 09:39:20 | INFO | ConnectedDownlink | DATA frame received seq=7139 → data_queue
2026-03-19 09:39:20 | INFO | ConnectedDownlink | Retransmitted packet seq=7141
2026-03-19 09:39:20 | INFO | ConnectedDownlink | DATA frame received seq=7141 → data_queue
2026-03-19 09:39:20 | INFO | ConnectedDownlink | Retransmitted packet seq=7142
2026-03-19 09:39:20 | INFO | ConnectedDownlink | DATA frame received seq=7142 → data_queue
2026-03-19 09:39:20 | INFO | ConnectedDownlink | Retransmitted packet seq=7143
2026-03-19 09:39:20 | INFO | ConnectedDownlink | DATA frame received seq=7143 → data_queue
2026-03-19 09:39:20 | INFO | ConnectedDownlink | Retransmitted packet seq=7147
2026-03-19 09:39:20 | INFO | ConnectedDownlink | Retransmitted packet seq=7151
2026-03-19 09:39:20 | INFO | ConnectedDownlink | Retransmitted packet seq=7158
2026-03-19 09:39:20 | INFO | ConnectedDownlink | Retransmitted packet seq=7159
2026-03-19 09:39:20 | INFO | ConnectedDownlink | DATA frame received seq=7159 → data_queue
2026-03-19 09:39:20 | INFO | ConnectedDownlink | Retransmitted packet seq=7161
2026-03-19 09:39:20 | INFO | ConnectedDownlink | DATA frame received seq=7161 → data_queue
2026-03-19 09:39:20 | INFO | ConnectedDownlink | Retransmitted packet seq=7163
2026-03-19 09:39:20 | INFO | ConnectedDownlink | DATA frame received seq=7163 → data_queue
2026-03-19 09:39:20 | INFO | ConnectedDownlink | Retransmitted packet seq=7164
2026-03-19 09:39:20 | INFO | ConnectedDownlink | DATA frame received seq=7164 → data_queue
2026-03-19 09:39:20 | INFO | ConnectedDownlink | Retransmitted packet seq=7176
2026-03-19 09:39:20 | INFO | ConnectedDownlink | DATA frame received seq=7176 → data_queue
2026-03-19 09:39:20 | INFO | ConnectedDownlink | Retransmitted packet seq=7177
2026-03-19 09:39:20 | INFO | ConnectedDownlink | DATA frame received seq=7177 → data_queue
2026-03-19 09:39:20 | INFO | ConnectedDownlink | Retransmitted packet seq=7178
2026-03-19 09:39:20 | INFO | ConnectedDownlink | DATA frame received seq=7178 → data_queue
2026-03-19 09:39:20 | INFO | ConnectedDownlink | Retransmitted packet seq=7187
2026-03-19 09:39:20 | INFO | ConnectedDownlink | DATA frame received seq=7187 → data_queue
2026-03-19 09:39:20 | INFO | ConnectedDownlink | Retransmitted packet seq=7189
2026-03-19 09:39:20 | INFO | ConnectedDownlink | Retransmitted packet seq=7197
2026-03-19 09:39:20 | INFO | ConnectedDownlink | DATA frame received seq=7197 → data_queue
2026-03-19 09:39:20 | INFO | ConnectedDownlink | Retransmitted packet seq=7198
2026-03-19 09:39:20 | INFO | ConnectedDownlink | Retransmitted packet seq=7199
2026-03-19 09:39:20 | INFO | ConnectedDownlink | Retransmitted packet seq=7204
2026-03-19 09:39:20 | INFO | ConnectedDownlink | DATA frame received seq=7204 → data_queue
2026-03-19 09:39:20 | INFO | ConnectedDownlink | Retransmitted packet seq=7206
2026-03-19 09:39:20 | INFO | ConnectedDownlink | DATA frame received seq=7206 → data_queue
2026-03-19 09:39:20 | INFO | ConnectedDownlink | Retransmitted packet seq=7208
2026-03-19 09:39:20 | INFO | ConnectedDownlink | DATA frame received seq=7208 → data_queue
2026-03-19 09:39:20 | INFO | ConnectedDownlink | Retransmitted packet seq=7209
2026-03-19 09:39:20 | INFO | ConnectedDownlink | Retransmitted packet seq=7216
2026-03-19 09:39:20 | INFO | ConnectedDownlink | DATA frame received seq=7216 → data_queue
2026-03-19 09:39:20 | INFO | ConnectedDownlink | Retransmitted packet seq=7221
2026-03-19 09:39:20 | INFO | ConnectedDownlink | DATA frame received seq=7221 → data_queue
2026-03-19 09:39:20 | INFO | ConnectedDownlink | Retransmitted packet seq=7225
2026-03-19 09:39:20 | INFO | ConnectedDownlink | DATA frame received seq=7225 → data_queue
2026-03-19 09:39:20 | INFO | ConnectedDownlink | Retransmitted packet seq=7226
2026-03-19 09:39:20 | INFO | ConnectedDownlink | DATA frame received seq=7226 → data_queue
2026-03-19 09:39:20 | INFO | ConnectedDownlink | Retransmitted packet seq=7227
2026-03-19 09:39:20 | INFO | ConnectedDownlink | Retransmitted packet seq=7228
2026-03-19 09:39:20 | INFO | ConnectedDownlink | DATA frame received seq=7228 → data_queue
2026-03-19 09:39:20 | INFO | ConnectedDownlink | Retransmitted packet seq=7237
2026-03-19 09:39:20 | INFO | ConnectedDownlink | DATA frame received seq=7237 → data_queue
2026-03-19 09:39:20 | INFO | ConnectedDownlink | Retransmitted packet seq=7239
2026-03-19 09:39:20 | INFO | ConnectedDownlink | DATA frame received seq=7239 → data_queue
2026-03-19 09:39:20 | INFO | ConnectedDownlink | Retransmitted packet seq=7241
2026-03-19 09:39:20 | INFO | ConnectedDownlink | Retransmitted packet seq=7244
2026-03-19 09:39:20 | INFO | ConnectedDownlink | DATA frame received seq=7244 → data_queue
2026-03-19 09:39:20 | INFO | ConnectedDownlink | Retransmitted packet seq=7246
2026-03-19 09:39:20 | INFO | ConnectedDownlink | DATA frame received seq=7246 → data_queue
2026-03-19 09:39:20 | INFO | ConnectedDownlink | Retransmitted packet seq=7247
2026-03-19 09:39:20 | INFO | ConnectedDownlink | DATA frame received seq=7247 → data_queue
2026-03-19 09:39:20 | INFO | ConnectedDownlink | Retransmitted packet seq=7253
2026-03-19 09:39:20 | INFO | ConnectedDownlink | DATA frame received seq=7253 → data_queue
2026-03-19 09:39:20 | INFO | ConnectedDownlink | Retransmitted packet seq=7258
2026-03-19 09:39:20 | INFO | ConnectedDownlink | DATA frame received seq=7258 → data_queue
2026-03-19 09:39:20 | INFO | ConnectedDownlink | Retransmitted packet seq=7260
2026-03-19 09:39:20 | INFO | ConnectedDownlink | DATA frame received seq=7260 → data_queue
2026-03-19 09:39:20 | INFO | ConnectedDownlink | Retransmitted packet seq=7261
2026-03-19 09:39:20 | INFO | ConnectedDownlink | Retransmitted packet seq=7262
2026-03-19 09:39:20 | INFO | ConnectedDownlink | DATA frame received seq=7262 → data_queue
2026-03-19 09:39:20 | INFO | ConnectedDownlink | Retransmitted packet seq=7263
2026-03-19 09:39:20 | INFO | ConnectedDownlink | DATA frame received seq=7263 → data_queue
2026-03-19 09:39:20 | INFO | ConnectedDownlink | Retransmitted packet seq=7264
2026-03-19 09:39:20 | INFO | ConnectedDownlink | DATA frame received seq=7264 → data_queue
2026-03-19 09:39:20 | INFO | ConnectedDownlink | Retransmitted packet seq=7266
2026-03-19 09:39:20 | INFO | ConnectedDownlink | DATA frame received seq=7266 → data_queue
2026-03-19 09:39:20 | INFO | ConnectedDownlink | Retransmitted packet seq=7267
2026-03-19 09:39:20 | INFO | ConnectedDownlink | Retransmitted packet seq=7268
2026-03-19 09:39:20 | INFO | ConnectedDownlink | DATA frame received seq=7268 → data_queue
2026-03-19 09:39:20 | INFO | ConnectedDownlink | Retransmitted packet seq=7270
2026-03-19 09:39:20 | INFO | ConnectedDownlink | Retransmitted packet seq=7272
2026-03-19 09:39:20 | INFO | ConnectedDownlink | DATA frame received seq=7272 → data_queue
2026-03-19 09:39:20 | INFO | ConnectedDownlink | Retransmitted packet seq=7274
2026-03-19 09:39:20 | INFO | ConnectedDownlink | DATA frame received seq=7274 → data_queue
2026-03-19 09:39:20 | INFO | ConnectedDownlink | Retransmitted packet seq=7280
2026-03-19 09:39:20 | INFO | ConnectedDownlink | Retransmitted packet seq=7282
2026-03-19 09:39:20 | INFO | ConnectedDownlink | DATA frame received seq=7282 → data_queue
2026-03-19 09:39:20 | INFO | ConnectedDownlink | Retransmitted packet seq=7285
2026-03-19 09:39:20 | INFO | ConnectedDownlink | DATA frame received seq=7285 → data_queue
2026-03-19 09:39:20 | INFO | ConnectedDownlink | Retransmitted packet seq=7290
2026-03-19 09:39:20 | INFO | ConnectedDownlink | DATA frame received seq=7290 → data_queue
2026-03-19 09:39:20 | INFO | ConnectedDownlink | Retransmitted packet seq=7293
2026-03-19 09:39:20 | INFO | ConnectedDownlink | DATA frame received seq=7293 → data_queue
2026-03-19 09:39:20 | INFO | ConnectedDownlink | Retransmitted packet seq=7298
2026-03-19 09:39:20 | INFO | ConnectedDownlink | DATA frame received seq=7298 → data_queue
2026-03-19 09:39:20 | INFO | ConnectedDownlink | Retransmitted packet seq=7299
2026-03-19 09:39:20 | INFO | ConnectedDownlink | DATA frame received seq=7299 → data_queue
2026-03-19 09:39:20 | INFO | ConnectedDownlink | Retransmitted packet seq=7303
2026-03-19 09:42:02 | INFO | ConnectedDownlink | Satellite ConnectedDownlink: on_exit
2026-03-19 09:42:02 | INFO | ConnectedDownlink | Satellite serve_loop cancelled
2026-03-19 09:42:02 | INFO | ConnectedDownlink | GroundStation ConnectedDownlink: on_exit
2026-03-19 09:42:05 | INFO | ConnectedDownlink | No activity detected, switching to Connectionless Downlink Mode
2026-03-19 09:42:05 | INFO | ConnectedDownlink | No activity detected, switching to Connectionless Downlink Mode
2026-03-19 09:42:38 | INFO | ConnectedDownlink | Entered ConnectedDownlink mode
2026-03-19 09:42:38 | INFO | ConnectedDownlink | ConnectedDownlink entered
2026-03-19 09:42:38 | INFO | ConnectedDownlink | starting activity timer for 180
2026-03-19 09:42:38 | INFO | ConnectedDownlink | Satellite serve_loop started (implicit-ACK mode)
2026-03-19 09:42:38 | INFO | ConnectedDownlink | Entered ConnectedDownlink mode
2026-03-19 09:42:38 | INFO | ConnectedDownlink | ConnectedDownlink entered
2026-03-19 09:42:38 | INFO | ConnectedDownlink | starting activity timer for 180
2026-03-19 09:42:38 | INFO | ConnectedDownlink | retransmit_loop started (implicit-ACK mode)
2026-03-19 09:42:38 | INFO | ConnectedDownlink | Requesting retransmission of [6003, 6004, 6005, 6006, 6007, 6008, 6009, 6010, 6011, 6046, 6047, 6048, 6050, 6051, 6058, 6059, 6062, 6063, 6066, 6067, 6068, 6069, 6074, 6076, 6077, 6079, 6083, 6085, 6086, 6088, 6092, 6098, 6099, 6103, 6110, 6112, 6114, 6116, 6117, 6120, 6122, 6130, 6139, 6146, 6151, 6152, 6162, 6166, 6172, 6173, 6177, 6178, 6186, 6187, 6189, 6192, 6200, 6203, 6204, 6208, 6212, 6215, 6216, 6226, 6231, 6234, 6241, 6243, 6249, 6255, 6259, 6261, 6270, 6273, 6276, 6277, 6281, 6292, 6293, 6298, 6309, 6313, 6315, 6316, 6317, 6320, 6322, 6324, 6327, 6331, 6338, 6344, 6345, 6346, 6347, 6348, 6349, 6350, 6358, 6359, 6364, 6367, 6369, 6374, 6375, 6376, 6381, 6387, 6388, 6393, 6399, 6403, 6408, 6410, 6412, 6420, 6423, 6424, 6425, 6426, 6430, 6432, 6433, 6437, 6441, 6449, 6454, 6457, 6459, 6462, 6463, 6464, 6465, 6466, 6467, 6468, 6472, 6473, 6475, 6477, 6478, 6479, 6482, 6483, 6485, 6495, 6496, 6497, 6498, 6501, 6502, 6506, 6512, 6513, 6514, 6516, 6521, 6523, 6526, 6531, 6532, 6534, 6535, 6540, 6542, 6545, 6549, 6550, 6556, 6559, 6561, 6566, 6569, 6570, 6572, 6575, 6577, 6578, 6581, 6592, 6600, 6601, 6606, 6607, 6617, 6618, 6620, 6624, 6626, 6632, 6634, 6635, 6646, 6655, 6660, 6664, 6666, 6668, 6669, 6675, 6678, 6683, 6686, 6691, 6694, 6695, 6705, 6708, 6711, 6714, 6729, 6735, 6736, 6738, 6742, 6745, 6746, 6747, 6748, 6753, 6754, 6756, 6759, 6761, 6767, 6773, 6775, 6777, 6778, 6787, 6793, 6795, 6797, 6812, 6828, 6829, 6832, 6833, 6834, 6835, 6836, 6840, 6842, 6844, 6854, 6855, 6860, 6862, 6865, 6868, 6871, 6874, 6876, 6877, 6886, 6887, 6888, 6889, 6892, 6895, 6896, 6902, 6906, 6907, 6909, 6916, 6917, 6921, 6925, 6934, 6940, 6941, 6945, 6947, 6950, 6951, 6959, 6962, 6963, 6965, 6967, 6968, 6970, 6974, 6980, 6988, 6991, 6994, 6997, 6998, 7005, 7008, 7010, 7020, 7025, 7027, 7035, 7037, 7039, 7041, 7042, 7053, 7054, 7055, 7056, 7058, 7059, 7064, 7067, 7073, 7077, 7090, 7096, 7100, 7102, 7104, 7106, 7114, 7115, 7116, 7118, 7122, 7126, 7128, 7133, 7136, 7137, 7139, 7141, 7142, 7143, 7147, 7151, 7158, 7159, 7161, 7163, 7164, 7176, 7177, 7178, 7187, 7189, 7197, 7198, 7199, 7204, 7206, 7208, 7209, 7216, 7221, 7225, 7226, 7227, 7228, 7237, 7239, 7241, 7244, 7246, 7247, 7253, 7258, 7260, 7261, 7262, 7263, 7264, 7266, 7267, 7268, 7270, 7272, 7274, 7280, 7282, 7285, 7290, 7293, 7298, 7299, 7303, 7308, 7312, 7313, 7317, 7319, 7320, 7323, 7327, 7329]
2026-03-19 09:42:38 | INFO | ConnectedDownlink | SENDING RETRANSMISSION REQUEST [6003, 6004, 6005, 6006, 6007, 6008, 6009, 6010, 6011, 6046, 6047, 6048, 6050, 6051, 6058, 6059, 6062, 6063, 6066, 6067, 6068, 6069, 6074, 6076, 6077, 6079, 6083, 6085, 6086, 6088, 6092, 6098, 6099, 6103, 6110, 6112, 6114, 6116, 6117, 6120, 6122, 6130, 6139, 6146, 6151, 6152, 6162, 6166, 6172, 6173, 6177, 6178, 6186, 6187, 6189, 6192, 6200, 6203, 6204, 6208, 6212, 6215, 6216, 6226, 6231, 6234, 6241, 6243, 6249, 6255, 6259, 6261, 6270, 6273, 6276, 6277, 6281, 6292, 6293, 6298, 6309, 6313, 6315, 6316, 6317, 6320, 6322, 6324, 6327, 6331, 6338, 6344, 6345, 6346, 6347, 6348, 6349, 6350, 6358, 6359, 6364, 6367, 6369, 6374, 6375, 6376, 6381, 6387, 6388, 6393, 6399, 6403, 6408, 6410, 6412, 6420, 6423, 6424, 6425, 6426, 6430, 6432, 6433, 6437, 6441, 6449, 6454, 6457, 6459, 6462, 6463, 6464, 6465, 6466, 6467, 6468, 6472, 6473, 6475, 6477, 6478, 6479, 6482, 6483, 6485, 6495, 6496, 6497, 6498, 6501, 6502, 6506, 6512, 6513, 6514, 6516, 6521, 6523, 6526, 6531, 6532, 6534, 6535, 6540, 6542, 6545, 6549, 6550, 6556, 6559, 6561, 6566, 6569, 6570, 6572, 6575, 6577, 6578, 6581, 6592, 6600, 6601, 6606, 6607, 6617, 6618, 6620, 6624, 6626, 6632, 6634, 6635, 6646, 6655, 6660, 6664, 6666, 6668, 6669, 6675, 6678, 6683, 6686, 6691, 6694, 6695, 6705, 6708, 6711, 6714, 6729, 6735, 6736, 6738, 6742, 6745, 6746, 6747, 6748, 6753, 6754, 6756, 6759, 6761, 6767, 6773, 6775, 6777, 6778, 6787, 6793, 6795, 6797, 6812, 6828, 6829, 6832, 6833, 6834, 6835, 6836, 6840, 6842, 6844, 6854, 6855, 6860, 6862, 6865, 6868, 6871, 6874, 6876, 6877, 6886, 6887, 6888, 6889, 6892, 6895, 6896, 6902, 6906, 6907, 6909, 6916, 6917, 6921, 6925, 6934, 6940, 6941, 6945, 6947, 6950, 6951, 6959, 6962, 6963, 6965, 6967, 6968, 6970, 6974, 6980, 6988, 6991, 6994, 6997, 6998, 7005, 7008, 7010, 7020, 7025, 7027, 7035, 7037, 7039, 7041, 7042, 7053, 7054, 7055, 7056, 7058, 7059, 7064, 7067, 7073, 7077, 7090, 7096, 7100, 7102, 7104, 7106, 7114, 7115, 7116, 7118, 7122, 7126, 7128, 7133, 7136, 7137, 7139, 7141, 7142, 7143, 7147, 7151, 7158, 7159, 7161, 7163, 7164, 7176, 7177, 7178, 7187, 7189, 7197, 7198, 7199, 7204, 7206, 7208, 7209, 7216, 7221, 7225, 7226, 7227, 7228, 7237, 7239, 7241, 7244, 7246, 7247, 7253, 7258, 7260, 7261, 7262, 7263, 7264, 7266, 7267, 7268, 7270, 7272, 7274, 7280, 7282, 7285, 7290, 7293, 7298, 7299, 7303, 7308, 7312, 7313, 7317, 7319, 7320, 7323, 7327, 7329] (attempt 1/5)
2026-03-19 09:42:38 | INFO | ConnectedDownlink | RETRANSMIT_REQUEST received: [6003, 6004, 6005, 6006, 6007, 6008, 6009, 6010, 6011, 6046, 6047, 6048, 6050, 6051, 6058, 6059, 6062, 6063, 6066, 6067, 6068, 6069, 6074, 6076, 6077, 6079, 6083, 6085, 6086, 6088, 6092, 6098, 6099, 6103, 6110, 6112, 6114, 6116, 6117, 6120, 6122, 6130, 6139, 6146, 6151, 6152, 6162, 6166, 6172, 6173, 6177, 6178, 6186, 6187, 6189, 6192, 6200, 6203, 6204, 6208, 6212, 6215, 6216, 6226, 6231, 6234, 6241, 6243, 6249, 6255, 6259, 6261, 6270, 6273, 6276, 6277, 6281, 6292, 6293, 6298, 6309, 6313, 6315, 6316, 6317, 6320, 6322, 6324, 6327, 6331, 6338, 6344, 6345, 6346, 6347, 6348, 6349, 6350, 6358, 6359]
2026-03-19 09:42:38 | INFO | ConnectedDownlink | Serving retransmit request: {6146, 6151, 6152, 6162, 6166, 6172, 6173, 6177, 6178, 6186, 6187, 6189, 6192, 6200, 6203, 6204, 6208, 6212, 6215, 6216, 6226, 6231, 6234, 6241, 6243, 6249, 6255, 6259, 6261, 6270, 6273, 6276, 6277, 6281, 6292, 6293, 6298, 6309, 6313, 6315, 6316, 6317, 6320, 6322, 6324, 6327, 6331, 6338, 6344, 6345, 6346, 6347, 6348, 6349, 6350, 6358, 6359, 6003, 6004, 6005, 6006, 6007, 6008, 6009, 6010, 6011, 6046, 6047, 6048, 6050, 6051, 6058, 6059, 6062, 6063, 6066, 6067, 6068, 6069, 6074, 6076, 6077, 6079, 6083, 6085, 6086, 6088, 6092, 6098, 6099, 6103, 6110, 6112, 6114, 6116, 6117, 6120, 6122, 6130, 6139}
2026-03-19 09:42:38 | INFO | ConnectedDownlink | Retransmitted packet seq=6003
2026-03-19 09:42:38 | INFO | ConnectedDownlink | Retransmitted packet seq=6004
2026-03-19 09:42:38 | INFO | ConnectedDownlink | Retransmitted packet seq=6005
2026-03-19 09:42:38 | INFO | ConnectedDownlink | Retransmitted packet seq=6006
2026-03-19 09:42:38 | INFO | ConnectedDownlink | DATA frame received seq=6006 → data_queue
2026-03-19 09:42:38 | INFO | ConnectedDownlink | Retransmitted packet seq=6007
2026-03-19 09:42:38 | INFO | ConnectedDownlink | Retransmitted packet seq=6008
2026-03-19 09:42:38 | INFO | ConnectedDownlink | Retransmitted packet seq=6009
2026-03-19 09:42:38 | INFO | ConnectedDownlink | DATA frame received seq=6008 → data_queue
2026-03-19 09:42:38 | INFO | ConnectedDownlink | Retransmitted packet seq=6010
2026-03-19 09:42:38 | INFO | ConnectedDownlink | DATA frame received seq=6010 → data_queue
2026-03-19 09:42:38 | INFO | ConnectedDownlink | Retransmitted packet seq=6011
2026-03-19 09:42:38 | INFO | ConnectedDownlink | DATA frame received seq=6011 → data_queue
2026-03-19 09:42:38 | INFO | ConnectedDownlink | Retransmitted packet seq=6046
2026-03-19 09:42:38 | INFO | ConnectedDownlink | Retransmitted packet seq=6047
2026-03-19 09:42:38 | INFO | ConnectedDownlink | DATA frame received seq=6047 → data_queue
2026-03-19 09:42:38 | INFO | ConnectedDownlink | Retransmitted packet seq=6048
2026-03-19 09:42:38 | INFO | ConnectedDownlink | DATA frame received seq=6048 → data_queue
2026-03-19 09:42:38 | INFO | ConnectedDownlink | Retransmitted packet seq=6050
2026-03-19 09:42:38 | INFO | ConnectedDownlink | Retransmitted packet seq=6051
2026-03-19 09:42:38 | INFO | ConnectedDownlink | DATA frame received seq=6051 → data_queue
2026-03-19 09:42:38 | INFO | ConnectedDownlink | Retransmitted packet seq=6058
2026-03-19 09:42:38 | INFO | ConnectedDownlink | Retransmitted packet seq=6059
2026-03-19 09:42:38 | INFO | ConnectedDownlink | DATA frame received seq=6059 → data_queue
2026-03-19 09:42:38 | INFO | ConnectedDownlink | Retransmitted packet seq=6062
2026-03-19 09:42:38 | INFO | ConnectedDownlink | Retransmitted packet seq=6063
2026-03-19 09:42:38 | INFO | ConnectedDownlink | DATA frame received seq=6062 → data_queue
2026-03-19 09:42:38 | INFO | ConnectedDownlink | DATA frame received seq=6063 → data_queue
2026-03-19 09:42:38 | INFO | ConnectedDownlink | Retransmitted packet seq=6066
2026-03-19 09:42:38 | INFO | ConnectedDownlink | Retransmitted packet seq=6067
2026-03-19 09:42:38 | INFO | ConnectedDownlink | DATA frame received seq=6066 → data_queue
2026-03-19 09:42:38 | INFO | ConnectedDownlink | Retransmitted packet seq=6068
2026-03-19 09:42:38 | INFO | ConnectedDownlink | DATA frame received seq=6067 → data_queue
2026-03-19 09:42:38 | INFO | ConnectedDownlink | DATA frame received seq=6068 → data_queue
2026-03-19 09:42:38 | INFO | ConnectedDownlink | Retransmitted packet seq=6069
2026-03-19 09:42:38 | INFO | ConnectedDownlink | Retransmitted packet seq=6074
2026-03-19 09:42:38 | INFO | ConnectedDownlink | DATA frame received seq=6074 → data_queue
2026-03-19 09:42:38 | INFO | ConnectedDownlink | Retransmitted packet seq=6076
2026-03-19 09:42:38 | INFO | ConnectedDownlink | DATA frame received seq=6076 → data_queue
2026-03-19 09:42:38 | INFO | ConnectedDownlink | Retransmitted packet seq=6077
2026-03-19 09:42:38 | INFO | ConnectedDownlink | Retransmitted packet seq=6079
2026-03-19 09:42:38 | INFO | ConnectedDownlink | DATA frame received seq=6077 → data_queue
2026-03-19 09:42:38 | INFO | ConnectedDownlink | Retransmitted packet seq=6083
2026-03-19 09:42:38 | INFO | ConnectedDownlink | DATA frame received seq=6079 → data_queue
2026-03-19 09:42:38 | INFO | ConnectedDownlink | Retransmitted packet seq=6085
2026-03-19 09:42:38 | INFO | ConnectedDownlink | DATA frame received seq=6083 → data_queue
2026-03-19 09:42:38 | INFO | ConnectedDownlink | Retransmitted packet seq=6086
2026-03-19 09:42:38 | INFO | ConnectedDownlink | DATA frame received seq=6085 → data_queue
2026-03-19 09:42:38 | INFO | ConnectedDownlink | DATA frame received seq=6086 → data_queue
2026-03-19 09:42:38 | INFO | ConnectedDownlink | Retransmitted packet seq=6088
2026-03-19 09:42:38 | INFO | ConnectedDownlink | DATA frame received seq=6088 → data_queue
2026-03-19 09:42:38 | INFO | ConnectedDownlink | Retransmitted packet seq=6092
2026-03-19 09:42:38 | INFO | ConnectedDownlink | DATA frame received seq=6092 → data_queue
2026-03-19 09:42:38 | INFO | ConnectedDownlink | Retransmitted packet seq=6098
2026-03-19 09:42:38 | INFO | ConnectedDownlink | DATA frame received seq=6098 → data_queue
2026-03-19 09:42:38 | INFO | ConnectedDownlink | Retransmitted packet seq=6099
2026-03-19 09:42:38 | INFO | ConnectedDownlink | DATA frame received seq=6099 → data_queue
2026-03-19 09:42:38 | INFO | ConnectedDownlink | Retransmitted packet seq=6103
2026-03-19 09:42:38 | INFO | ConnectedDownlink | DATA frame received seq=6103 → data_queue
2026-03-19 09:42:38 | INFO | ConnectedDownlink | Retransmitted packet seq=6110
2026-03-19 09:42:38 | INFO | ConnectedDownlink | Retransmitted packet seq=6112
2026-03-19 09:42:38 | INFO | ConnectedDownlink | DATA frame received seq=6112 → data_queue
2026-03-19 09:42:38 | INFO | ConnectedDownlink | Retransmitted packet seq=6114
2026-03-19 09:42:38 | INFO | ConnectedDownlink | DATA frame received seq=6114 → data_queue
2026-03-19 09:42:38 | INFO | ConnectedDownlink | Retransmitted packet seq=6116
2026-03-19 09:42:38 | INFO | ConnectedDownlink | DATA frame received seq=6116 → data_queue
2026-03-19 09:42:38 | INFO | ConnectedDownlink | Retransmitted packet seq=6117
2026-03-19 09:42:38 | INFO | ConnectedDownlink | DATA frame received seq=6117 → data_queue
2026-03-19 09:42:38 | INFO | ConnectedDownlink | Retransmitted packet seq=6120
2026-03-19 09:42:38 | INFO | ConnectedDownlink | Retransmitted packet seq=6122
2026-03-19 09:42:38 | INFO | ConnectedDownlink | DATA frame received seq=6122 → data_queue
2026-03-19 09:42:38 | INFO | ConnectedDownlink | Retransmitted packet seq=6130
2026-03-19 09:42:38 | INFO | ConnectedDownlink | Retransmitted packet seq=6139
2026-03-19 09:42:38 | INFO | ConnectedDownlink | Retransmitted packet seq=6146
2026-03-19 09:42:38 | INFO | ConnectedDownlink | DATA frame received seq=6146 → data_queue
2026-03-19 09:42:38 | INFO | ConnectedDownlink | Retransmitted packet seq=6151
2026-03-19 09:42:38 | INFO | ConnectedDownlink | DATA frame received seq=6151 → data_queue
2026-03-19 09:42:38 | INFO | ConnectedDownlink | Retransmitted packet seq=6152
2026-03-19 09:42:38 | INFO | ConnectedDownlink | DATA frame received seq=6152 → data_queue
2026-03-19 09:42:38 | INFO | ConnectedDownlink | Retransmitted packet seq=6162
2026-03-19 09:42:38 | INFO | ConnectedDownlink | DATA frame received seq=6162 → data_queue
2026-03-19 09:42:39 | INFO | ConnectedDownlink | Retransmitted packet seq=6166
2026-03-19 09:42:39 | INFO | ConnectedDownlink | Retransmitted packet seq=6172
2026-03-19 09:42:39 | INFO | ConnectedDownlink | Retransmitted packet seq=6173
2026-03-19 09:42:39 | INFO | ConnectedDownlink | DATA frame received seq=6173 → data_queue
2026-03-19 09:42:39 | INFO | ConnectedDownlink | Retransmitted packet seq=6177
2026-03-19 09:42:39 | INFO | ConnectedDownlink | DATA frame received seq=6177 → data_queue
2026-03-19 09:42:39 | INFO | ConnectedDownlink | Retransmitted packet seq=6178
2026-03-19 09:42:39 | INFO | ConnectedDownlink | Retransmitted packet seq=6186
2026-03-19 09:42:39 | INFO | ConnectedDownlink | DATA frame received seq=6178 → data_queue
2026-03-19 09:42:39 | INFO | ConnectedDownlink | Retransmitted packet seq=6187
2026-03-19 09:42:39 | INFO | ConnectedDownlink | DATA frame received seq=6186 → data_queue
2026-03-19 09:42:39 | INFO | ConnectedDownlink | Retransmitted packet seq=6189
2026-03-19 09:42:39 | INFO | ConnectedDownlink | Retransmitted packet seq=6192
2026-03-19 09:42:39 | INFO | ConnectedDownlink | Retransmitted packet seq=6200
2026-03-19 09:42:39 | INFO | ConnectedDownlink | Retransmitted packet seq=6203
2026-03-19 09:42:39 | INFO | ConnectedDownlink | Retransmitted packet seq=6204
2026-03-19 09:42:39 | INFO | ConnectedDownlink | DATA frame received seq=6203 → data_queue
2026-03-19 09:42:39 | INFO | ConnectedDownlink | Retransmitted packet seq=6208
2026-03-19 09:42:39 | INFO | ConnectedDownlink | DATA frame received seq=6204 → data_queue
2026-03-19 09:42:39 | INFO | ConnectedDownlink | Retransmitted packet seq=6212
2026-03-19 09:42:39 | INFO | ConnectedDownlink | DATA frame received seq=6208 → data_queue
2026-03-19 09:42:39 | INFO | ConnectedDownlink | Retransmitted packet seq=6215
2026-03-19 09:42:39 | INFO | ConnectedDownlink | DATA frame received seq=6212 → data_queue
2026-03-19 09:42:39 | INFO | ConnectedDownlink | DATA frame received seq=6215 → data_queue
2026-03-19 09:42:39 | INFO | ConnectedDownlink | Retransmitted packet seq=6216
2026-03-19 09:42:39 | INFO | ConnectedDownlink | Retransmitted packet seq=6226
2026-03-19 09:42:39 | INFO | ConnectedDownlink | DATA frame received seq=6226 → data_queue
2026-03-19 09:42:39 | INFO | ConnectedDownlink | Retransmitted packet seq=6231
2026-03-19 09:42:39 | INFO | ConnectedDownlink | DATA frame received seq=6231 → data_queue
2026-03-19 09:42:39 | INFO | ConnectedDownlink | Retransmitted packet seq=6234
2026-03-19 09:42:39 | INFO | ConnectedDownlink | DATA frame received seq=6234 → data_queue
2026-03-19 09:42:39 | INFO | ConnectedDownlink | Retransmitted packet seq=6241
2026-03-19 09:42:39 | INFO | ConnectedDownlink | DATA frame received seq=6241 → data_queue
2026-03-19 09:42:39 | INFO | ConnectedDownlink | Retransmitted packet seq=6243
2026-03-19 09:42:39 | INFO | ConnectedDownlink | DATA frame received seq=6243 → data_queue
2026-03-19 09:42:39 | INFO | ConnectedDownlink | Retransmitted packet seq=6249
2026-03-19 09:42:39 | INFO | ConnectedDownlink | Retransmitted packet seq=6255
2026-03-19 09:42:39 | INFO | ConnectedDownlink | DATA frame received seq=6255 → data_queue
2026-03-19 09:42:39 | INFO | ConnectedDownlink | Retransmitted packet seq=6259
2026-03-19 09:42:39 | INFO | ConnectedDownlink | DATA frame received seq=6259 → data_queue
2026-03-19 09:42:39 | INFO | ConnectedDownlink | Retransmitted packet seq=6261
2026-03-19 09:42:39 | INFO | ConnectedDownlink | DATA frame received seq=6261 → data_queue
2026-03-19 09:42:39 | INFO | ConnectedDownlink | Retransmitted packet seq=6270
2026-03-19 09:42:39 | INFO | ConnectedDownlink | Retransmitted packet seq=6273
2026-03-19 09:42:39 | INFO | ConnectedDownlink | Retransmitted packet seq=6276
2026-03-19 09:42:39 | INFO | ConnectedDownlink | Retransmitted packet seq=6277
2026-03-19 09:42:39 | INFO | ConnectedDownlink | DATA frame received seq=6277 → data_queue
2026-03-19 09:42:39 | INFO | ConnectedDownlink | Retransmitted packet seq=6281
2026-03-19 09:42:39 | INFO | ConnectedDownlink | DATA frame received seq=6281 → data_queue
2026-03-19 09:42:39 | INFO | ConnectedDownlink | Retransmitted packet seq=6292
2026-03-19 09:42:39 | INFO | ConnectedDownlink | Retransmitted packet seq=6293
2026-03-19 09:42:39 | INFO | ConnectedDownlink | DATA frame received seq=6293 → data_queue
2026-03-19 09:42:39 | INFO | ConnectedDownlink | Retransmitted packet seq=6298
2026-03-19 09:42:39 | INFO | ConnectedDownlink | DATA frame received seq=6298 → data_queue
2026-03-19 09:42:39 | INFO | ConnectedDownlink | Retransmitted packet seq=6309
2026-03-19 09:42:39 | INFO | ConnectedDownlink | DATA frame received seq=6309 → data_queue
2026-03-19 09:42:39 | INFO | ConnectedDownlink | Retransmitted packet seq=6313
2026-03-19 09:42:39 | INFO | ConnectedDownlink | DATA frame received seq=6313 → data_queue
2026-03-19 09:42:39 | INFO | ConnectedDownlink | Retransmitted packet seq=6315
2026-03-19 09:42:39 | INFO | ConnectedDownlink | DATA frame received seq=6315 → data_queue
2026-03-19 09:42:39 | INFO | ConnectedDownlink | Retransmitted packet seq=6316
2026-03-19 09:42:39 | INFO | ConnectedDownlink | DATA frame received seq=6316 → data_queue
2026-03-19 09:42:39 | INFO | ConnectedDownlink | Retransmitted packet seq=6317
2026-03-19 09:42:39 | INFO | ConnectedDownlink | DATA frame received seq=6317 → data_queue
2026-03-19 09:42:39 | INFO | ConnectedDownlink | Retransmitted packet seq=6320
2026-03-19 09:42:39 | INFO | ConnectedDownlink | DATA frame received seq=6320 → data_queue
2026-03-19 09:42:39 | INFO | ConnectedDownlink | Retransmitted packet seq=6322
2026-03-19 09:42:39 | INFO | ConnectedDownlink | Retransmitted packet seq=6324
2026-03-19 09:42:39 | INFO | ConnectedDownlink | DATA frame received seq=6324 → data_queue
2026-03-19 09:42:39 | INFO | ConnectedDownlink | Retransmitted packet seq=6327
2026-03-19 09:42:39 | INFO | ConnectedDownlink | DATA frame received seq=6327 → data_queue
2026-03-19 09:42:39 | INFO | ConnectedDownlink | Retransmitted packet seq=6331
2026-03-19 09:42:39 | INFO | ConnectedDownlink | Retransmitted packet seq=6338
2026-03-19 09:42:39 | INFO | ConnectedDownlink | Retransmitted packet seq=6344
2026-03-19 09:42:39 | INFO | ConnectedDownlink | DATA frame received seq=6338 → data_queue
2026-03-19 09:42:39 | INFO | ConnectedDownlink | Retransmitted packet seq=6345
2026-03-19 09:42:39 | INFO | ConnectedDownlink | Retransmitted packet seq=6346
2026-03-19 09:42:39 | INFO | ConnectedDownlink | DATA frame received seq=6345 → data_queue
2026-03-19 09:42:39 | INFO | ConnectedDownlink | Retransmitted packet seq=6347
2026-03-19 09:42:39 | INFO | ConnectedDownlink | DATA frame received seq=6347 → data_queue
2026-03-19 09:42:39 | INFO | ConnectedDownlink | Retransmitted packet seq=6348
2026-03-19 09:42:39 | INFO | ConnectedDownlink | Retransmitted packet seq=6349
2026-03-19 09:42:39 | INFO | ConnectedDownlink | DATA frame received seq=6349 → data_queue
2026-03-19 09:42:39 | INFO | ConnectedDownlink | Retransmitted packet seq=6350
2026-03-19 09:42:39 | INFO | ConnectedDownlink | Retransmitted packet seq=6358
2026-03-19 09:42:39 | INFO | ConnectedDownlink | DATA frame received seq=6358 → data_queue
2026-03-19 09:42:39 | INFO | ConnectedDownlink | DATA frame received seq=6359 → data_queue
2026-03-19 09:42:39 | INFO | ConnectedDownlink | Retransmitted packet seq=6359
2026-03-19 09:43:08 | INFO | ConnectedDownlink | Satellite serve_loop cancelled
2026-03-19 09:43:17 | INFO | ConnectedDownlink | Entered ConnectedDownlink mode
2026-03-19 09:43:17 | INFO | ConnectedDownlink | ConnectedDownlink entered
2026-03-19 09:43:17 | INFO | ConnectedDownlink | starting activity timer for 180
2026-03-19 09:43:17 | INFO | ConnectedDownlink | Satellite serve_loop started (implicit-ACK mode)
2026-03-19 09:43:18 | INFO | ConnectedDownlink | Entered ConnectedDownlink mode
2026-03-19 09:43:18 | INFO | ConnectedDownlink | ConnectedDownlink entered
2026-03-19 09:43:18 | INFO | ConnectedDownlink | starting activity timer for 180
2026-03-19 09:43:18 | INFO | ConnectedDownlink | retransmit_loop started (implicit-ACK mode)
2026-03-19 09:43:18 | INFO | ConnectedDownlink | Requesting retransmission of [6003, 6004, 6005, 6007, 6008, 6009, 6010, 6011, 6046, 6047, 6048, 6050, 6051, 6058, 6059, 6062, 6063, 6066, 6067, 6068, 6069, 6074, 6076, 6077, 6079, 6083, 6085, 6086, 6088, 6092, 6098, 6099, 6103, 6110, 6112, 6114, 6116, 6117, 6120, 6122, 6130, 6139, 6146, 6151, 6152, 6162, 6166, 6172, 6173, 6177, 6178, 6186, 6187, 6189, 6192, 6200, 6203, 6204, 6208, 6212, 6215, 6216, 6226, 6231, 6234, 6241, 6243, 6249, 6255, 6259, 6261, 6270, 6273, 6276, 6277, 6281, 6292, 6293, 6298, 6309, 6313, 6315, 6316, 6317, 6320, 6322, 6324, 6327, 6331, 6338, 6344, 6345, 6346, 6347, 6348, 6349, 6350, 6358, 6359, 6364, 6367, 6369, 6374, 6375, 6376, 6381, 6387, 6388, 6393, 6399, 6403, 6408, 6410, 6412, 6420, 6423, 6424, 6425, 6426, 6430, 6432, 6433, 6437, 6441, 6449, 6454, 6457, 6459, 6462, 6463, 6464, 6465, 6466, 6467, 6468, 6472, 6473, 6475, 6477, 6478, 6479, 6482, 6483, 6485, 6495, 6496, 6497, 6498, 6501, 6502, 6506, 6512, 6513, 6514, 6516, 6521, 6523, 6526, 6531, 6532, 6534, 6535, 6540, 6542, 6545, 6549, 6550, 6556, 6559, 6561, 6566, 6569, 6570, 6572, 6575, 6577, 6578, 6581, 6592, 6600, 6601, 6606, 6607, 6617, 6618, 6620, 6624, 6626, 6632, 6634, 6635, 6646, 6655, 6660, 6664, 6666, 6668, 6669, 6675, 6678, 6683, 6686, 6691, 6694, 6695, 6705, 6708, 6711, 6714, 6729, 6735, 6736, 6738, 6742, 6745, 6746, 6747, 6748, 6753, 6754, 6756, 6759, 6761, 6767, 6773, 6775, 6777, 6778, 6787, 6793, 6795, 6797, 6812, 6828, 6829, 6832, 6833, 6834, 6835, 6836, 6840, 6842, 6844, 6854, 6855, 6860, 6862, 6865, 6868, 6871, 6874, 6876, 6877, 6886, 6887, 6888, 6889, 6892, 6895, 6896, 6902, 6906, 6907, 6909, 6916, 6917, 6921, 6925, 6934, 6940, 6941, 6945, 6947, 6950, 6951, 6959, 6962, 6963, 6965, 6967, 6968, 6970, 6974, 6980, 6988, 6991, 6994, 6997, 6998, 7005, 7008, 7010, 7020, 7025, 7027, 7035, 7037, 7039, 7041, 7042, 7053, 7054, 7055, 7056, 7058, 7059, 7064, 7067, 7073, 7077, 7090, 7096, 7100, 7102, 7104, 7106, 7114, 7115, 7116, 7118, 7122, 7126, 7128, 7133, 7136, 7137, 7139, 7141, 7142, 7143, 7147, 7151, 7158, 7159, 7161, 7163, 7164, 7176, 7177, 7178, 7187, 7189, 7197, 7198, 7199, 7204, 7206, 7208, 7209, 7216, 7221, 7225, 7226, 7227, 7228, 7237, 7239, 7241, 7244, 7246, 7247, 7253, 7258, 7260, 7261, 7262, 7263, 7264, 7266, 7267, 7268, 7270, 7272, 7274, 7280, 7282, 7285, 7290, 7293, 7298, 7299, 7303, 7308, 7312, 7313, 7317, 7319, 7320, 7323, 7327, 7329]
2026-03-19 09:43:18 | INFO | ConnectedDownlink | SENDING RETRANSMISSION REQUEST [6003, 6004, 6005, 6007, 6008, 6009, 6010, 6011, 6046, 6047, 6048, 6050, 6051, 6058, 6059, 6062, 6063, 6066, 6067, 6068, 6069, 6074, 6076, 6077, 6079, 6083, 6085, 6086, 6088, 6092, 6098, 6099, 6103, 6110, 6112, 6114, 6116, 6117, 6120, 6122, 6130, 6139, 6146, 6151, 6152, 6162, 6166, 6172, 6173, 6177, 6178, 6186, 6187, 6189, 6192, 6200, 6203, 6204, 6208, 6212, 6215, 6216, 6226, 6231, 6234, 6241, 6243, 6249, 6255, 6259, 6261, 6270, 6273, 6276, 6277, 6281, 6292, 6293, 6298, 6309, 6313, 6315, 6316, 6317, 6320, 6322, 6324, 6327, 6331, 6338, 6344, 6345, 6346, 6347, 6348, 6349, 6350, 6358, 6359, 6364, 6367, 6369, 6374, 6375, 6376, 6381, 6387, 6388, 6393, 6399, 6403, 6408, 6410, 6412, 6420, 6423, 6424, 6425, 6426, 6430, 6432, 6433, 6437, 6441, 6449, 6454, 6457, 6459, 6462, 6463, 6464, 6465, 6466, 6467, 6468, 6472, 6473, 6475, 6477, 6478, 6479, 6482, 6483, 6485, 6495, 6496, 6497, 6498, 6501, 6502, 6506, 6512, 6513, 6514, 6516, 6521, 6523, 6526, 6531, 6532, 6534, 6535, 6540, 6542, 6545, 6549, 6550, 6556, 6559, 6561, 6566, 6569, 6570, 6572, 6575, 6577, 6578, 6581, 6592, 6600, 6601, 6606, 6607, 6617, 6618, 6620, 6624, 6626, 6632, 6634, 6635, 6646, 6655, 6660, 6664, 6666, 6668, 6669, 6675, 6678, 6683, 6686, 6691, 6694, 6695, 6705, 6708, 6711, 6714, 6729, 6735, 6736, 6738, 6742, 6745, 6746, 6747, 6748, 6753, 6754, 6756, 6759, 6761, 6767, 6773, 6775, 6777, 6778, 6787, 6793, 6795, 6797, 6812, 6828, 6829, 6832, 6833, 6834, 6835, 6836, 6840, 6842, 6844, 6854, 6855, 6860, 6862, 6865, 6868, 6871, 6874, 6876, 6877, 6886, 6887, 6888, 6889, 6892, 6895, 6896, 6902, 6906, 6907, 6909, 6916, 6917, 6921, 6925, 6934, 6940, 6941, 6945, 6947, 6950, 6951, 6959, 6962, 6963, 6965, 6967, 6968, 6970, 6974, 6980, 6988, 6991, 6994, 6997, 6998, 7005, 7008, 7010, 7020, 7025, 7027, 7035, 7037, 7039, 7041, 7042, 7053, 7054, 7055, 7056, 7058, 7059, 7064, 7067, 7073, 7077, 7090, 7096, 7100, 7102, 7104, 7106, 7114, 7115, 7116, 7118, 7122, 7126, 7128, 7133, 7136, 7137, 7139, 7141, 7142, 7143, 7147, 7151, 7158, 7159, 7161, 7163, 7164, 7176, 7177, 7178, 7187, 7189, 7197, 7198, 7199, 7204, 7206, 7208, 7209, 7216, 7221, 7225, 7226, 7227, 7228, 7237, 7239, 7241, 7244, 7246, 7247, 7253, 7258, 7260, 7261, 7262, 7263, 7264, 7266, 7267, 7268, 7270, 7272, 7274, 7280, 7282, 7285, 7290, 7293, 7298, 7299, 7303, 7308, 7312, 7313, 7317, 7319, 7320, 7323, 7327, 7329] (attempt 1/5)
2026-03-19 09:43:28 | INFO | ConnectedDownlink | timeout error
2026-03-19 09:43:28 | INFO | ConnectedDownlink | Attempt 1/5: received 0/391, still missing [6003, 6004, 6005, 6007, 6008, 6009, 6010, 6011, 6046, 6047, 6048, 6050, 6051, 6058, 6059, 6062, 6063, 6066, 6067, 6068, 6069, 6074, 6076, 6077, 6079, 6083, 6085, 6086, 6088, 6092, 6098, 6099, 6103, 6110, 6112, 6114, 6116, 6117, 6120, 6122, 6130, 6139, 6146, 6151, 6152, 6162, 6166, 6172, 6173, 6177, 6178, 6186, 6187, 6189, 6192, 6200, 6203, 6204, 6208, 6212, 6215, 6216, 6226, 6231, 6234, 6241, 6243, 6249, 6255, 6259, 6261, 6270, 6273, 6276, 6277, 6281, 6292, 6293, 6298, 6309, 6313, 6315, 6316, 6317, 6320, 6322, 6324, 6327, 6331, 6338, 6344, 6345, 6346, 6347, 6348, 6349, 6350, 6358, 6359, 6364, 6367, 6369, 6374, 6375, 6376, 6381, 6387, 6388, 6393, 6399, 6403, 6408, 6410, 6412, 6420, 6423, 6424, 6425, 6426, 6430, 6432, 6433, 6437, 6441, 6449, 6454, 6457, 6459, 6462, 6463, 6464, 6465, 6466, 6467, 6468, 6472, 6473, 6475, 6477, 6478, 6479, 6482, 6483, 6485, 6495, 6496, 6497, 6498, 6501, 6502, 6506, 6512, 6513, 6514, 6516, 6521, 6523, 6526, 6531, 6532, 6534, 6535, 6540, 6542, 6545, 6549, 6550, 6556, 6559, 6561, 6566, 6569, 6570, 6572, 6575, 6577, 6578, 6581, 6592, 6600, 6601, 6606, 6607, 6617, 6618, 6620, 6624, 6626, 6632, 6634, 6635, 6646, 6655, 6660, 6664, 6666, 6668, 6669, 6675, 6678, 6683, 6686, 6691, 6694, 6695, 6705, 6708, 6711, 6714, 6729, 6735, 6736, 6738, 6742, 6745, 6746, 6747, 6748, 6753, 6754, 6756, 6759, 6761, 6767, 6773, 6775, 6777, 6778, 6787, 6793, 6795, 6797, 6812, 6828, 6829, 6832, 6833, 6834, 6835, 6836, 6840, 6842, 6844, 6854, 6855, 6860, 6862, 6865, 6868, 6871, 6874, 6876, 6877, 6886, 6887, 6888, 6889, 6892, 6895, 6896, 6902, 6906, 6907, 6909, 6916, 6917, 6921, 6925, 6934, 6940, 6941, 6945, 6947, 6950, 6951, 6959, 6962, 6963, 6965, 6967, 6968, 6970, 6974, 6980, 6988, 6991, 6994, 6997, 6998, 7005, 7008, 7010, 7020, 7025, 7027, 7035, 7037, 7039, 7041, 7042, 7053, 7054, 7055, 7056, 7058, 7059, 7064, 7067, 7073, 7077, 7090, 7096, 7100, 7102, 7104, 7106, 7114, 7115, 7116, 7118, 7122, 7126, 7128, 7133, 7136, 7137, 7139, 7141, 7142, 7143, 7147, 7151, 7158, 7159, 7161, 7163, 7164, 7176, 7177, 7178, 7187, 7189, 7197, 7198, 7199, 7204, 7206, 7208, 7209, 7216, 7221, 7225, 7226, 7227, 7228, 7237, 7239, 7241, 7244, 7246, 7247, 7253, 7258, 7260, 7261, 7262, 7263, 7264, 7266, 7267, 7268, 7270, 7272, 7274, 7280, 7282, 7285, 7290, 7293, 7298, 7299, 7303, 7308, 7312, 7313, 7317, 7319, 7320, 7323, 7327, 7329]
2026-03-19 09:43:28 | INFO | ConnectedDownlink | SENDING RETRANSMISSION REQUEST [6003, 6004, 6005, 6007, 6008, 6009, 6010, 6011, 6046, 6047, 6048, 6050, 6051, 6058, 6059, 6062, 6063, 6066, 6067, 6068, 6069, 6074, 6076, 6077, 6079, 6083, 6085, 6086, 6088, 6092, 6098, 6099, 6103, 6110, 6112, 6114, 6116, 6117, 6120, 6122, 6130, 6139, 6146, 6151, 6152, 6162, 6166, 6172, 6173, 6177, 6178, 6186, 6187, 6189, 6192, 6200, 6203, 6204, 6208, 6212, 6215, 6216, 6226, 6231, 6234, 6241, 6243, 6249, 6255, 6259, 6261, 6270, 6273, 6276, 6277, 6281, 6292, 6293, 6298, 6309, 6313, 6315, 6316, 6317, 6320, 6322, 6324, 6327, 6331, 6338, 6344, 6345, 6346, 6347, 6348, 6349, 6350, 6358, 6359, 6364, 6367, 6369, 6374, 6375, 6376, 6381, 6387, 6388, 6393, 6399, 6403, 6408, 6410, 6412, 6420, 6423, 6424, 6425, 6426, 6430, 6432, 6433, 6437, 6441, 6449, 6454, 6457, 6459, 6462, 6463, 6464, 6465, 6466, 6467, 6468, 6472, 6473, 6475, 6477, 6478, 6479, 6482, 6483, 6485, 6495, 6496, 6497, 6498, 6501, 6502, 6506, 6512, 6513, 6514, 6516, 6521, 6523, 6526, 6531, 6532, 6534, 6535, 6540, 6542, 6545, 6549, 6550, 6556, 6559, 6561, 6566, 6569, 6570, 6572, 6575, 6577, 6578, 6581, 6592, 6600, 6601, 6606, 6607, 6617, 6618, 6620, 6624, 6626, 6632, 6634, 6635, 6646, 6655, 6660, 6664, 6666, 6668, 6669, 6675, 6678, 6683, 6686, 6691, 6694, 6695, 6705, 6708, 6711, 6714, 6729, 6735, 6736, 6738, 6742, 6745, 6746, 6747, 6748, 6753, 6754, 6756, 6759, 6761, 6767, 6773, 6775, 6777, 6778, 6787, 6793, 6795, 6797, 6812, 6828, 6829, 6832, 6833, 6834, 6835, 6836, 6840, 6842, 6844, 6854, 6855, 6860, 6862, 6865, 6868, 6871, 6874, 6876, 6877, 6886, 6887, 6888, 6889, 6892, 6895, 6896, 6902, 6906, 6907, 6909, 6916, 6917, 6921, 6925, 6934, 6940, 6941, 6945, 6947, 6950, 6951, 6959, 6962, 6963, 6965, 6967, 6968, 6970, 6974, 6980, 6988, 6991, 6994, 6997, 6998, 7005, 7008, 7010, 7020, 7025, 7027, 7035, 7037, 7039, 7041, 7042, 7053, 7054, 7055, 7056, 7058, 7059, 7064, 7067, 7073, 7077, 7090, 7096, 7100, 7102, 7104, 7106, 7114, 7115, 7116, 7118, 7122, 7126, 7128, 7133, 7136, 7137, 7139, 7141, 7142, 7143, 7147, 7151, 7158, 7159, 7161, 7163, 7164, 7176, 7177, 7178, 7187, 7189, 7197, 7198, 7199, 7204, 7206, 7208, 7209, 7216, 7221, 7225, 7226, 7227, 7228, 7237, 7239, 7241, 7244, 7246, 7247, 7253, 7258, 7260, 7261, 7262, 7263, 7264, 7266, 7267, 7268, 7270, 7272, 7274, 7280, 7282, 7285, 7290, 7293, 7298, 7299, 7303, 7308, 7312, 7313, 7317, 7319, 7320, 7323, 7327, 7329] (attempt 2/5)
2026-03-19 09:43:28 | INFO | ConnectedDownlink | RETRANSMIT_REQUEST received: [6003, 6004, 6005, 6007, 6008, 6009, 6010, 6011, 6046, 6047, 6048, 6050, 6051, 6058, 6059, 6062, 6063, 6066, 6067, 6068, 6069, 6074, 6076, 6077, 6079, 6083, 6085, 6086, 6088, 6092, 6098, 6099, 6103, 6110, 6112, 6114, 6116, 6117, 6120, 6122, 6130, 6139, 6146, 6151, 6152, 6162, 6166, 6172, 6173, 6177, 6178, 6186, 6187, 6189, 6192, 6200, 6203, 6204, 6208, 6212, 6215, 6216, 6226, 6231, 6234, 6241, 6243, 6249, 6255, 6259, 6261, 6270, 6273, 6276, 6277, 6281, 6292, 6293, 6298, 6309, 6313, 6315, 6316, 6317, 6320, 6322, 6324, 6327, 6331, 6338, 6344, 6345, 6346, 6347, 6348, 6349, 6350, 6358, 6359, 6364]
2026-03-19 09:43:28 | INFO | ConnectedDownlink | Serving retransmit request: {6146, 6151, 6152, 6162, 6166, 6172, 6173, 6177, 6178, 6186, 6187, 6189, 6192, 6200, 6203, 6204, 6208, 6212, 6215, 6216, 6226, 6231, 6234, 6241, 6243, 6249, 6255, 6259, 6261, 6270, 6273, 6276, 6277, 6281, 6292, 6293, 6298, 6309, 6313, 6315, 6316, 6317, 6320, 6322, 6324, 6327, 6331, 6338, 6344, 6345, 6346, 6347, 6348, 6349, 6350, 6358, 6359, 6364, 6003, 6004, 6005, 6007, 6008, 6009, 6010, 6011, 6046, 6047, 6048, 6050, 6051, 6058, 6059, 6062, 6063, 6066, 6067, 6068, 6069, 6074, 6076, 6077, 6079, 6083, 6085, 6086, 6088, 6092, 6098, 6099, 6103, 6110, 6112, 6114, 6116, 6117, 6120, 6122, 6130, 6139}
2026-03-19 09:43:28 | INFO | ConnectedDownlink | Retransmitted packet seq=6003
2026-03-19 09:43:28 | INFO | ConnectedDownlink | DATA frame received seq=6003 → data_queue
2026-03-19 09:43:28 | INFO | ConnectedDownlink | Retransmitted packet seq=6004
2026-03-19 09:43:28 | INFO | ConnectedDownlink | DATA frame received seq=6004 → data_queue
2026-03-19 09:43:28 | INFO | ConnectedDownlink | Retransmitted packet seq=6005
2026-03-19 09:43:28 | INFO | ConnectedDownlink | DATA frame received seq=6005 → data_queue
2026-03-19 09:43:28 | INFO | ConnectedDownlink | Retransmitted packet seq=6007
2026-03-19 09:43:28 | INFO | ConnectedDownlink | Retransmitted packet seq=6008
2026-03-19 09:43:28 | INFO | ConnectedDownlink | DATA frame received seq=6008 → data_queue
2026-03-19 09:43:28 | INFO | ConnectedDownlink | Retransmitted packet seq=6009
2026-03-19 09:43:28 | INFO | ConnectedDownlink | DATA frame received seq=6009 → data_queue
2026-03-19 09:43:28 | INFO | ConnectedDownlink | Retransmitted packet seq=6010
2026-03-19 09:43:28 | INFO | ConnectedDownlink | DATA frame received seq=6010 → data_queue
2026-03-19 09:43:28 | INFO | ConnectedDownlink | Retransmitted packet seq=6011
2026-03-19 09:43:28 | INFO | ConnectedDownlink | DATA frame received seq=6011 → data_queue
2026-03-19 09:43:28 | INFO | ConnectedDownlink | Retransmitted packet seq=6046
2026-03-19 09:43:28 | INFO | ConnectedDownlink | DATA frame received seq=6046 → data_queue
2026-03-19 09:43:28 | INFO | ConnectedDownlink | Retransmitted packet seq=6047
2026-03-19 09:43:28 | INFO | ConnectedDownlink | DATA frame received seq=6047 → data_queue
2026-03-19 09:43:28 | INFO | ConnectedDownlink | Retransmitted packet seq=6048
2026-03-19 09:43:28 | INFO | ConnectedDownlink | DATA frame received seq=6048 → data_queue
2026-03-19 09:43:28 | INFO | ConnectedDownlink | Retransmitted packet seq=6050
2026-03-19 09:43:28 | INFO | ConnectedDownlink | DATA frame received seq=6050 → data_queue
2026-03-19 09:43:28 | INFO | ConnectedDownlink | Retransmitted packet seq=6051
2026-03-19 09:43:28 | INFO | ConnectedDownlink | DATA frame received seq=6051 → data_queue
2026-03-19 09:43:28 | INFO | ConnectedDownlink | Retransmitted packet seq=6058
2026-03-19 09:43:28 | INFO | ConnectedDownlink | Retransmitted packet seq=6059
2026-03-19 09:43:28 | INFO | ConnectedDownlink | Retransmitted packet seq=6062
2026-03-19 09:43:28 | INFO | ConnectedDownlink | DATA frame received seq=6062 → data_queue
2026-03-19 09:43:28 | INFO | ConnectedDownlink | Retransmitted packet seq=6063
2026-03-19 09:43:28 | INFO | ConnectedDownlink | DATA frame received seq=6063 → data_queue
2026-03-19 09:43:28 | INFO | ConnectedDownlink | Retransmitted packet seq=6066
2026-03-19 09:43:28 | INFO | ConnectedDownlink | DATA frame received seq=6066 → data_queue
2026-03-19 09:43:28 | INFO | ConnectedDownlink | Retransmitted packet seq=6067
2026-03-19 09:43:28 | INFO | ConnectedDownlink | DATA frame received seq=6067 → data_queue
2026-03-19 09:43:28 | INFO | ConnectedDownlink | Retransmitted packet seq=6068
2026-03-19 09:43:28 | INFO | ConnectedDownlink | DATA frame received seq=6068 → data_queue
2026-03-19 09:43:28 | INFO | ConnectedDownlink | Retransmitted packet seq=6069
2026-03-19 09:43:28 | INFO | ConnectedDownlink | DATA frame received seq=6069 → data_queue
2026-03-19 09:43:28 | INFO | ConnectedDownlink | Retransmitted packet seq=6074
2026-03-19 09:43:28 | INFO | ConnectedDownlink | DATA frame received seq=6074 → data_queue
2026-03-19 09:43:28 | INFO | ConnectedDownlink | Retransmitted packet seq=6076
2026-03-19 09:43:28 | INFO | ConnectedDownlink | DATA frame received seq=6076 → data_queue
2026-03-19 09:43:28 | INFO | ConnectedDownlink | Retransmitted packet seq=6077
2026-03-19 09:43:28 | INFO | ConnectedDownlink | DATA frame received seq=6077 → data_queue
2026-03-19 09:43:28 | INFO | ConnectedDownlink | Retransmitted packet seq=6079
2026-03-19 09:43:28 | INFO | ConnectedDownlink | DATA frame received seq=6079 → data_queue
2026-03-19 09:43:28 | INFO | ConnectedDownlink | Retransmitted packet seq=6083
2026-03-19 09:43:28 | INFO | ConnectedDownlink | DATA frame received seq=6083 → data_queue
2026-03-19 09:43:28 | INFO | ConnectedDownlink | Retransmitted packet seq=6085
2026-03-19 09:43:28 | INFO | ConnectedDownlink | DATA frame received seq=6085 → data_queue
2026-03-19 09:43:28 | INFO | ConnectedDownlink | Retransmitted packet seq=6086
2026-03-19 09:43:28 | INFO | ConnectedDownlink | DATA frame received seq=6086 → data_queue
2026-03-19 09:43:28 | INFO | ConnectedDownlink | Retransmitted packet seq=6088
2026-03-19 09:43:28 | INFO | ConnectedDownlink | DATA frame received seq=6088 → data_queue
2026-03-19 09:43:28 | INFO | ConnectedDownlink | Retransmitted packet seq=6092
2026-03-19 09:43:28 | INFO | ConnectedDownlink | DATA frame received seq=6092 → data_queue
2026-03-19 09:43:28 | INFO | ConnectedDownlink | Retransmitted packet seq=6098
2026-03-19 09:43:28 | INFO | ConnectedDownlink | DATA frame received seq=6098 → data_queue
2026-03-19 09:43:28 | INFO | ConnectedDownlink | Retransmitted packet seq=6099
2026-03-19 09:43:28 | INFO | ConnectedDownlink | DATA frame received seq=6099 → data_queue
2026-03-19 09:43:28 | INFO | ConnectedDownlink | Retransmitted packet seq=6103
2026-03-19 09:43:28 | INFO | ConnectedDownlink | DATA frame received seq=6103 → data_queue
2026-03-19 09:43:28 | INFO | ConnectedDownlink | Retransmitted packet seq=6110
2026-03-19 09:43:28 | INFO | ConnectedDownlink | DATA frame received seq=6110 → data_queue
2026-03-19 09:43:28 | INFO | ConnectedDownlink | Retransmitted packet seq=6112
2026-03-19 09:43:28 | INFO | ConnectedDownlink | Retransmitted packet seq=6114
2026-03-19 09:43:28 | INFO | ConnectedDownlink | Retransmitted packet seq=6116
2026-03-19 09:43:28 | INFO | ConnectedDownlink | DATA frame received seq=6114 → data_queue
2026-03-19 09:43:28 | INFO | ConnectedDownlink | Retransmitted packet seq=6117
2026-03-19 09:43:28 | INFO | ConnectedDownlink | DATA frame received seq=6116 → data_queue
2026-03-19 09:43:28 | INFO | ConnectedDownlink | Retransmitted packet seq=6120
2026-03-19 09:43:28 | INFO | ConnectedDownlink | DATA frame received seq=6117 → data_queue
2026-03-19 09:43:28 | INFO | ConnectedDownlink | Retransmitted packet seq=6122
2026-03-19 09:43:28 | INFO | ConnectedDownlink | Retransmitted packet seq=6130
2026-03-19 09:43:28 | INFO | ConnectedDownlink | DATA frame received seq=6122 → data_queue
2026-03-19 09:43:28 | INFO | ConnectedDownlink | Retransmitted packet seq=6139
2026-03-19 09:43:28 | INFO | ConnectedDownlink | DATA frame received seq=6130 → data_queue
2026-03-19 09:43:28 | INFO | ConnectedDownlink | Retransmitted packet seq=6146
2026-03-19 09:43:28 | INFO | ConnectedDownlink | DATA frame received seq=6139 → data_queue
2026-03-19 09:43:28 | INFO | ConnectedDownlink | Retransmitted packet seq=6151
2026-03-19 09:43:28 | INFO | ConnectedDownlink | DATA frame received seq=6146 → data_queue
2026-03-19 09:43:28 | INFO | ConnectedDownlink | Retransmitted packet seq=6152
2026-03-19 09:43:28 | INFO | ConnectedDownlink | DATA frame received seq=6152 → data_queue
2026-03-19 09:43:28 | INFO | ConnectedDownlink | Retransmitted packet seq=6162
2026-03-19 09:43:28 | INFO | ConnectedDownlink | DATA frame received seq=6162 → data_queue
2026-03-19 09:43:28 | INFO | ConnectedDownlink | Retransmitted packet seq=6166
2026-03-19 09:43:28 | INFO | ConnectedDownlink | DATA frame received seq=6166 → data_queue
2026-03-19 09:43:28 | INFO | ConnectedDownlink | Retransmitted packet seq=6172
2026-03-19 09:43:28 | INFO | ConnectedDownlink | DATA frame received seq=6172 → data_queue
2026-03-19 09:43:28 | INFO | ConnectedDownlink | Retransmitted packet seq=6173
2026-03-19 09:43:28 | INFO | ConnectedDownlink | Retransmitted packet seq=6177
2026-03-19 09:43:28 | INFO | ConnectedDownlink | Retransmitted packet seq=6178
2026-03-19 09:43:28 | INFO | ConnectedDownlink | DATA frame received seq=6178 → data_queue
2026-03-19 09:43:28 | INFO | ConnectedDownlink | Retransmitted packet seq=6186
2026-03-19 09:43:28 | INFO | ConnectedDownlink | DATA frame received seq=6186 → data_queue
2026-03-19 09:43:28 | INFO | ConnectedDownlink | Retransmitted packet seq=6187
2026-03-19 09:43:28 | INFO | ConnectedDownlink | Retransmitted packet seq=6189
2026-03-19 09:43:28 | INFO | ConnectedDownlink | Retransmitted packet seq=6192
2026-03-19 09:43:28 | INFO | ConnectedDownlink | Retransmitted packet seq=6200
2026-03-19 09:43:28 | INFO | ConnectedDownlink | DATA frame received seq=6200 → data_queue
2026-03-19 09:43:28 | INFO | ConnectedDownlink | Retransmitted packet seq=6203
2026-03-19 09:43:28 | INFO | ConnectedDownlink | DATA frame received seq=6203 → data_queue
2026-03-19 09:43:28 | INFO | ConnectedDownlink | Retransmitted packet seq=6204
2026-03-19 09:43:28 | INFO | ConnectedDownlink | DATA frame received seq=6204 → data_queue
2026-03-19 09:43:28 | INFO | ConnectedDownlink | Retransmitted packet seq=6208
2026-03-19 09:43:28 | INFO | ConnectedDownlink | Retransmitted packet seq=6212
2026-03-19 09:43:28 | INFO | ConnectedDownlink | Retransmitted packet seq=6215
2026-03-19 09:43:28 | INFO | ConnectedDownlink | DATA frame received seq=6212 → data_queue
2026-03-19 09:43:28 | INFO | ConnectedDownlink | Retransmitted packet seq=6216
2026-03-19 09:43:28 | INFO | ConnectedDownlink | DATA frame received seq=6215 → data_queue
2026-03-19 09:43:28 | INFO | ConnectedDownlink | DATA frame received seq=6216 → data_queue
2026-03-19 09:43:28 | INFO | ConnectedDownlink | Retransmitted packet seq=6226
2026-03-19 09:43:28 | INFO | ConnectedDownlink | Retransmitted packet seq=6231
� data_queue
2026-03-19 09:43:28 | INFO | ConnectedDownlink | Retransmitted packet seq=6234
2026-03-19 09:43:28 | INFO | ConnectedDownlink | DATA frame received seq=6231 → data_queue
2026-03-19 09:43:28 | INFO | ConnectedDownlink | Retransmitted packet seq=6241
2026-03-19 09:43:28 | INFO | ConnectedDownlink | DATA frame received seq=6234 → data_queue
2026-03-19 09:43:28 | INFO | ConnectedDownlink | Retransmitted packet seq=6243
2026-03-19 09:43:28 | INFO | ConnectedDownlink | DATA frame received seq=6241 → data_queue
2026-03-19 09:43:28 | INFO | ConnectedDownlink | DATA frame received seq=6243 → data_queue
2026-03-19 09:43:28 | INFO | ConnectedDownlink | Retransmitted packet seq=6249
2026-03-19 09:43:28 | INFO | ConnectedDownlink | DATA frame received seq=6249 → data_queue
2026-03-19 09:43:28 | INFO | ConnectedDownlink | Retransmitted packet seq=6255
2026-03-19 09:43:28 | INFO | ConnectedDownlink | Retransmitted packet seq=6259
2026-03-19 09:43:28 | INFO | ConnectedDownlink | DATA frame received seq=6259 → data_queue
2026-03-19 09:43:29 | INFO | ConnectedDownlink | Retransmitted packet seq=6261
2026-03-19 09:43:29 | INFO | ConnectedDownlink | Retransmitted packet seq=6270
2026-03-19 09:43:29 | INFO | ConnectedDownlink | DATA frame received seq=6270 → data_queue
2026-03-19 09:43:29 | INFO | ConnectedDownlink | Retransmitted packet seq=6273
2026-03-19 09:43:29 | INFO | ConnectedDownlink | DATA frame received seq=6273 → data_queue
2026-03-19 09:43:29 | INFO | ConnectedDownlink | Retransmitted packet seq=6276
2026-03-19 09:43:29 | INFO | ConnectedDownlink | DATA frame received seq=6276 → data_queue
2026-03-19 09:43:29 | INFO | ConnectedDownlink | Retransmitted packet seq=6277
2026-03-19 09:43:29 | INFO | ConnectedDownlink | DATA frame received seq=6277 → data_queue
2026-03-19 09:43:29 | INFO | ConnectedDownlink | Retransmitted packet seq=6281
2026-03-19 09:43:29 | INFO | ConnectedDownlink | Retransmitted packet seq=6292
2026-03-19 09:43:29 | INFO | ConnectedDownlink | Retransmitted packet seq=6293
2026-03-19 09:43:29 | INFO | ConnectedDownlink | Retransmitted packet seq=6298
2026-03-19 09:43:29 | INFO | ConnectedDownlink | DATA frame received seq=6298 → data_queue
2026-03-19 09:43:29 | INFO | ConnectedDownlink | Retransmitted packet seq=6309
2026-03-19 09:43:29 | INFO | ConnectedDownlink | DATA frame received seq=6309 → data_queue
2026-03-19 09:43:29 | INFO | ConnectedDownlink | Retransmitted packet seq=6313
2026-03-19 09:43:29 | INFO | ConnectedDownlink | DATA frame received seq=6313 → data_queue
2026-03-19 09:43:29 | INFO | ConnectedDownlink | Retransmitted packet seq=6315
2026-03-19 09:43:29 | INFO | ConnectedDownlink | DATA frame received seq=6315 → data_queue
2026-03-19 09:43:29 | INFO | ConnectedDownlink | Retransmitted packet seq=6316
2026-03-19 09:43:29 | INFO | ConnectedDownlink | DATA frame received seq=6316 → data_queue
2026-03-19 09:43:29 | INFO | ConnectedDownlink | Retransmitted packet seq=6317
2026-03-19 09:43:29 | INFO | ConnectedDownlink | DATA frame received seq=6317 → data_queue
2026-03-19 09:43:29 | INFO | ConnectedDownlink | Retransmitted packet seq=6320
2026-03-19 09:43:29 | INFO | ConnectedDownlink | Retransmitted packet seq=6322
2026-03-19 09:43:29 | INFO | ConnectedDownlink | DATA frame received seq=6322 → data_queue
2026-03-19 09:43:29 | INFO | ConnectedDownlink | Retransmitted packet seq=6324
2026-03-19 09:43:29 | INFO | ConnectedDownlink | Retransmitted packet seq=6327
2026-03-19 09:43:29 | INFO | ConnectedDownlink | DATA frame received seq=6327 → data_queue
2026-03-19 09:43:29 | INFO | ConnectedDownlink | Retransmitted packet seq=6331
2026-03-19 09:43:29 | INFO | ConnectedDownlink | DATA frame received seq=6331 → data_queue
2026-03-19 09:43:29 | INFO | ConnectedDownlink | Retransmitted packet seq=6338
2026-03-19 09:43:29 | INFO | ConnectedDownlink | Retransmitted packet seq=6344
2026-03-19 09:43:29 | INFO | ConnectedDownlink | DATA frame received seq=6344 → data_queue
2026-03-19 09:43:29 | INFO | ConnectedDownlink | Retransmitted packet seq=6345
2026-03-19 09:43:29 | INFO | ConnectedDownlink | Retransmitted packet seq=6346
2026-03-19 09:43:29 | INFO | ConnectedDownlink | DATA frame received seq=6346 → data_queue
2026-03-19 09:43:29 | INFO | ConnectedDownlink | Retransmitted packet seq=6347
2026-03-19 09:43:29 | INFO | ConnectedDownlink | DATA frame received seq=6347 → data_queue
2026-03-19 09:43:29 | INFO | ConnectedDownlink | Retransmitted packet seq=6348
2026-03-19 09:43:29 | INFO | ConnectedDownlink | DATA frame received seq=6348 → data_queue
2026-03-19 09:43:29 | INFO | ConnectedDownlink | Retransmitted packet seq=6349
2026-03-19 09:43:29 | INFO | ConnectedDownlink | DATA frame received seq=6349 → data_queue
2026-03-19 09:43:29 | INFO | ConnectedDownlink | Retransmitted packet seq=6350
2026-03-19 09:43:29 | INFO | ConnectedDownlink | DATA frame received seq=6350 → data_queue
2026-03-19 09:43:29 | INFO | ConnectedDownlink | Retransmitted packet seq=6358
2026-03-19 09:43:29 | INFO | ConnectedDownlink | Retransmitted packet seq=6359
2026-03-19 09:43:29 | INFO | ConnectedDownlink | DATA frame received seq=6364 → data_queue
2026-03-19 09:43:29 | INFO | ConnectedDownlink | Retransmitted packet seq=6364
2026-03-19 09:43:44 | INFO | ConnectedDownlink | Satellite serve_loop cancelled
2026-03-19 09:43:50 | INFO | ConnectedDownlink | Entered ConnectedDownlink mode
2026-03-19 09:43:50 | INFO | ConnectedDownlink | ConnectedDownlink entered
2026-03-19 09:43:50 | INFO | ConnectedDownlink | starting activity timer for 180
2026-03-19 09:43:50 | INFO | ConnectedDownlink | Satellite serve_loop started (implicit-ACK mode)
2026-03-19 09:43:50 | INFO | ConnectedDownlink | Entered ConnectedDownlink mode
2026-03-19 09:43:50 | INFO | ConnectedDownlink | ConnectedDownlink entered
2026-03-19 09:43:50 | INFO | ConnectedDownlink | starting activity timer for 180
2026-03-19 09:43:50 | INFO | ConnectedDownlink | retransmit_loop started (implicit-ACK mode)
2026-03-19 09:43:50 | INFO | ConnectedDownlink | Requesting retransmission of [6004, 6005, 6007, 6008, 6009, 6010, 6011, 6046, 6047, 6048, 6050, 6051, 6058, 6059, 6062, 6063, 6066, 6067, 6068, 6069, 6074, 6076, 6077, 6079, 6083, 6085, 6086, 6088, 6092, 6098, 6099, 6103, 6110, 6112, 6114, 6116, 6117, 6120, 6122, 6130, 6139, 6146, 6151, 6152, 6162, 6166, 6172, 6173, 6177, 6178, 6186, 6187, 6189, 6192, 6200, 6203, 6204, 6208, 6212, 6215, 6216, 6226, 6231, 6234, 6241, 6243, 6249, 6255, 6259, 6261, 6270, 6273, 6276, 6277, 6281, 6292, 6293, 6298, 6309, 6313, 6315, 6316, 6317, 6320, 6322, 6324, 6327, 6331, 6338, 6344, 6345, 6346, 6347, 6348, 6349, 6350, 6358, 6359, 6364, 6367, 6369, 6374, 6375, 6376, 6381, 6387, 6388, 6393, 6399, 6403, 6408, 6410, 6412, 6420, 6423, 6424, 6425, 6426, 6430, 6432, 6433, 6437, 6441, 6449, 6454, 6457, 6459, 6462, 6463, 6464, 6465, 6466, 6467, 6468, 6472, 6473, 6475, 6477, 6478, 6479, 6482, 6483, 6485, 6495, 6496, 6497, 6498, 6501, 6502, 6506, 6512, 6513, 6514, 6516, 6521, 6523, 6526, 6531, 6532, 6534, 6535, 6540, 6542, 6545, 6549, 6550, 6556, 6559, 6561, 6566, 6569, 6570, 6572, 6575, 6577, 6578, 6581, 6592, 6600, 6601, 6606, 6607, 6617, 6618, 6620, 6624, 6626, 6632, 6634, 6635, 6646, 6655, 6660, 6664, 6666, 6668, 6669, 6675, 6678, 6683, 6686, 6691, 6694, 6695, 6705, 6708, 6711, 6714, 6729, 6735, 6736, 6738, 6742, 6745, 6746, 6747, 6748, 6753, 6754, 6756, 6759, 6761, 6767, 6773, 6775, 6777, 6778, 6787, 6793, 6795, 6797, 6812, 6828, 6829, 6832, 6833, 6834, 6835, 6836, 6840, 6842, 6844, 6854, 6855, 6860, 6862, 6865, 6868, 6871, 6874, 6876, 6877, 6886, 6887, 6888, 6889, 6892, 6895, 6896, 6902, 6906, 6907, 6909, 6916, 6917, 6921, 6925, 6934, 6940, 6941, 6945, 6947, 6950, 6951, 6959, 6962, 6963, 6965, 6967, 6968, 6970, 6974, 6980, 6988, 6991, 6994, 6997, 6998, 7005, 7008, 7010, 7020, 7025, 7027, 7035, 7037, 7039, 7041, 7042, 7053, 7054, 7055, 7056, 7058, 7059, 7064, 7067, 7073, 7077, 7090, 7096, 7100, 7102, 7104, 7106, 7114, 7115, 7116, 7118, 7122, 7126, 7128, 7133, 7136, 7137, 7139, 7141, 7142, 7143, 7147, 7151, 7158, 7159, 7161, 7163, 7164, 7176, 7177, 7178, 7187, 7189, 7197, 7198, 7199, 7204, 7206, 7208, 7209, 7216, 7221, 7225, 7226, 7227, 7228, 7237, 7239, 7241, 7244, 7246, 7247, 7253, 7258, 7260, 7261, 7262, 7263, 7264, 7266, 7267, 7268, 7270, 7272, 7274, 7280, 7282, 7285, 7290, 7293, 7298, 7299, 7303, 7308, 7312, 7313, 7317, 7319, 7320, 7323, 7327, 7329]
2026-03-19 09:43:50 | INFO | ConnectedDownlink | SENDING RETRANSMISSION REQUEST [6004, 6005, 6007, 6008, 6009, 6010, 6011, 6046, 6047, 6048, 6050, 6051, 6058, 6059, 6062, 6063, 6066, 6067, 6068, 6069, 6074, 6076, 6077, 6079, 6083, 6085, 6086, 6088, 6092, 6098, 6099, 6103, 6110, 6112, 6114, 6116, 6117, 6120, 6122, 6130, 6139, 6146, 6151, 6152, 6162, 6166, 6172, 6173, 6177, 6178, 6186, 6187, 6189, 6192, 6200, 6203, 6204, 6208, 6212, 6215, 6216, 6226, 6231, 6234, 6241, 6243, 6249, 6255, 6259, 6261, 6270, 6273, 6276, 6277, 6281, 6292, 6293, 6298, 6309, 6313, 6315, 6316, 6317, 6320, 6322, 6324, 6327, 6331, 6338, 6344, 6345, 6346, 6347, 6348, 6349, 6350, 6358, 6359, 6364, 6367, 6369, 6374, 6375, 6376, 6381, 6387, 6388, 6393, 6399, 6403, 6408, 6410, 6412, 6420, 6423, 6424, 6425, 6426, 6430, 6432, 6433, 6437, 6441, 6449, 6454, 6457, 6459, 6462, 6463, 6464, 6465, 6466, 6467, 6468, 6472, 6473, 6475, 6477, 6478, 6479, 6482, 6483, 6485, 6495, 6496, 6497, 6498, 6501, 6502, 6506, 6512, 6513, 6514, 6516, 6521, 6523, 6526, 6531, 6532, 6534, 6535, 6540, 6542, 6545, 6549, 6550, 6556, 6559, 6561, 6566, 6569, 6570, 6572, 6575, 6577, 6578, 6581, 6592, 6600, 6601, 6606, 6607, 6617, 6618, 6620, 6624, 6626, 6632, 6634, 6635, 6646, 6655, 6660, 6664, 6666, 6668, 6669, 6675, 6678, 6683, 6686, 6691, 6694, 6695, 6705, 6708, 6711, 6714, 6729, 6735, 6736, 6738, 6742, 6745, 6746, 6747, 6748, 6753, 6754, 6756, 6759, 6761, 6767, 6773, 6775, 6777, 6778, 6787, 6793, 6795, 6797, 6812, 6828, 6829, 6832, 6833, 6834, 6835, 6836, 6840, 6842, 6844, 6854, 6855, 6860, 6862, 6865, 6868, 6871, 6874, 6876, 6877, 6886, 6887, 6888, 6889, 6892, 6895, 6896, 6902, 6906, 6907, 6909, 6916, 6917, 6921, 6925, 6934, 6940, 6941, 6945, 6947, 6950, 6951, 6959, 6962, 6963, 6965, 6967, 6968, 6970, 6974, 6980, 6988, 6991, 6994, 6997, 6998, 7005, 7008, 7010, 7020, 7025, 7027, 7035, 7037, 7039, 7041, 7042, 7053, 7054, 7055, 7056, 7058, 7059, 7064, 7067, 7073, 7077, 7090, 7096, 7100, 7102, 7104, 7106, 7114, 7115, 7116, 7118, 7122, 7126, 7128, 7133, 7136, 7137, 7139, 7141, 7142, 7143, 7147, 7151, 7158, 7159, 7161, 7163, 7164, 7176, 7177, 7178, 7187, 7189, 7197, 7198, 7199, 7204, 7206, 7208, 7209, 7216, 7221, 7225, 7226, 7227, 7228, 7237, 7239, 7241, 7244, 7246, 7247, 7253, 7258, 7260, 7261, 7262, 7263, 7264, 7266, 7267, 7268, 7270, 7272, 7274, 7280, 7282, 7285, 7290, 7293, 7298, 7299, 7303, 7308, 7312, 7313, 7317, 7319, 7320, 7323, 7327, 7329] (attempt 1/5)
2026-03-19 09:43:50 | INFO | ConnectedDownlink | RETRANSMIT_REQUEST received: [6004, 6005, 6007, 6008, 6009, 6010, 6011, 6046, 6047, 6048, 6050, 6051, 6058, 6059, 6062, 6063, 6066, 6067, 6068, 6069, 6074, 6076, 6077, 6079, 6083, 6085, 6086, 6088, 6092, 6098, 6099, 6103, 6110, 6112, 6114, 6116, 6117, 6120, 6122, 6130, 6139, 6146, 6151, 6152, 6162, 6166, 6172, 6173, 6177, 6178, 6186, 6187, 6189, 6192, 6200, 6203, 6204, 6208, 6212, 6215, 6216, 6226, 6231, 6234, 6241, 6243, 6249, 6255, 6259, 6261, 6270, 6273, 6276, 6277, 6281, 6292, 6293, 6298, 6309, 6313, 6315, 6316, 6317, 6320, 6322, 6324, 6327, 6331, 6338, 6344, 6345, 6346, 6347, 6348, 6349, 6350, 6358, 6359, 6364, 6367]
2026-03-19 09:43:50 | INFO | ConnectedDownlink | Serving retransmit request: {6146, 6151, 6152, 6162, 6166, 6172, 6173, 6177, 6178, 6186, 6187, 6189, 6192, 6200, 6203, 6204, 6208, 6212, 6215, 6216, 6226, 6231, 6234, 6241, 6243, 6249, 6255, 6259, 6261, 6270, 6273, 6276, 6277, 6281, 6292, 6293, 6298, 6309, 6313, 6315, 6316, 6317, 6320, 6322, 6324, 6327, 6331, 6338, 6344, 6345, 6346, 6347, 6348, 6349, 6350, 6358, 6359, 6364, 6367, 6004, 6005, 6007, 6008, 6009, 6010, 6011, 6046, 6047, 6048, 6050, 6051, 6058, 6059, 6062, 6063, 6066, 6067, 6068, 6069, 6074, 6076, 6077, 6079, 6083, 6085, 6086, 6088, 6092, 6098, 6099, 6103, 6110, 6112, 6114, 6116, 6117, 6120, 6122, 6130, 6139}
2026-03-19 09:43:50 | INFO | ConnectedDownlink | Retransmitted packet seq=6004
2026-03-19 09:43:50 | INFO | ConnectedDownlink | DATA frame received seq=6004 → data_queue
2026-03-19 09:43:50 | INFO | ConnectedDownlink | Retransmitted packet seq=6005
2026-03-19 09:43:50 | INFO | ConnectedDownlink | DATA frame received seq=6005 → data_queue
2026-03-19 09:43:50 | INFO | ConnectedDownlink | Retransmitted packet seq=6007
2026-03-19 09:43:50 | INFO | ConnectedDownlink | DATA frame received seq=6007 → data_queue
2026-03-19 09:43:50 | INFO | ConnectedDownlink | Retransmitted packet seq=6008
2026-03-19 09:43:50 | INFO | ConnectedDownlink | DATA frame received seq=6008 → data_queue
2026-03-19 09:43:50 | INFO | ConnectedDownlink | Retransmitted packet seq=6009
2026-03-19 09:43:50 | INFO | ConnectedDownlink | Retransmitted packet seq=6010
2026-03-19 09:43:50 | INFO | ConnectedDownlink | Retransmitted packet seq=6011
2026-03-19 09:43:50 | INFO | ConnectedDownlink | DATA frame received seq=6010 → data_queue
2026-03-19 09:43:50 | INFO | ConnectedDownlink | Retransmitted packet seq=6046
2026-03-19 09:43:50 | INFO | ConnectedDownlink | DATA frame received seq=6011 → data_queue
2026-03-19 09:43:50 | INFO | ConnectedDownlink | DATA frame received seq=6046 → data_queue
2026-03-19 09:43:50 | INFO | ConnectedDownlink | Retransmitted packet seq=6047
2026-03-19 09:43:50 | INFO | ConnectedDownlink | Retransmitted packet seq=6048
2026-03-19 09:43:50 | INFO | ConnectedDownlink | DATA frame received seq=6047 → data_queue
2026-03-19 09:43:50 | INFO | ConnectedDownlink | Retransmitted packet seq=6050
2026-03-19 09:43:50 | INFO | ConnectedDownlink | DATA frame received seq=6048 → data_queue
2026-03-19 09:43:50 | INFO | ConnectedDownlink | Retransmitted packet seq=6051
2026-03-19 09:43:50 | INFO | ConnectedDownlink | Retransmitted packet seq=6058
2026-03-19 09:43:50 | INFO | ConnectedDownlink | DATA frame received seq=6051 → data_queue
2026-03-19 09:43:50 | INFO | ConnectedDownlink | Retransmitted packet seq=6059
2026-03-19 09:43:50 | INFO | ConnectedDownlink | DATA frame received seq=6058 → data_queue
2026-03-19 09:43:50 | INFO | ConnectedDownlink | DATA frame received seq=6059 → data_queue
2026-03-19 09:43:51 | INFO | ConnectedDownlink | Retransmitted packet seq=6062
2026-03-19 09:43:51 | INFO | ConnectedDownlink | Retransmitted packet seq=6063
2026-03-19 09:43:51 | INFO | ConnectedDownlink | DATA frame received seq=6063 → data_queue
2026-03-19 09:43:51 | INFO | ConnectedDownlink | Retransmitted packet seq=6066
2026-03-19 09:43:51 | INFO | ConnectedDownlink | Retransmitted packet seq=6067
2026-03-19 09:43:51 | INFO | ConnectedDownlink | DATA frame received seq=6067 → data_queue
2026-03-19 09:43:51 | INFO | ConnectedDownlink | Retransmitted packet seq=6068
2026-03-19 09:43:51 | INFO | ConnectedDownlink | Retransmitted packet seq=6069
2026-03-19 09:43:51 | INFO | ConnectedDownlink | DATA frame received seq=6069 → data_queue
2026-03-19 09:43:51 | INFO | ConnectedDownlink | Retransmitted packet seq=6074
2026-03-19 09:43:51 | INFO | ConnectedDownlink | DATA frame received seq=6074 → data_queue
2026-03-19 09:43:51 | INFO | ConnectedDownlink | Retransmitted packet seq=6076
2026-03-19 09:43:51 | INFO | ConnectedDownlink | DATA frame received seq=6076 → data_queue
2026-03-19 09:43:51 | INFO | ConnectedDownlink | Retransmitted packet seq=6077
2026-03-19 09:43:51 | INFO | ConnectedDownlink | Retransmitted packet seq=6079
2026-03-19 09:43:51 | INFO | ConnectedDownlink | DATA frame received seq=6079 → data_queue
2026-03-19 09:43:51 | INFO | ConnectedDownlink | Retransmitted packet seq=6083
2026-03-19 09:43:51 | INFO | ConnectedDownlink | Retransmitted packet seq=6085
2026-03-19 09:43:51 | INFO | ConnectedDownlink | DATA frame received seq=6085 → data_queue
2026-03-19 09:43:51 | INFO | ConnectedDownlink | Retransmitted packet seq=6086
2026-03-19 09:43:51 | INFO | ConnectedDownlink | Retransmitted packet seq=6088
2026-03-19 09:43:51 | INFO | ConnectedDownlink | DATA frame received seq=6088 → data_queue
2026-03-19 09:43:51 | INFO | ConnectedDownlink | Retransmitted packet seq=6092
2026-03-19 09:43:51 | INFO | ConnectedDownlink | DATA frame received seq=6092 → data_queue
2026-03-19 09:43:51 | INFO | ConnectedDownlink | Retransmitted packet seq=6098
2026-03-19 09:43:51 | INFO | ConnectedDownlink | Retransmitted packet seq=6099
2026-03-19 09:43:51 | INFO | ConnectedDownlink | DATA frame received seq=6099 → data_queue
2026-03-19 09:43:51 | INFO | ConnectedDownlink | Retransmitted packet seq=6103
2026-03-19 09:43:51 | INFO | ConnectedDownlink | DATA frame received seq=6103 → data_queue
2026-03-19 09:43:51 | INFO | ConnectedDownlink | Retransmitted packet seq=6110
2026-03-19 09:43:51 | INFO | ConnectedDownlink | Retransmitted packet seq=6112
2026-03-19 09:43:51 | INFO | ConnectedDownlink | DATA frame received seq=6112 → data_queue
2026-03-19 09:43:51 | INFO | ConnectedDownlink | Retransmitted packet seq=6114
2026-03-19 09:43:51 | INFO | ConnectedDownlink | Retransmitted packet seq=6116
2026-03-19 09:43:51 | INFO | ConnectedDownlink | DATA frame received seq=6116 → data_queue
2026-03-19 09:43:51 | INFO | ConnectedDownlink | Retransmitted packet seq=6117
2026-03-19 09:43:51 | INFO | ConnectedDownlink | DATA frame received seq=6117 → data_queue
2026-03-19 09:43:51 | INFO | ConnectedDownlink | Retransmitted packet seq=6120
2026-03-19 09:43:51 | INFO | ConnectedDownlink | DATA frame received seq=6120 → data_queue
2026-03-19 09:43:51 | INFO | ConnectedDownlink | Retransmitted packet seq=6122
2026-03-19 09:43:51 | INFO | ConnectedDownlink | Retransmitted packet seq=6130
2026-03-19 09:43:51 | INFO | ConnectedDownlink | DATA frame received seq=6130 → data_queue
2026-03-19 09:43:51 | INFO | ConnectedDownlink | Retransmitted packet seq=6139
2026-03-19 09:43:51 | INFO | ConnectedDownlink | DATA frame received seq=6139 → data_queue
2026-03-19 09:43:51 | INFO | ConnectedDownlink | Retransmitted packet seq=6146
2026-03-19 09:43:51 | INFO | ConnectedDownlink | DATA frame received seq=6146 → data_queue
2026-03-19 09:43:51 | INFO | ConnectedDownlink | Retransmitted packet seq=6151
2026-03-19 09:43:51 | INFO | ConnectedDownlink | DATA frame received seq=6151 → data_queue
2026-03-19 09:43:51 | INFO | ConnectedDownlink | Retransmitted packet seq=6152
2026-03-19 09:43:51 | INFO | ConnectedDownlink | DATA frame received seq=6152 → data_queue
2026-03-19 09:43:51 | INFO | ConnectedDownlink | Retransmitted packet seq=6162
2026-03-19 09:43:51 | INFO | ConnectedDownlink | DATA frame received seq=6162 → data_queue
2026-03-19 09:43:51 | INFO | ConnectedDownlink | Retransmitted packet seq=6166
2026-03-19 09:43:51 | INFO | ConnectedDownlink | Retransmitted packet seq=6172
2026-03-19 09:43:51 | INFO | ConnectedDownlink | Retransmitted packet seq=6173
2026-03-19 09:43:51 | INFO | ConnectedDownlink | DATA frame received seq=6173 → data_queue
2026-03-19 09:43:51 | INFO | ConnectedDownlink | Retransmitted packet seq=6177
2026-03-19 09:43:51 | INFO | ConnectedDownlink | DATA frame received seq=6177 → data_queue
2026-03-19 09:43:51 | INFO | ConnectedDownlink | Retransmitted packet seq=6178
2026-03-19 09:43:51 | INFO | ConnectedDownlink | DATA frame received seq=6178 → data_queue
2026-03-19 09:43:51 | INFO | ConnectedDownlink | Retransmitted packet seq=6186
2026-03-19 09:43:51 | INFO | ConnectedDownlink | DATA frame received seq=6186 → data_queue
2026-03-19 09:43:51 | INFO | ConnectedDownlink | Retransmitted packet seq=6187
2026-03-19 09:43:51 | INFO | ConnectedDownlink | Retransmitted packet seq=6189
2026-03-19 09:43:51 | INFO | ConnectedDownlink | DATA frame received seq=6189 → data_queue
2026-03-19 09:43:51 | INFO | ConnectedDownlink | Retransmitted packet seq=6192
2026-03-19 09:43:51 | INFO | ConnectedDownlink | DATA frame received seq=6192 → data_queue
2026-03-19 09:43:51 | INFO | ConnectedDownlink | Retransmitted packet seq=6200
2026-03-19 09:43:51 | INFO | ConnectedDownlink | DATA frame received seq=6200 → data_queue
2026-03-19 09:43:51 | INFO | ConnectedDownlink | Retransmitted packet seq=6203
2026-03-19 09:43:51 | INFO | ConnectedDownlink | DATA frame received seq=6203 → data_queue
2026-03-19 09:43:51 | INFO | ConnectedDownlink | Retransmitted packet seq=6204
2026-03-19 09:43:51 | INFO | ConnectedDownlink | DATA frame received seq=6204 → data_queue
2026-03-19 09:43:51 | INFO | ConnectedDownlink | Retransmitted packet seq=6208
2026-03-19 09:43:51 | INFO | ConnectedDownlink | DATA frame received seq=6208 → data_queue
2026-03-19 09:43:51 | INFO | ConnectedDownlink | Retransmitted packet seq=6212
2026-03-19 09:43:51 | INFO | ConnectedDownlink | DATA frame received seq=6212 → data_queue
2026-03-19 09:43:51 | INFO | ConnectedDownlink | Retransmitted packet seq=6215
2026-03-19 09:43:51 | INFO | ConnectedDownlink | DATA frame received seq=6215 → data_queue
2026-03-19 09:43:51 | INFO | ConnectedDownlink | Retransmitted packet seq=6216
2026-03-19 09:43:51 | INFO | ConnectedDownlink | DATA frame received seq=6216 → data_queue
2026-03-19 09:43:51 | INFO | ConnectedDownlink | Retransmitted packet seq=6226
2026-03-19 09:43:51 | INFO | ConnectedDownlink | DATA frame received seq=6226 → data_queue
2026-03-19 09:43:51 | INFO | ConnectedDownlink | Retransmitted packet seq=6231
2026-03-19 09:43:51 | INFO | ConnectedDownlink | DATA frame received seq=6231 → data_queue
2026-03-19 09:43:51 | INFO | ConnectedDownlink | Retransmitted packet seq=6234
2026-03-19 09:43:51 | INFO | ConnectedDownlink | DATA frame received seq=6234 → data_queue
2026-03-19 09:43:51 | INFO | ConnectedDownlink | Retransmitted packet seq=6241
2026-03-19 09:43:51 | INFO | ConnectedDownlink | DATA frame received seq=6241 → data_queue
2026-03-19 09:43:51 | INFO | ConnectedDownlink | Retransmitted packet seq=6243
2026-03-19 09:43:51 | INFO | ConnectedDownlink | DATA frame received seq=6243 → data_queue
2026-03-19 09:43:51 | INFO | ConnectedDownlink | Retransmitted packet seq=6249
2026-03-19 09:43:51 | INFO | ConnectedDownlink | Retransmitted packet seq=6255
2026-03-19 09:43:51 | INFO | ConnectedDownlink | DATA frame received seq=6255 → data_queue
2026-03-19 09:43:51 | INFO | ConnectedDownlink | Retransmitted packet seq=6259
2026-03-19 09:43:51 | INFO | ConnectedDownlink | DATA frame received seq=6259 → data_queue
2026-03-19 09:43:51 | INFO | ConnectedDownlink | Retransmitted packet seq=6261
2026-03-19 09:43:51 | INFO | ConnectedDownlink | DATA frame received seq=6261 → data_queue
2026-03-19 09:43:51 | INFO | ConnectedDownlink | Retransmitted packet seq=6270
2026-03-19 09:43:51 | INFO | ConnectedDownlink | DATA frame received seq=6270 → data_queue
2026-03-19 09:43:51 | INFO | ConnectedDownlink | Retransmitted packet seq=6273
2026-03-19 09:43:51 | INFO | ConnectedDownlink | DATA frame received seq=6273 → data_queue
2026-03-19 09:43:51 | INFO | ConnectedDownlink | Retransmitted packet seq=6276
2026-03-19 09:43:51 | INFO | ConnectedDownlink | DATA frame received seq=6276 → data_queue
2026-03-19 09:43:51 | INFO | ConnectedDownlink | Retransmitted packet seq=6277
2026-03-19 09:43:51 | INFO | ConnectedDownlink | DATA frame received seq=6277 → data_queue
2026-03-19 09:43:51 | INFO | ConnectedDownlink | Retransmitted packet seq=6281
2026-03-19 09:43:51 | INFO | ConnectedDownlink | DATA frame received seq=6281 → data_queue
2026-03-19 09:43:51 | INFO | ConnectedDownlink | Retransmitted packet seq=6292
2026-03-19 09:43:51 | INFO | ConnectedDownlink | DATA frame received seq=6292 → data_queue
2026-03-19 09:43:51 | INFO | ConnectedDownlink | Retransmitted packet seq=6293
2026-03-19 09:43:51 | INFO | ConnectedDownlink | DATA frame received seq=6293 → data_queue
2026-03-19 09:43:51 | INFO | ConnectedDownlink | Retransmitted packet seq=6298
2026-03-19 09:43:51 | INFO | ConnectedDownlink | DATA frame received seq=6298 → data_queue
2026-03-19 09:43:52 | INFO | ConnectedDownlink | Retransmitted packet seq=6309
2026-03-19 09:43:52 | INFO | ConnectedDownlink | DATA frame received seq=6309 → data_queue
2026-03-19 09:43:52 | INFO | ConnectedDownlink | Retransmitted packet seq=6313
2026-03-19 09:43:52 | INFO | ConnectedDownlink | DATA frame received seq=6313 → data_queue
2026-03-19 09:43:52 | INFO | ConnectedDownlink | Retransmitted packet seq=6315
2026-03-19 09:43:52 | INFO | ConnectedDownlink | Retransmitted packet seq=6316
2026-03-19 09:43:52 | INFO | ConnectedDownlink | Retransmitted packet seq=6317
2026-03-19 09:43:52 | INFO | ConnectedDownlink | DATA frame received seq=6316 → data_queue
2026-03-19 09:43:52 | INFO | ConnectedDownlink | Retransmitted packet seq=6320
2026-03-19 09:43:52 | INFO | ConnectedDownlink | DATA frame received seq=6320 → data_queue
2026-03-19 09:43:52 | INFO | ConnectedDownlink | Retransmitted packet seq=6322
2026-03-19 09:43:52 | INFO | ConnectedDownlink | DATA frame received seq=6322 → data_queue
2026-03-19 09:43:52 | INFO | ConnectedDownlink | Retransmitted packet seq=6324
2026-03-19 09:43:52 | INFO | ConnectedDownlink | Retransmitted packet seq=6327
2026-03-19 09:43:52 | INFO | ConnectedDownlink | DATA frame received seq=6327 → data_queue
2026-03-19 09:43:52 | INFO | ConnectedDownlink | Retransmitted packet seq=6331
2026-03-19 09:43:52 | INFO | ConnectedDownlink | DATA frame received seq=6331 → data_queue
2026-03-19 09:43:52 | INFO | ConnectedDownlink | Retransmitted packet seq=6338
2026-03-19 09:43:52 | INFO | ConnectedDownlink | DATA frame received seq=6338 → data_queue
2026-03-19 09:43:52 | INFO | ConnectedDownlink | Retransmitted packet seq=6344
2026-03-19 09:43:52 | INFO | ConnectedDownlink | DATA frame received seq=6344 → data_queue
2026-03-19 09:43:52 | INFO | ConnectedDownlink | Retransmitted packet seq=6345
2026-03-19 09:43:52 | INFO | ConnectedDownlink | Retransmitted packet seq=6346
2026-03-19 09:43:52 | INFO | ConnectedDownlink | Retransmitted packet seq=6347
2026-03-19 09:43:52 | INFO | ConnectedDownlink | Retransmitted packet seq=6348
2026-03-19 09:43:52 | INFO | ConnectedDownlink | DATA frame received seq=6348 → data_queue
2026-03-19 09:43:52 | INFO | ConnectedDownlink | Retransmitted packet seq=6349
2026-03-19 09:43:52 | INFO | ConnectedDownlink | Retransmitted packet seq=6350
2026-03-19 09:43:52 | INFO | ConnectedDownlink | DATA frame received seq=6350 → data_queue
2026-03-19 09:43:52 | INFO | ConnectedDownlink | Retransmitted packet seq=6358
2026-03-19 09:43:52 | INFO | ConnectedDownlink | Retransmitted packet seq=6359
2026-03-19 09:43:52 | INFO | ConnectedDownlink | DATA frame received seq=6359 → data_queue
2026-03-19 09:43:52 | INFO | ConnectedDownlink | Retransmitted packet seq=6364
2026-03-19 09:43:52 | INFO | ConnectedDownlink | DATA frame received seq=6364 → data_queue
2026-03-19 09:43:52 | INFO | ConnectedDownlink | DATA frame received seq=6367 → data_queue
2026-03-19 09:43:52 | INFO | ConnectedDownlink | Retransmitted packet seq=6367
2026-03-19 09:44:21 | INFO | ConnectedDownlink | Satellite serve_loop cancelled
2026-03-19 09:44:27 | INFO | ConnectedDownlink | Entered ConnectedDownlink mode
2026-03-19 09:44:27 | INFO | ConnectedDownlink | ConnectedDownlink entered
2026-03-19 09:44:27 | INFO | ConnectedDownlink | starting activity timer for 180
2026-03-19 09:44:27 | INFO | ConnectedDownlink | Satellite serve_loop started (implicit-ACK mode)
2026-03-19 09:44:27 | INFO | ConnectedDownlink | Entered ConnectedDownlink mode
2026-03-19 09:44:27 | INFO | ConnectedDownlink | ConnectedDownlink entered
2026-03-19 09:44:27 | INFO | ConnectedDownlink | starting activity timer for 180
2026-03-19 09:44:27 | INFO | ConnectedDownlink | retransmit_loop started (implicit-ACK mode)
2026-03-19 09:44:27 | INFO | ConnectedDownlink | Requesting retransmission of [6005, 6007, 6008, 6009, 6010, 6011, 6046, 6047, 6048, 6050, 6051, 6058, 6059, 6062, 6063, 6066, 6067, 6068, 6069, 6074, 6076, 6077, 6079, 6083, 6085, 6086, 6088, 6092, 6098, 6099, 6103, 6110, 6112, 6114, 6116, 6117, 6120, 6122, 6130, 6139, 6146, 6151, 6152, 6162, 6166, 6172, 6173, 6177, 6178, 6186, 6187, 6189, 6192, 6200, 6203, 6204, 6208, 6212, 6215, 6216, 6226, 6231, 6234, 6241, 6243, 6249, 6255, 6259, 6261, 6270, 6273, 6276, 6277, 6281, 6292, 6293, 6298, 6309, 6313, 6315, 6316, 6317, 6320, 6322, 6324, 6327, 6331, 6338, 6344, 6345, 6346, 6347, 6348, 6349, 6350, 6358, 6359, 6364, 6367, 6369, 6374, 6375, 6376, 6381, 6387, 6388, 6393, 6399, 6403, 6408, 6410, 6412, 6420, 6423, 6424, 6425, 6426, 6430, 6432, 6433, 6437, 6441, 6449, 6454, 6457, 6459, 6462, 6463, 6464, 6465, 6466, 6467, 6468, 6472, 6473, 6475, 6477, 6478, 6479, 6482, 6483, 6485, 6495, 6496, 6497, 6498, 6501, 6502, 6506, 6512, 6513, 6514, 6516, 6521, 6523, 6526, 6531, 6532, 6534, 6535, 6540, 6542, 6545, 6549, 6550, 6556, 6559, 6561, 6566, 6569, 6570, 6572, 6575, 6577, 6578, 6581, 6592, 6600, 6601, 6606, 6607, 6617, 6618, 6620, 6624, 6626, 6632, 6634, 6635, 6646, 6655, 6660, 6664, 6666, 6668, 6669, 6675, 6678, 6683, 6686, 6691, 6694, 6695, 6705, 6708, 6711, 6714, 6729, 6735, 6736, 6738, 6742, 6745, 6746, 6747, 6748, 6753, 6754, 6756, 6759, 6761, 6767, 6773, 6775, 6777, 6778, 6787, 6793, 6795, 6797, 6812, 6828, 6829, 6832, 6833, 6834, 6835, 6836, 6840, 6842, 6844, 6854, 6855, 6860, 6862, 6865, 6868, 6871, 6874, 6876, 6877, 6886, 6887, 6888, 6889, 6892, 6895, 6896, 6902, 6906, 6907, 6909, 6916, 6917, 6921, 6925, 6934, 6940, 6941, 6945, 6947, 6950, 6951, 6959, 6962, 6963, 6965, 6967, 6968, 6970, 6974, 6980, 6988, 6991, 6994, 6997, 6998, 7005, 7008, 7010, 7020, 7025, 7027, 7035, 7037, 7039, 7041, 7042, 7053, 7054, 7055, 7056, 7058, 7059, 7064, 7067, 7073, 7077, 7090, 7096, 7100, 7102, 7104, 7106, 7114, 7115, 7116, 7118, 7122, 7126, 7128, 7133, 7136, 7137, 7139, 7141, 7142, 7143, 7147, 7151, 7158, 7159, 7161, 7163, 7164, 7176, 7177, 7178, 7187, 7189, 7197, 7198, 7199, 7204, 7206, 7208, 7209, 7216, 7221, 7225, 7226, 7227, 7228, 7237, 7239, 7241, 7244, 7246, 7247, 7253, 7258, 7260, 7261, 7262, 7263, 7264, 7266, 7267, 7268, 7270, 7272, 7274, 7280, 7282, 7285, 7290, 7293, 7298, 7299, 7303, 7308, 7312, 7313, 7317, 7319, 7320, 7323, 7327, 7329]
2026-03-19 09:44:27 | INFO | ConnectedDownlink | SENDING RETRANSMISSION REQUEST [6005, 6007, 6008, 6009, 6010, 6011, 6046, 6047, 6048, 6050, 6051, 6058, 6059, 6062, 6063, 6066, 6067, 6068, 6069, 6074, 6076, 6077, 6079, 6083, 6085, 6086, 6088, 6092, 6098, 6099, 6103, 6110, 6112, 6114, 6116, 6117, 6120, 6122, 6130, 6139, 6146, 6151, 6152, 6162, 6166, 6172, 6173, 6177, 6178, 6186, 6187, 6189, 6192, 6200, 6203, 6204, 6208, 6212, 6215, 6216, 6226, 6231, 6234, 6241, 6243, 6249, 6255, 6259, 6261, 6270, 6273, 6276, 6277, 6281, 6292, 6293, 6298, 6309, 6313, 6315, 6316, 6317, 6320, 6322, 6324, 6327, 6331, 6338, 6344, 6345, 6346, 6347, 6348, 6349, 6350, 6358, 6359, 6364, 6367, 6369, 6374, 6375, 6376, 6381, 6387, 6388, 6393, 6399, 6403, 6408, 6410, 6412, 6420, 6423, 6424, 6425, 6426, 6430, 6432, 6433, 6437, 6441, 6449, 6454, 6457, 6459, 6462, 6463, 6464, 6465, 6466, 6467, 6468, 6472, 6473, 6475, 6477, 6478, 6479, 6482, 6483, 6485, 6495, 6496, 6497, 6498, 6501, 6502, 6506, 6512, 6513, 6514, 6516, 6521, 6523, 6526, 6531, 6532, 6534, 6535, 6540, 6542, 6545, 6549, 6550, 6556, 6559, 6561, 6566, 6569, 6570, 6572, 6575, 6577, 6578, 6581, 6592, 6600, 6601, 6606, 6607, 6617, 6618, 6620, 6624, 6626, 6632, 6634, 6635, 6646, 6655, 6660, 6664, 6666, 6668, 6669, 6675, 6678, 6683, 6686, 6691, 6694, 6695, 6705, 6708, 6711, 6714, 6729, 6735, 6736, 6738, 6742, 6745, 6746, 6747, 6748, 6753, 6754, 6756, 6759, 6761, 6767, 6773, 6775, 6777, 6778, 6787, 6793, 6795, 6797, 6812, 6828, 6829, 6832, 6833, 6834, 6835, 6836, 6840, 6842, 6844, 6854, 6855, 6860, 6862, 6865, 6868, 6871, 6874, 6876, 6877, 6886, 6887, 6888, 6889, 6892, 6895, 6896, 6902, 6906, 6907, 6909, 6916, 6917, 6921, 6925, 6934, 6940, 6941, 6945, 6947, 6950, 6951, 6959, 6962, 6963, 6965, 6967, 6968, 6970, 6974, 6980, 6988, 6991, 6994, 6997, 6998, 7005, 7008, 7010, 7020, 7025, 7027, 7035, 7037, 7039, 7041, 7042, 7053, 7054, 7055, 7056, 7058, 7059, 7064, 7067, 7073, 7077, 7090, 7096, 7100, 7102, 7104, 7106, 7114, 7115, 7116, 7118, 7122, 7126, 7128, 7133, 7136, 7137, 7139, 7141, 7142, 7143, 7147, 7151, 7158, 7159, 7161, 7163, 7164, 7176, 7177, 7178, 7187, 7189, 7197, 7198, 7199, 7204, 7206, 7208, 7209, 7216, 7221, 7225, 7226, 7227, 7228, 7237, 7239, 7241, 7244, 7246, 7247, 7253, 7258, 7260, 7261, 7262, 7263, 7264, 7266, 7267, 7268, 7270, 7272, 7274, 7280, 7282, 7285, 7290, 7293, 7298, 7299, 7303, 7308, 7312, 7313, 7317, 7319, 7320, 7323, 7327, 7329] (attempt 1/5)
2026-03-19 09:44:27 | INFO | ConnectedDownlink | RETRANSMIT_REQUEST received: [6005, 6007, 6008, 6009, 6010, 6011, 6046, 6047, 6048, 6050, 6051, 6058, 6059, 6062, 6063, 6066, 6067, 6068, 6069, 6074, 6076, 6077, 6079, 6083, 6085, 6086, 6088, 6092, 6098, 6099, 6103, 6110, 6112, 6114, 6116, 6117, 6120, 6122, 6130, 6139, 6146, 6151, 6152, 6162, 6166, 6172, 6173, 6177, 6178, 6186, 6187, 6189, 6192, 6200, 6203, 6204, 6208, 6212, 6215, 6216, 6226, 6231, 6234, 6241, 6243, 6249, 6255, 6259, 6261, 6270, 6273, 6276, 6277, 6281, 6292, 6293, 6298, 6309, 6313, 6315, 6316, 6317, 6320, 6322, 6324, 6327, 6331, 6338, 6344, 6345, 6346, 6347, 6348, 6349, 6350, 6358, 6359, 6364, 6367, 6369]
2026-03-19 09:44:27 | INFO | ConnectedDownlink | Serving retransmit request: {6146, 6151, 6152, 6162, 6166, 6172, 6173, 6177, 6178, 6186, 6187, 6189, 6192, 6200, 6203, 6204, 6208, 6212, 6215, 6216, 6226, 6231, 6234, 6241, 6243, 6249, 6255, 6259, 6261, 6270, 6273, 6276, 6277, 6281, 6292, 6293, 6298, 6309, 6313, 6315, 6316, 6317, 6320, 6322, 6324, 6327, 6331, 6338, 6344, 6345, 6346, 6347, 6348, 6349, 6350, 6358, 6359, 6364, 6367, 6369, 6005, 6007, 6008, 6009, 6010, 6011, 6046, 6047, 6048, 6050, 6051, 6058, 6059, 6062, 6063, 6066, 6067, 6068, 6069, 6074, 6076, 6077, 6079, 6083, 6085, 6086, 6088, 6092, 6098, 6099, 6103, 6110, 6112, 6114, 6116, 6117, 6120, 6122, 6130, 6139}
2026-03-19 09:44:27 | INFO | ConnectedDownlink | Retransmitted packet seq=6005
2026-03-19 09:44:27 | INFO | ConnectedDownlink | Retransmitted packet seq=6007
2026-03-19 09:44:27 | INFO | ConnectedDownlink | DATA frame received seq=6005 → data_queue
2026-03-19 09:44:27 | INFO | ConnectedDownlink | Retransmitted packet seq=6008
2026-03-19 09:44:27 | INFO | ConnectedDownlink | Retransmitted packet seq=6009
2026-03-19 09:44:27 | INFO | ConnectedDownlink | DATA frame received seq=6008 → data_queue
2026-03-19 09:44:27 | INFO | ConnectedDownlink | Retransmitted packet seq=6010
2026-03-19 09:44:27 | INFO | ConnectedDownlink | DATA frame received seq=6009 → data_queue
2026-03-19 09:44:27 | INFO | ConnectedDownlink | Retransmitted packet seq=6011
2026-03-19 09:44:27 | INFO | ConnectedDownlink | Retransmitted packet seq=6046
2026-03-19 09:44:27 | INFO | ConnectedDownlink | Retransmitted packet seq=6047
2026-03-19 09:44:27 | INFO | ConnectedDownlink | Retransmitted packet seq=6048
2026-03-19 09:44:27 | INFO | ConnectedDownlink | Retransmitted packet seq=6050
2026-03-19 09:44:27 | INFO | ConnectedDownlink | DATA frame received seq=6048 → data_queue
2026-03-19 09:44:27 | INFO | ConnectedDownlink | Retransmitted packet seq=6051
2026-03-19 09:44:27 | INFO | ConnectedDownlink | DATA frame received seq=6050 → data_queue
2026-03-19 09:44:27 | INFO | ConnectedDownlink | Retransmitted packet seq=6058
2026-03-19 09:44:27 | INFO | ConnectedDownlink | DATA frame received seq=6051 → data_queue
2026-03-19 09:44:27 | INFO | ConnectedDownlink | Retransmitted packet seq=6059
2026-03-19 09:44:27 | INFO | ConnectedDownlink | DATA frame received seq=6058 → data_queue
2026-03-19 09:44:27 | INFO | ConnectedDownlink | Retransmitted packet seq=6062
2026-03-19 09:44:27 | INFO | ConnectedDownlink | Retransmitted packet seq=6063
2026-03-19 09:44:27 | INFO | ConnectedDownlink | DATA frame received seq=6062 → data_queue
2026-03-19 09:44:27 | INFO | ConnectedDownlink | DATA frame received seq=6063 → data_queue
2026-03-19 09:44:27 | INFO | ConnectedDownlink | Retransmitted packet seq=6066
2026-03-19 09:44:27 | INFO | ConnectedDownlink | Retransmitted packet seq=6067
2026-03-19 09:44:27 | INFO | ConnectedDownlink | Retransmitted packet seq=6068
2026-03-19 09:44:27 | INFO | ConnectedDownlink | DATA frame received seq=6067 → data_queue
2026-03-19 09:44:27 | INFO | ConnectedDownlink | Retransmitted packet seq=6069
2026-03-19 09:44:27 | INFO | ConnectedDownlink | Retransmitted packet seq=6074
2026-03-19 09:44:27 | INFO | ConnectedDownlink | DATA frame received seq=6074 → data_queue
2026-03-19 09:44:27 | INFO | ConnectedDownlink | Retransmitted packet seq=6076
2026-03-19 09:44:27 | INFO | ConnectedDownlink | DATA frame received seq=6076 → data_queue
2026-03-19 09:44:27 | INFO | ConnectedDownlink | Retransmitted packet seq=6077
2026-03-19 09:44:27 | INFO | ConnectedDownlink | Retransmitted packet seq=6079
2026-03-19 09:44:27 | INFO | ConnectedDownlink | DATA frame received seq=6079 → data_queue
2026-03-19 09:44:27 | INFO | ConnectedDownlink | Retransmitted packet seq=6083
2026-03-19 09:44:27 | INFO | ConnectedDownlink | DATA frame received seq=6083 → data_queue
2026-03-19 09:44:27 | INFO | ConnectedDownlink | Retransmitted packet seq=6085
2026-03-19 09:44:27 | INFO | ConnectedDownlink | DATA frame received seq=6085 → data_queue
2026-03-19 09:44:27 | INFO | ConnectedDownlink | Retransmitted packet seq=6086
2026-03-19 09:44:27 | INFO | ConnectedDownlink | DATA frame received seq=6086 → data_queue
2026-03-19 09:44:27 | INFO | ConnectedDownlink | Retransmitted packet seq=6088
2026-03-19 09:44:27 | INFO | ConnectedDownlink | DATA frame received seq=6088 → data_queue
2026-03-19 09:44:27 | INFO | ConnectedDownlink | Retransmitted packet seq=6092
2026-03-19 09:44:27 | INFO | ConnectedDownlink | Retransmitted packet seq=6098
2026-03-19 09:44:27 | INFO | ConnectedDownlink | DATA frame received seq=6098 → data_queue
2026-03-19 09:44:27 | INFO | ConnectedDownlink | Retransmitted packet seq=6099
2026-03-19 09:44:27 | INFO | ConnectedDownlink | DATA frame received seq=6099 → data_queue
2026-03-19 09:44:27 | INFO | ConnectedDownlink | Retransmitted packet seq=6103
2026-03-19 09:44:27 | INFO | ConnectedDownlink | DATA frame received seq=6103 → data_queue
2026-03-19 09:44:27 | INFO | ConnectedDownlink | Retransmitted packet seq=6110
2026-03-19 09:44:27 | INFO | ConnectedDownlink | DATA frame received seq=6110 → data_queue
2026-03-19 09:44:27 | INFO | ConnectedDownlink | Retransmitted packet seq=6112
2026-03-19 09:44:27 | INFO | ConnectedDownlink | Retransmitted packet seq=6114
2026-03-19 09:44:27 | INFO | ConnectedDownlink | Retransmitted packet seq=6116
2026-03-19 09:44:27 | INFO | ConnectedDownlink | Retransmitted packet seq=6117
2026-03-19 09:44:27 | INFO | ConnectedDownlink | DATA frame received seq=6117 → data_queue
2026-03-19 09:44:27 | INFO | ConnectedDownlink | Retransmitted packet seq=6120
2026-03-19 09:44:27 | INFO | ConnectedDownlink | Retransmitted packet seq=6122
2026-03-19 09:44:27 | INFO | ConnectedDownlink | DATA frame received seq=6122 → data_queue
2026-03-19 09:44:27 | INFO | ConnectedDownlink | Retransmitted packet seq=6130
2026-03-19 09:44:27 | INFO | ConnectedDownlink | Retransmitted packet seq=6139
2026-03-19 09:44:27 | INFO | ConnectedDownlink | DATA frame received seq=6139 → data_queue
2026-03-19 09:44:27 | INFO | ConnectedDownlink | Retransmitted packet seq=6146
2026-03-19 09:44:27 | INFO | ConnectedDownlink | DATA frame received seq=6146 → data_queue
2026-03-19 09:44:27 | INFO | ConnectedDownlink | Retransmitted packet seq=6151
2026-03-19 09:44:27 | INFO | ConnectedDownlink | DATA frame received seq=6151 → data_queue
2026-03-19 09:44:27 | INFO | ConnectedDownlink | Retransmitted packet seq=6152
2026-03-19 09:44:27 | INFO | ConnectedDownlink | Retransmitted packet seq=6162
2026-03-19 09:44:27 | INFO | ConnectedDownlink | DATA frame received seq=6162 → data_queue
2026-03-19 09:44:27 | INFO | ConnectedDownlink | Retransmitted packet seq=6166
2026-03-19 09:44:27 | INFO | ConnectedDownlink | DATA frame received seq=6166 → data_queue
2026-03-19 09:44:27 | INFO | ConnectedDownlink | Retransmitted packet seq=6172
2026-03-19 09:44:27 | INFO | ConnectedDownlink | DATA frame received seq=6172 → data_queue
2026-03-19 09:44:27 | INFO | ConnectedDownlink | Retransmitted packet seq=6173
2026-03-19 09:44:27 | INFO | ConnectedDownlink | Retransmitted packet seq=6177
2026-03-19 09:44:27 | INFO | ConnectedDownlink | Retransmitted packet seq=6178
2026-03-19 09:44:27 | INFO | ConnectedDownlink | DATA frame received seq=6178 → data_queue
2026-03-19 09:44:27 | INFO | ConnectedDownlink | Retransmitted packet seq=6186
2026-03-19 09:44:27 | INFO | ConnectedDownlink | Retransmitted packet seq=6187
2026-03-19 09:44:27 | INFO | ConnectedDownlink | DATA frame received seq=6187 → data_queue
2026-03-19 09:44:27 | INFO | ConnectedDownlink | Retransmitted packet seq=6189
2026-03-19 09:44:27 | INFO | ConnectedDownlink | DATA frame received seq=6189 → data_queue
2026-03-19 09:44:27 | INFO | ConnectedDownlink | Retransmitted packet seq=6192
2026-03-19 09:44:27 | INFO | ConnectedDownlink | DATA frame received seq=6192 → data_queue
2026-03-19 09:44:27 | INFO | ConnectedDownlink | Retransmitted packet seq=6200
2026-03-19 09:44:27 | INFO | ConnectedDownlink | DATA frame received seq=6200 → data_queue
2026-03-19 09:44:27 | INFO | ConnectedDownlink | Retransmitted packet seq=6203
2026-03-19 09:44:27 | INFO | ConnectedDownlink | Retransmitted packet seq=6204
2026-03-19 09:44:27 | INFO | ConnectedDownlink | DATA frame received seq=6204 → data_queue
2026-03-19 09:44:27 | INFO | ConnectedDownlink | Retransmitted packet seq=6208
2026-03-19 09:44:27 | INFO | ConnectedDownlink | Retransmitted packet seq=6212
2026-03-19 09:44:27 | INFO | ConnectedDownlink | DATA frame received seq=6212 → data_queue
2026-03-19 09:44:27 | INFO | ConnectedDownlink | Retransmitted packet seq=6215
2026-03-19 09:44:27 | INFO | ConnectedDownlink | DATA frame received seq=6215 → data_queue
2026-03-19 09:44:27 | INFO | ConnectedDownlink | Retransmitted packet seq=6216
2026-03-19 09:44:27 | INFO | ConnectedDownlink | DATA frame received seq=6216 → data_queue
2026-03-19 09:44:27 | INFO | ConnectedDownlink | Retransmitted packet seq=6226
2026-03-19 09:44:27 | INFO | ConnectedDownlink | DATA frame received seq=6226 → data_queue
2026-03-19 09:44:27 | INFO | ConnectedDownlink | Retransmitted packet seq=6231
2026-03-19 09:44:27 | INFO | ConnectedDownlink | DATA frame received seq=6231 → data_queue
2026-03-19 09:44:27 | INFO | ConnectedDownlink | Retransmitted packet seq=6234
2026-03-19 09:44:27 | INFO | ConnectedDownlink | Retransmitted packet seq=6241
2026-03-19 09:44:27 | INFO | ConnectedDownlink | DATA frame received seq=6241 → data_queue
2026-03-19 09:44:27 | INFO | ConnectedDownlink | Retransmitted packet seq=6243
2026-03-19 09:44:27 | INFO | ConnectedDownlink | DATA frame received seq=6243 → data_queue
2026-03-19 09:44:27 | INFO | ConnectedDownlink | Retransmitted packet seq=6249
2026-03-19 09:44:27 | INFO | ConnectedDownlink | DATA frame received seq=6249 → data_queue
2026-03-19 09:44:27 | INFO | ConnectedDownlink | Retransmitted packet seq=6255
2026-03-19 09:44:27 | INFO | ConnectedDownlink | DATA frame received seq=6255 → data_queue
2026-03-19 09:44:27 | INFO | ConnectedDownlink | Retransmitted packet seq=6259
2026-03-19 09:44:27 | INFO | ConnectedDownlink | DATA frame received seq=6259 → data_queue
2026-03-19 09:44:27 | INFO | ConnectedDownlink | Retransmitted packet seq=6261
2026-03-19 09:44:27 | INFO | ConnectedDownlink | DATA frame received seq=6261 → data_queue
2026-03-19 09:44:28 | INFO | ConnectedDownlink | Retransmitted packet seq=6270
2026-03-19 09:44:28 | INFO | ConnectedDownlink | DATA frame received seq=6270 → data_queue
2026-03-19 09:44:28 | INFO | ConnectedDownlink | Retransmitted packet seq=6273
2026-03-19 09:44:28 | INFO | ConnectedDownlink | DATA frame received seq=6273 → data_queue
2026-03-19 09:44:28 | INFO | ConnectedDownlink | Retransmitted packet seq=6276
2026-03-19 09:44:28 | INFO | ConnectedDownlink | DATA frame received seq=6276 → data_queue
2026-03-19 09:44:28 | INFO | ConnectedDownlink | Retransmitted packet seq=6277
2026-03-19 09:44:28 | INFO | ConnectedDownlink | DATA frame received seq=6277 → data_queue
2026-03-19 09:44:28 | INFO | ConnectedDownlink | Retransmitted packet seq=6281
2026-03-19 09:44:28 | INFO | ConnectedDownlink | Retransmitted packet seq=6292
2026-03-19 09:44:28 | INFO | ConnectedDownlink | DATA frame received seq=6292 → data_queue
2026-03-19 09:44:28 | INFO | ConnectedDownlink | Retransmitted packet seq=6293
2026-03-19 09:44:28 | INFO | ConnectedDownlink | DATA frame received seq=6293 → data_queue
2026-03-19 09:44:28 | INFO | ConnectedDownlink | Retransmitted packet seq=6298
2026-03-19 09:44:28 | INFO | ConnectedDownlink | DATA frame received seq=6298 → data_queue
2026-03-19 09:44:28 | INFO | ConnectedDownlink | Retransmitted packet seq=6309
2026-03-19 09:44:28 | INFO | ConnectedDownlink | DATA frame received seq=6309 → data_queue
2026-03-19 09:44:28 | INFO | ConnectedDownlink | Retransmitted packet seq=6313
2026-03-19 09:44:28 | INFO | ConnectedDownlink | DATA frame received seq=6313 → data_queue
2026-03-19 09:44:28 | INFO | ConnectedDownlink | Retransmitted packet seq=6315
2026-03-19 09:44:28 | INFO | ConnectedDownlink | DATA frame received seq=6315 → data_queue
2026-03-19 09:44:28 | INFO | ConnectedDownlink | Retransmitted packet seq=6316
2026-03-19 09:44:28 | INFO | ConnectedDownlink | DATA frame received seq=6316 → data_queue
2026-03-19 09:44:28 | INFO | ConnectedDownlink | Retransmitted packet seq=6317
2026-03-19 09:44:28 | INFO | ConnectedDownlink | Retransmitted packet seq=6320
2026-03-19 09:44:28 | INFO | ConnectedDownlink | DATA frame received seq=6320 → data_queue
2026-03-19 09:44:28 | INFO | ConnectedDownlink | Retransmitted packet seq=6322
2026-03-19 09:44:28 | INFO | ConnectedDownlink | Retransmitted packet seq=6324
2026-03-19 09:44:28 | INFO | ConnectedDownlink | DATA frame received seq=6324 → data_queue
2026-03-19 09:44:28 | INFO | ConnectedDownlink | Retransmitted packet seq=6327
2026-03-19 09:44:28 | INFO | ConnectedDownlink | DATA frame received seq=6327 → data_queue
2026-03-19 09:44:28 | INFO | ConnectedDownlink | Retransmitted packet seq=6331
2026-03-19 09:44:28 | INFO | ConnectedDownlink | Retransmitted packet seq=6338
2026-03-19 09:44:28 | INFO | ConnectedDownlink | Retransmitted packet seq=6344
2026-03-19 09:44:28 | INFO | ConnectedDownlink | Retransmitted packet seq=6345
2026-03-19 09:44:28 | INFO | ConnectedDownlink | DATA frame received seq=6345 → data_queue
2026-03-19 09:44:28 | INFO | ConnectedDownlink | Retransmitted packet seq=6346
2026-03-19 09:44:28 | INFO | ConnectedDownlink | DATA frame received seq=6346 → data_queue
2026-03-19 09:44:28 | INFO | ConnectedDownlink | Retransmitted packet seq=6347
2026-03-19 09:44:28 | INFO | ConnectedDownlink | DATA frame received seq=6347 → data_queue
2026-03-19 09:44:28 | INFO | ConnectedDownlink | Retransmitted packet seq=6348
2026-03-19 09:44:28 | INFO | ConnectedDownlink | Retransmitted packet seq=6349
2026-03-19 09:44:28 | INFO | ConnectedDownlink | Retransmitted packet seq=6350
2026-03-19 09:44:28 | INFO | ConnectedDownlink | DATA frame received seq=6350 → data_queue
2026-03-19 09:44:28 | INFO | ConnectedDownlink | Retransmitted packet seq=6358
2026-03-19 09:44:28 | INFO | ConnectedDownlink | DATA frame received seq=6358 → data_queue
2026-03-19 09:44:28 | INFO | ConnectedDownlink | Retransmitted packet seq=6359
2026-03-19 09:44:28 | INFO | ConnectedDownlink | DATA frame received seq=6359 → data_queue
2026-03-19 09:44:28 | INFO | ConnectedDownlink | Retransmitted packet seq=6364
2026-03-19 09:44:28 | INFO | ConnectedDownlink | DATA frame received seq=6364 → data_queue
2026-03-19 09:44:28 | INFO | ConnectedDownlink | Retransmitted packet seq=6367
2026-03-19 09:44:28 | INFO | ConnectedDownlink | DATA frame received seq=6369 → data_queue
2026-03-19 09:44:28 | INFO | ConnectedDownlink | Retransmitted packet seq=6369
2026-03-19 09:45:49 | INFO | ConnectedDownlink | Satellite serve_loop cancelled
2026-03-19 09:45:54 | INFO | ConnectedDownlink | Entered ConnectedDownlink mode
2026-03-19 09:45:54 | INFO | ConnectedDownlink | ConnectedDownlink entered
2026-03-19 09:45:54 | INFO | ConnectedDownlink | starting activity timer for 180
2026-03-19 09:45:54 | INFO | ConnectedDownlink | Satellite serve_loop started (implicit-ACK mode)
2026-03-19 09:45:54 | INFO | ConnectedDownlink | Entered ConnectedDownlink mode
2026-03-19 09:45:54 | INFO | ConnectedDownlink | ConnectedDownlink entered
2026-03-19 09:45:54 | INFO | ConnectedDownlink | starting activity timer for 180
2026-03-19 09:45:54 | INFO | ConnectedDownlink | retransmit_loop started (implicit-ACK mode)
2026-03-19 09:45:54 | INFO | ConnectedDownlink | Requesting retransmission of [6007, 6008, 6009, 6010, 6011, 6046, 6047, 6048, 6050, 6051, 6058, 6059, 6062, 6063, 6066, 6067, 6068, 6069, 6074, 6076, 6077, 6079, 6083, 6085, 6086, 6088, 6092, 6098, 6099, 6103, 6110, 6112, 6114, 6116, 6117, 6120, 6122, 6130, 6139, 6146, 6151, 6152, 6162, 6166, 6172, 6173, 6177, 6178, 6186, 6187, 6189, 6192, 6200, 6203, 6204, 6208, 6212, 6215, 6216, 6226, 6231, 6234, 6241, 6243, 6249, 6255, 6259, 6261, 6270, 6273, 6276, 6277, 6281, 6292, 6293, 6298, 6309, 6313, 6315, 6316, 6317, 6320, 6322, 6324, 6327, 6331, 6338, 6344, 6345, 6346, 6347, 6348, 6349, 6350, 6358, 6359, 6364, 6367, 6369, 6374, 6375, 6376, 6381, 6387, 6388, 6393, 6399, 6403, 6408, 6410, 6412, 6420, 6423, 6424, 6425, 6426, 6430, 6432, 6433, 6437, 6441, 6449, 6454, 6457, 6459, 6462, 6463, 6464, 6465, 6466, 6467, 6468, 6472, 6473, 6475, 6477, 6478, 6479, 6482, 6483, 6485, 6495, 6496, 6497, 6498, 6501, 6502, 6506, 6512, 6513, 6514, 6516, 6521, 6523, 6526, 6531, 6532, 6534, 6535, 6540, 6542, 6545, 6549, 6550, 6556, 6559, 6561, 6566, 6569, 6570, 6572, 6575, 6577, 6578, 6581, 6592, 6600, 6601, 6606, 6607, 6617, 6618, 6620, 6624, 6626, 6632, 6634, 6635, 6646, 6655, 6660, 6664, 6666, 6668, 6669, 6675, 6678, 6683, 6686, 6691, 6694, 6695, 6705, 6708, 6711, 6714, 6729, 6735, 6736, 6738, 6742, 6745, 6746, 6747, 6748, 6753, 6754, 6756, 6759, 6761, 6767, 6773, 6775, 6777, 6778, 6787, 6793, 6795, 6797, 6812, 6828, 6829, 6832, 6833, 6834, 6835, 6836, 6840, 6842, 6844, 6854, 6855, 6860, 6862, 6865, 6868, 6871, 6874, 6876, 6877, 6886, 6887, 6888, 6889, 6892, 6895, 6896, 6902, 6906, 6907, 6909, 6916, 6917, 6921, 6925, 6934, 6940, 6941, 6945, 6947, 6950, 6951, 6959, 6962, 6963, 6965, 6967, 6968, 6970, 6974, 6980, 6988, 6991, 6994, 6997, 6998, 7005, 7008, 7010, 7020, 7025, 7027, 7035, 7037, 7039, 7041, 7042, 7053, 7054, 7055, 7056, 7058, 7059, 7064, 7067, 7073, 7077, 7090, 7096, 7100, 7102, 7104, 7106, 7114, 7115, 7116, 7118, 7122, 7126, 7128, 7133, 7136, 7137, 7139, 7141, 7142, 7143, 7147, 7151, 7158, 7159, 7161, 7163, 7164, 7176, 7177, 7178, 7187, 7189, 7197, 7198, 7199, 7204, 7206, 7208, 7209, 7216, 7221, 7225, 7226, 7227, 7228, 7237, 7239, 7241, 7244, 7246, 7247, 7253, 7258, 7260, 7261, 7262, 7263, 7264, 7266, 7267, 7268, 7270, 7272, 7274, 7280, 7282, 7285, 7290, 7293, 7298, 7299, 7303, 7308, 7312, 7313, 7317, 7319, 7320, 7323, 7327, 7329]
2026-03-19 09:45:54 | INFO | ConnectedDownlink | SENDING RETRANSMISSION REQUEST [6007, 6008, 6009, 6010, 6011, 6046, 6047, 6048, 6050, 6051, 6058, 6059, 6062, 6063, 6066, 6067, 6068, 6069, 6074, 6076, 6077, 6079, 6083, 6085, 6086, 6088, 6092, 6098, 6099, 6103, 6110, 6112, 6114, 6116, 6117, 6120, 6122, 6130, 6139, 6146, 6151, 6152, 6162, 6166, 6172, 6173, 6177, 6178, 6186, 6187, 6189, 6192, 6200, 6203, 6204, 6208, 6212, 6215, 6216, 6226, 6231, 6234, 6241, 6243, 6249, 6255, 6259, 6261, 6270, 6273, 6276, 6277, 6281, 6292, 6293, 6298, 6309, 6313, 6315, 6316, 6317, 6320, 6322, 6324, 6327, 6331, 6338, 6344, 6345, 6346, 6347, 6348, 6349, 6350, 6358, 6359, 6364, 6367, 6369, 6374, 6375, 6376, 6381, 6387, 6388, 6393, 6399, 6403, 6408, 6410, 6412, 6420, 6423, 6424, 6425, 6426, 6430, 6432, 6433, 6437, 6441, 6449, 6454, 6457, 6459, 6462, 6463, 6464, 6465, 6466, 6467, 6468, 6472, 6473, 6475, 6477, 6478, 6479, 6482, 6483, 6485, 6495, 6496, 6497, 6498, 6501, 6502, 6506, 6512, 6513, 6514, 6516, 6521, 6523, 6526, 6531, 6532, 6534, 6535, 6540, 6542, 6545, 6549, 6550, 6556, 6559, 6561, 6566, 6569, 6570, 6572, 6575, 6577, 6578, 6581, 6592, 6600, 6601, 6606, 6607, 6617, 6618, 6620, 6624, 6626, 6632, 6634, 6635, 6646, 6655, 6660, 6664, 6666, 6668, 6669, 6675, 6678, 6683, 6686, 6691, 6694, 6695, 6705, 6708, 6711, 6714, 6729, 6735, 6736, 6738, 6742, 6745, 6746, 6747, 6748, 6753, 6754, 6756, 6759, 6761, 6767, 6773, 6775, 6777, 6778, 6787, 6793, 6795, 6797, 6812, 6828, 6829, 6832, 6833, 6834, 6835, 6836, 6840, 6842, 6844, 6854, 6855, 6860, 6862, 6865, 6868, 6871, 6874, 6876, 6877, 6886, 6887, 6888, 6889, 6892, 6895, 6896, 6902, 6906, 6907, 6909, 6916, 6917, 6921, 6925, 6934, 6940, 6941, 6945, 6947, 6950, 6951, 6959, 6962, 6963, 6965, 6967, 6968, 6970, 6974, 6980, 6988, 6991, 6994, 6997, 6998, 7005, 7008, 7010, 7020, 7025, 7027, 7035, 7037, 7039, 7041, 7042, 7053, 7054, 7055, 7056, 7058, 7059, 7064, 7067, 7073, 7077, 7090, 7096, 7100, 7102, 7104, 7106, 7114, 7115, 7116, 7118, 7122, 7126, 7128, 7133, 7136, 7137, 7139, 7141, 7142, 7143, 7147, 7151, 7158, 7159, 7161, 7163, 7164, 7176, 7177, 7178, 7187, 7189, 7197, 7198, 7199, 7204, 7206, 7208, 7209, 7216, 7221, 7225, 7226, 7227, 7228, 7237, 7239, 7241, 7244, 7246, 7247, 7253, 7258, 7260, 7261, 7262, 7263, 7264, 7266, 7267, 7268, 7270, 7272, 7274, 7280, 7282, 7285, 7290, 7293, 7298, 7299, 7303, 7308, 7312, 7313, 7317, 7319, 7320, 7323, 7327, 7329] (attempt 1/5)
2026-03-19 09:45:54 | INFO | ConnectedDownlink | RETRANSMIT_REQUEST received: [6007, 6008, 6009, 6010, 6011, 6046, 6047, 6048, 6050, 6051, 6058, 6059, 6062, 6063, 6066, 6067, 6068, 6069, 6074, 6076, 6077, 6079, 6083, 6085, 6086, 6088, 6092, 6098, 6099, 6103, 6110, 6112, 6114, 6116, 6117, 6120, 6122, 6130, 6139, 6146, 6151, 6152, 6162, 6166, 6172, 6173, 6177, 6178, 6186, 6187, 6189, 6192, 6200, 6203, 6204, 6208, 6212, 6215, 6216, 6226, 6231, 6234, 6241, 6243, 6249, 6255, 6259, 6261, 6270, 6273, 6276, 6277, 6281, 6292, 6293, 6298, 6309, 6313, 6315, 6316, 6317, 6320, 6322, 6324, 6327, 6331, 6338, 6344, 6345, 6346, 6347, 6348, 6349, 6350, 6358, 6359, 6364, 6367, 6369, 6374]
2026-03-19 09:45:54 | INFO | ConnectedDownlink | Serving retransmit request: {6146, 6151, 6152, 6162, 6166, 6172, 6173, 6177, 6178, 6186, 6187, 6189, 6192, 6200, 6203, 6204, 6208, 6212, 6215, 6216, 6226, 6231, 6234, 6241, 6243, 6249, 6255, 6259, 6261, 6270, 6273, 6276, 6277, 6281, 6292, 6293, 6298, 6309, 6313, 6315, 6316, 6317, 6320, 6322, 6324, 6327, 6331, 6338, 6344, 6345, 6346, 6347, 6348, 6349, 6350, 6358, 6359, 6364, 6367, 6369, 6374, 6007, 6008, 6009, 6010, 6011, 6046, 6047, 6048, 6050, 6051, 6058, 6059, 6062, 6063, 6066, 6067, 6068, 6069, 6074, 6076, 6077, 6079, 6083, 6085, 6086, 6088, 6092, 6098, 6099, 6103, 6110, 6112, 6114, 6116, 6117, 6120, 6122, 6130, 6139}
2026-03-19 09:45:54 | INFO | ConnectedDownlink | Retransmitted packet seq=6007
2026-03-19 09:45:54 | INFO | ConnectedDownlink | Retransmitted packet seq=6008
2026-03-19 09:45:54 | INFO | ConnectedDownlink | DATA frame received seq=6008 → data_queue
2026-03-19 09:45:54 | INFO | ConnectedDownlink | Retransmitted packet seq=6009
2026-03-19 09:45:54 | INFO | ConnectedDownlink | Retransmitted packet seq=6010
2026-03-19 09:45:54 | INFO | ConnectedDownlink | Retransmitted packet seq=6011
2026-03-19 09:45:54 | INFO | ConnectedDownlink | DATA frame received seq=6010 → data_queue
2026-03-19 09:45:54 | INFO | ConnectedDownlink | DATA frame received seq=6011 → data_queue
2026-03-19 09:45:54 | INFO | ConnectedDownlink | Retransmitted packet seq=6046
2026-03-19 09:45:54 | INFO | ConnectedDownlink | Retransmitted packet seq=6047
2026-03-19 09:45:54 | INFO | ConnectedDownlink | DATA frame received seq=6046 → data_queue
2026-03-19 09:45:54 | INFO | ConnectedDownlink | Retransmitted packet seq=6048
2026-03-19 09:45:54 | INFO | ConnectedDownlink | DATA frame received seq=6047 → data_queue
2026-03-19 09:45:55 | INFO | ConnectedDownlink | Retransmitted packet seq=6050
2026-03-19 09:45:55 | INFO | ConnectedDownlink | DATA frame received seq=6048 → data_queue
2026-03-19 09:45:55 | INFO | ConnectedDownlink | Retransmitted packet seq=6051
2026-03-19 09:45:55 | INFO | ConnectedDownlink | Retransmitted packet seq=6058
2026-03-19 09:45:55 | INFO | ConnectedDownlink | DATA frame received seq=6051 → data_queue
2026-03-19 09:45:55 | INFO | ConnectedDownlink | Retransmitted packet seq=6059
2026-03-19 09:45:55 | INFO | ConnectedDownlink | DATA frame received seq=6058 → data_queue
2026-03-19 09:45:55 | INFO | ConnectedDownlink | Retransmitted packet seq=6062
2026-03-19 09:45:55 | INFO | ConnectedDownlink | Retransmitted packet seq=6063
2026-03-19 09:45:55 | INFO | ConnectedDownlink | DATA frame received seq=6062 → data_queue
2026-03-19 09:45:55 | INFO | ConnectedDownlink | Retransmitted packet seq=6066
2026-03-19 09:45:55 | INFO | ConnectedDownlink | DATA frame received seq=6063 → data_queue
2026-03-19 09:45:55 | INFO | ConnectedDownlink | Retransmitted packet seq=6067
2026-03-19 09:45:55 | INFO | ConnectedDownlink | DATA frame received seq=6066 → data_queue
2026-03-19 09:45:55 | INFO | ConnectedDownlink | Retransmitted packet seq=6068
2026-03-19 09:45:55 | INFO | ConnectedDownlink | DATA frame received seq=6067 → data_queue
2026-03-19 09:45:55 | INFO | ConnectedDownlink | Retransmitted packet seq=6069
2026-03-19 09:45:55 | INFO | ConnectedDownlink | DATA frame received seq=6068 → data_queue
2026-03-19 09:45:55 | INFO | ConnectedDownlink | DATA frame received seq=6069 → data_queue
2026-03-19 09:45:55 | INFO | ConnectedDownlink | Retransmitted packet seq=6074
2026-03-19 09:45:55 | INFO | ConnectedDownlink | DATA frame received seq=6074 → data_queue
2026-03-19 09:45:55 | INFO | ConnectedDownlink | Retransmitted packet seq=6076
2026-03-19 09:45:55 | INFO | ConnectedDownlink | Retransmitted packet seq=6077
2026-03-19 09:45:55 | INFO | ConnectedDownlink | DATA frame received seq=6077 → data_queue
2026-03-19 09:45:55 | INFO | ConnectedDownlink | Retransmitted packet seq=6079
2026-03-19 09:45:55 | INFO | ConnectedDownlink | Retransmitted packet seq=6083
2026-03-19 09:45:55 | INFO | ConnectedDownlink | DATA frame received seq=6083 → data_queue
2026-03-19 09:45:55 | INFO | ConnectedDownlink | Retransmitted packet seq=6085
2026-03-19 09:45:55 | INFO | ConnectedDownlink | DATA frame received seq=6085 → data_queue
2026-03-19 09:45:55 | INFO | ConnectedDownlink | Retransmitted packet seq=6086
2026-03-19 09:45:55 | INFO | ConnectedDownlink | DATA frame received seq=6086 → data_queue
2026-03-19 09:45:55 | INFO | ConnectedDownlink | Retransmitted packet seq=6088
2026-03-19 09:45:55 | INFO | ConnectedDownlink | DATA frame received seq=6088 → data_queue
2026-03-19 09:45:55 | INFO | ConnectedDownlink | Retransmitted packet seq=6092
2026-03-19 09:45:55 | INFO | ConnectedDownlink | Retransmitted packet seq=6098
2026-03-19 09:45:55 | INFO | ConnectedDownlink | Retransmitted packet seq=6099
2026-03-19 09:45:55 | INFO | ConnectedDownlink | DATA frame received seq=6099 → data_queue
2026-03-19 09:45:55 | INFO | ConnectedDownlink | Retransmitted packet seq=6103
2026-03-19 09:45:55 | INFO | ConnectedDownlink | DATA frame received seq=6103 → data_queue
2026-03-19 09:45:55 | INFO | ConnectedDownlink | Retransmitted packet seq=6110
2026-03-19 09:45:55 | INFO | ConnectedDownlink | Retransmitted packet seq=6112
2026-03-19 09:45:55 | INFO | ConnectedDownlink | DATA frame received seq=6112 → data_queue
2026-03-19 09:45:55 | INFO | ConnectedDownlink | Retransmitted packet seq=6114
2026-03-19 09:45:55 | INFO | ConnectedDownlink | DATA frame received seq=6114 → data_queue
2026-03-19 09:45:55 | INFO | ConnectedDownlink | Retransmitted packet seq=6116
2026-03-19 09:45:55 | INFO | ConnectedDownlink | DATA frame received seq=6116 → data_queue
2026-03-19 09:45:55 | INFO | ConnectedDownlink | Retransmitted packet seq=6117
2026-03-19 09:45:55 | INFO | ConnectedDownlink | DATA frame received seq=6117 → data_queue
2026-03-19 09:45:55 | INFO | ConnectedDownlink | Retransmitted packet seq=6120
2026-03-19 09:45:55 | INFO | ConnectedDownlink | Retransmitted packet seq=6122
2026-03-19 09:45:55 | INFO | ConnectedDownlink | DATA frame received seq=6122 → data_queue
2026-03-19 09:45:55 | INFO | ConnectedDownlink | Retransmitted packet seq=6130
2026-03-19 09:45:55 | INFO | ConnectedDownlink | DATA frame received seq=6130 → data_queue
2026-03-19 09:45:55 | INFO | ConnectedDownlink | Retransmitted packet seq=6139
2026-03-19 09:45:55 | INFO | ConnectedDownlink | DATA frame received seq=6139 → data_queue
2026-03-19 09:45:55 | INFO | ConnectedDownlink | Retransmitted packet seq=6146
2026-03-19 09:45:55 | INFO | ConnectedDownlink | DATA frame received seq=6146 → data_queue
2026-03-19 09:45:55 | INFO | ConnectedDownlink | Retransmitted packet seq=6151
2026-03-19 09:45:55 | INFO | ConnectedDownlink | DATA frame received seq=6151 → data_queue
2026-03-19 09:45:55 | INFO | ConnectedDownlink | Retransmitted packet seq=6152
2026-03-19 09:45:55 | INFO | ConnectedDownlink | Retransmitted packet seq=6162
2026-03-19 09:45:55 | INFO | ConnectedDownlink | DATA frame received seq=6162 → data_queue
2026-03-19 09:45:55 | INFO | ConnectedDownlink | Retransmitted packet seq=6166
2026-03-19 09:45:55 | INFO | ConnectedDownlink | DATA frame received seq=6166 → data_queue
2026-03-19 09:45:55 | INFO | ConnectedDownlink | Retransmitted packet seq=6172
2026-03-19 09:45:55 | INFO | ConnectedDownlink | DATA frame received seq=6172 → data_queue
2026-03-19 09:45:55 | INFO | ConnectedDownlink | Retransmitted packet seq=6173
2026-03-19 09:45:55 | INFO | ConnectedDownlink | Retransmitted packet seq=6177
2026-03-19 09:45:55 | INFO | ConnectedDownlink | DATA frame received seq=6177 → data_queue
2026-03-19 09:45:55 | INFO | ConnectedDownlink | Retransmitted packet seq=6178
2026-03-19 09:45:55 | INFO | ConnectedDownlink | DATA frame received seq=6178 → data_queue
2026-03-19 09:45:55 | INFO | ConnectedDownlink | Retransmitted packet seq=6186
2026-03-19 09:45:55 | INFO | ConnectedDownlink | DATA frame received seq=6186 → data_queue
2026-03-19 09:45:55 | INFO | ConnectedDownlink | Retransmitted packet seq=6187
2026-03-19 09:45:55 | INFO | ConnectedDownlink | DATA frame received seq=6187 → data_queue
2026-03-19 09:45:55 | INFO | ConnectedDownlink | Retransmitted packet seq=6189
2026-03-19 09:45:55 | INFO | ConnectedDownlink | DATA frame received seq=6189 → data_queue
2026-03-19 09:45:55 | INFO | ConnectedDownlink | Retransmitted packet seq=6192
2026-03-19 09:45:55 | INFO | ConnectedDownlink | Retransmitted packet seq=6200
2026-03-19 09:45:55 | INFO | ConnectedDownlink | Retransmitted packet seq=6203
2026-03-19 09:45:55 | INFO | ConnectedDownlink | DATA frame received seq=6203 → data_queue
2026-03-19 09:45:55 | INFO | ConnectedDownlink | Retransmitted packet seq=6204
2026-03-19 09:45:55 | INFO | ConnectedDownlink | DATA frame received seq=6204 → data_queue
2026-03-19 09:45:55 | INFO | ConnectedDownlink | Retransmitted packet seq=6208
2026-03-19 09:45:55 | INFO | ConnectedDownlink | DATA frame received seq=6208 → data_queue
2026-03-19 09:45:55 | INFO | ConnectedDownlink | Retransmitted packet seq=6212
2026-03-19 09:45:55 | INFO | ConnectedDownlink | Retransmitted packet seq=6215
2026-03-19 09:45:55 | INFO | ConnectedDownlink | DATA frame received seq=6215 → data_queue
2026-03-19 09:45:55 | INFO | ConnectedDownlink | Retransmitted packet seq=6216
2026-03-19 09:45:55 | INFO | ConnectedDownlink | DATA frame received seq=6216 → data_queue
2026-03-19 09:45:55 | INFO | ConnectedDownlink | Retransmitted packet seq=6226
2026-03-19 09:45:55 | INFO | ConnectedDownlink | DATA frame received seq=6226 → data_queue
2026-03-19 09:45:55 | INFO | ConnectedDownlink | Retransmitted packet seq=6231
2026-03-19 09:45:55 | INFO | ConnectedDownlink | DATA frame received seq=6231 → data_queue
2026-03-19 09:45:55 | INFO | ConnectedDownlink | Retransmitted packet seq=6234
2026-03-19 09:45:55 | INFO | ConnectedDownlink | DATA frame received seq=6234 → data_queue
2026-03-19 09:45:55 | INFO | ConnectedDownlink | Retransmitted packet seq=6241
2026-03-19 09:45:55 | INFO | ConnectedDownlink | Retransmitted packet seq=6243
2026-03-19 09:45:55 | INFO | ConnectedDownlink | DATA frame received seq=6243 → data_queue
2026-03-19 09:45:55 | INFO | ConnectedDownlink | Retransmitted packet seq=6249
2026-03-19 09:45:55 | INFO | ConnectedDownlink | Retransmitted packet seq=6255
2026-03-19 09:45:55 | INFO | ConnectedDownlink | DATA frame received seq=6255 → data_queue
2026-03-19 09:45:55 | INFO | ConnectedDownlink | Retransmitted packet seq=6259
2026-03-19 09:45:55 | INFO | ConnectedDownlink | DATA frame received seq=6259 → data_queue
2026-03-19 09:45:55 | INFO | ConnectedDownlink | Retransmitted packet seq=6261
2026-03-19 09:45:55 | INFO | ConnectedDownlink | DATA frame received seq=6261 → data_queue
2026-03-19 09:45:55 | INFO | ConnectedDownlink | Retransmitted packet seq=6270
2026-03-19 09:45:55 | INFO | ConnectedDownlink | DATA frame received seq=6270 → data_queue
2026-03-19 09:45:55 | INFO | ConnectedDownlink | Retransmitted packet seq=6273
2026-03-19 09:45:55 | INFO | ConnectedDownlink | Retransmitted packet seq=6276
2026-03-19 09:45:55 | INFO | ConnectedDownlink | DATA frame received seq=6276 → data_queue
2026-03-19 09:45:55 | INFO | ConnectedDownlink | Retransmitted packet seq=6277
2026-03-19 09:45:55 | INFO | ConnectedDownlink | DATA frame received seq=6277 → data_queue
2026-03-19 09:45:55 | INFO | ConnectedDownlink | Retransmitted packet seq=6281
2026-03-19 09:45:55 | INFO | ConnectedDownlink | DATA frame received seq=6281 → data_queue
2026-03-19 09:45:55 | INFO | ConnectedDownlink | Retransmitted packet seq=6292
2026-03-19 09:45:55 | INFO | ConnectedDownlink | DATA frame received seq=6292 → data_queue
2026-03-19 09:45:55 | INFO | ConnectedDownlink | Retransmitted packet seq=6293
2026-03-19 09:45:55 | INFO | ConnectedDownlink | DATA frame received seq=6293 → data_queue
2026-03-19 09:45:55 | INFO | ConnectedDownlink | Retransmitted packet seq=6298
2026-03-19 09:45:55 | INFO | ConnectedDownlink | DATA frame received seq=6298 → data_queue
2026-03-19 09:45:55 | INFO | ConnectedDownlink | Retransmitted packet seq=6309
2026-03-19 09:45:55 | INFO | ConnectedDownlink | DATA frame received seq=6309 → data_queue
2026-03-19 09:45:55 | INFO | ConnectedDownlink | Retransmitted packet seq=6313
2026-03-19 09:45:55 | INFO | ConnectedDownlink | Retransmitted packet seq=6315
2026-03-19 09:45:55 | INFO | ConnectedDownlink | DATA frame received seq=6315 → data_queue
2026-03-19 09:45:55 | INFO | ConnectedDownlink | Retransmitted packet seq=6316
2026-03-19 09:45:55 | INFO | ConnectedDownlink | Retransmitted packet seq=6317
2026-03-19 09:45:55 | INFO | ConnectedDownlink | DATA frame received seq=6317 → data_queue
2026-03-19 09:45:56 | INFO | ConnectedDownlink | Retransmitted packet seq=6320
2026-03-19 09:45:56 | INFO | ConnectedDownlink | DATA frame received seq=6320 → data_queue
2026-03-19 09:45:56 | INFO | ConnectedDownlink | Retransmitted packet seq=6322
2026-03-19 09:45:56 | INFO | ConnectedDownlink | DATA frame received seq=6322 → data_queue
2026-03-19 09:45:56 | INFO | ConnectedDownlink | Retransmitted packet seq=6324
2026-03-19 09:45:56 | INFO | ConnectedDownlink | DATA frame received seq=6324 → data_queue
2026-03-19 09:45:56 | INFO | ConnectedDownlink | Retransmitted packet seq=6327
2026-03-19 09:45:56 | INFO | ConnectedDownlink | DATA frame received seq=6327 → data_queue
2026-03-19 09:45:56 | INFO | ConnectedDownlink | Retransmitted packet seq=6331
2026-03-19 09:45:56 | INFO | ConnectedDownlink | Retransmitted packet seq=6338
2026-03-19 09:45:56 | INFO | ConnectedDownlink | DATA frame received seq=6331 → data_queue
2026-03-19 09:45:56 | INFO | ConnectedDownlink | Retransmitted packet seq=6344
2026-03-19 09:45:56 | INFO | ConnectedDownlink | DATA frame received seq=6338 → data_queue
2026-03-19 09:45:56 | INFO | ConnectedDownlink | Retransmitted packet seq=6345
2026-03-19 09:45:56 | INFO | ConnectedDownlink | DATA frame received seq=6344 → data_queue
2026-03-19 09:45:56 | INFO | ConnectedDownlink | Retransmitted packet seq=6346
2026-03-19 09:45:56 | INFO | ConnectedDownlink | DATA frame received seq=6345 → data_queue
2026-03-19 09:45:56 | INFO | ConnectedDownlink | DATA frame received seq=6346 → data_queue
2026-03-19 09:45:56 | INFO | ConnectedDownlink | Retransmitted packet seq=6347
2026-03-19 09:45:56 | INFO | ConnectedDownlink | Retransmitted packet seq=6348
2026-03-19 09:45:56 | INFO | ConnectedDownlink | DATA frame received seq=6348 → data_queue
2026-03-19 09:45:56 | INFO | ConnectedDownlink | Retransmitted packet seq=6349
2026-03-19 09:45:56 | INFO | ConnectedDownlink | DATA frame received seq=6349 → data_queue
2026-03-19 09:45:56 | INFO | ConnectedDownlink | Retransmitted packet seq=6350
2026-03-19 09:45:56 | INFO | ConnectedDownlink | Retransmitted packet seq=6358
2026-03-19 09:45:56 | INFO | ConnectedDownlink | Retransmitted packet seq=6359
2026-03-19 09:45:56 | INFO | ConnectedDownlink | DATA frame received seq=6359 → data_queue
2026-03-19 09:45:56 | INFO | ConnectedDownlink | Retransmitted packet seq=6364
2026-03-19 09:45:56 | INFO | ConnectedDownlink | Retransmitted packet seq=6367
2026-03-19 09:45:56 | INFO | ConnectedDownlink | Retransmitted packet seq=6369
2026-03-19 09:45:56 | INFO | ConnectedDownlink | DATA frame received seq=6369 → data_queue
2026-03-19 09:45:56 | INFO | ConnectedDownlink | Retransmitted packet seq=6374
2026-03-19 09:46:56 | INFO | ConnectedDownlink | Satellite serve_loop cancelled
2026-03-19 09:47:00 | INFO | ConnectedDownlink | Entered ConnectedDownlink mode
2026-03-19 09:47:00 | INFO | ConnectedDownlink | ConnectedDownlink entered
2026-03-19 09:47:00 | INFO | ConnectedDownlink | starting activity timer for 180
2026-03-19 09:47:00 | INFO | ConnectedDownlink | Satellite serve_loop started (implicit-ACK mode)
2026-03-19 09:47:00 | INFO | ConnectedDownlink | Entered ConnectedDownlink mode
2026-03-19 09:47:00 | INFO | ConnectedDownlink | ConnectedDownlink entered
2026-03-19 09:47:00 | INFO | ConnectedDownlink | starting activity timer for 180
2026-03-19 09:47:00 | INFO | ConnectedDownlink | retransmit_loop started (implicit-ACK mode)
2026-03-19 09:47:00 | INFO | ConnectedDownlink | Requesting retransmission of [6007, 6009, 6010, 6011, 6046, 6047, 6048, 6050, 6051, 6058, 6059, 6062, 6063, 6066, 6067, 6068, 6069, 6074, 6076, 6077, 6079, 6083, 6085, 6086, 6088, 6092, 6098, 6099, 6103, 6110, 6112, 6114, 6116, 6117, 6120, 6122, 6130, 6139, 6146, 6151, 6152, 6162, 6166, 6172, 6173, 6177, 6178, 6186, 6187, 6189, 6192, 6200, 6203, 6204, 6208, 6212, 6215, 6216, 6226, 6231, 6234, 6241, 6243, 6249, 6255, 6259, 6261, 6270, 6273, 6276, 6277, 6281, 6292, 6293, 6298, 6309, 6313, 6315, 6316, 6317, 6320, 6322, 6324, 6327, 6331, 6338, 6344, 6345, 6346, 6347, 6348, 6349, 6350, 6358, 6359, 6364, 6367, 6369, 6374, 6375, 6376, 6381, 6387, 6388, 6393, 6399, 6403, 6408, 6410, 6412, 6420, 6423, 6424, 6425, 6426, 6430, 6432, 6433, 6437, 6441, 6449, 6454, 6457, 6459, 6462, 6463, 6464, 6465, 6466, 6467, 6468, 6472, 6473, 6475, 6477, 6478, 6479, 6482, 6483, 6485, 6495, 6496, 6497, 6498, 6501, 6502, 6506, 6512, 6513, 6514, 6516, 6521, 6523, 6526, 6531, 6532, 6534, 6535, 6540, 6542, 6545, 6549, 6550, 6556, 6559, 6561, 6566, 6569, 6570, 6572, 6575, 6577, 6578, 6581, 6592, 6600, 6601, 6606, 6607, 6617, 6618, 6620, 6624, 6626, 6632, 6634, 6635, 6646, 6655, 6660, 6664, 6666, 6668, 6669, 6675, 6678, 6683, 6686, 6691, 6694, 6695, 6705, 6708, 6711, 6714, 6729, 6735, 6736, 6738, 6742, 6745, 6746, 6747, 6748, 6753, 6754, 6756, 6759, 6761, 6767, 6773, 6775, 6777, 6778, 6787, 6793, 6795, 6797, 6812, 6828, 6829, 6832, 6833, 6834, 6835, 6836, 6840, 6842, 6844, 6854, 6855, 6860, 6862, 6865, 6868, 6871, 6874, 6876, 6877, 6886, 6887, 6888, 6889, 6892, 6895, 6896, 6902, 6906, 6907, 6909, 6916, 6917, 6921, 6925, 6934, 6940, 6941, 6945, 6947, 6950, 6951, 6959, 6962, 6963, 6965, 6967, 6968, 6970, 6974, 6980, 6988, 6991, 6994, 6997, 6998, 7005, 7008, 7010, 7020, 7025, 7027, 7035, 7037, 7039, 7041, 7042, 7053, 7054, 7055, 7056, 7058, 7059, 7064, 7067, 7073, 7077, 7090, 7096, 7100, 7102, 7104, 7106, 7114, 7115, 7116, 7118, 7122, 7126, 7128, 7133, 7136, 7137, 7139, 7141, 7142, 7143, 7147, 7151, 7158, 7159, 7161, 7163, 7164, 7176, 7177, 7178, 7187, 7189, 7197, 7198, 7199, 7204, 7206, 7208, 7209, 7216, 7221, 7225, 7226, 7227, 7228, 7237, 7239, 7241, 7244, 7246, 7247, 7253, 7258, 7260, 7261, 7262, 7263, 7264, 7266, 7267, 7268, 7270, 7272, 7274, 7280, 7282, 7285, 7290, 7293, 7298, 7299, 7303, 7308, 7312, 7313, 7317, 7319, 7320, 7323, 7327, 7329]
2026-03-19 09:47:00 | INFO | ConnectedDownlink | SENDING RETRANSMISSION REQUEST [6007, 6009, 6010, 6011, 6046, 6047, 6048, 6050, 6051, 6058, 6059, 6062, 6063, 6066, 6067, 6068, 6069, 6074, 6076, 6077, 6079, 6083, 6085, 6086, 6088, 6092, 6098, 6099, 6103, 6110, 6112, 6114, 6116, 6117, 6120, 6122, 6130, 6139, 6146, 6151, 6152, 6162, 6166, 6172, 6173, 6177, 6178, 6186, 6187, 6189, 6192, 6200, 6203, 6204, 6208, 6212, 6215, 6216, 6226, 6231, 6234, 6241, 6243, 6249, 6255, 6259, 6261, 6270, 6273, 6276, 6277, 6281, 6292, 6293, 6298, 6309, 6313, 6315, 6316, 6317, 6320, 6322, 6324, 6327, 6331, 6338, 6344, 6345, 6346, 6347, 6348, 6349, 6350, 6358, 6359, 6364, 6367, 6369, 6374, 6375, 6376, 6381, 6387, 6388, 6393, 6399, 6403, 6408, 6410, 6412, 6420, 6423, 6424, 6425, 6426, 6430, 6432, 6433, 6437, 6441, 6449, 6454, 6457, 6459, 6462, 6463, 6464, 6465, 6466, 6467, 6468, 6472, 6473, 6475, 6477, 6478, 6479, 6482, 6483, 6485, 6495, 6496, 6497, 6498, 6501, 6502, 6506, 6512, 6513, 6514, 6516, 6521, 6523, 6526, 6531, 6532, 6534, 6535, 6540, 6542, 6545, 6549, 6550, 6556, 6559, 6561, 6566, 6569, 6570, 6572, 6575, 6577, 6578, 6581, 6592, 6600, 6601, 6606, 6607, 6617, 6618, 6620, 6624, 6626, 6632, 6634, 6635, 6646, 6655, 6660, 6664, 6666, 6668, 6669, 6675, 6678, 6683, 6686, 6691, 6694, 6695, 6705, 6708, 6711, 6714, 6729, 6735, 6736, 6738, 6742, 6745, 6746, 6747, 6748, 6753, 6754, 6756, 6759, 6761, 6767, 6773, 6775, 6777, 6778, 6787, 6793, 6795, 6797, 6812, 6828, 6829, 6832, 6833, 6834, 6835, 6836, 6840, 6842, 6844, 6854, 6855, 6860, 6862, 6865, 6868, 6871, 6874, 6876, 6877, 6886, 6887, 6888, 6889, 6892, 6895, 6896, 6902, 6906, 6907, 6909, 6916, 6917, 6921, 6925, 6934, 6940, 6941, 6945, 6947, 6950, 6951, 6959, 6962, 6963, 6965, 6967, 6968, 6970, 6974, 6980, 6988, 6991, 6994, 6997, 6998, 7005, 7008, 7010, 7020, 7025, 7027, 7035, 7037, 7039, 7041, 7042, 7053, 7054, 7055, 7056, 7058, 7059, 7064, 7067, 7073, 7077, 7090, 7096, 7100, 7102, 7104, 7106, 7114, 7115, 7116, 7118, 7122, 7126, 7128, 7133, 7136, 7137, 7139, 7141, 7142, 7143, 7147, 7151, 7158, 7159, 7161, 7163, 7164, 7176, 7177, 7178, 7187, 7189, 7197, 7198, 7199, 7204, 7206, 7208, 7209, 7216, 7221, 7225, 7226, 7227, 7228, 7237, 7239, 7241, 7244, 7246, 7247, 7253, 7258, 7260, 7261, 7262, 7263, 7264, 7266, 7267, 7268, 7270, 7272, 7274, 7280, 7282, 7285, 7290, 7293, 7298, 7299, 7303, 7308, 7312, 7313, 7317, 7319, 7320, 7323, 7327, 7329] (attempt 1/5)
2026-03-19 09:47:36 | INFO | ConnectedDownlink | Satellite serve_loop cancelled
2026-03-19 09:47:36 | INFO | ConnectedDownlink | retransmit_loop cancelled
2026-03-19 09:47:56 | INFO | ConnectedDownlink | Entered ConnectedDownlink mode
2026-03-19 09:47:56 | INFO | ConnectedDownlink | ConnectedDownlink entered
2026-03-19 09:47:56 | INFO | ConnectedDownlink | starting activity timer for 180
2026-03-19 09:47:56 | INFO | ConnectedDownlink | Satellite serve_loop started (implicit-ACK mode)
2026-03-19 09:47:56 | INFO | ConnectedDownlink | Entered ConnectedDownlink mode
2026-03-19 09:47:56 | INFO | ConnectedDownlink | ConnectedDownlink entered
2026-03-19 09:47:56 | INFO | ConnectedDownlink | starting activity timer for 180
2026-03-19 09:47:56 | INFO | ConnectedDownlink | retransmit_loop started (implicit-ACK mode)
2026-03-19 09:47:56 | INFO | ConnectedDownlink | Requesting retransmission of [6007, 6009, 6010, 6011, 6046, 6047, 6048, 6050, 6051, 6058, 6059, 6062, 6063, 6066, 6067, 6068, 6069, 6074, 6076, 6077, 6079, 6083, 6085, 6086, 6088, 6092, 6098, 6099, 6103, 6110, 6112, 6114, 6116, 6117, 6120, 6122, 6130, 6139, 6146, 6151, 6152, 6162, 6166, 6172, 6173, 6177, 6178, 6186, 6187, 6189, 6192, 6200, 6203, 6204, 6208, 6212, 6215, 6216, 6226, 6231, 6234, 6241, 6243, 6249, 6255, 6259, 6261, 6270, 6273, 6276, 6277, 6281, 6292, 6293, 6298, 6309, 6313, 6315, 6316, 6317, 6320, 6322, 6324, 6327, 6331, 6338, 6344, 6345, 6346, 6347, 6348, 6349, 6350, 6358, 6359, 6364, 6367, 6369, 6374, 6375, 6376, 6381, 6387, 6388, 6393, 6399, 6403, 6408, 6410, 6412, 6420, 6423, 6424, 6425, 6426, 6430, 6432, 6433, 6437, 6441, 6449, 6454, 6457, 6459, 6462, 6463, 6464, 6465, 6466, 6467, 6468, 6472, 6473, 6475, 6477, 6478, 6479, 6482, 6483, 6485, 6495, 6496, 6497, 6498, 6501, 6502, 6506, 6512, 6513, 6514, 6516, 6521, 6523, 6526, 6531, 6532, 6534, 6535, 6540, 6542, 6545, 6549, 6550, 6556, 6559, 6561, 6566, 6569, 6570, 6572, 6575, 6577, 6578, 6581, 6592, 6600, 6601, 6606, 6607, 6617, 6618, 6620, 6624, 6626, 6632, 6634, 6635, 6646, 6655, 6660, 6664, 6666, 6668, 6669, 6675, 6678, 6683, 6686, 6691, 6694, 6695, 6705, 6708, 6711, 6714, 6729, 6735, 6736, 6738, 6742, 6745, 6746, 6747, 6748, 6753, 6754, 6756, 6759, 6761, 6767, 6773, 6775, 6777, 6778, 6787, 6793, 6795, 6797, 6812, 6828, 6829, 6832, 6833, 6834, 6835, 6836, 6840, 6842, 6844, 6854, 6855, 6860, 6862, 6865, 6868, 6871, 6874, 6876, 6877, 6886, 6887, 6888, 6889, 6892, 6895, 6896, 6902, 6906, 6907, 6909, 6916, 6917, 6921, 6925, 6934, 6940, 6941, 6945, 6947, 6950, 6951, 6959, 6962, 6963, 6965, 6967, 6968, 6970, 6974, 6980, 6988, 6991, 6994, 6997, 6998, 7005, 7008, 7010, 7020, 7025, 7027, 7035, 7037, 7039, 7041, 7042, 7053, 7054, 7055, 7056, 7058, 7059, 7064, 7067, 7073, 7077, 7090, 7096, 7100, 7102, 7104, 7106, 7114, 7115, 7116, 7118, 7122, 7126, 7128, 7133, 7136, 7137, 7139, 7141, 7142, 7143, 7147, 7151, 7158, 7159, 7161, 7163, 7164, 7176, 7177, 7178, 7187, 7189, 7197, 7198, 7199, 7204, 7206, 7208, 7209, 7216, 7221, 7225, 7226, 7227, 7228, 7237, 7239, 7241, 7244, 7246, 7247, 7253, 7258, 7260, 7261, 7262, 7263, 7264, 7266, 7267, 7268, 7270, 7272, 7274, 7280, 7282, 7285, 7290, 7293, 7298, 7299, 7303, 7308, 7312, 7313, 7317, 7319, 7320, 7323, 7327, 7329]
2026-03-19 09:47:56 | INFO | ConnectedDownlink | SENDING RETRANSMISSION REQUEST [6007, 6009, 6010, 6011, 6046, 6047, 6048, 6050, 6051, 6058, 6059, 6062, 6063, 6066, 6067, 6068, 6069, 6074, 6076, 6077, 6079, 6083, 6085, 6086, 6088, 6092, 6098, 6099, 6103, 6110, 6112, 6114, 6116, 6117, 6120, 6122, 6130, 6139, 6146, 6151, 6152, 6162, 6166, 6172, 6173, 6177, 6178, 6186, 6187, 6189, 6192, 6200, 6203, 6204, 6208, 6212, 6215, 6216, 6226, 6231, 6234, 6241, 6243, 6249, 6255, 6259, 6261, 6270, 6273, 6276, 6277, 6281, 6292, 6293, 6298, 6309, 6313, 6315, 6316, 6317, 6320, 6322, 6324, 6327, 6331, 6338, 6344, 6345, 6346, 6347, 6348, 6349, 6350, 6358, 6359, 6364, 6367, 6369, 6374, 6375, 6376, 6381, 6387, 6388, 6393, 6399, 6403, 6408, 6410, 6412, 6420, 6423, 6424, 6425, 6426, 6430, 6432, 6433, 6437, 6441, 6449, 6454, 6457, 6459, 6462, 6463, 6464, 6465, 6466, 6467, 6468, 6472, 6473, 6475, 6477, 6478, 6479, 6482, 6483, 6485, 6495, 6496, 6497, 6498, 6501, 6502, 6506, 6512, 6513, 6514, 6516, 6521, 6523, 6526, 6531, 6532, 6534, 6535, 6540, 6542, 6545, 6549, 6550, 6556, 6559, 6561, 6566, 6569, 6570, 6572, 6575, 6577, 6578, 6581, 6592, 6600, 6601, 6606, 6607, 6617, 6618, 6620, 6624, 6626, 6632, 6634, 6635, 6646, 6655, 6660, 6664, 6666, 6668, 6669, 6675, 6678, 6683, 6686, 6691, 6694, 6695, 6705, 6708, 6711, 6714, 6729, 6735, 6736, 6738, 6742, 6745, 6746, 6747, 6748, 6753, 6754, 6756, 6759, 6761, 6767, 6773, 6775, 6777, 6778, 6787, 6793, 6795, 6797, 6812, 6828, 6829, 6832, 6833, 6834, 6835, 6836, 6840, 6842, 6844, 6854, 6855, 6860, 6862, 6865, 6868, 6871, 6874, 6876, 6877, 6886, 6887, 6888, 6889, 6892, 6895, 6896, 6902, 6906, 6907, 6909, 6916, 6917, 6921, 6925, 6934, 6940, 6941, 6945, 6947, 6950, 6951, 6959, 6962, 6963, 6965, 6967, 6968, 6970, 6974, 6980, 6988, 6991, 6994, 6997, 6998, 7005, 7008, 7010, 7020, 7025, 7027, 7035, 7037, 7039, 7041, 7042, 7053, 7054, 7055, 7056, 7058, 7059, 7064, 7067, 7073, 7077, 7090, 7096, 7100, 7102, 7104, 7106, 7114, 7115, 7116, 7118, 7122, 7126, 7128, 7133, 7136, 7137, 7139, 7141, 7142, 7143, 7147, 7151, 7158, 7159, 7161, 7163, 7164, 7176, 7177, 7178, 7187, 7189, 7197, 7198, 7199, 7204, 7206, 7208, 7209, 7216, 7221, 7225, 7226, 7227, 7228, 7237, 7239, 7241, 7244, 7246, 7247, 7253, 7258, 7260, 7261, 7262, 7263, 7264, 7266, 7267, 7268, 7270, 7272, 7274, 7280, 7282, 7285, 7290, 7293, 7298, 7299, 7303, 7308, 7312, 7313, 7317, 7319, 7320, 7323, 7327, 7329] (attempt 1/5)
2026-03-19 09:47:56 | INFO | ConnectedDownlink | RETRANSMIT_REQUEST received: [6007, 6009, 6010, 6011, 6046, 6047, 6048, 6050, 6051, 6058, 6059, 6062, 6063, 6066, 6067, 6068, 6069, 6074, 6076, 6077, 6079, 6083, 6085, 6086, 6088, 6092, 6098, 6099, 6103, 6110, 6112, 6114, 6116, 6117, 6120, 6122, 6130, 6139, 6146, 6151, 6152, 6162, 6166, 6172, 6173, 6177, 6178, 6186, 6187, 6189, 6192, 6200, 6203, 6204, 6208, 6212, 6215, 6216, 6226, 6231, 6234, 6241, 6243, 6249, 6255, 6259, 6261, 6270, 6273, 6276, 6277, 6281, 6292, 6293, 6298, 6309, 6313, 6315, 6316, 6317, 6320, 6322, 6324, 6327, 6331, 6338, 6344, 6345, 6346, 6347, 6348, 6349, 6350, 6358, 6359, 6364, 6367, 6369, 6374, 6375]
2026-03-19 09:47:56 | INFO | ConnectedDownlink | Serving retransmit request: {6146, 6151, 6152, 6162, 6166, 6172, 6173, 6177, 6178, 6186, 6187, 6189, 6192, 6200, 6203, 6204, 6208, 6212, 6215, 6216, 6226, 6231, 6234, 6241, 6243, 6249, 6255, 6259, 6261, 6270, 6273, 6276, 6277, 6281, 6292, 6293, 6298, 6309, 6313, 6315, 6316, 6317, 6320, 6322, 6324, 6327, 6331, 6338, 6344, 6345, 6346, 6347, 6348, 6349, 6350, 6358, 6359, 6364, 6367, 6369, 6374, 6375, 6007, 6009, 6010, 6011, 6046, 6047, 6048, 6050, 6051, 6058, 6059, 6062, 6063, 6066, 6067, 6068, 6069, 6074, 6076, 6077, 6079, 6083, 6085, 6086, 6088, 6092, 6098, 6099, 6103, 6110, 6112, 6114, 6116, 6117, 6120, 6122, 6130, 6139}
2026-03-19 09:47:57 | INFO | ConnectedDownlink | Retransmitted packet seq=6007
2026-03-19 09:47:57 | INFO | ConnectedDownlink | Retransmitted packet seq=6009
2026-03-19 09:47:57 | INFO | ConnectedDownlink | DATA frame received seq=6009 → data_queue
2026-03-19 09:47:57 | INFO | ConnectedDownlink | Retransmitted packet seq=6010
2026-03-19 09:47:57 | INFO | ConnectedDownlink | Retransmitted packet seq=6011
2026-03-19 09:47:57 | INFO | ConnectedDownlink | DATA frame received seq=6010 → data_queue
2026-03-19 09:47:57 | INFO | ConnectedDownlink | DATA frame received seq=6011 → data_queue
2026-03-19 09:47:57 | INFO | ConnectedDownlink | Retransmitted packet seq=6046
2026-03-19 09:47:57 | INFO | ConnectedDownlink | Retransmitted packet seq=6047
2026-03-19 09:47:57 | INFO | ConnectedDownlink | DATA frame received seq=6046 → data_queue
2026-03-19 09:47:57 | INFO | ConnectedDownlink | Retransmitted packet seq=6048
2026-03-19 09:47:57 | INFO | ConnectedDownlink | DATA frame received seq=6047 → data_queue
2026-03-19 09:47:57 | INFO | ConnectedDownlink | Retransmitted packet seq=6050
2026-03-19 09:47:57 | INFO | ConnectedDownlink | DATA frame received seq=6048 → data_queue
2026-03-19 09:47:57 | INFO | ConnectedDownlink | Retransmitted packet seq=6051
2026-03-19 09:47:57 | INFO | ConnectedDownlink | Retransmitted packet seq=6058
2026-03-19 09:47:57 | INFO | ConnectedDownlink | Retransmitted packet seq=6059
2026-03-19 09:47:57 | INFO | ConnectedDownlink | DATA frame received seq=6058 → data_queue
2026-03-19 09:47:57 | INFO | ConnectedDownlink | Retransmitted packet seq=6062
2026-03-19 09:47:57 | INFO | ConnectedDownlink | DATA frame received seq=6059 → data_queue
2026-03-19 09:47:57 | INFO | ConnectedDownlink | Retransmitted packet seq=6063
2026-03-19 09:47:57 | INFO | ConnectedDownlink | DATA frame received seq=6062 → data_queue
2026-03-19 09:47:57 | INFO | ConnectedDownlink | Retransmitted packet seq=6066
2026-03-19 09:47:57 | INFO | ConnectedDownlink | DATA frame received seq=6063 → data_queue
2026-03-19 09:47:57 | INFO | ConnectedDownlink | Retransmitted packet seq=6067
2026-03-19 09:47:57 | INFO | ConnectedDownlink | Retransmitted packet seq=6068
2026-03-19 09:47:57 | INFO | ConnectedDownlink | DATA frame received seq=6068 → data_queue
2026-03-19 09:47:57 | INFO | ConnectedDownlink | Retransmitted packet seq=6069
2026-03-19 09:47:57 | INFO | ConnectedDownlink | DATA frame received seq=6069 → data_queue
2026-03-19 09:47:57 | INFO | ConnectedDownlink | Retransmitted packet seq=6074
2026-03-19 09:47:57 | INFO | ConnectedDownlink | DATA frame received seq=6074 → data_queue
2026-03-19 09:47:57 | INFO | ConnectedDownlink | Retransmitted packet seq=6076
2026-03-19 09:47:57 | INFO | ConnectedDownlink | DATA frame received seq=6076 → data_queue
2026-03-19 09:47:57 | INFO | ConnectedDownlink | Retransmitted packet seq=6077
2026-03-19 09:47:57 | INFO | ConnectedDownlink | DATA frame received seq=6077 → data_queue
2026-03-19 09:47:57 | INFO | ConnectedDownlink | Retransmitted packet seq=6079
2026-03-19 09:47:57 | INFO | ConnectedDownlink | DATA frame received seq=6079 → data_queue
2026-03-19 09:47:57 | INFO | ConnectedDownlink | Retransmitted packet seq=6083
2026-03-19 09:47:57 | INFO | ConnectedDownlink | DATA frame received seq=6083 → data_queue
2026-03-19 09:47:57 | INFO | ConnectedDownlink | Retransmitted packet seq=6085
2026-03-19 09:47:57 | INFO | ConnectedDownlink | Retransmitted packet seq=6086
2026-03-19 09:47:57 | INFO | ConnectedDownlink | DATA frame received seq=6086 → data_queue
2026-03-19 09:47:57 | INFO | ConnectedDownlink | Retransmitted packet seq=6088
2026-03-19 09:47:57 | INFO | ConnectedDownlink | DATA frame received seq=6088 → data_queue
2026-03-19 09:47:57 | INFO | ConnectedDownlink | Retransmitted packet seq=6092
2026-03-19 09:47:57 | INFO | ConnectedDownlink | DATA frame received seq=6092 → data_queue
2026-03-19 09:47:57 | INFO | ConnectedDownlink | Retransmitted packet seq=6098
2026-03-19 09:47:57 | INFO | ConnectedDownlink | Retransmitted packet seq=6099
2026-03-19 09:47:57 | INFO | ConnectedDownlink | DATA frame received seq=6099 → data_queue
2026-03-19 09:47:57 | INFO | ConnectedDownlink | Retransmitted packet seq=6103
2026-03-19 09:47:57 | INFO | ConnectedDownlink | Retransmitted packet seq=6110
2026-03-19 09:47:57 | INFO | ConnectedDownlink | Retransmitted packet seq=6112
2026-03-19 09:47:57 | INFO | ConnectedDownlink | DATA frame received seq=6110 → data_queue
2026-03-19 09:47:57 | INFO | ConnectedDownlink | DATA frame received seq=6112 → data_queue
2026-03-19 09:47:57 | INFO | ConnectedDownlink | Retransmitted packet seq=6114
2026-03-19 09:47:57 | INFO | ConnectedDownlink | Retransmitted packet seq=6116
2026-03-19 09:47:57 | INFO | ConnectedDownlink | DATA frame received seq=6116 → data_queue
2026-03-19 09:47:57 | INFO | ConnectedDownlink | Retransmitted packet seq=6117
2026-03-19 09:47:57 | INFO | ConnectedDownlink | Retransmitted packet seq=6120
2026-03-19 09:47:57 | INFO | ConnectedDownlink | DATA frame received seq=6120 → data_queue
2026-03-19 09:47:57 | INFO | ConnectedDownlink | Retransmitted packet seq=6122
2026-03-19 09:47:57 | INFO | ConnectedDownlink | DATA frame received seq=6122 → data_queue
2026-03-19 09:47:57 | INFO | ConnectedDownlink | Retransmitted packet seq=6130
2026-03-19 09:47:57 | INFO | ConnectedDownlink | DATA frame received seq=6130 → data_queue
2026-03-19 09:47:57 | INFO | ConnectedDownlink | Retransmitted packet seq=6139
2026-03-19 09:47:57 | INFO | ConnectedDownlink | DATA frame received seq=6139 → data_queue
2026-03-19 09:47:57 | INFO | ConnectedDownlink | Retransmitted packet seq=6146
2026-03-19 09:47:57 | INFO | ConnectedDownlink | Retransmitted packet seq=6151
2026-03-19 09:47:57 | INFO | ConnectedDownlink | Retransmitted packet seq=6152
2026-03-19 09:47:57 | INFO | ConnectedDownlink | Retransmitted packet seq=6162
2026-03-19 09:47:57 | INFO | ConnectedDownlink | Retransmitted packet seq=6166
2026-03-19 09:47:57 | INFO | ConnectedDownlink | Retransmitted packet seq=6172
2026-03-19 09:47:57 | INFO | ConnectedDownlink | Retransmitted packet seq=6173
2026-03-19 09:47:57 | INFO | ConnectedDownlink | DATA frame received seq=6173 → data_queue
2026-03-19 09:47:57 | INFO | ConnectedDownlink | Retransmitted packet seq=6177
2026-03-19 09:47:57 | INFO | ConnectedDownlink | DATA frame received seq=6177 → data_queue
2026-03-19 09:47:57 | INFO | ConnectedDownlink | Retransmitted packet seq=6178
2026-03-19 09:47:57 | INFO | ConnectedDownlink | DATA frame received seq=6178 → data_queue
2026-03-19 09:47:57 | INFO | ConnectedDownlink | Retransmitted packet seq=6186
2026-03-19 09:47:57 | INFO | ConnectedDownlink | DATA frame received seq=6186 → data_queue
2026-03-19 09:47:57 | INFO | ConnectedDownlink | Retransmitted packet seq=6187
2026-03-19 09:47:57 | INFO | ConnectedDownlink | Retransmitted packet seq=6189
2026-03-19 09:47:57 | INFO | ConnectedDownlink | Retransmitted packet seq=6192
2026-03-19 09:47:57 | INFO | ConnectedDownlink | DATA frame received seq=6192 → data_queue
2026-03-19 09:47:57 | INFO | ConnectedDownlink | Retransmitted packet seq=6200
2026-03-19 09:47:57 | INFO | ConnectedDownlink | DATA frame received seq=6200 → data_queue
2026-03-19 09:47:57 | INFO | ConnectedDownlink | Retransmitted packet seq=6203
2026-03-19 09:47:57 | INFO | ConnectedDownlink | DATA frame received seq=6203 → data_queue
2026-03-19 09:47:57 | INFO | ConnectedDownlink | Retransmitted packet seq=6204
2026-03-19 09:47:57 | INFO | ConnectedDownlink | DATA frame received seq=6204 → data_queue
2026-03-19 09:47:57 | INFO | ConnectedDownlink | Retransmitted packet seq=6208
2026-03-19 09:47:57 | INFO | ConnectedDownlink | Retransmitted packet seq=6212
2026-03-19 09:47:57 | INFO | ConnectedDownlink | DATA frame received seq=6212 → data_queue
2026-03-19 09:47:57 | INFO | ConnectedDownlink | Retransmitted packet seq=6215
2026-03-19 09:47:57 | INFO | ConnectedDownlink | DATA frame received seq=6215 → data_queue
2026-03-19 09:47:57 | INFO | ConnectedDownlink | Retransmitted packet seq=6216
2026-03-19 09:47:57 | INFO | ConnectedDownlink | Retransmitted packet seq=6226
2026-03-19 09:47:57 | INFO | ConnectedDownlink | DATA frame received seq=6226 → data_queue
2026-03-19 09:47:57 | INFO | ConnectedDownlink | Retransmitted packet seq=6231
2026-03-19 09:47:57 | INFO | ConnectedDownlink | DATA frame received seq=6231 → data_queue
2026-03-19 09:47:57 | INFO | ConnectedDownlink | Retransmitted packet seq=6234
2026-03-19 09:47:57 | INFO | ConnectedDownlink | DATA frame received seq=6234 → data_queue
2026-03-19 09:47:57 | INFO | ConnectedDownlink | Retransmitted packet seq=6241
2026-03-19 09:47:57 | INFO | ConnectedDownlink | DATA frame received seq=6241 → data_queue
2026-03-19 09:47:57 | INFO | ConnectedDownlink | Retransmitted packet seq=6243
2026-03-19 09:47:57 | INFO | ConnectedDownlink | DATA frame received seq=6243 → data_queue
2026-03-19 09:47:57 | INFO | ConnectedDownlink | Retransmitted packet seq=6249
2026-03-19 09:47:57 | INFO | ConnectedDownlink | DATA frame received seq=6249 → data_queue
2026-03-19 09:47:57 | INFO | ConnectedDownlink | Retransmitted packet seq=6255
2026-03-19 09:47:57 | INFO | ConnectedDownlink | DATA frame received seq=6255 → data_queue
2026-03-19 09:47:57 | INFO | ConnectedDownlink | Retransmitted packet seq=6259
2026-03-19 09:47:57 | INFO | ConnectedDownlink | DATA frame received seq=6259 → data_queue
2026-03-19 09:47:57 | INFO | ConnectedDownlink | Retransmitted packet seq=6261
2026-03-19 09:47:57 | INFO | ConnectedDownlink | DATA frame received seq=6261 → data_queue
2026-03-19 09:47:57 | INFO | ConnectedDownlink | Retransmitted packet seq=6270
2026-03-19 09:47:57 | INFO | ConnectedDownlink | DATA frame received seq=6270 → data_queue
2026-03-19 09:47:57 | INFO | ConnectedDownlink | Retransmitted packet seq=6273
2026-03-19 09:47:57 | INFO | ConnectedDownlink | DATA frame received seq=6273 → data_queue
2026-03-19 09:47:57 | INFO | ConnectedDownlink | Retransmitted packet seq=6276
2026-03-19 09:47:57 | INFO | ConnectedDownlink | DATA frame received seq=6276 → data_queue
2026-03-19 09:47:57 | INFO | ConnectedDownlink | Retransmitted packet seq=6277
2026-03-19 09:47:57 | INFO | ConnectedDownlink | Retransmitted packet seq=6281
2026-03-19 09:47:57 | INFO | ConnectedDownlink | DATA frame received seq=6277 → data_queue
2026-03-19 09:47:57 | INFO | ConnectedDownlink | Retransmitted packet seq=6292
2026-03-19 09:47:57 | INFO | ConnectedDownlink | DATA frame received seq=6281 → data_queue
2026-03-19 09:47:57 | INFO | ConnectedDownlink | DATA frame received seq=6292 → data_queue
2026-03-19 09:47:57 | INFO | ConnectedDownlink | Retransmitted packet seq=6293
2026-03-19 09:47:57 | INFO | ConnectedDownlink | Retransmitted packet seq=6298
2026-03-19 09:47:57 | INFO | ConnectedDownlink | Retransmitted packet seq=6309
2026-03-19 09:47:57 | INFO | ConnectedDownlink | DATA frame received seq=6309 → data_queue
2026-03-19 09:47:58 | INFO | ConnectedDownlink | Retransmitted packet seq=6313
2026-03-19 09:47:58 | INFO | ConnectedDownlink | DATA frame received seq=6313 → data_queue
2026-03-19 09:47:58 | INFO | ConnectedDownlink | Retransmitted packet seq=6315
2026-03-19 09:47:58 | INFO | ConnectedDownlink | Retransmitted packet seq=6316
2026-03-19 09:47:58 | INFO | ConnectedDownlink | DATA frame received seq=6316 → data_queue
2026-03-19 09:47:58 | INFO | ConnectedDownlink | Retransmitted packet seq=6317
2026-03-19 09:47:58 | INFO | ConnectedDownlink | DATA frame received seq=6317 → data_queue
2026-03-19 09:47:58 | INFO | ConnectedDownlink | Retransmitted packet seq=6320
2026-03-19 09:47:58 | INFO | ConnectedDownlink | DATA frame received seq=6320 → data_queue
2026-03-19 09:47:58 | INFO | ConnectedDownlink | Retransmitted packet seq=6322
2026-03-19 09:47:58 | INFO | ConnectedDownlink | DATA frame received seq=6322 → data_queue
2026-03-19 09:47:58 | INFO | ConnectedDownlink | Retransmitted packet seq=6324
2026-03-19 09:47:58 | INFO | ConnectedDownlink | DATA frame received seq=6324 → data_queue
2026-03-19 09:47:58 | INFO | ConnectedDownlink | Retransmitted packet seq=6327
2026-03-19 09:47:58 | INFO | ConnectedDownlink | DATA frame received seq=6327 → data_queue
2026-03-19 09:47:58 | INFO | ConnectedDownlink | Retransmitted packet seq=6331
2026-03-19 09:47:58 | INFO | ConnectedDownlink | DATA frame received seq=6331 → data_queue
2026-03-19 09:47:58 | INFO | ConnectedDownlink | Retransmitted packet seq=6338
2026-03-19 09:47:58 | INFO | ConnectedDownlink | Retransmitted packet seq=6344
2026-03-19 09:47:58 | INFO | ConnectedDownlink | DATA frame received seq=6344 → data_queue
2026-03-19 09:47:58 | INFO | ConnectedDownlink | Retransmitted packet seq=6345
2026-03-19 09:47:58 | INFO | ConnectedDownlink | Retransmitted packet seq=6346
2026-03-19 09:47:58 | INFO | ConnectedDownlink | Retransmitted packet seq=6347
2026-03-19 09:47:58 | INFO | ConnectedDownlink | Retransmitted packet seq=6348
2026-03-19 09:47:58 | INFO | ConnectedDownlink | Retransmitted packet seq=6349
2026-03-19 09:47:58 | INFO | ConnectedDownlink | DATA frame received seq=6348 → data_queue
2026-03-19 09:47:58 | INFO | ConnectedDownlink | DATA frame received seq=6349 → data_queue
2026-03-19 09:47:58 | INFO | ConnectedDownlink | Retransmitted packet seq=6350
2026-03-19 09:47:58 | INFO | ConnectedDownlink | DATA frame received seq=6350 → data_queue
2026-03-19 09:47:58 | INFO | ConnectedDownlink | Retransmitted packet seq=6358
2026-03-19 09:47:58 | INFO | ConnectedDownlink | DATA frame received seq=6358 → data_queue
2026-03-19 09:47:58 | INFO | ConnectedDownlink | Retransmitted packet seq=6359
2026-03-19 09:47:58 | INFO | ConnectedDownlink | Retransmitted packet seq=6364
2026-03-19 09:47:58 | INFO | ConnectedDownlink | DATA frame received seq=6364 → data_queue
2026-03-19 09:47:58 | INFO | ConnectedDownlink | Retransmitted packet seq=6367
2026-03-19 09:47:58 | INFO | ConnectedDownlink | DATA frame received seq=6367 → data_queue
2026-03-19 09:47:58 | INFO | ConnectedDownlink | Retransmitted packet seq=6369
2026-03-19 09:47:58 | INFO | ConnectedDownlink | DATA frame received seq=6369 → data_queue
2026-03-19 09:47:58 | INFO | ConnectedDownlink | Retransmitted packet seq=6374
2026-03-19 09:47:58 | INFO | ConnectedDownlink | DATA frame received seq=6374 → data_queue
2026-03-19 09:47:58 | INFO | ConnectedDownlink | DATA frame received seq=6375 → data_queue
2026-03-19 09:47:58 | INFO | ConnectedDownlink | Retransmitted packet seq=6375
2026-03-19 09:48:36 | INFO | ConnectedDownlink | Satellite serve_loop cancelled
2026-03-19 09:48:41 | INFO | ConnectedDownlink | Entered ConnectedDownlink mode
2026-03-19 09:48:41 | INFO | ConnectedDownlink | ConnectedDownlink entered
2026-03-19 09:48:41 | INFO | ConnectedDownlink | starting activity timer for 180
2026-03-19 09:48:41 | INFO | ConnectedDownlink | Satellite serve_loop started (implicit-ACK mode)
2026-03-19 09:48:41 | INFO | ConnectedDownlink | Entered ConnectedDownlink mode
2026-03-19 09:48:41 | INFO | ConnectedDownlink | ConnectedDownlink entered
2026-03-19 09:48:41 | INFO | ConnectedDownlink | starting activity timer for 180
2026-03-19 09:48:41 | INFO | ConnectedDownlink | retransmit_loop started (implicit-ACK mode)
2026-03-19 09:48:41 | INFO | ConnectedDownlink | Requesting retransmission of [6007, 6010, 6011, 6046, 6047, 6048, 6050, 6051, 6058, 6059, 6062, 6063, 6066, 6067, 6068, 6069, 6074, 6076, 6077, 6079, 6083, 6085, 6086, 6088, 6092, 6098, 6099, 6103, 6110, 6112, 6114, 6116, 6117, 6120, 6122, 6130, 6139, 6146, 6151, 6152, 6162, 6166, 6172, 6173, 6177, 6178, 6186, 6187, 6189, 6192, 6200, 6203, 6204, 6208, 6212, 6215, 6216, 6226, 6231, 6234, 6241, 6243, 6249, 6255, 6259, 6261, 6270, 6273, 6276, 6277, 6281, 6292, 6293, 6298, 6309, 6313, 6315, 6316, 6317, 6320, 6322, 6324, 6327, 6331, 6338, 6344, 6345, 6346, 6347, 6348, 6349, 6350, 6358, 6359, 6364, 6367, 6369, 6374, 6375, 6376, 6381, 6387, 6388, 6393, 6399, 6403, 6408, 6410, 6412, 6420, 6423, 6424, 6425, 6426, 6430, 6432, 6433, 6437, 6441, 6449, 6454, 6457, 6459, 6462, 6463, 6464, 6465, 6466, 6467, 6468, 6472, 6473, 6475, 6477, 6478, 6479, 6482, 6483, 6485, 6495, 6496, 6497, 6498, 6501, 6502, 6506, 6512, 6513, 6514, 6516, 6521, 6523, 6526, 6531, 6532, 6534, 6535, 6540, 6542, 6545, 6549, 6550, 6556, 6559, 6561, 6566, 6569, 6570, 6572, 6575, 6577, 6578, 6581, 6592, 6600, 6601, 6606, 6607, 6617, 6618, 6620, 6624, 6626, 6632, 6634, 6635, 6646, 6655, 6660, 6664, 6666, 6668, 6669, 6675, 6678, 6683, 6686, 6691, 6694, 6695, 6705, 6708, 6711, 6714, 6729, 6735, 6736, 6738, 6742, 6745, 6746, 6747, 6748, 6753, 6754, 6756, 6759, 6761, 6767, 6773, 6775, 6777, 6778, 6787, 6793, 6795, 6797, 6812, 6828, 6829, 6832, 6833, 6834, 6835, 6836, 6840, 6842, 6844, 6854, 6855, 6860, 6862, 6865, 6868, 6871, 6874, 6876, 6877, 6886, 6887, 6888, 6889, 6892, 6895, 6896, 6902, 6906, 6907, 6909, 6916, 6917, 6921, 6925, 6934, 6940, 6941, 6945, 6947, 6950, 6951, 6959, 6962, 6963, 6965, 6967, 6968, 6970, 6974, 6980, 6988, 6991, 6994, 6997, 6998, 7005, 7008, 7010, 7020, 7025, 7027, 7035, 7037, 7039, 7041, 7042, 7053, 7054, 7055, 7056, 7058, 7059, 7064, 7067, 7073, 7077, 7090, 7096, 7100, 7102, 7104, 7106, 7114, 7115, 7116, 7118, 7122, 7126, 7128, 7133, 7136, 7137, 7139, 7141, 7142, 7143, 7147, 7151, 7158, 7159, 7161, 7163, 7164, 7176, 7177, 7178, 7187, 7189, 7197, 7198, 7199, 7204, 7206, 7208, 7209, 7216, 7221, 7225, 7226, 7227, 7228, 7237, 7239, 7241, 7244, 7246, 7247, 7253, 7258, 7260, 7261, 7262, 7263, 7264, 7266, 7267, 7268, 7270, 7272, 7274, 7280, 7282, 7285, 7290, 7293, 7298, 7299, 7303, 7308, 7312, 7313, 7317, 7319, 7320, 7323, 7327, 7329]
2026-03-19 09:48:41 | INFO | ConnectedDownlink | SENDING RETRANSMISSION REQUEST [6007, 6010, 6011, 6046, 6047, 6048, 6050, 6051, 6058, 6059, 6062, 6063, 6066, 6067, 6068, 6069, 6074, 6076, 6077, 6079, 6083, 6085, 6086, 6088, 6092, 6098, 6099, 6103, 6110, 6112, 6114, 6116, 6117, 6120, 6122, 6130, 6139, 6146, 6151, 6152, 6162, 6166, 6172, 6173, 6177, 6178, 6186, 6187, 6189, 6192, 6200, 6203, 6204, 6208, 6212, 6215, 6216, 6226, 6231, 6234, 6241, 6243, 6249, 6255, 6259, 6261, 6270, 6273, 6276, 6277, 6281, 6292, 6293, 6298, 6309, 6313, 6315, 6316, 6317, 6320, 6322, 6324, 6327, 6331, 6338, 6344, 6345, 6346, 6347, 6348, 6349, 6350, 6358, 6359, 6364, 6367, 6369, 6374, 6375, 6376] (attempt 1/5)
2026-03-19 09:49:21 | INFO | ConnectedDownlink | Satellite serve_loop cancelled
2026-03-19 09:49:22 | INFO | ConnectedDownlink | retransmit_loop cancelled
2026-03-19 09:49:26 | INFO | ConnectedDownlink | Entered ConnectedDownlink mode
2026-03-19 09:49:26 | INFO | ConnectedDownlink | ConnectedDownlink entered
2026-03-19 09:49:26 | INFO | ConnectedDownlink | starting activity timer for 180
2026-03-19 09:49:26 | INFO | ConnectedDownlink | Satellite serve_loop started (implicit-ACK mode)
2026-03-19 09:49:26 | INFO | ConnectedDownlink | Entered ConnectedDownlink mode
2026-03-19 09:49:26 | INFO | ConnectedDownlink | ConnectedDownlink entered
2026-03-19 09:49:26 | INFO | ConnectedDownlink | starting activity timer for 180
2026-03-19 09:49:26 | INFO | ConnectedDownlink | retransmit_loop started (implicit-ACK mode)
2026-03-19 09:49:26 | INFO | ConnectedDownlink | Requesting retransmission of [6007, 6010, 6011, 6046, 6047, 6048, 6050, 6051, 6058, 6059, 6062, 6063, 6066, 6067, 6068, 6069, 6074, 6076, 6077, 6079, 6083, 6085, 6086, 6088, 6092, 6098, 6099, 6103, 6110, 6112, 6114, 6116, 6117, 6120, 6122, 6130, 6139, 6146, 6151, 6152, 6162, 6166, 6172, 6173, 6177, 6178, 6186, 6187, 6189, 6192, 6200, 6203, 6204, 6208, 6212, 6215, 6216, 6226, 6231, 6234, 6241, 6243, 6249, 6255, 6259, 6261, 6270, 6273, 6276, 6277, 6281, 6292, 6293, 6298, 6309, 6313, 6315, 6316, 6317, 6320, 6322, 6324, 6327, 6331, 6338, 6344, 6345, 6346, 6347, 6348, 6349, 6350, 6358, 6359, 6364, 6367, 6369, 6374, 6375, 6376, 6381, 6387, 6388, 6393, 6399, 6403, 6408, 6410, 6412, 6420, 6423, 6424, 6425, 6426, 6430, 6432, 6433, 6437, 6441, 6449, 6454, 6457, 6459, 6462, 6463, 6464, 6465, 6466, 6467, 6468, 6472, 6473, 6475, 6477, 6478, 6479, 6482, 6483, 6485, 6495, 6496, 6497, 6498, 6501, 6502, 6506, 6512, 6513, 6514, 6516, 6521, 6523, 6526, 6531, 6532, 6534, 6535, 6540, 6542, 6545, 6549, 6550, 6556, 6559, 6561, 6566, 6569, 6570, 6572, 6575, 6577, 6578, 6581, 6592, 6600, 6601, 6606, 6607, 6617, 6618, 6620, 6624, 6626, 6632, 6634, 6635, 6646, 6655, 6660, 6664, 6666, 6668, 6669, 6675, 6678, 6683, 6686, 6691, 6694, 6695, 6705, 6708, 6711, 6714, 6729, 6735, 6736, 6738, 6742, 6745, 6746, 6747, 6748, 6753, 6754, 6756, 6759, 6761, 6767, 6773, 6775, 6777, 6778, 6787, 6793, 6795, 6797, 6812, 6828, 6829, 6832, 6833, 6834, 6835, 6836, 6840, 6842, 6844, 6854, 6855, 6860, 6862, 6865, 6868, 6871, 6874, 6876, 6877, 6886, 6887, 6888, 6889, 6892, 6895, 6896, 6902, 6906, 6907, 6909, 6916, 6917, 6921, 6925, 6934, 6940, 6941, 6945, 6947, 6950, 6951, 6959, 6962, 6963, 6965, 6967, 6968, 6970, 6974, 6980, 6988, 6991, 6994, 6997, 6998, 7005, 7008, 7010, 7020, 7025, 7027, 7035, 7037, 7039, 7041, 7042, 7053, 7054, 7055, 7056, 7058, 7059, 7064, 7067, 7073, 7077, 7090, 7096, 7100, 7102, 7104, 7106, 7114, 7115, 7116, 7118, 7122, 7126, 7128, 7133, 7136, 7137, 7139, 7141, 7142, 7143, 7147, 7151, 7158, 7159, 7161, 7163, 7164, 7176, 7177, 7178, 7187, 7189, 7197, 7198, 7199, 7204, 7206, 7208, 7209, 7216, 7221, 7225, 7226, 7227, 7228, 7237, 7239, 7241, 7244, 7246, 7247, 7253, 7258, 7260, 7261, 7262, 7263, 7264, 7266, 7267, 7268, 7270, 7272, 7274, 7280, 7282, 7285, 7290, 7293, 7298, 7299, 7303, 7308, 7312, 7313, 7317, 7319, 7320, 7323, 7327, 7329]
2026-03-19 09:49:26 | INFO | ConnectedDownlink | SENDING RETRANSMISSION REQUEST [6007, 6010, 6011, 6046, 6047, 6048, 6050, 6051, 6058, 6059, 6062, 6063, 6066, 6067, 6068, 6069, 6074, 6076, 6077, 6079, 6083, 6085, 6086, 6088, 6092, 6098, 6099, 6103, 6110, 6112, 6114, 6116, 6117, 6120, 6122, 6130, 6139, 6146, 6151, 6152, 6162, 6166, 6172, 6173, 6177, 6178, 6186, 6187, 6189, 6192, 6200, 6203, 6204, 6208, 6212, 6215, 6216, 6226, 6231, 6234, 6241, 6243, 6249, 6255, 6259, 6261, 6270, 6273, 6276, 6277, 6281, 6292, 6293, 6298, 6309, 6313, 6315, 6316, 6317, 6320, 6322, 6324, 6327, 6331, 6338, 6344, 6345, 6346, 6347, 6348, 6349, 6350, 6358, 6359, 6364, 6367, 6369, 6374, 6375, 6376] (attempt 1/5)
2026-03-19 09:49:26 | INFO | ConnectedDownlink | RETRANSMIT_REQUEST received: [6007, 6010, 6011, 6046, 6047, 6048, 6050, 6051, 6058, 6059, 6062, 6063, 6066, 6067, 6068, 6069, 6074, 6076, 6077, 6079, 6083, 6085, 6086, 6088, 6092, 6098, 6099, 6103, 6110, 6112, 6114, 6116, 6117, 6120, 6122, 6130, 6139, 6146, 6151, 6152, 6162, 6166, 6172, 6173, 6177, 6178, 6186, 6187, 6189, 6192, 6200, 6203, 6204, 6208, 6212, 6215, 6216, 6226, 6231, 6234, 6241, 6243, 6249, 6255, 6259, 6261, 6270, 6273, 6276, 6277, 6281, 6292, 6293, 6298, 6309, 6313, 6315, 6316, 6317, 6320, 6322, 6324, 6327, 6331, 6338, 6344, 6345, 6346, 6347, 6348, 6349, 6350, 6358, 6359, 6364, 6367, 6369, 6374, 6375, 6376]
2026-03-19 09:49:26 | INFO | ConnectedDownlink | Serving retransmit request: {6146, 6151, 6152, 6162, 6166, 6172, 6173, 6177, 6178, 6186, 6187, 6189, 6192, 6200, 6203, 6204, 6208, 6212, 6215, 6216, 6226, 6231, 6234, 6241, 6243, 6249, 6255, 6259, 6261, 6270, 6273, 6276, 6277, 6281, 6292, 6293, 6298, 6309, 6313, 6315, 6316, 6317, 6320, 6322, 6324, 6327, 6331, 6338, 6344, 6345, 6346, 6347, 6348, 6349, 6350, 6358, 6359, 6364, 6367, 6369, 6374, 6375, 6376, 6007, 6010, 6011, 6046, 6047, 6048, 6050, 6051, 6058, 6059, 6062, 6063, 6066, 6067, 6068, 6069, 6074, 6076, 6077, 6079, 6083, 6085, 6086, 6088, 6092, 6098, 6099, 6103, 6110, 6112, 6114, 6116, 6117, 6120, 6122, 6130, 6139}
2026-03-19 09:49:26 | INFO | ConnectedDownlink | Retransmitted packet seq=6007
2026-03-19 09:49:26 | INFO | ConnectedDownlink | Retransmitted packet seq=6010
2026-03-19 09:49:26 | INFO | ConnectedDownlink | DATA frame received seq=6010 → data_queue
2026-03-19 09:49:26 | INFO | ConnectedDownlink | Retransmitted packet seq=6011
2026-03-19 09:49:26 | INFO | ConnectedDownlink | DATA frame received seq=6011 → data_queue
2026-03-19 09:49:26 | INFO | ConnectedDownlink | Retransmitted packet seq=6046
2026-03-19 09:49:26 | INFO | ConnectedDownlink | Retransmitted packet seq=6047
2026-03-19 09:49:26 | INFO | ConnectedDownlink | DATA frame received seq=6046 → data_queue
2026-03-19 09:49:26 | INFO | ConnectedDownlink | Retransmitted packet seq=6048
2026-03-19 09:49:26 | INFO | ConnectedDownlink | Retransmitted packet seq=6050
2026-03-19 09:49:26 | INFO | ConnectedDownlink | DATA frame received seq=6048 → data_queue
2026-03-19 09:49:26 | INFO | ConnectedDownlink | Retransmitted packet seq=6051
2026-03-19 09:49:26 | INFO | ConnectedDownlink | DATA frame received seq=6050 → data_queue
2026-03-19 09:49:26 | INFO | ConnectedDownlink | Retransmitted packet seq=6058
2026-03-19 09:49:26 | INFO | ConnectedDownlink | DATA frame received seq=6051 → data_queue
2026-03-19 09:49:26 | INFO | ConnectedDownlink | DATA frame received seq=6058 → data_queue
2026-03-19 09:49:26 | INFO | ConnectedDownlink | Retransmitted packet seq=6059
2026-03-19 09:49:26 | INFO | ConnectedDownlink | Retransmitted packet seq=6062
2026-03-19 09:49:26 | INFO | ConnectedDownlink | DATA frame received seq=6059 → data_queue
2026-03-19 09:49:26 | INFO | ConnectedDownlink | Retransmitted packet seq=6063
2026-03-19 09:49:26 | INFO | ConnectedDownlink | Retransmitted packet seq=6066
2026-03-19 09:49:26 | INFO | ConnectedDownlink | DATA frame received seq=6063 → data_queue
2026-03-19 09:49:26 | INFO | ConnectedDownlink | Retransmitted packet seq=6067
2026-03-19 09:49:26 | INFO | ConnectedDownlink | Retransmitted packet seq=6068
2026-03-19 09:49:26 | INFO | ConnectedDownlink | DATA frame received seq=6067 → data_queue
2026-03-19 09:49:26 | INFO | ConnectedDownlink | Retransmitted packet seq=6069
2026-03-19 09:49:26 | INFO | ConnectedDownlink | DATA frame received seq=6068 → data_queue
2026-03-19 09:49:26 | INFO | ConnectedDownlink | DATA frame received seq=6069 → data_queue
2026-03-19 09:49:26 | INFO | ConnectedDownlink | Retransmitted packet seq=6074
2026-03-19 09:49:26 | INFO | ConnectedDownlink | DATA frame received seq=6074 → data_queue
2026-03-19 09:49:26 | INFO | ConnectedDownlink | Retransmitted packet seq=6076
2026-03-19 09:49:26 | INFO | ConnectedDownlink | Retransmitted packet seq=6077
2026-03-19 09:49:26 | INFO | ConnectedDownlink | DATA frame received seq=6077 → data_queue
2026-03-19 09:49:26 | INFO | ConnectedDownlink | Retransmitted packet seq=6079
2026-03-19 09:49:26 | INFO | ConnectedDownlink | DATA frame received seq=6079 → data_queue
2026-03-19 09:49:26 | INFO | ConnectedDownlink | Retransmitted packet seq=6083
2026-03-19 09:49:26 | INFO | ConnectedDownlink | DATA frame received seq=6083 → data_queue
2026-03-19 09:49:26 | INFO | ConnectedDownlink | Retransmitted packet seq=6085
2026-03-19 09:49:26 | INFO | ConnectedDownlink | DATA frame received seq=6085 → data_queue
2026-03-19 09:49:26 | INFO | ConnectedDownlink | Retransmitted packet seq=6086
2026-03-19 09:49:26 | INFO | ConnectedDownlink | DATA frame received seq=6086 → data_queue
2026-03-19 09:49:26 | INFO | ConnectedDownlink | Retransmitted packet seq=6088
2026-03-19 09:49:26 | INFO | ConnectedDownlink | DATA frame received seq=6088 → data_queue
2026-03-19 09:49:26 | INFO | ConnectedDownlink | Retransmitted packet seq=6092
2026-03-19 09:49:26 | INFO | ConnectedDownlink | DATA frame received seq=6092 → data_queue
2026-03-19 09:49:26 | INFO | ConnectedDownlink | Retransmitted packet seq=6098
2026-03-19 09:49:26 | INFO | ConnectedDownlink | DATA frame received seq=6098 → data_queue
2026-03-19 09:49:26 | INFO | ConnectedDownlink | Retransmitted packet seq=6099
2026-03-19 09:49:26 | INFO | ConnectedDownlink | Retransmitted packet seq=6103
2026-03-19 09:49:26 | INFO | ConnectedDownlink | DATA frame received seq=6103 → data_queue
2026-03-19 09:49:26 | INFO | ConnectedDownlink | Retransmitted packet seq=6110
2026-03-19 09:49:26 | INFO | ConnectedDownlink | DATA frame received seq=6110 → data_queue
2026-03-19 09:49:26 | INFO | ConnectedDownlink | Retransmitted packet seq=6112
2026-03-19 09:49:26 | INFO | ConnectedDownlink | DATA frame received seq=6112 → data_queue
2026-03-19 09:49:26 | INFO | ConnectedDownlink | Retransmitted packet seq=6114
2026-03-19 09:49:26 | INFO | ConnectedDownlink | DATA frame received seq=6114 → data_queue
2026-03-19 09:49:26 | INFO | ConnectedDownlink | Retransmitted packet seq=6116
2026-03-19 09:49:26 | INFO | ConnectedDownlink | DATA frame received seq=6116 → data_queue
2026-03-19 09:49:26 | INFO | ConnectedDownlink | Retransmitted packet seq=6117
2026-03-19 09:49:26 | INFO | ConnectedDownlink | Retransmitted packet seq=6120
2026-03-19 09:49:26 | INFO | ConnectedDownlink | DATA frame received seq=6120 → data_queue
2026-03-19 09:49:26 | INFO | ConnectedDownlink | Retransmitted packet seq=6122
2026-03-19 09:49:26 | INFO | ConnectedDownlink | DATA frame received seq=6122 → data_queue
2026-03-19 09:49:26 | INFO | ConnectedDownlink | Retransmitted packet seq=6130
2026-03-19 09:49:26 | INFO | ConnectedDownlink | Retransmitted packet seq=6139
2026-03-19 09:49:26 | INFO | ConnectedDownlink | DATA frame received seq=6139 → data_queue
2026-03-19 09:49:26 | INFO | ConnectedDownlink | Retransmitted packet seq=6146
2026-03-19 09:49:26 | INFO | ConnectedDownlink | DATA frame received seq=6146 → data_queue
2026-03-19 09:49:26 | INFO | ConnectedDownlink | Retransmitted packet seq=6151
2026-03-19 09:49:26 | INFO | ConnectedDownlink | Retransmitted packet seq=6152
2026-03-19 09:49:26 | INFO | ConnectedDownlink | Retransmitted packet seq=6162
2026-03-19 09:49:26 | INFO | ConnectedDownlink | DATA frame received seq=6162 → data_queue
2026-03-19 09:49:26 | INFO | ConnectedDownlink | Retransmitted packet seq=6166
2026-03-19 09:49:26 | INFO | ConnectedDownlink | DATA frame received seq=6166 → data_queue
2026-03-19 09:49:26 | INFO | ConnectedDownlink | Retransmitted packet seq=6172
2026-03-19 09:49:26 | INFO | ConnectedDownlink | DATA frame received seq=6172 → data_queue
2026-03-19 09:49:26 | INFO | ConnectedDownlink | Retransmitted packet seq=6173
2026-03-19 09:49:26 | INFO | ConnectedDownlink | Retransmitted packet seq=6177
2026-03-19 09:49:26 | INFO | ConnectedDownlink | DATA frame received seq=6177 → data_queue
2026-03-19 09:49:26 | INFO | ConnectedDownlink | Retransmitted packet seq=6178
2026-03-19 09:49:26 | INFO | ConnectedDownlink | DATA frame received seq=6178 → data_queue
2026-03-19 09:49:26 | INFO | ConnectedDownlink | Retransmitted packet seq=6186
2026-03-19 09:49:26 | INFO | ConnectedDownlink | Retransmitted packet seq=6187
2026-03-19 09:49:26 | INFO | ConnectedDownlink | Retransmitted packet seq=6189
2026-03-19 09:49:26 | INFO | ConnectedDownlink | Retransmitted packet seq=6192
2026-03-19 09:49:26 | INFO | ConnectedDownlink | DATA frame received seq=6192 → data_queue
2026-03-19 09:49:26 | INFO | ConnectedDownlink | Retransmitted packet seq=6200
2026-03-19 09:49:26 | INFO | ConnectedDownlink | DATA frame received seq=6200 → data_queue
2026-03-19 09:49:26 | INFO | ConnectedDownlink | Retransmitted packet seq=6203
2026-03-19 09:49:26 | INFO | ConnectedDownlink | DATA frame received seq=6203 → data_queue
2026-03-19 09:49:26 | INFO | ConnectedDownlink | Retransmitted packet seq=6204
2026-03-19 09:49:26 | INFO | ConnectedDownlink | DATA frame received seq=6204 → data_queue
2026-03-19 09:49:26 | INFO | ConnectedDownlink | Retransmitted packet seq=6208
2026-03-19 09:49:26 | INFO | ConnectedDownlink | DATA frame received seq=6208 → data_queue
2026-03-19 09:49:26 | INFO | ConnectedDownlink | Retransmitted packet seq=6212
2026-03-19 09:49:26 | INFO | ConnectedDownlink | DATA frame received seq=6212 → data_queue
2026-03-19 09:49:26 | INFO | ConnectedDownlink | Retransmitted packet seq=6215
2026-03-19 09:49:26 | INFO | ConnectedDownlink | Retransmitted packet seq=6216
2026-03-19 09:49:26 | INFO | ConnectedDownlink | DATA frame received seq=6216 → data_queue
2026-03-19 09:49:26 | INFO | ConnectedDownlink | Retransmitted packet seq=6226
2026-03-19 09:49:26 | INFO | ConnectedDownlink | Retransmitted packet seq=6231
2026-03-19 09:49:26 | INFO | ConnectedDownlink | DATA frame received seq=6226 → data_queue
2026-03-19 09:49:26 | INFO | ConnectedDownlink | Retransmitted packet seq=6234
2026-03-19 09:49:26 | INFO | ConnectedDownlink | DATA frame received seq=6231 → data_queue
2026-03-19 09:49:26 | INFO | ConnectedDownlink | Retransmitted packet seq=6241
2026-03-19 09:49:26 | INFO | ConnectedDownlink | DATA frame received seq=6234 → data_queue
2026-03-19 09:49:26 | INFO | ConnectedDownlink | DATA frame received seq=6241 → data_queue
2026-03-19 09:49:26 | INFO | ConnectedDownlink | Retransmitted packet seq=6243
2026-03-19 09:49:26 | INFO | ConnectedDownlink | DATA frame received seq=6243 → data_queue
2026-03-19 09:49:26 | INFO | ConnectedDownlink | Retransmitted packet seq=6249
2026-03-19 09:49:26 | INFO | ConnectedDownlink | Retransmitted packet seq=6255
2026-03-19 09:49:26 | INFO | ConnectedDownlink | DATA frame received seq=6255 → data_queue
2026-03-19 09:49:26 | INFO | ConnectedDownlink | Retransmitted packet seq=6259
2026-03-19 09:49:26 | INFO | ConnectedDownlink | DATA frame received seq=6259 → data_queue
2026-03-19 09:49:26 | INFO | ConnectedDownlink | Retransmitted packet seq=6261
2026-03-19 09:49:26 | INFO | ConnectedDownlink | DATA frame received seq=6261 → data_queue
2026-03-19 09:49:26 | INFO | ConnectedDownlink | Retransmitted packet seq=6270
2026-03-19 09:49:26 | INFO | ConnectedDownlink | DATA frame received seq=6270 → data_queue
2026-03-19 09:49:27 | INFO | ConnectedDownlink | Retransmitted packet seq=6273
2026-03-19 09:49:27 | INFO | ConnectedDownlink | Retransmitted packet seq=6276
2026-03-19 09:49:27 | INFO | ConnectedDownlink | Retransmitted packet seq=6277
2026-03-19 09:49:27 | INFO | ConnectedDownlink | Retransmitted packet seq=6281
2026-03-19 09:49:27 | INFO | ConnectedDownlink | DATA frame received seq=6281 → data_queue
2026-03-19 09:49:27 | INFO | ConnectedDownlink | Retransmitted packet seq=6292
2026-03-19 09:49:27 | INFO | ConnectedDownlink | DATA frame received seq=6292 → data_queue
2026-03-19 09:49:27 | INFO | ConnectedDownlink | Retransmitted packet seq=6293
2026-03-19 09:49:27 | INFO | ConnectedDownlink | Retransmitted packet seq=6298
2026-03-19 09:49:27 | INFO | ConnectedDownlink | Retransmitted packet seq=6309
2026-03-19 09:49:27 | INFO | ConnectedDownlink | Retransmitted packet seq=6313
2026-03-19 09:49:27 | INFO | ConnectedDownlink | DATA frame received seq=6313 → data_queue
2026-03-19 09:49:27 | INFO | ConnectedDownlink | Retransmitted packet seq=6315
2026-03-19 09:49:27 | INFO | ConnectedDownlink | DATA frame received seq=6315 → data_queue
2026-03-19 09:49:27 | INFO | ConnectedDownlink | Retransmitted packet seq=6316
2026-03-19 09:49:27 | INFO | ConnectedDownlink | Retransmitted packet seq=6317
2026-03-19 09:49:27 | INFO | ConnectedDownlink | Retransmitted packet seq=6320
2026-03-19 09:49:27 | INFO | ConnectedDownlink | DATA frame received seq=6320 → data_queue
2026-03-19 09:49:27 | INFO | ConnectedDownlink | Retransmitted packet seq=6322
2026-03-19 09:49:27 | INFO | ConnectedDownlink | Retransmitted packet seq=6324
2026-03-19 09:49:27 | INFO | ConnectedDownlink | DATA frame received seq=6324 → data_queue
2026-03-19 09:49:27 | INFO | ConnectedDownlink | Retransmitted packet seq=6327
2026-03-19 09:49:27 | INFO | ConnectedDownlink | DATA frame received seq=6327 → data_queue
2026-03-19 09:49:27 | INFO | ConnectedDownlink | Retransmitted packet seq=6331
2026-03-19 09:49:27 | INFO | ConnectedDownlink | Retransmitted packet seq=6338
2026-03-19 09:49:27 | INFO | ConnectedDownlink | Retransmitted packet seq=6344
2026-03-19 09:49:27 | INFO | ConnectedDownlink | Retransmitted packet seq=6345
2026-03-19 09:49:27 | INFO | ConnectedDownlink | DATA frame received seq=6345 → data_queue
2026-03-19 09:49:27 | INFO | ConnectedDownlink | Retransmitted packet seq=6346
2026-03-19 09:49:27 | INFO | ConnectedDownlink | DATA frame received seq=6346 → data_queue
2026-03-19 09:49:27 | INFO | ConnectedDownlink | Retransmitted packet seq=6347
2026-03-19 09:49:27 | INFO | ConnectedDownlink | Retransmitted packet seq=6348
� data_queue
2026-03-19 09:49:27 | INFO | ConnectedDownlink | Retransmitted packet seq=6349
2026-03-19 09:49:27 | INFO | ConnectedDownlink | DATA frame received seq=6348 → data_queue
2026-03-19 09:49:27 | INFO | ConnectedDownlink | DATA frame received seq=6349 → data_queue
2026-03-19 09:49:27 | INFO | ConnectedDownlink | Retransmitted packet seq=6350
2026-03-19 09:49:27 | INFO | ConnectedDownlink | DATA frame received seq=6350 → data_queue
2026-03-19 09:49:27 | INFO | ConnectedDownlink | Retransmitted packet seq=6358
2026-03-19 09:49:27 | INFO | ConnectedDownlink | DATA frame received seq=6358 → data_queue
2026-03-19 09:49:27 | INFO | ConnectedDownlink | Retransmitted packet seq=6359
2026-03-19 09:49:27 | INFO | ConnectedDownlink | DATA frame received seq=6359 → data_queue
2026-03-19 09:49:27 | INFO | ConnectedDownlink | Retransmitted packet seq=6364
2026-03-19 09:49:27 | INFO | ConnectedDownlink | DATA frame received seq=6364 → data_queue
2026-03-19 09:49:27 | INFO | ConnectedDownlink | Retransmitted packet seq=6367
2026-03-19 09:49:27 | INFO | ConnectedDownlink | Retransmitted packet seq=6369
2026-03-19 09:49:27 | INFO | ConnectedDownlink | Retransmitted packet seq=6374
2026-03-19 09:49:27 | INFO | ConnectedDownlink | DATA frame received seq=6374 → data_queue
2026-03-19 09:49:27 | INFO | ConnectedDownlink | Retransmitted packet seq=6375
2026-03-19 09:49:27 | INFO | ConnectedDownlink | DATA frame received seq=6375 → data_queue
2026-03-19 09:49:27 | INFO | ConnectedDownlink | DATA frame received seq=6376 → data_queue
2026-03-19 09:49:27 | INFO | ConnectedDownlink | Retransmitted packet seq=6376
2026-03-19 09:52:23 | INFO | ConnectedDownlink | GroundStation ConnectedDownlink: on_exit
2026-03-19 09:52:23 | INFO | ConnectedDownlink | Satellite ConnectedDownlink: on_exit
2026-03-19 09:52:23 | INFO | ConnectedDownlink | Satellite serve_loop cancelled
2026-03-19 09:52:26 | INFO | ConnectedDownlink | No activity detected, switching to Connectionless Downlink Mode
2026-03-19 09:52:26 | INFO | ConnectedDownlink | No activity detected, switching to Connectionless Downlink Mode
2026-03-19 09:53:18 | INFO | ConnectedDownlink | Entered ConnectedDownlink mode
2026-03-19 09:53:19 | INFO | ConnectedDownlink | ConnectedDownlink entered
2026-03-19 09:53:19 | INFO | ConnectedDownlink | starting activity timer for 180
2026-03-19 09:53:19 | INFO | ConnectedDownlink | Satellite serve_loop started (implicit-ACK mode)
2026-03-19 09:53:19 | INFO | ConnectedDownlink | Entered ConnectedDownlink mode
2026-03-19 09:53:19 | INFO | ConnectedDownlink | ConnectedDownlink entered
2026-03-19 09:53:19 | INFO | ConnectedDownlink | starting activity timer for 180
2026-03-19 09:53:19 | INFO | ConnectedDownlink | retransmit_loop started (implicit-ACK mode)
2026-03-19 09:53:19 | INFO | ConnectedDownlink | Requesting retransmission of [6007, 6011, 6046, 6047, 6048, 6050, 6051, 6058, 6059, 6062, 6063, 6066, 6067, 6068, 6069, 6074, 6076, 6077, 6079, 6083, 6085, 6086, 6088, 6092, 6098, 6099, 6103, 6110, 6112, 6114, 6116, 6117, 6120, 6122, 6130, 6139, 6146, 6151, 6152, 6162, 6166, 6172, 6173, 6177, 6178, 6186, 6187, 6189, 6192, 6200, 6203, 6204, 6208, 6212, 6215, 6216, 6226, 6231, 6234, 6241, 6243, 6249, 6255, 6259, 6261, 6270, 6273, 6276, 6277, 6281, 6292, 6293, 6298, 6309, 6313, 6315, 6316, 6317, 6320, 6322, 6324, 6327, 6331, 6338, 6344, 6345, 6346, 6347, 6348, 6349, 6350, 6358, 6359, 6364, 6367, 6369, 6374, 6375, 6376, 6381, 6387, 6388, 6393, 6399, 6403, 6408, 6410, 6412, 6420, 6423, 6424, 6425, 6426, 6430, 6432, 6433, 6437, 6441, 6449, 6454, 6457, 6459, 6462, 6463, 6464, 6465, 6466, 6467, 6468, 6472, 6473, 6475, 6477, 6478, 6479, 6482, 6483, 6485, 6495, 6496, 6497, 6498, 6501, 6502, 6506, 6512, 6513, 6514, 6516, 6521, 6523, 6526, 6531, 6532, 6534, 6535, 6540, 6542, 6545, 6549, 6550, 6556, 6559, 6561, 6566, 6569, 6570, 6572, 6575, 6577, 6578, 6581, 6592, 6600, 6601, 6606, 6607, 6617, 6618, 6620, 6624, 6626, 6632, 6634, 6635, 6646, 6655, 6660, 6664, 6666, 6668, 6669, 6675, 6678, 6683, 6686, 6691, 6694, 6695, 6705, 6708, 6711, 6714, 6729, 6735, 6736, 6738, 6742, 6745, 6746, 6747, 6748, 6753, 6754, 6756, 6759, 6761, 6767, 6773, 6775, 6777, 6778, 6787, 6793, 6795, 6797, 6812, 6828, 6829, 6832, 6833, 6834, 6835, 6836, 6840, 6842, 6844, 6854, 6855, 6860, 6862, 6865, 6868, 6871, 6874, 6876, 6877, 6886, 6887, 6888, 6889, 6892, 6895, 6896, 6902, 6906, 6907, 6909, 6916, 6917, 6921, 6925, 6934, 6940, 6941, 6945, 6947, 6950, 6951, 6959, 6962, 6963, 6965, 6967, 6968, 6970, 6974, 6980, 6988, 6991, 6994, 6997, 6998, 7005, 7008, 7010, 7020, 7025, 7027, 7035, 7037, 7039, 7041, 7042, 7053, 7054, 7055, 7056, 7058, 7059, 7064, 7067, 7073, 7077, 7090, 7096, 7100, 7102, 7104, 7106, 7114, 7115, 7116, 7118, 7122, 7126, 7128, 7133, 7136, 7137, 7139, 7141, 7142, 7143, 7147, 7151, 7158, 7159, 7161, 7163, 7164, 7176, 7177, 7178, 7187, 7189, 7197, 7198, 7199, 7204, 7206, 7208, 7209, 7216, 7221, 7225, 7226, 7227, 7228, 7237, 7239, 7241, 7244, 7246, 7247, 7253, 7258, 7260, 7261, 7262, 7263, 7264, 7266, 7267, 7268, 7270, 7272, 7274, 7280, 7282, 7285, 7290, 7293, 7298, 7299, 7303, 7308, 7312, 7313, 7317, 7319, 7320, 7323, 7327, 7329, 7333, 7334, 7336, 7338, 7339, 7341, 7343, 7344, 7354, 7362, 7366, 7369, 7373, 7377]
2026-03-19 09:53:19 | INFO | ConnectedDownlink | SENDING RETRANSMISSION REQUEST [6007, 6011, 6046, 6047, 6048, 6050, 6051, 6058, 6059, 6062, 6063, 6066, 6067, 6068, 6069, 6074, 6076, 6077, 6079, 6083, 6085, 6086, 6088, 6092, 6098, 6099, 6103, 6110, 6112, 6114, 6116, 6117, 6120, 6122, 6130, 6139, 6146, 6151, 6152, 6162, 6166, 6172, 6173, 6177, 6178, 6186, 6187, 6189, 6192, 6200, 6203, 6204, 6208, 6212, 6215, 6216, 6226, 6231, 6234, 6241, 6243, 6249, 6255, 6259, 6261, 6270, 6273, 6276, 6277, 6281, 6292, 6293, 6298, 6309, 6313, 6315, 6316, 6317, 6320, 6322, 6324, 6327, 6331, 6338, 6344, 6345, 6346, 6347, 6348, 6349, 6350, 6358, 6359, 6364, 6367, 6369, 6374, 6375, 6376, 6381] (attempt 1/5)
2026-03-19 09:53:19 | INFO | ConnectedDownlink | RETRANSMIT_REQUEST received: [6007, 6011, 6046, 6047, 6048, 6050, 6051, 6058, 6059, 6062, 6063, 6066, 6067, 6068, 6069, 6074, 6076, 6077, 6079, 6083, 6085, 6086, 6088, 6092, 6098, 6099, 6103, 6110, 6112, 6114, 6116, 6117, 6120, 6122, 6130, 6139, 6146, 6151, 6152, 6162, 6166, 6172, 6173, 6177, 6178, 6186, 6187, 6189, 6192, 6200, 6203, 6204, 6208, 6212, 6215, 6216, 6226, 6231, 6234, 6241, 6243, 6249, 6255, 6259, 6261, 6270, 6273, 6276, 6277, 6281, 6292, 6293, 6298, 6309, 6313, 6315, 6316, 6317, 6320, 6322, 6324, 6327, 6331, 6338, 6344, 6345, 6346, 6347, 6348, 6349, 6350, 6358, 6359, 6364, 6367, 6369, 6374, 6375, 6376, 6381]
2026-03-19 09:53:19 | INFO | ConnectedDownlink | Serving retransmit request: {6146, 6151, 6152, 6162, 6166, 6172, 6173, 6177, 6178, 6186, 6187, 6189, 6192, 6200, 6203, 6204, 6208, 6212, 6215, 6216, 6226, 6231, 6234, 6241, 6243, 6249, 6255, 6259, 6261, 6270, 6273, 6276, 6277, 6281, 6292, 6293, 6298, 6309, 6313, 6315, 6316, 6317, 6320, 6322, 6324, 6327, 6331, 6338, 6344, 6345, 6346, 6347, 6348, 6349, 6350, 6358, 6359, 6364, 6367, 6369, 6374, 6375, 6376, 6381, 6007, 6011, 6046, 6047, 6048, 6050, 6051, 6058, 6059, 6062, 6063, 6066, 6067, 6068, 6069, 6074, 6076, 6077, 6079, 6083, 6085, 6086, 6088, 6092, 6098, 6099, 6103, 6110, 6112, 6114, 6116, 6117, 6120, 6122, 6130, 6139}
2026-03-19 09:53:19 | INFO | ConnectedDownlink | Retransmitted packet seq=6007
2026-03-19 09:53:19 | INFO | ConnectedDownlink | DATA frame received seq=6007 → data_queue
2026-03-19 09:53:19 | INFO | ConnectedDownlink | Retransmitted packet seq=6011
2026-03-19 09:53:19 | INFO | ConnectedDownlink | Retransmitted packet seq=6046
2026-03-19 09:53:19 | INFO | ConnectedDownlink | Retransmitted packet seq=6047
2026-03-19 09:53:19 | INFO | ConnectedDownlink | DATA frame received seq=6047 → data_queue
2026-03-19 09:53:19 | INFO | ConnectedDownlink | Retransmitted packet seq=6048
2026-03-19 09:53:19 | INFO | ConnectedDownlink | Retransmitted packet seq=6050
2026-03-19 09:53:19 | INFO | ConnectedDownlink | Retransmitted packet seq=6051
2026-03-19 09:53:19 | INFO | ConnectedDownlink | DATA frame received seq=6051 → data_queue
2026-03-19 09:53:19 | INFO | ConnectedDownlink | Retransmitted packet seq=6058
2026-03-19 09:53:19 | INFO | ConnectedDownlink | DATA frame received seq=6058 → data_queue
2026-03-19 09:53:19 | INFO | ConnectedDownlink | Retransmitted packet seq=6059
2026-03-19 09:53:19 | INFO | ConnectedDownlink | DATA frame received seq=6059 → data_queue
2026-03-19 09:53:19 | INFO | ConnectedDownlink | Retransmitted packet seq=6062
2026-03-19 09:53:19 | INFO | ConnectedDownlink | DATA frame received seq=6062 → data_queue
2026-03-19 09:53:19 | INFO | ConnectedDownlink | Retransmitted packet seq=6063
2026-03-19 09:53:19 | INFO | ConnectedDownlink | DATA frame received seq=6063 → data_queue
2026-03-19 09:53:19 | INFO | ConnectedDownlink | Retransmitted packet seq=6066
2026-03-19 09:53:19 | INFO | ConnectedDownlink | DATA frame received seq=6066 → data_queue
2026-03-19 09:53:19 | INFO | ConnectedDownlink | Retransmitted packet seq=6067
2026-03-19 09:53:19 | INFO | ConnectedDownlink | DATA frame received seq=6067 → data_queue
2026-03-19 09:53:19 | INFO | ConnectedDownlink | Retransmitted packet seq=6068
2026-03-19 09:53:19 | INFO | ConnectedDownlink | DATA frame received seq=6068 → data_queue
2026-03-19 09:53:19 | INFO | ConnectedDownlink | Retransmitted packet seq=6069
2026-03-19 09:53:19 | INFO | ConnectedDownlink | Retransmitted packet seq=6074
2026-03-19 09:53:19 | INFO | ConnectedDownlink | DATA frame received seq=6074 → data_queue
2026-03-19 09:53:19 | INFO | ConnectedDownlink | Retransmitted packet seq=6076
2026-03-19 09:53:19 | INFO | ConnectedDownlink | DATA frame received seq=6076 → data_queue
2026-03-19 09:53:19 | INFO | ConnectedDownlink | Retransmitted packet seq=6077
2026-03-19 09:53:19 | INFO | ConnectedDownlink | DATA frame received seq=6077 → data_queue
2026-03-19 09:53:19 | INFO | ConnectedDownlink | Retransmitted packet seq=6079
2026-03-19 09:53:19 | INFO | ConnectedDownlink | DATA frame received seq=6079 → data_queue
2026-03-19 09:53:19 | INFO | ConnectedDownlink | Retransmitted packet seq=6083
2026-03-19 09:53:19 | INFO | ConnectedDownlink | DATA frame received seq=6083 → data_queue
2026-03-19 09:53:19 | INFO | ConnectedDownlink | Retransmitted packet seq=6085
2026-03-19 09:53:19 | INFO | ConnectedDownlink | Retransmitted packet seq=6086
2026-03-19 09:53:19 | INFO | ConnectedDownlink | DATA frame received seq=6086 → data_queue
2026-03-19 09:53:19 | INFO | ConnectedDownlink | Retransmitted packet seq=6088
2026-03-19 09:53:19 | INFO | ConnectedDownlink | DATA frame received seq=6088 → data_queue
2026-03-19 09:53:19 | INFO | ConnectedDownlink | Retransmitted packet seq=6092
2026-03-19 09:53:19 | INFO | ConnectedDownlink | Retransmitted packet seq=6098
2026-03-19 09:53:19 | INFO | ConnectedDownlink | DATA frame received seq=6098 → data_queue
2026-03-19 09:53:19 | INFO | ConnectedDownlink | Retransmitted packet seq=6099
2026-03-19 09:53:19 | INFO | ConnectedDownlink | DATA frame received seq=6099 → data_queue
2026-03-19 09:53:19 | INFO | ConnectedDownlink | Retransmitted packet seq=6103
2026-03-19 09:53:19 | INFO | ConnectedDownlink | Retransmitted packet seq=6110
2026-03-19 09:53:19 | INFO | ConnectedDownlink | Retransmitted packet seq=6112
2026-03-19 09:53:19 | INFO | ConnectedDownlink | Retransmitted packet seq=6114
2026-03-19 09:53:19 | INFO | ConnectedDownlink | DATA frame received seq=6114 → data_queue
2026-03-19 09:53:19 | INFO | ConnectedDownlink | Retransmitted packet seq=6116
2026-03-19 09:53:19 | INFO | ConnectedDownlink | DATA frame received seq=6116 → data_queue
2026-03-19 09:53:19 | INFO | ConnectedDownlink | Retransmitted packet seq=6117
2026-03-19 09:53:19 | INFO | ConnectedDownlink | DATA frame received seq=6117 → data_queue
2026-03-19 09:53:19 | INFO | ConnectedDownlink | Retransmitted packet seq=6120
2026-03-19 09:53:19 | INFO | ConnectedDownlink | DATA frame received seq=6120 → data_queue
2026-03-19 09:53:19 | INFO | ConnectedDownlink | Retransmitted packet seq=6122
2026-03-19 09:53:19 | INFO | ConnectedDownlink | Retransmitted packet seq=6130
2026-03-19 09:53:19 | INFO | ConnectedDownlink | DATA frame received seq=6130 → data_queue
2026-03-19 09:53:19 | INFO | ConnectedDownlink | Retransmitted packet seq=6139
2026-03-19 09:53:19 | INFO | ConnectedDownlink | Retransmitted packet seq=6146
2026-03-19 09:53:19 | INFO | ConnectedDownlink | DATA frame received seq=6139 → data_queue
2026-03-19 09:53:19 | INFO | ConnectedDownlink | Retransmitted packet seq=6151
2026-03-19 09:53:19 | INFO | ConnectedDownlink | DATA frame received seq=6146 → data_queue
2026-03-19 09:53:19 | INFO | ConnectedDownlink | Retransmitted packet seq=6152
2026-03-19 09:53:19 | INFO | ConnectedDownlink | DATA frame received seq=6151 → data_queue
2026-03-19 09:53:19 | INFO | ConnectedDownlink | Retransmitted packet seq=6162
2026-03-19 09:53:19 | INFO | ConnectedDownlink | Retransmitted packet seq=6166
2026-03-19 09:53:19 | INFO | ConnectedDownlink | DATA frame received seq=6166 → data_queue
2026-03-19 09:53:19 | INFO | ConnectedDownlink | Retransmitted packet seq=6172
2026-03-19 09:53:19 | INFO | ConnectedDownlink | DATA frame received seq=6172 → data_queue
2026-03-19 09:53:19 | INFO | ConnectedDownlink | Retransmitted packet seq=6173
2026-03-19 09:53:19 | INFO | ConnectedDownlink | Retransmitted packet seq=6177
2026-03-19 09:53:19 | INFO | ConnectedDownlink | DATA frame received seq=6177 → data_queue
2026-03-19 09:53:19 | INFO | ConnectedDownlink | Retransmitted packet seq=6178
2026-03-19 09:53:19 | INFO | ConnectedDownlink | DATA frame received seq=6178 → data_queue
2026-03-19 09:53:19 | INFO | ConnectedDownlink | Retransmitted packet seq=6186
2026-03-19 09:53:19 | INFO | ConnectedDownlink | Retransmitted packet seq=6187
2026-03-19 09:53:19 | INFO | ConnectedDownlink | Retransmitted packet seq=6189
2026-03-19 09:53:19 | INFO | ConnectedDownlink | Retransmitted packet seq=6192
2026-03-19 09:53:19 | INFO | ConnectedDownlink | Retransmitted packet seq=6200
2026-03-19 09:53:19 | INFO | ConnectedDownlink | DATA frame received seq=6192 → data_queue
2026-03-19 09:53:19 | INFO | ConnectedDownlink | DATA frame received seq=6200 → data_queue
2026-03-19 09:53:19 | INFO | ConnectedDownlink | Retransmitted packet seq=6203
2026-03-19 09:53:19 | INFO | ConnectedDownlink | Retransmitted packet seq=6204
2026-03-19 09:53:19 | INFO | ConnectedDownlink | DATA frame received seq=6204 → data_queue
2026-03-19 09:53:19 | INFO | ConnectedDownlink | Retransmitted packet seq=6208
2026-03-19 09:53:19 | INFO | ConnectedDownlink | DATA frame received seq=6208 → data_queue
2026-03-19 09:53:19 | INFO | ConnectedDownlink | Retransmitted packet seq=6212
2026-03-19 09:53:19 | INFO | ConnectedDownlink | DATA frame received seq=6212 → data_queue
2026-03-19 09:53:19 | INFO | ConnectedDownlink | Retransmitted packet seq=6215
2026-03-19 09:53:19 | INFO | ConnectedDownlink | DATA frame received seq=6215 → data_queue
2026-03-19 09:53:19 | INFO | ConnectedDownlink | Retransmitted packet seq=6216
2026-03-19 09:53:19 | INFO | ConnectedDownlink | DATA frame received seq=6216 → data_queue
2026-03-19 09:53:19 | INFO | ConnectedDownlink | Retransmitted packet seq=6226
2026-03-19 09:53:19 | INFO | ConnectedDownlink | DATA frame received seq=6226 → data_queue
2026-03-19 09:53:19 | INFO | ConnectedDownlink | Retransmitted packet seq=6231
2026-03-19 09:53:19 | INFO | ConnectedDownlink | Retransmitted packet seq=6234
2026-03-19 09:53:19 | INFO | ConnectedDownlink | DATA frame received seq=6234 → data_queue
2026-03-19 09:53:19 | INFO | ConnectedDownlink | Retransmitted packet seq=6241
2026-03-19 09:53:19 | INFO | ConnectedDownlink | Retransmitted packet seq=6243
2026-03-19 09:53:19 | INFO | ConnectedDownlink | Retransmitted packet seq=6249
2026-03-19 09:53:19 | INFO | ConnectedDownlink | DATA frame received seq=6249 → data_queue
2026-03-19 09:53:19 | INFO | ConnectedDownlink | Retransmitted packet seq=6255
2026-03-19 09:53:19 | INFO | ConnectedDownlink | DATA frame received seq=6255 → data_queue
2026-03-19 09:53:20 | INFO | ConnectedDownlink | Retransmitted packet seq=6259
2026-03-19 09:53:20 | INFO | ConnectedDownlink | DATA frame received seq=6259 → data_queue
2026-03-19 09:53:20 | INFO | ConnectedDownlink | Retransmitted packet seq=6261
2026-03-19 09:53:20 | INFO | ConnectedDownlink | Retransmitted packet seq=6270
2026-03-19 09:53:20 | INFO | ConnectedDownlink | Retransmitted packet seq=6273
2026-03-19 09:53:20 | INFO | ConnectedDownlink | Retransmitted packet seq=6276
2026-03-19 09:53:20 | INFO | ConnectedDownlink | Retransmitted packet seq=6277
2026-03-19 09:53:20 | INFO | ConnectedDownlink | DATA frame received seq=6276 → data_queue
2026-03-19 09:53:20 | INFO | ConnectedDownlink | DATA frame received seq=6277 → data_queue
2026-03-19 09:53:20 | INFO | ConnectedDownlink | Retransmitted packet seq=6281
2026-03-19 09:53:20 | INFO | ConnectedDownlink | DATA frame received seq=6281 → data_queue
2026-03-19 09:53:20 | INFO | ConnectedDownlink | Retransmitted packet seq=6292
2026-03-19 09:53:20 | INFO | ConnectedDownlink | Retransmitted packet seq=6293
� data_queue
2026-03-19 09:53:20 | INFO | ConnectedDownlink | DATA frame received seq=6293 → data_queue
2026-03-19 09:53:20 | INFO | ConnectedDownlink | Retransmitted packet seq=6298
2026-03-19 09:53:20 | INFO | ConnectedDownlink | Retransmitted packet seq=6309
2026-03-19 09:53:20 | INFO | ConnectedDownlink | DATA frame received seq=6309 → data_queue
2026-03-19 09:53:20 | INFO | ConnectedDownlink | Retransmitted packet seq=6313
2026-03-19 09:53:20 | INFO | ConnectedDownlink | DATA frame received seq=6313 → data_queue
2026-03-19 09:53:20 | INFO | ConnectedDownlink | Retransmitted packet seq=6315
2026-03-19 09:53:20 | INFO | ConnectedDownlink | Retransmitted packet seq=6316
2026-03-19 09:53:20 | INFO | ConnectedDownlink | DATA frame received seq=6316 → data_queue
2026-03-19 09:53:20 | INFO | ConnectedDownlink | Retransmitted packet seq=6317
2026-03-19 09:53:20 | INFO | ConnectedDownlink | DATA frame received seq=6317 → data_queue
2026-03-19 09:53:20 | INFO | ConnectedDownlink | Retransmitted packet seq=6320
2026-03-19 09:53:20 | INFO | ConnectedDownlink | DATA frame received seq=6320 → data_queue
2026-03-19 09:53:20 | INFO | ConnectedDownlink | Retransmitted packet seq=6322
2026-03-19 09:53:20 | INFO | ConnectedDownlink | DATA frame received seq=6322 → data_queue
2026-03-19 09:53:20 | INFO | ConnectedDownlink | Retransmitted packet seq=6324
2026-03-19 09:53:20 | INFO | ConnectedDownlink | Retransmitted packet seq=6327
2026-03-19 09:53:20 | INFO | ConnectedDownlink | Retransmitted packet seq=6331
2026-03-19 09:53:20 | INFO | ConnectedDownlink | DATA frame received seq=6331 → data_queue
2026-03-19 09:53:20 | INFO | ConnectedDownlink | Retransmitted packet seq=6338
2026-03-19 09:53:20 | INFO | ConnectedDownlink | DATA frame received seq=6338 → data_queue
2026-03-19 09:53:20 | INFO | ConnectedDownlink | Retransmitted packet seq=6344
2026-03-19 09:53:20 | INFO | ConnectedDownlink | DATA frame received seq=6344 → data_queue
2026-03-19 09:53:20 | INFO | ConnectedDownlink | Retransmitted packet seq=6345
2026-03-19 09:53:20 | INFO | ConnectedDownlink | DATA frame received seq=6345 → data_queue
2026-03-19 09:53:20 | INFO | ConnectedDownlink | Retransmitted packet seq=6346
2026-03-19 09:53:20 | INFO | ConnectedDownlink | Retransmitted packet seq=6347
2026-03-19 09:53:20 | INFO | ConnectedDownlink | DATA frame received seq=6347 → data_queue
2026-03-19 09:53:20 | INFO | ConnectedDownlink | Retransmitted packet seq=6348
2026-03-19 09:53:20 | INFO | ConnectedDownlink | DATA frame received seq=6348 → data_queue
2026-03-19 09:53:20 | INFO | ConnectedDownlink | Retransmitted packet seq=6349
2026-03-19 09:53:20 | INFO | ConnectedDownlink | DATA frame received seq=6349 → data_queue
2026-03-19 09:53:20 | INFO | ConnectedDownlink | Retransmitted packet seq=6350
2026-03-19 09:53:20 | INFO | ConnectedDownlink | DATA frame received seq=6350 → data_queue
2026-03-19 09:53:20 | INFO | ConnectedDownlink | Retransmitted packet seq=6358
2026-03-19 09:53:20 | INFO | ConnectedDownlink | DATA frame received seq=6358 → data_queue
2026-03-19 09:53:20 | INFO | ConnectedDownlink | Retransmitted packet seq=6359
2026-03-19 09:53:20 | INFO | ConnectedDownlink | Retransmitted packet seq=6364
2026-03-19 09:53:20 | INFO | ConnectedDownlink | DATA frame received seq=6364 → data_queue
2026-03-19 09:53:20 | INFO | ConnectedDownlink | Retransmitted packet seq=6367
2026-03-19 09:53:20 | INFO | ConnectedDownlink | Retransmitted packet seq=6369
2026-03-19 09:53:20 | INFO | ConnectedDownlink | DATA frame received seq=6369 → data_queue
2026-03-19 09:53:20 | INFO | ConnectedDownlink | Retransmitted packet seq=6374
2026-03-19 09:53:20 | INFO | ConnectedDownlink | DATA frame received seq=6374 → data_queue
2026-03-19 09:53:20 | INFO | ConnectedDownlink | Retransmitted packet seq=6375
2026-03-19 09:53:20 | INFO | ConnectedDownlink | Retransmitted packet seq=6376
2026-03-19 09:53:20 | INFO | ConnectedDownlink | DATA frame received seq=6376 → data_queue
2026-03-19 09:53:20 | INFO | ConnectedDownlink | DATA frame received seq=6381 → data_queue
2026-03-19 09:53:20 | INFO | ConnectedDownlink | Retransmitted packet seq=6381
2026-03-19 09:53:40 | INFO | ConnectedDownlink | Satellite serve_loop cancelled
2026-03-19 09:53:44 | INFO | ConnectedDownlink | Entered ConnectedDownlink mode
2026-03-19 09:53:44 | INFO | ConnectedDownlink | ConnectedDownlink entered
2026-03-19 09:53:44 | INFO | ConnectedDownlink | starting activity timer for 180
2026-03-19 09:53:44 | INFO | ConnectedDownlink | Satellite serve_loop started (implicit-ACK mode)
2026-03-19 09:53:44 | INFO | ConnectedDownlink | Entered ConnectedDownlink mode
2026-03-19 09:53:44 | INFO | ConnectedDownlink | ConnectedDownlink entered
2026-03-19 09:53:44 | INFO | ConnectedDownlink | starting activity timer for 180
2026-03-19 09:53:44 | INFO | ConnectedDownlink | retransmit_loop started (implicit-ACK mode)
2026-03-19 09:53:44 | INFO | ConnectedDownlink | Requesting retransmission of [6011, 6046, 6047, 6048, 6050, 6051, 6058, 6059, 6062, 6063, 6066, 6067, 6068, 6069, 6074, 6076, 6077, 6079, 6083, 6085, 6086, 6088, 6092, 6098, 6099, 6103, 6110, 6112, 6114, 6116, 6117, 6120, 6122, 6130, 6139, 6146, 6151, 6152, 6162, 6166, 6172, 6173, 6177, 6178, 6186, 6187, 6189, 6192, 6200, 6203, 6204, 6208, 6212, 6215, 6216, 6226, 6231, 6234, 6241, 6243, 6249, 6255, 6259, 6261, 6270, 6273, 6276, 6277, 6281, 6292, 6293, 6298, 6309, 6313, 6315, 6316, 6317, 6320, 6322, 6324, 6327, 6331, 6338, 6344, 6345, 6346, 6347, 6348, 6349, 6350, 6358, 6359, 6364, 6367, 6369, 6374, 6375, 6376, 6381, 6387, 6388, 6393, 6399, 6403, 6408, 6410, 6412, 6420, 6423, 6424, 6425, 6426, 6430, 6432, 6433, 6437, 6441, 6449, 6454, 6457, 6459, 6462, 6463, 6464, 6465, 6466, 6467, 6468, 6472, 6473, 6475, 6477, 6478, 6479, 6482, 6483, 6485, 6495, 6496, 6497, 6498, 6501, 6502, 6506, 6512, 6513, 6514, 6516, 6521, 6523, 6526, 6531, 6532, 6534, 6535, 6540, 6542, 6545, 6549, 6550, 6556, 6559, 6561, 6566, 6569, 6570, 6572, 6575, 6577, 6578, 6581, 6592, 6600, 6601, 6606, 6607, 6617, 6618, 6620, 6624, 6626, 6632, 6634, 6635, 6646, 6655, 6660, 6664, 6666, 6668, 6669, 6675, 6678, 6683, 6686, 6691, 6694, 6695, 6705, 6708, 6711, 6714, 6729, 6735, 6736, 6738, 6742, 6745, 6746, 6747, 6748, 6753, 6754, 6756, 6759, 6761, 6767, 6773, 6775, 6777, 6778, 6787, 6793, 6795, 6797, 6812, 6828, 6829, 6832, 6833, 6834, 6835, 6836, 6840, 6842, 6844, 6854, 6855, 6860, 6862, 6865, 6868, 6871, 6874, 6876, 6877, 6886, 6887, 6888, 6889, 6892, 6895, 6896, 6902, 6906, 6907, 6909, 6916, 6917, 6921, 6925, 6934, 6940, 6941, 6945, 6947, 6950, 6951, 6959, 6962, 6963, 6965, 6967, 6968, 6970, 6974, 6980, 6988, 6991, 6994, 6997, 6998, 7005, 7008, 7010, 7020, 7025, 7027, 7035, 7037, 7039, 7041, 7042, 7053, 7054, 7055, 7056, 7058, 7059, 7064, 7067, 7073, 7077, 7090, 7096, 7100, 7102, 7104, 7106, 7114, 7115, 7116, 7118, 7122, 7126, 7128, 7133, 7136, 7137, 7139, 7141, 7142, 7143, 7147, 7151, 7158, 7159, 7161, 7163, 7164, 7176, 7177, 7178, 7187, 7189, 7197, 7198, 7199, 7204, 7206, 7208, 7209, 7216, 7221, 7225, 7226, 7227, 7228, 7237, 7239, 7241, 7244, 7246, 7247, 7253, 7258, 7260, 7261, 7262, 7263, 7264, 7266, 7267, 7268, 7270, 7272, 7274, 7280, 7282, 7285, 7290, 7293, 7298, 7299, 7303, 7308, 7312, 7313, 7317, 7319, 7320, 7323, 7327, 7329, 7333, 7334, 7336, 7338, 7339, 7341, 7343, 7344, 7354, 7362, 7366, 7369, 7373, 7377]
2026-03-19 09:53:44 | INFO | ConnectedDownlink | SENDING RETRANSMISSION REQUEST [6011, 6046, 6047, 6048, 6050, 6051, 6058, 6059, 6062, 6063, 6066, 6067, 6068, 6069, 6074, 6076, 6077, 6079, 6083, 6085, 6086, 6088, 6092, 6098, 6099, 6103, 6110, 6112, 6114, 6116, 6117, 6120, 6122, 6130, 6139, 6146, 6151, 6152, 6162, 6166, 6172, 6173, 6177, 6178, 6186, 6187, 6189, 6192, 6200, 6203, 6204, 6208, 6212, 6215, 6216, 6226, 6231, 6234, 6241, 6243, 6249, 6255, 6259, 6261, 6270, 6273, 6276, 6277, 6281, 6292, 6293, 6298, 6309, 6313, 6315, 6316, 6317, 6320, 6322, 6324, 6327, 6331, 6338, 6344, 6345, 6346, 6347, 6348, 6349, 6350, 6358, 6359, 6364, 6367, 6369, 6374, 6375, 6376, 6381, 6387] (attempt 1/5)
2026-03-19 09:53:47 | INFO | ConnectedDownlink | timeout error
2026-03-19 09:53:47 | INFO | ConnectedDownlink | Attempt 1/5: received 0/398, still missing [6011, 6046, 6047, 6048, 6050, 6051, 6058, 6059, 6062, 6063, 6066, 6067, 6068, 6069, 6074, 6076, 6077, 6079, 6083, 6085, 6086, 6088, 6092, 6098, 6099, 6103, 6110, 6112, 6114, 6116, 6117, 6120, 6122, 6130, 6139, 6146, 6151, 6152, 6162, 6166, 6172, 6173, 6177, 6178, 6186, 6187, 6189, 6192, 6200, 6203, 6204, 6208, 6212, 6215, 6216, 6226, 6231, 6234, 6241, 6243, 6249, 6255, 6259, 6261, 6270, 6273, 6276, 6277, 6281, 6292, 6293, 6298, 6309, 6313, 6315, 6316, 6317, 6320, 6322, 6324, 6327, 6331, 6338, 6344, 6345, 6346, 6347, 6348, 6349, 6350, 6358, 6359, 6364, 6367, 6369, 6374, 6375, 6376, 6381, 6387, 6388, 6393, 6399, 6403, 6408, 6410, 6412, 6420, 6423, 6424, 6425, 6426, 6430, 6432, 6433, 6437, 6441, 6449, 6454, 6457, 6459, 6462, 6463, 6464, 6465, 6466, 6467, 6468, 6472, 6473, 6475, 6477, 6478, 6479, 6482, 6483, 6485, 6495, 6496, 6497, 6498, 6501, 6502, 6506, 6512, 6513, 6514, 6516, 6521, 6523, 6526, 6531, 6532, 6534, 6535, 6540, 6542, 6545, 6549, 6550, 6556, 6559, 6561, 6566, 6569, 6570, 6572, 6575, 6577, 6578, 6581, 6592, 6600, 6601, 6606, 6607, 6617, 6618, 6620, 6624, 6626, 6632, 6634, 6635, 6646, 6655, 6660, 6664, 6666, 6668, 6669, 6675, 6678, 6683, 6686, 6691, 6694, 6695, 6705, 6708, 6711, 6714, 6729, 6735, 6736, 6738, 6742, 6745, 6746, 6747, 6748, 6753, 6754, 6756, 6759, 6761, 6767, 6773, 6775, 6777, 6778, 6787, 6793, 6795, 6797, 6812, 6828, 6829, 6832, 6833, 6834, 6835, 6836, 6840, 6842, 6844, 6854, 6855, 6860, 6862, 6865, 6868, 6871, 6874, 6876, 6877, 6886, 6887, 6888, 6889, 6892, 6895, 6896, 6902, 6906, 6907, 6909, 6916, 6917, 6921, 6925, 6934, 6940, 6941, 6945, 6947, 6950, 6951, 6959, 6962, 6963, 6965, 6967, 6968, 6970, 6974, 6980, 6988, 6991, 6994, 6997, 6998, 7005, 7008, 7010, 7020, 7025, 7027, 7035, 7037, 7039, 7041, 7042, 7053, 7054, 7055, 7056, 7058, 7059, 7064, 7067, 7073, 7077, 7090, 7096, 7100, 7102, 7104, 7106, 7114, 7115, 7116, 7118, 7122, 7126, 7128, 7133, 7136, 7137, 7139, 7141, 7142, 7143, 7147, 7151, 7158, 7159, 7161, 7163, 7164, 7176, 7177, 7178, 7187, 7189, 7197, 7198, 7199, 7204, 7206, 7208, 7209, 7216, 7221, 7225, 7226, 7227, 7228, 7237, 7239, 7241, 7244, 7246, 7247, 7253, 7258, 7260, 7261, 7262, 7263, 7264, 7266, 7267, 7268, 7270, 7272, 7274, 7280, 7282, 7285, 7290, 7293, 7298, 7299, 7303, 7308, 7312, 7313, 7317, 7319, 7320, 7323, 7327, 7329, 7333, 7334, 7336, 7338, 7339, 7341, 7343, 7344, 7354, 7362, 7366, 7369, 7373, 7377]
2026-03-19 09:53:47 | INFO | ConnectedDownlink | SENDING RETRANSMISSION REQUEST [6011, 6046, 6047, 6048, 6050, 6051, 6058, 6059, 6062, 6063, 6066, 6067, 6068, 6069, 6074, 6076, 6077, 6079, 6083, 6085, 6086, 6088, 6092, 6098, 6099, 6103, 6110, 6112, 6114, 6116, 6117, 6120, 6122, 6130, 6139, 6146, 6151, 6152, 6162, 6166, 6172, 6173, 6177, 6178, 6186, 6187, 6189, 6192, 6200, 6203, 6204, 6208, 6212, 6215, 6216, 6226, 6231, 6234, 6241, 6243, 6249, 6255, 6259, 6261, 6270, 6273, 6276, 6277, 6281, 6292, 6293, 6298, 6309, 6313, 6315, 6316, 6317, 6320, 6322, 6324, 6327, 6331, 6338, 6344, 6345, 6346, 6347, 6348, 6349, 6350, 6358, 6359, 6364, 6367, 6369, 6374, 6375, 6376, 6381, 6387] (attempt 2/5)
2026-03-19 09:53:50 | INFO | ConnectedDownlink | timeout error
2026-03-19 09:53:50 | INFO | ConnectedDownlink | Attempt 2/5: received 0/398, still missing [6011, 6046, 6047, 6048, 6050, 6051, 6058, 6059, 6062, 6063, 6066, 6067, 6068, 6069, 6074, 6076, 6077, 6079, 6083, 6085, 6086, 6088, 6092, 6098, 6099, 6103, 6110, 6112, 6114, 6116, 6117, 6120, 6122, 6130, 6139, 6146, 6151, 6152, 6162, 6166, 6172, 6173, 6177, 6178, 6186, 6187, 6189, 6192, 6200, 6203, 6204, 6208, 6212, 6215, 6216, 6226, 6231, 6234, 6241, 6243, 6249, 6255, 6259, 6261, 6270, 6273, 6276, 6277, 6281, 6292, 6293, 6298, 6309, 6313, 6315, 6316, 6317, 6320, 6322, 6324, 6327, 6331, 6338, 6344, 6345, 6346, 6347, 6348, 6349, 6350, 6358, 6359, 6364, 6367, 6369, 6374, 6375, 6376, 6381, 6387, 6388, 6393, 6399, 6403, 6408, 6410, 6412, 6420, 6423, 6424, 6425, 6426, 6430, 6432, 6433, 6437, 6441, 6449, 6454, 6457, 6459, 6462, 6463, 6464, 6465, 6466, 6467, 6468, 6472, 6473, 6475, 6477, 6478, 6479, 6482, 6483, 6485, 6495, 6496, 6497, 6498, 6501, 6502, 6506, 6512, 6513, 6514, 6516, 6521, 6523, 6526, 6531, 6532, 6534, 6535, 6540, 6542, 6545, 6549, 6550, 6556, 6559, 6561, 6566, 6569, 6570, 6572, 6575, 6577, 6578, 6581, 6592, 6600, 6601, 6606, 6607, 6617, 6618, 6620, 6624, 6626, 6632, 6634, 6635, 6646, 6655, 6660, 6664, 6666, 6668, 6669, 6675, 6678, 6683, 6686, 6691, 6694, 6695, 6705, 6708, 6711, 6714, 6729, 6735, 6736, 6738, 6742, 6745, 6746, 6747, 6748, 6753, 6754, 6756, 6759, 6761, 6767, 6773, 6775, 6777, 6778, 6787, 6793, 6795, 6797, 6812, 6828, 6829, 6832, 6833, 6834, 6835, 6836, 6840, 6842, 6844, 6854, 6855, 6860, 6862, 6865, 6868, 6871, 6874, 6876, 6877, 6886, 6887, 6888, 6889, 6892, 6895, 6896, 6902, 6906, 6907, 6909, 6916, 6917, 6921, 6925, 6934, 6940, 6941, 6945, 6947, 6950, 6951, 6959, 6962, 6963, 6965, 6967, 6968, 6970, 6974, 6980, 6988, 6991, 6994, 6997, 6998, 7005, 7008, 7010, 7020, 7025, 7027, 7035, 7037, 7039, 7041, 7042, 7053, 7054, 7055, 7056, 7058, 7059, 7064, 7067, 7073, 7077, 7090, 7096, 7100, 7102, 7104, 7106, 7114, 7115, 7116, 7118, 7122, 7126, 7128, 7133, 7136, 7137, 7139, 7141, 7142, 7143, 7147, 7151, 7158, 7159, 7161, 7163, 7164, 7176, 7177, 7178, 7187, 7189, 7197, 7198, 7199, 7204, 7206, 7208, 7209, 7216, 7221, 7225, 7226, 7227, 7228, 7237, 7239, 7241, 7244, 7246, 7247, 7253, 7258, 7260, 7261, 7262, 7263, 7264, 7266, 7267, 7268, 7270, 7272, 7274, 7280, 7282, 7285, 7290, 7293, 7298, 7299, 7303, 7308, 7312, 7313, 7317, 7319, 7320, 7323, 7327, 7329, 7333, 7334, 7336, 7338, 7339, 7341, 7343, 7344, 7354, 7362, 7366, 7369, 7373, 7377]
2026-03-19 09:53:50 | INFO | ConnectedDownlink | SENDING RETRANSMISSION REQUEST [6011, 6046, 6047, 6048, 6050, 6051, 6058, 6059, 6062, 6063, 6066, 6067, 6068, 6069, 6074, 6076, 6077, 6079, 6083, 6085, 6086, 6088, 6092, 6098, 6099, 6103, 6110, 6112, 6114, 6116, 6117, 6120, 6122, 6130, 6139, 6146, 6151, 6152, 6162, 6166, 6172, 6173, 6177, 6178, 6186, 6187, 6189, 6192, 6200, 6203, 6204, 6208, 6212, 6215, 6216, 6226, 6231, 6234, 6241, 6243, 6249, 6255, 6259, 6261, 6270, 6273, 6276, 6277, 6281, 6292, 6293, 6298, 6309, 6313, 6315, 6316, 6317, 6320, 6322, 6324, 6327, 6331, 6338, 6344, 6345, 6346, 6347, 6348, 6349, 6350, 6358, 6359, 6364, 6367, 6369, 6374, 6375, 6376, 6381, 6387] (attempt 3/5)
2026-03-19 09:53:50 | INFO | ConnectedDownlink | RETRANSMIT_REQUEST received: [6011, 6046, 6047, 6048, 6050, 6051, 6058, 6059, 6062, 6063, 6066, 6067, 6068, 6069, 6074, 6076, 6077, 6079, 6083, 6085, 6086, 6088, 6092, 6098, 6099, 6103, 6110, 6112, 6114, 6116, 6117, 6120, 6122, 6130, 6139, 6146, 6151, 6152, 6162, 6166, 6172, 6173, 6177, 6178, 6186, 6187, 6189, 6192, 6200, 6203, 6204, 6208, 6212, 6215, 6216, 6226, 6231, 6234, 6241, 6243, 6249, 6255, 6259, 6261, 6270, 6273, 6276, 6277, 6281, 6292, 6293, 6298, 6309, 6313, 6315, 6316, 6317, 6320, 6322, 6324, 6327, 6331, 6338, 6344, 6345, 6346, 6347, 6348, 6349, 6350, 6358, 6359, 6364, 6367, 6369, 6374, 6375, 6376, 6381, 6387]
2026-03-19 09:53:50 | INFO | ConnectedDownlink | Serving retransmit request: {6146, 6151, 6152, 6162, 6166, 6172, 6173, 6177, 6178, 6186, 6187, 6189, 6192, 6200, 6203, 6204, 6208, 6212, 6215, 6216, 6226, 6231, 6234, 6241, 6243, 6249, 6255, 6259, 6261, 6270, 6273, 6276, 6277, 6281, 6292, 6293, 6298, 6309, 6313, 6315, 6316, 6317, 6320, 6322, 6324, 6327, 6331, 6338, 6344, 6345, 6346, 6347, 6348, 6349, 6350, 6358, 6359, 6364, 6367, 6369, 6374, 6375, 6376, 6381, 6387, 6011, 6046, 6047, 6048, 6050, 6051, 6058, 6059, 6062, 6063, 6066, 6067, 6068, 6069, 6074, 6076, 6077, 6079, 6083, 6085, 6086, 6088, 6092, 6098, 6099, 6103, 6110, 6112, 6114, 6116, 6117, 6120, 6122, 6130, 6139}
2026-03-19 09:53:50 | INFO | ConnectedDownlink | Retransmitted packet seq=6011
2026-03-19 09:53:50 | INFO | ConnectedDownlink | Retransmitted packet seq=6046
2026-03-19 09:53:50 | INFO | ConnectedDownlink | DATA frame received seq=6011 → data_queue
2026-03-19 09:53:50 | INFO | ConnectedDownlink | Retransmitted packet seq=6047
2026-03-19 09:53:50 | INFO | ConnectedDownlink | DATA frame received seq=6047 → data_queue
2026-03-19 09:53:51 | INFO | ConnectedDownlink | Retransmitted packet seq=6048
2026-03-19 09:53:51 | INFO | ConnectedDownlink | DATA frame received seq=6048 → data_queue
2026-03-19 09:53:51 | INFO | ConnectedDownlink | Retransmitted packet seq=6050
2026-03-19 09:53:51 | INFO | ConnectedDownlink | DATA frame received seq=6050 → data_queue
2026-03-19 09:53:51 | INFO | ConnectedDownlink | Retransmitted packet seq=6051
2026-03-19 09:53:51 | INFO | ConnectedDownlink | Retransmitted packet seq=6058
2026-03-19 09:53:51 | INFO | ConnectedDownlink | Retransmitted packet seq=6059
2026-03-19 09:53:51 | INFO | ConnectedDownlink | DATA frame received seq=6058 → data_queue
2026-03-19 09:53:51 | INFO | ConnectedDownlink | DATA frame received seq=6059 → data_queue
2026-03-19 09:53:51 | INFO | ConnectedDownlink | Retransmitted packet seq=6062
2026-03-19 09:53:51 | INFO | ConnectedDownlink | Retransmitted packet seq=6063
2026-03-19 09:53:51 | INFO | ConnectedDownlink | DATA frame received seq=6062 → data_queue
2026-03-19 09:53:51 | INFO | ConnectedDownlink | Retransmitted packet seq=6066
2026-03-19 09:53:51 | INFO | ConnectedDownlink | Retransmitted packet seq=6067
2026-03-19 09:53:51 | INFO | ConnectedDownlink | DATA frame received seq=6066 → data_queue
2026-03-19 09:53:51 | INFO | ConnectedDownlink | Retransmitted packet seq=6068
2026-03-19 09:53:51 | INFO | ConnectedDownlink | DATA frame received seq=6067 → data_queue
2026-03-19 09:53:51 | INFO | ConnectedDownlink | Retransmitted packet seq=6069
2026-03-19 09:53:51 | INFO | ConnectedDownlink | Retransmitted packet seq=6074
2026-03-19 09:53:51 | INFO | ConnectedDownlink | Retransmitted packet seq=6076
2026-03-19 09:53:51 | INFO | ConnectedDownlink | DATA frame received seq=6076 → data_queue
2026-03-19 09:53:51 | INFO | ConnectedDownlink | Retransmitted packet seq=6077
2026-03-19 09:53:51 | INFO | ConnectedDownlink | DATA frame received seq=6077 → data_queue
2026-03-19 09:53:51 | INFO | ConnectedDownlink | Retransmitted packet seq=6079
2026-03-19 09:53:51 | INFO | ConnectedDownlink | Retransmitted packet seq=6083
2026-03-19 09:53:51 | INFO | ConnectedDownlink | DATA frame received seq=6083 → data_queue
2026-03-19 09:53:51 | INFO | ConnectedDownlink | Retransmitted packet seq=6085
2026-03-19 09:53:51 | INFO | ConnectedDownlink | Retransmitted packet seq=6086
2026-03-19 09:53:51 | INFO | ConnectedDownlink | DATA frame received seq=6086 → data_queue
2026-03-19 09:53:51 | INFO | ConnectedDownlink | Retransmitted packet seq=6088
2026-03-19 09:53:51 | INFO | ConnectedDownlink | DATA frame received seq=6088 → data_queue
2026-03-19 09:53:51 | INFO | ConnectedDownlink | Retransmitted packet seq=6092
2026-03-19 09:53:51 | INFO | ConnectedDownlink | DATA frame received seq=6092 → data_queue
2026-03-19 09:53:51 | INFO | ConnectedDownlink | Retransmitted packet seq=6098
2026-03-19 09:53:51 | INFO | ConnectedDownlink | DATA frame received seq=6098 → data_queue
2026-03-19 09:53:51 | INFO | ConnectedDownlink | Retransmitted packet seq=6099
2026-03-19 09:53:51 | INFO | ConnectedDownlink | DATA frame received seq=6099 → data_queue
2026-03-19 09:53:51 | INFO | ConnectedDownlink | Retransmitted packet seq=6103
2026-03-19 09:53:51 | INFO | ConnectedDownlink | Retransmitted packet seq=6110
2026-03-19 09:53:51 | INFO | ConnectedDownlink | DATA frame received seq=6110 → data_queue
2026-03-19 09:53:51 | INFO | ConnectedDownlink | Retransmitted packet seq=6112
2026-03-19 09:53:51 | INFO | ConnectedDownlink | DATA frame received seq=6112 → data_queue
2026-03-19 09:53:51 | INFO | ConnectedDownlink | Retransmitted packet seq=6114
2026-03-19 09:53:51 | INFO | ConnectedDownlink | Retransmitted packet seq=6116
2026-03-19 09:53:51 | INFO | ConnectedDownlink | DATA frame received seq=6116 → data_queue
2026-03-19 09:53:51 | INFO | ConnectedDownlink | Retransmitted packet seq=6117
2026-03-19 09:53:51 | INFO | ConnectedDownlink | DATA frame received seq=6117 → data_queue
2026-03-19 09:53:51 | INFO | ConnectedDownlink | Retransmitted packet seq=6120
2026-03-19 09:53:51 | INFO | ConnectedDownlink | DATA frame received seq=6120 → data_queue
2026-03-19 09:53:51 | INFO | ConnectedDownlink | Retransmitted packet seq=6122
2026-03-19 09:53:51 | INFO | ConnectedDownlink | DATA frame received seq=6122 → data_queue
2026-03-19 09:53:51 | INFO | ConnectedDownlink | Retransmitted packet seq=6130
2026-03-19 09:53:51 | INFO | ConnectedDownlink | DATA frame received seq=6130 → data_queue
2026-03-19 09:53:51 | INFO | ConnectedDownlink | Retransmitted packet seq=6139
2026-03-19 09:53:51 | INFO | ConnectedDownlink | DATA frame received seq=6139 → data_queue
2026-03-19 09:53:51 | INFO | ConnectedDownlink | Retransmitted packet seq=6146
2026-03-19 09:53:51 | INFO | ConnectedDownlink | DATA frame received seq=6146 → data_queue
2026-03-19 09:53:51 | INFO | ConnectedDownlink | Retransmitted packet seq=6151
2026-03-19 09:53:51 | INFO | ConnectedDownlink | DATA frame received seq=6151 → data_queue
2026-03-19 09:53:51 | INFO | ConnectedDownlink | Retransmitted packet seq=6152
2026-03-19 09:53:51 | INFO | ConnectedDownlink | DATA frame received seq=6152 → data_queue
2026-03-19 09:53:51 | INFO | ConnectedDownlink | Retransmitted packet seq=6162
2026-03-19 09:53:51 | INFO | ConnectedDownlink | DATA frame received seq=6162 → data_queue
2026-03-19 09:53:51 | INFO | ConnectedDownlink | Retransmitted packet seq=6166
2026-03-19 09:53:51 | INFO | ConnectedDownlink | DATA frame received seq=6166 → data_queue
2026-03-19 09:53:51 | INFO | ConnectedDownlink | Retransmitted packet seq=6172
2026-03-19 09:53:51 | INFO | ConnectedDownlink | DATA frame received seq=6172 → data_queue
2026-03-19 09:53:51 | INFO | ConnectedDownlink | Retransmitted packet seq=6173
2026-03-19 09:53:51 | INFO | ConnectedDownlink | DATA frame received seq=6173 → data_queue
2026-03-19 09:53:51 | INFO | ConnectedDownlink | Retransmitted packet seq=6177
2026-03-19 09:53:51 | INFO | ConnectedDownlink | DATA frame received seq=6177 → data_queue
2026-03-19 09:53:51 | INFO | ConnectedDownlink | Retransmitted packet seq=6178
2026-03-19 09:53:51 | INFO | ConnectedDownlink | Retransmitted packet seq=6186
2026-03-19 09:53:51 | INFO | ConnectedDownlink | Retransmitted packet seq=6187
2026-03-19 09:53:51 | INFO | ConnectedDownlink | DATA frame received seq=6187 → data_queue
2026-03-19 09:53:51 | INFO | ConnectedDownlink | Retransmitted packet seq=6189
2026-03-19 09:53:51 | INFO | ConnectedDownlink | DATA frame received seq=6189 → data_queue
2026-03-19 09:53:51 | INFO | ConnectedDownlink | Retransmitted packet seq=6192
2026-03-19 09:53:51 | INFO | ConnectedDownlink | Retransmitted packet seq=6200
2026-03-19 09:53:51 | INFO | ConnectedDownlink | DATA frame received seq=6200 → data_queue
2026-03-19 09:53:51 | INFO | ConnectedDownlink | Retransmitted packet seq=6203
2026-03-19 09:53:51 | INFO | ConnectedDownlink | Retransmitted packet seq=6204
2026-03-19 09:53:51 | INFO | ConnectedDownlink | DATA frame received seq=6204 → data_queue
2026-03-19 09:53:51 | INFO | ConnectedDownlink | Retransmitted packet seq=6208
2026-03-19 09:53:51 | INFO | ConnectedDownlink | Retransmitted packet seq=6212
2026-03-19 09:53:51 | INFO | ConnectedDownlink | Retransmitted packet seq=6215
2026-03-19 09:53:51 | INFO | ConnectedDownlink | DATA frame received seq=6215 → data_queue
2026-03-19 09:53:51 | INFO | ConnectedDownlink | Retransmitted packet seq=6216
2026-03-19 09:53:51 | INFO | ConnectedDownlink | Retransmitted packet seq=6226
2026-03-19 09:53:51 | INFO | ConnectedDownlink | DATA frame received seq=6226 → data_queue
2026-03-19 09:53:51 | INFO | ConnectedDownlink | Retransmitted packet seq=6231
2026-03-19 09:53:51 | INFO | ConnectedDownlink | DATA frame received seq=6231 → data_queue
2026-03-19 09:53:51 | INFO | ConnectedDownlink | Retransmitted packet seq=6234
2026-03-19 09:53:51 | INFO | ConnectedDownlink | DATA frame received seq=6234 → data_queue
2026-03-19 09:53:51 | INFO | ConnectedDownlink | Retransmitted packet seq=6241
2026-03-19 09:53:51 | INFO | ConnectedDownlink | DATA frame received seq=6241 → data_queue
2026-03-19 09:53:51 | INFO | ConnectedDownlink | Retransmitted packet seq=6243
2026-03-19 09:53:51 | INFO | ConnectedDownlink | Retransmitted packet seq=6249
2026-03-19 09:53:51 | INFO | ConnectedDownlink | DATA frame received seq=6243 → data_queue
2026-03-19 09:53:51 | INFO | ConnectedDownlink | Retransmitted packet seq=6255
2026-03-19 09:53:51 | INFO | ConnectedDownlink | Retransmitted packet seq=6259
2026-03-19 09:53:51 | INFO | ConnectedDownlink | Retransmitted packet seq=6261
2026-03-19 09:53:51 | INFO | ConnectedDownlink | DATA frame received seq=6259 → data_queue
2026-03-19 09:53:51 | INFO | ConnectedDownlink | Retransmitted packet seq=6270
� data_queue
2026-03-19 09:53:51 | INFO | ConnectedDownlink | Retransmitted packet seq=6273
2026-03-19 09:53:51 | INFO | ConnectedDownlink | Retransmitted packet seq=6276
2026-03-19 09:53:51 | INFO | ConnectedDownlink | DATA frame received seq=6276 → data_queue
2026-03-19 09:53:51 | INFO | ConnectedDownlink | Retransmitted packet seq=6277
2026-03-19 09:53:51 | INFO | ConnectedDownlink | DATA frame received seq=6277 → data_queue
2026-03-19 09:53:51 | INFO | ConnectedDownlink | Retransmitted packet seq=6281
2026-03-19 09:53:51 | INFO | ConnectedDownlink | DATA frame received seq=6281 → data_queue
2026-03-19 09:53:51 | INFO | ConnectedDownlink | Retransmitted packet seq=6292
2026-03-19 09:53:51 | INFO | ConnectedDownlink | Retransmitted packet seq=6293
2026-03-19 09:53:51 | INFO | ConnectedDownlink | DATA frame received seq=6293 → data_queue
2026-03-19 09:53:51 | INFO | ConnectedDownlink | Retransmitted packet seq=6298
2026-03-19 09:53:51 | INFO | ConnectedDownlink | DATA frame received seq=6298 → data_queue
2026-03-19 09:53:51 | INFO | ConnectedDownlink | Retransmitted packet seq=6309
2026-03-19 09:53:51 | INFO | ConnectedDownlink | Retransmitted packet seq=6313
2026-03-19 09:53:51 | INFO | ConnectedDownlink | DATA frame received seq=6313 → data_queue
2026-03-19 09:53:51 | INFO | ConnectedDownlink | Retransmitted packet seq=6315
2026-03-19 09:53:52 | INFO | ConnectedDownlink | Retransmitted packet seq=6316
2026-03-19 09:53:52 | INFO | ConnectedDownlink | DATA frame received seq=6316 → data_queue
2026-03-19 09:53:52 | INFO | ConnectedDownlink | Retransmitted packet seq=6317
2026-03-19 09:53:52 | INFO | ConnectedDownlink | DATA frame received seq=6317 → data_queue
2026-03-19 09:53:52 | INFO | ConnectedDownlink | Retransmitted packet seq=6320
2026-03-19 09:53:52 | INFO | ConnectedDownlink | Retransmitted packet seq=6322
2026-03-19 09:53:52 | INFO | ConnectedDownlink | DATA frame received seq=6320 → data_queue
2026-03-19 09:53:52 | INFO | ConnectedDownlink | Retransmitted packet seq=6324
2026-03-19 09:53:52 | INFO | ConnectedDownlink | Retransmitted packet seq=6327
2026-03-19 09:53:52 | INFO | ConnectedDownlink | DATA frame received seq=6327 → data_queue
2026-03-19 09:53:52 | INFO | ConnectedDownlink | Retransmitted packet seq=6331
2026-03-19 09:53:52 | INFO | ConnectedDownlink | DATA frame received seq=6331 → data_queue
2026-03-19 09:53:52 | INFO | ConnectedDownlink | Retransmitted packet seq=6338
2026-03-19 09:53:52 | INFO | ConnectedDownlink | DATA frame received seq=6338 → data_queue
2026-03-19 09:53:52 | INFO | ConnectedDownlink | Retransmitted packet seq=6344
2026-03-19 09:53:52 | INFO | ConnectedDownlink | DATA frame received seq=6344 → data_queue
2026-03-19 09:53:52 | INFO | ConnectedDownlink | Retransmitted packet seq=6345
2026-03-19 09:53:52 | INFO | ConnectedDownlink | DATA frame received seq=6345 → data_queue
2026-03-19 09:53:52 | INFO | ConnectedDownlink | Retransmitted packet seq=6346
2026-03-19 09:53:52 | INFO | ConnectedDownlink | Retransmitted packet seq=6347
2026-03-19 09:53:52 | INFO | ConnectedDownlink | Retransmitted packet seq=6348
2026-03-19 09:53:52 | INFO | ConnectedDownlink | DATA frame received seq=6348 → data_queue
2026-03-19 09:53:52 | INFO | ConnectedDownlink | Retransmitted packet seq=6349
2026-03-19 09:53:52 | INFO | ConnectedDownlink | DATA frame received seq=6349 → data_queue
2026-03-19 09:53:52 | INFO | ConnectedDownlink | Retransmitted packet seq=6350
2026-03-19 09:53:52 | INFO | ConnectedDownlink | DATA frame received seq=6350 → data_queue
2026-03-19 09:53:52 | INFO | ConnectedDownlink | Retransmitted packet seq=6358
2026-03-19 09:53:52 | INFO | ConnectedDownlink | DATA frame received seq=6358 → data_queue
2026-03-19 09:53:52 | INFO | ConnectedDownlink | Retransmitted packet seq=6359
2026-03-19 09:53:52 | INFO | ConnectedDownlink | Retransmitted packet seq=6364
2026-03-19 09:53:52 | INFO | ConnectedDownlink | DATA frame received seq=6364 → data_queue
2026-03-19 09:53:52 | INFO | ConnectedDownlink | Retransmitted packet seq=6367
2026-03-19 09:53:52 | INFO | ConnectedDownlink | Retransmitted packet seq=6369
2026-03-19 09:53:52 | INFO | ConnectedDownlink | DATA frame received seq=6369 → data_queue
2026-03-19 09:53:52 | INFO | ConnectedDownlink | Retransmitted packet seq=6374
2026-03-19 09:53:52 | INFO | ConnectedDownlink | DATA frame received seq=6374 → data_queue
2026-03-19 09:53:52 | INFO | ConnectedDownlink | Retransmitted packet seq=6375
2026-03-19 09:53:52 | INFO | ConnectedDownlink | DATA frame received seq=6375 → data_queue
2026-03-19 09:53:52 | INFO | ConnectedDownlink | Retransmitted packet seq=6376
2026-03-19 09:53:52 | INFO | ConnectedDownlink | DATA frame received seq=6376 → data_queue
2026-03-19 09:53:52 | INFO | ConnectedDownlink | Retransmitted packet seq=6381
2026-03-19 09:53:52 | INFO | ConnectedDownlink | DATA frame received seq=6381 → data_queue
2026-03-19 09:53:52 | INFO | ConnectedDownlink | DATA frame received seq=6387 → data_queue
2026-03-19 09:53:52 | INFO | ConnectedDownlink | Retransmitted packet seq=6387
2026-03-19 09:56:22 | INFO | ConnectedDownlink | Satellite serve_loop cancelled
2026-03-19 09:56:27 | INFO | ConnectedDownlink | Entered ConnectedDownlink mode
2026-03-19 09:56:27 | INFO | ConnectedDownlink | ConnectedDownlink entered
2026-03-19 09:56:27 | INFO | ConnectedDownlink | starting activity timer for 180
2026-03-19 09:56:27 | INFO | ConnectedDownlink | Satellite serve_loop started (implicit-ACK mode)
2026-03-19 09:56:27 | INFO | ConnectedDownlink | Entered ConnectedDownlink mode
2026-03-19 09:56:27 | INFO | ConnectedDownlink | ConnectedDownlink entered
2026-03-19 09:56:27 | INFO | ConnectedDownlink | starting activity timer for 180
2026-03-19 09:56:27 | INFO | ConnectedDownlink | retransmit_loop started (implicit-ACK mode)
2026-03-19 09:56:27 | INFO | ConnectedDownlink | Requesting retransmission of [6046, 6047, 6048, 6050, 6051, 6058, 6059, 6062, 6063, 6066, 6067, 6068, 6069, 6074, 6076, 6077, 6079, 6083, 6085, 6086, 6088, 6092, 6098, 6099, 6103, 6110, 6112, 6114, 6116, 6117, 6120, 6122, 6130, 6139, 6146, 6151, 6152, 6162, 6166, 6172, 6173, 6177, 6178, 6186, 6187, 6189, 6192, 6200, 6203, 6204, 6208, 6212, 6215, 6216, 6226, 6231, 6234, 6241, 6243, 6249, 6255, 6259, 6261, 6270, 6273, 6276, 6277, 6281, 6292, 6293, 6298, 6309, 6313, 6315, 6316, 6317, 6320, 6322, 6324, 6327, 6331, 6338, 6344, 6345, 6346, 6347, 6348, 6349, 6350, 6358, 6359, 6364, 6367, 6369, 6374, 6375, 6376, 6381, 6387, 6388, 6393, 6399, 6403, 6408, 6410, 6412, 6420, 6423, 6424, 6425, 6426, 6430, 6432, 6433, 6437, 6441, 6449, 6454, 6457, 6459, 6462, 6463, 6464, 6465, 6466, 6467, 6468, 6472, 6473, 6475, 6477, 6478, 6479, 6482, 6483, 6485, 6495, 6496, 6497, 6498, 6501, 6502, 6506, 6512, 6513, 6514, 6516, 6521, 6523, 6526, 6531, 6532, 6534, 6535, 6540, 6542, 6545, 6549, 6550, 6556, 6559, 6561, 6566, 6569, 6570, 6572, 6575, 6577, 6578, 6581, 6592, 6600, 6601, 6606, 6607, 6617, 6618, 6620, 6624, 6626, 6632, 6634, 6635, 6646, 6655, 6660, 6664, 6666, 6668, 6669, 6675, 6678, 6683, 6686, 6691, 6694, 6695, 6705, 6708, 6711, 6714, 6729, 6735, 6736, 6738, 6742, 6745, 6746, 6747, 6748, 6753, 6754, 6756, 6759, 6761, 6767, 6773, 6775, 6777, 6778, 6787, 6793, 6795, 6797, 6812, 6828, 6829, 6832, 6833, 6834, 6835, 6836, 6840, 6842, 6844, 6854, 6855, 6860, 6862, 6865, 6868, 6871, 6874, 6876, 6877, 6886, 6887, 6888, 6889, 6892, 6895, 6896, 6902, 6906, 6907, 6909, 6916, 6917, 6921, 6925, 6934, 6940, 6941, 6945, 6947, 6950, 6951, 6959, 6962, 6963, 6965, 6967, 6968, 6970, 6974, 6980, 6988, 6991, 6994, 6997, 6998, 7005, 7008, 7010, 7020, 7025, 7027, 7035, 7037, 7039, 7041, 7042, 7053, 7054, 7055, 7056, 7058, 7059, 7064, 7067, 7073, 7077, 7090, 7096, 7100, 7102, 7104, 7106, 7114, 7115, 7116, 7118, 7122, 7126, 7128, 7133, 7136, 7137, 7139, 7141, 7142, 7143, 7147, 7151, 7158, 7159, 7161, 7163, 7164, 7176, 7177, 7178, 7187, 7189, 7197, 7198, 7199, 7204, 7206, 7208, 7209, 7216, 7221, 7225, 7226, 7227, 7228, 7237, 7239, 7241, 7244, 7246, 7247, 7253, 7258, 7260, 7261, 7262, 7263, 7264, 7266, 7267, 7268, 7270, 7272, 7274, 7280, 7282, 7285, 7290, 7293, 7298, 7299, 7303, 7308, 7312, 7313, 7317, 7319, 7320, 7323, 7327, 7329, 7333, 7334, 7336, 7338, 7339, 7341, 7343, 7344, 7354, 7362, 7366, 7369, 7373, 7377]
2026-03-19 09:56:27 | INFO | ConnectedDownlink | SENDING RETRANSMISSION REQUEST [6046, 6047, 6048, 6050, 6051, 6058, 6059, 6062, 6063, 6066, 6067, 6068, 6069, 6074, 6076, 6077, 6079, 6083, 6085, 6086, 6088, 6092, 6098, 6099, 6103, 6110, 6112, 6114, 6116, 6117, 6120, 6122, 6130, 6139, 6146, 6151, 6152, 6162, 6166, 6172, 6173, 6177, 6178, 6186, 6187, 6189, 6192, 6200, 6203, 6204, 6208, 6212, 6215, 6216, 6226, 6231, 6234, 6241, 6243, 6249, 6255, 6259, 6261, 6270, 6273, 6276, 6277, 6281, 6292, 6293, 6298, 6309, 6313, 6315, 6316, 6317, 6320, 6322, 6324, 6327, 6331, 6338, 6344, 6345, 6346, 6347, 6348, 6349, 6350, 6358, 6359, 6364, 6367, 6369, 6374, 6375, 6376, 6381, 6387, 6388] (attempt 1/5)
2026-03-19 09:56:30 | INFO | ConnectedDownlink | timeout error
2026-03-19 09:56:30 | INFO | ConnectedDownlink | Attempt 1/5: received 0/397, still missing [6046, 6047, 6048, 6050, 6051, 6058, 6059, 6062, 6063, 6066, 6067, 6068, 6069, 6074, 6076, 6077, 6079, 6083, 6085, 6086, 6088, 6092, 6098, 6099, 6103, 6110, 6112, 6114, 6116, 6117, 6120, 6122, 6130, 6139, 6146, 6151, 6152, 6162, 6166, 6172, 6173, 6177, 6178, 6186, 6187, 6189, 6192, 6200, 6203, 6204, 6208, 6212, 6215, 6216, 6226, 6231, 6234, 6241, 6243, 6249, 6255, 6259, 6261, 6270, 6273, 6276, 6277, 6281, 6292, 6293, 6298, 6309, 6313, 6315, 6316, 6317, 6320, 6322, 6324, 6327, 6331, 6338, 6344, 6345, 6346, 6347, 6348, 6349, 6350, 6358, 6359, 6364, 6367, 6369, 6374, 6375, 6376, 6381, 6387, 6388, 6393, 6399, 6403, 6408, 6410, 6412, 6420, 6423, 6424, 6425, 6426, 6430, 6432, 6433, 6437, 6441, 6449, 6454, 6457, 6459, 6462, 6463, 6464, 6465, 6466, 6467, 6468, 6472, 6473, 6475, 6477, 6478, 6479, 6482, 6483, 6485, 6495, 6496, 6497, 6498, 6501, 6502, 6506, 6512, 6513, 6514, 6516, 6521, 6523, 6526, 6531, 6532, 6534, 6535, 6540, 6542, 6545, 6549, 6550, 6556, 6559, 6561, 6566, 6569, 6570, 6572, 6575, 6577, 6578, 6581, 6592, 6600, 6601, 6606, 6607, 6617, 6618, 6620, 6624, 6626, 6632, 6634, 6635, 6646, 6655, 6660, 6664, 6666, 6668, 6669, 6675, 6678, 6683, 6686, 6691, 6694, 6695, 6705, 6708, 6711, 6714, 6729, 6735, 6736, 6738, 6742, 6745, 6746, 6747, 6748, 6753, 6754, 6756, 6759, 6761, 6767, 6773, 6775, 6777, 6778, 6787, 6793, 6795, 6797, 6812, 6828, 6829, 6832, 6833, 6834, 6835, 6836, 6840, 6842, 6844, 6854, 6855, 6860, 6862, 6865, 6868, 6871, 6874, 6876, 6877, 6886, 6887, 6888, 6889, 6892, 6895, 6896, 6902, 6906, 6907, 6909, 6916, 6917, 6921, 6925, 6934, 6940, 6941, 6945, 6947, 6950, 6951, 6959, 6962, 6963, 6965, 6967, 6968, 6970, 6974, 6980, 6988, 6991, 6994, 6997, 6998, 7005, 7008, 7010, 7020, 7025, 7027, 7035, 7037, 7039, 7041, 7042, 7053, 7054, 7055, 7056, 7058, 7059, 7064, 7067, 7073, 7077, 7090, 7096, 7100, 7102, 7104, 7106, 7114, 7115, 7116, 7118, 7122, 7126, 7128, 7133, 7136, 7137, 7139, 7141, 7142, 7143, 7147, 7151, 7158, 7159, 7161, 7163, 7164, 7176, 7177, 7178, 7187, 7189, 7197, 7198, 7199, 7204, 7206, 7208, 7209, 7216, 7221, 7225, 7226, 7227, 7228, 7237, 7239, 7241, 7244, 7246, 7247, 7253, 7258, 7260, 7261, 7262, 7263, 7264, 7266, 7267, 7268, 7270, 7272, 7274, 7280, 7282, 7285, 7290, 7293, 7298, 7299, 7303, 7308, 7312, 7313, 7317, 7319, 7320, 7323, 7327, 7329, 7333, 7334, 7336, 7338, 7339, 7341, 7343, 7344, 7354, 7362, 7366, 7369, 7373, 7377]
2026-03-19 09:56:30 | INFO | ConnectedDownlink | SENDING RETRANSMISSION REQUEST [6046, 6047, 6048, 6050, 6051, 6058, 6059, 6062, 6063, 6066, 6067, 6068, 6069, 6074, 6076, 6077, 6079, 6083, 6085, 6086, 6088, 6092, 6098, 6099, 6103, 6110, 6112, 6114, 6116, 6117, 6120, 6122, 6130, 6139, 6146, 6151, 6152, 6162, 6166, 6172, 6173, 6177, 6178, 6186, 6187, 6189, 6192, 6200, 6203, 6204, 6208, 6212, 6215, 6216, 6226, 6231, 6234, 6241, 6243, 6249, 6255, 6259, 6261, 6270, 6273, 6276, 6277, 6281, 6292, 6293, 6298, 6309, 6313, 6315, 6316, 6317, 6320, 6322, 6324, 6327, 6331, 6338, 6344, 6345, 6346, 6347, 6348, 6349, 6350, 6358, 6359, 6364, 6367, 6369, 6374, 6375, 6376, 6381, 6387, 6388] (attempt 2/5)
2026-03-19 09:56:33 | INFO | ConnectedDownlink | timeout error
2026-03-19 09:56:33 | INFO | ConnectedDownlink | Attempt 2/5: received 0/397, still missing [6046, 6047, 6048, 6050, 6051, 6058, 6059, 6062, 6063, 6066, 6067, 6068, 6069, 6074, 6076, 6077, 6079, 6083, 6085, 6086, 6088, 6092, 6098, 6099, 6103, 6110, 6112, 6114, 6116, 6117, 6120, 6122, 6130, 6139, 6146, 6151, 6152, 6162, 6166, 6172, 6173, 6177, 6178, 6186, 6187, 6189, 6192, 6200, 6203, 6204, 6208, 6212, 6215, 6216, 6226, 6231, 6234, 6241, 6243, 6249, 6255, 6259, 6261, 6270, 6273, 6276, 6277, 6281, 6292, 6293, 6298, 6309, 6313, 6315, 6316, 6317, 6320, 6322, 6324, 6327, 6331, 6338, 6344, 6345, 6346, 6347, 6348, 6349, 6350, 6358, 6359, 6364, 6367, 6369, 6374, 6375, 6376, 6381, 6387, 6388, 6393, 6399, 6403, 6408, 6410, 6412, 6420, 6423, 6424, 6425, 6426, 6430, 6432, 6433, 6437, 6441, 6449, 6454, 6457, 6459, 6462, 6463, 6464, 6465, 6466, 6467, 6468, 6472, 6473, 6475, 6477, 6478, 6479, 6482, 6483, 6485, 6495, 6496, 6497, 6498, 6501, 6502, 6506, 6512, 6513, 6514, 6516, 6521, 6523, 6526, 6531, 6532, 6534, 6535, 6540, 6542, 6545, 6549, 6550, 6556, 6559, 6561, 6566, 6569, 6570, 6572, 6575, 6577, 6578, 6581, 6592, 6600, 6601, 6606, 6607, 6617, 6618, 6620, 6624, 6626, 6632, 6634, 6635, 6646, 6655, 6660, 6664, 6666, 6668, 6669, 6675, 6678, 6683, 6686, 6691, 6694, 6695, 6705, 6708, 6711, 6714, 6729, 6735, 6736, 6738, 6742, 6745, 6746, 6747, 6748, 6753, 6754, 6756, 6759, 6761, 6767, 6773, 6775, 6777, 6778, 6787, 6793, 6795, 6797, 6812, 6828, 6829, 6832, 6833, 6834, 6835, 6836, 6840, 6842, 6844, 6854, 6855, 6860, 6862, 6865, 6868, 6871, 6874, 6876, 6877, 6886, 6887, 6888, 6889, 6892, 6895, 6896, 6902, 6906, 6907, 6909, 6916, 6917, 6921, 6925, 6934, 6940, 6941, 6945, 6947, 6950, 6951, 6959, 6962, 6963, 6965, 6967, 6968, 6970, 6974, 6980, 6988, 6991, 6994, 6997, 6998, 7005, 7008, 7010, 7020, 7025, 7027, 7035, 7037, 7039, 7041, 7042, 7053, 7054, 7055, 7056, 7058, 7059, 7064, 7067, 7073, 7077, 7090, 7096, 7100, 7102, 7104, 7106, 7114, 7115, 7116, 7118, 7122, 7126, 7128, 7133, 7136, 7137, 7139, 7141, 7142, 7143, 7147, 7151, 7158, 7159, 7161, 7163, 7164, 7176, 7177, 7178, 7187, 7189, 7197, 7198, 7199, 7204, 7206, 7208, 7209, 7216, 7221, 7225, 7226, 7227, 7228, 7237, 7239, 7241, 7244, 7246, 7247, 7253, 7258, 7260, 7261, 7262, 7263, 7264, 7266, 7267, 7268, 7270, 7272, 7274, 7280, 7282, 7285, 7290, 7293, 7298, 7299, 7303, 7308, 7312, 7313, 7317, 7319, 7320, 7323, 7327, 7329, 7333, 7334, 7336, 7338, 7339, 7341, 7343, 7344, 7354, 7362, 7366, 7369, 7373, 7377]
2026-03-19 09:56:33 | INFO | ConnectedDownlink | SENDING RETRANSMISSION REQUEST [6046, 6047, 6048, 6050, 6051, 6058, 6059, 6062, 6063, 6066, 6067, 6068, 6069, 6074, 6076, 6077, 6079, 6083, 6085, 6086, 6088, 6092, 6098, 6099, 6103, 6110, 6112, 6114, 6116, 6117, 6120, 6122, 6130, 6139, 6146, 6151, 6152, 6162, 6166, 6172, 6173, 6177, 6178, 6186, 6187, 6189, 6192, 6200, 6203, 6204, 6208, 6212, 6215, 6216, 6226, 6231, 6234, 6241, 6243, 6249, 6255, 6259, 6261, 6270, 6273, 6276, 6277, 6281, 6292, 6293, 6298, 6309, 6313, 6315, 6316, 6317, 6320, 6322, 6324, 6327, 6331, 6338, 6344, 6345, 6346, 6347, 6348, 6349, 6350, 6358, 6359, 6364, 6367, 6369, 6374, 6375, 6376, 6381, 6387, 6388] (attempt 3/5)
2026-03-19 09:56:36 | INFO | ConnectedDownlink | timeout error
2026-03-19 09:56:36 | INFO | ConnectedDownlink | Attempt 3/5: received 0/397, still missing [6046, 6047, 6048, 6050, 6051, 6058, 6059, 6062, 6063, 6066, 6067, 6068, 6069, 6074, 6076, 6077, 6079, 6083, 6085, 6086, 6088, 6092, 6098, 6099, 6103, 6110, 6112, 6114, 6116, 6117, 6120, 6122, 6130, 6139, 6146, 6151, 6152, 6162, 6166, 6172, 6173, 6177, 6178, 6186, 6187, 6189, 6192, 6200, 6203, 6204, 6208, 6212, 6215, 6216, 6226, 6231, 6234, 6241, 6243, 6249, 6255, 6259, 6261, 6270, 6273, 6276, 6277, 6281, 6292, 6293, 6298, 6309, 6313, 6315, 6316, 6317, 6320, 6322, 6324, 6327, 6331, 6338, 6344, 6345, 6346, 6347, 6348, 6349, 6350, 6358, 6359, 6364, 6367, 6369, 6374, 6375, 6376, 6381, 6387, 6388, 6393, 6399, 6403, 6408, 6410, 6412, 6420, 6423, 6424, 6425, 6426, 6430, 6432, 6433, 6437, 6441, 6449, 6454, 6457, 6459, 6462, 6463, 6464, 6465, 6466, 6467, 6468, 6472, 6473, 6475, 6477, 6478, 6479, 6482, 6483, 6485, 6495, 6496, 6497, 6498, 6501, 6502, 6506, 6512, 6513, 6514, 6516, 6521, 6523, 6526, 6531, 6532, 6534, 6535, 6540, 6542, 6545, 6549, 6550, 6556, 6559, 6561, 6566, 6569, 6570, 6572, 6575, 6577, 6578, 6581, 6592, 6600, 6601, 6606, 6607, 6617, 6618, 6620, 6624, 6626, 6632, 6634, 6635, 6646, 6655, 6660, 6664, 6666, 6668, 6669, 6675, 6678, 6683, 6686, 6691, 6694, 6695, 6705, 6708, 6711, 6714, 6729, 6735, 6736, 6738, 6742, 6745, 6746, 6747, 6748, 6753, 6754, 6756, 6759, 6761, 6767, 6773, 6775, 6777, 6778, 6787, 6793, 6795, 6797, 6812, 6828, 6829, 6832, 6833, 6834, 6835, 6836, 6840, 6842, 6844, 6854, 6855, 6860, 6862, 6865, 6868, 6871, 6874, 6876, 6877, 6886, 6887, 6888, 6889, 6892, 6895, 6896, 6902, 6906, 6907, 6909, 6916, 6917, 6921, 6925, 6934, 6940, 6941, 6945, 6947, 6950, 6951, 6959, 6962, 6963, 6965, 6967, 6968, 6970, 6974, 6980, 6988, 6991, 6994, 6997, 6998, 7005, 7008, 7010, 7020, 7025, 7027, 7035, 7037, 7039, 7041, 7042, 7053, 7054, 7055, 7056, 7058, 7059, 7064, 7067, 7073, 7077, 7090, 7096, 7100, 7102, 7104, 7106, 7114, 7115, 7116, 7118, 7122, 7126, 7128, 7133, 7136, 7137, 7139, 7141, 7142, 7143, 7147, 7151, 7158, 7159, 7161, 7163, 7164, 7176, 7177, 7178, 7187, 7189, 7197, 7198, 7199, 7204, 7206, 7208, 7209, 7216, 7221, 7225, 7226, 7227, 7228, 7237, 7239, 7241, 7244, 7246, 7247, 7253, 7258, 7260, 7261, 7262, 7263, 7264, 7266, 7267, 7268, 7270, 7272, 7274, 7280, 7282, 7285, 7290, 7293, 7298, 7299, 7303, 7308, 7312, 7313, 7317, 7319, 7320, 7323, 7327, 7329, 7333, 7334, 7336, 7338, 7339, 7341, 7343, 7344, 7354, 7362, 7366, 7369, 7373, 7377]
2026-03-19 09:56:36 | INFO | ConnectedDownlink | SENDING RETRANSMISSION REQUEST [6046, 6047, 6048, 6050, 6051, 6058, 6059, 6062, 6063, 6066, 6067, 6068, 6069, 6074, 6076, 6077, 6079, 6083, 6085, 6086, 6088, 6092, 6098, 6099, 6103, 6110, 6112, 6114, 6116, 6117, 6120, 6122, 6130, 6139, 6146, 6151, 6152, 6162, 6166, 6172, 6173, 6177, 6178, 6186, 6187, 6189, 6192, 6200, 6203, 6204, 6208, 6212, 6215, 6216, 6226, 6231, 6234, 6241, 6243, 6249, 6255, 6259, 6261, 6270, 6273, 6276, 6277, 6281, 6292, 6293, 6298, 6309, 6313, 6315, 6316, 6317, 6320, 6322, 6324, 6327, 6331, 6338, 6344, 6345, 6346, 6347, 6348, 6349, 6350, 6358, 6359, 6364, 6367, 6369, 6374, 6375, 6376, 6381, 6387, 6388] (attempt 4/5)
2026-03-19 09:56:36 | INFO | ConnectedDownlink | RETRANSMIT_REQUEST received: [6046, 6047, 6048, 6050, 6051, 6058, 6059, 6062, 6063, 6066, 6067, 6068, 6069, 6074, 6076, 6077, 6079, 6083, 6085, 6086, 6088, 6092, 6098, 6099, 6103, 6110, 6112, 6114, 6116, 6117, 6120, 6122, 6130, 6139, 6146, 6151, 6152, 6162, 6166, 6172, 6173, 6177, 6178, 6186, 6187, 6189, 6192, 6200, 6203, 6204, 6208, 6212, 6215, 6216, 6226, 6231, 6234, 6241, 6243, 6249, 6255, 6259, 6261, 6270, 6273, 6276, 6277, 6281, 6292, 6293, 6298, 6309, 6313, 6315, 6316, 6317, 6320, 6322, 6324, 6327, 6331, 6338, 6344, 6345, 6346, 6347, 6348, 6349, 6350, 6358, 6359, 6364, 6367, 6369, 6374, 6375, 6376, 6381, 6387, 6388]
2026-03-19 09:56:36 | INFO | ConnectedDownlink | Serving retransmit request: {6146, 6151, 6152, 6162, 6166, 6172, 6173, 6177, 6178, 6186, 6187, 6189, 6192, 6200, 6203, 6204, 6208, 6212, 6215, 6216, 6226, 6231, 6234, 6241, 6243, 6249, 6255, 6259, 6261, 6270, 6273, 6276, 6277, 6281, 6292, 6293, 6298, 6309, 6313, 6315, 6316, 6317, 6320, 6322, 6324, 6327, 6331, 6338, 6344, 6345, 6346, 6347, 6348, 6349, 6350, 6358, 6359, 6364, 6367, 6369, 6374, 6375, 6376, 6381, 6387, 6388, 6046, 6047, 6048, 6050, 6051, 6058, 6059, 6062, 6063, 6066, 6067, 6068, 6069, 6074, 6076, 6077, 6079, 6083, 6085, 6086, 6088, 6092, 6098, 6099, 6103, 6110, 6112, 6114, 6116, 6117, 6120, 6122, 6130, 6139}
2026-03-19 09:56:36 | INFO | ConnectedDownlink | Retransmitted packet seq=6046
2026-03-19 09:56:36 | INFO | ConnectedDownlink | DATA frame received seq=6046 → data_queue
2026-03-19 09:56:36 | INFO | ConnectedDownlink | got dropped message
2026-03-19 09:56:36 | INFO | ConnectedDownlink | Retransmitted packet seq=6047
2026-03-19 09:56:36 | INFO | ConnectedDownlink | DATA frame received seq=6047 → data_queue
2026-03-19 09:56:36 | INFO | ConnectedDownlink | Retransmitted packet seq=6048
2026-03-19 09:56:36 | INFO | ConnectedDownlink | DATA frame received seq=6048 → data_queue
2026-03-19 09:56:36 | INFO | ConnectedDownlink | Retransmitted packet seq=6050
2026-03-19 09:56:36 | INFO | ConnectedDownlink | Retransmitted packet seq=6051
2026-03-19 09:56:36 | INFO | ConnectedDownlink | Retransmitted packet seq=6058
2026-03-19 09:56:36 | INFO | ConnectedDownlink | DATA frame received seq=6058 → data_queue
2026-03-19 09:56:36 | INFO | ConnectedDownlink | Retransmitted packet seq=6059
2026-03-19 09:56:36 | INFO | ConnectedDownlink | DATA frame received seq=6059 → data_queue
2026-03-19 09:56:36 | INFO | ConnectedDownlink | Retransmitted packet seq=6062
2026-03-19 09:56:36 | INFO | ConnectedDownlink | DATA frame received seq=6062 → data_queue
2026-03-19 09:56:36 | INFO | ConnectedDownlink | Retransmitted packet seq=6063
2026-03-19 09:56:36 | INFO | ConnectedDownlink | DATA frame received seq=6063 → data_queue
2026-03-19 09:56:36 | INFO | ConnectedDownlink | Retransmitted packet seq=6066
2026-03-19 09:56:36 | INFO | ConnectedDownlink | DATA frame received seq=6066 → data_queue
2026-03-19 09:56:36 | INFO | ConnectedDownlink | Retransmitted packet seq=6067
2026-03-19 09:56:36 | INFO | ConnectedDownlink | Retransmitted packet seq=6068
2026-03-19 09:56:36 | INFO | ConnectedDownlink | DATA frame received seq=6068 → data_queue
2026-03-19 09:56:37 | INFO | ConnectedDownlink | Retransmitted packet seq=6069
2026-03-19 09:56:37 | INFO | ConnectedDownlink | DATA frame received seq=6069 → data_queue
2026-03-19 09:56:37 | INFO | ConnectedDownlink | Retransmitted packet seq=6074
2026-03-19 09:56:37 | INFO | ConnectedDownlink | DATA frame received seq=6074 → data_queue
2026-03-19 09:56:37 | INFO | ConnectedDownlink | Retransmitted packet seq=6076
2026-03-19 09:56:37 | INFO | ConnectedDownlink | Retransmitted packet seq=6077
2026-03-19 09:56:37 | INFO | ConnectedDownlink | DATA frame received seq=6077 → data_queue
2026-03-19 09:56:37 | INFO | ConnectedDownlink | Retransmitted packet seq=6079
2026-03-19 09:56:37 | INFO | ConnectedDownlink | DATA frame received seq=6079 → data_queue
2026-03-19 09:56:37 | INFO | ConnectedDownlink | Retransmitted packet seq=6083
2026-03-19 09:56:37 | INFO | ConnectedDownlink | DATA frame received seq=6083 → data_queue
2026-03-19 09:56:37 | INFO | ConnectedDownlink | Retransmitted packet seq=6085
2026-03-19 09:56:37 | INFO | ConnectedDownlink | Retransmitted packet seq=6086
2026-03-19 09:56:37 | INFO | ConnectedDownlink | DATA frame received seq=6086 → data_queue
2026-03-19 09:56:37 | INFO | ConnectedDownlink | Retransmitted packet seq=6088
2026-03-19 09:56:37 | INFO | ConnectedDownlink | DATA frame received seq=6088 → data_queue
2026-03-19 09:56:37 | INFO | ConnectedDownlink | Retransmitted packet seq=6092
2026-03-19 09:56:37 | INFO | ConnectedDownlink | DATA frame received seq=6092 → data_queue
2026-03-19 09:56:37 | INFO | ConnectedDownlink | Retransmitted packet seq=6098
2026-03-19 09:56:37 | INFO | ConnectedDownlink | DATA frame received seq=6098 → data_queue
2026-03-19 09:56:37 | INFO | ConnectedDownlink | Retransmitted packet seq=6099
2026-03-19 09:56:37 | INFO | ConnectedDownlink | Retransmitted packet seq=6103
2026-03-19 09:56:37 | INFO | ConnectedDownlink | DATA frame received seq=6103 → data_queue
2026-03-19 09:56:37 | INFO | ConnectedDownlink | Retransmitted packet seq=6110
2026-03-19 09:56:37 | INFO | ConnectedDownlink | DATA frame received seq=6110 → data_queue
2026-03-19 09:56:37 | INFO | ConnectedDownlink | Retransmitted packet seq=6112
2026-03-19 09:56:37 | INFO | ConnectedDownlink | Retransmitted packet seq=6114
2026-03-19 09:56:37 | INFO | ConnectedDownlink | DATA frame received seq=6114 → data_queue
2026-03-19 09:56:37 | INFO | ConnectedDownlink | Retransmitted packet seq=6116
2026-03-19 09:56:37 | INFO | ConnectedDownlink | Retransmitted packet seq=6117
2026-03-19 09:56:37 | INFO | ConnectedDownlink | Retransmitted packet seq=6120
2026-03-19 09:56:37 | INFO | ConnectedDownlink | DATA frame received seq=6120 → data_queue
2026-03-19 09:56:37 | INFO | ConnectedDownlink | Retransmitted packet seq=6122
2026-03-19 09:56:37 | INFO | ConnectedDownlink | Retransmitted packet seq=6130
2026-03-19 09:56:37 | INFO | ConnectedDownlink | DATA frame received seq=6130 → data_queue
2026-03-19 09:56:37 | INFO | ConnectedDownlink | Retransmitted packet seq=6139
2026-03-19 09:56:37 | INFO | ConnectedDownlink | DATA frame received seq=6139 → data_queue
2026-03-19 09:56:37 | INFO | ConnectedDownlink | Retransmitted packet seq=6146
2026-03-19 09:56:37 | INFO | ConnectedDownlink | Retransmitted packet seq=6151
2026-03-19 09:56:37 | INFO | ConnectedDownlink | DATA frame received seq=6151 → data_queue
2026-03-19 09:56:37 | INFO | ConnectedDownlink | Retransmitted packet seq=6152
2026-03-19 09:56:37 | INFO | ConnectedDownlink | DATA frame received seq=6152 → data_queue
2026-03-19 09:56:37 | INFO | ConnectedDownlink | Retransmitted packet seq=6162
2026-03-19 09:56:37 | INFO | ConnectedDownlink | Retransmitted packet seq=6166
2026-03-19 09:56:37 | INFO | ConnectedDownlink | DATA frame received seq=6166 → data_queue
2026-03-19 09:56:37 | INFO | ConnectedDownlink | Retransmitted packet seq=6172
2026-03-19 09:56:37 | INFO | ConnectedDownlink | DATA frame received seq=6172 → data_queue
2026-03-19 09:56:37 | INFO | ConnectedDownlink | Retransmitted packet seq=6173
2026-03-19 09:56:37 | INFO | ConnectedDownlink | DATA frame received seq=6173 → data_queue
2026-03-19 09:56:37 | INFO | ConnectedDownlink | Retransmitted packet seq=6177
2026-03-19 09:56:37 | INFO | ConnectedDownlink | Retransmitted packet seq=6178
2026-03-19 09:56:37 | INFO | ConnectedDownlink | Retransmitted packet seq=6186
2026-03-19 09:56:37 | INFO | ConnectedDownlink | DATA frame received seq=6186 → data_queue
2026-03-19 09:56:37 | INFO | ConnectedDownlink | Retransmitted packet seq=6187
2026-03-19 09:56:37 | INFO | ConnectedDownlink | DATA frame received seq=6187 → data_queue
2026-03-19 09:56:37 | INFO | ConnectedDownlink | Retransmitted packet seq=6189
2026-03-19 09:56:37 | INFO | ConnectedDownlink | DATA frame received seq=6189 → data_queue
2026-03-19 09:56:37 | INFO | ConnectedDownlink | Retransmitted packet seq=6192
2026-03-19 09:56:37 | INFO | ConnectedDownlink | DATA frame received seq=6192 → data_queue
2026-03-19 09:56:37 | INFO | ConnectedDownlink | Retransmitted packet seq=6200
2026-03-19 09:56:37 | INFO | ConnectedDownlink | Retransmitted packet seq=6203
2026-03-19 09:56:37 | INFO | ConnectedDownlink | DATA frame received seq=6203 → data_queue
2026-03-19 09:56:37 | INFO | ConnectedDownlink | Retransmitted packet seq=6204
2026-03-19 09:56:37 | INFO | ConnectedDownlink | DATA frame received seq=6204 → data_queue
2026-03-19 09:56:37 | INFO | ConnectedDownlink | Retransmitted packet seq=6208
2026-03-19 09:56:37 | INFO | ConnectedDownlink | Retransmitted packet seq=6212
2026-03-19 09:56:37 | INFO | ConnectedDownlink | Retransmitted packet seq=6215
2026-03-19 09:56:37 | INFO | ConnectedDownlink | DATA frame received seq=6215 → data_queue
2026-03-19 09:56:37 | INFO | ConnectedDownlink | Retransmitted packet seq=6216
2026-03-19 09:56:37 | INFO | ConnectedDownlink | Retransmitted packet seq=6226
2026-03-19 09:56:37 | INFO | ConnectedDownlink | Retransmitted packet seq=6231
2026-03-19 09:56:37 | INFO | ConnectedDownlink | DATA frame received seq=6231 → data_queue
2026-03-19 09:56:37 | INFO | ConnectedDownlink | Retransmitted packet seq=6234
2026-03-19 09:56:37 | INFO | ConnectedDownlink | DATA frame received seq=6234 → data_queue
2026-03-19 09:56:37 | INFO | ConnectedDownlink | Retransmitted packet seq=6241
2026-03-19 09:56:37 | INFO | ConnectedDownlink | DATA frame received seq=6241 → data_queue
2026-03-19 09:56:37 | INFO | ConnectedDownlink | Retransmitted packet seq=6243
2026-03-19 09:56:37 | INFO | ConnectedDownlink | DATA frame received seq=6243 → data_queue
2026-03-19 09:56:37 | INFO | ConnectedDownlink | Retransmitted packet seq=6249
2026-03-19 09:56:37 | INFO | ConnectedDownlink | DATA frame received seq=6249 → data_queue
2026-03-19 09:56:37 | INFO | ConnectedDownlink | Retransmitted packet seq=6255
2026-03-19 09:56:37 | INFO | ConnectedDownlink | DATA frame received seq=6255 → data_queue
2026-03-19 09:56:37 | INFO | ConnectedDownlink | Retransmitted packet seq=6259
2026-03-19 09:56:37 | INFO | ConnectedDownlink | DATA frame received seq=6259 → data_queue
2026-03-19 09:56:37 | INFO | ConnectedDownlink | Retransmitted packet seq=6261
2026-03-19 09:56:37 | INFO | ConnectedDownlink | Retransmitted packet seq=6270
2026-03-19 09:56:37 | INFO | ConnectedDownlink | DATA frame received seq=6270 → data_queue
2026-03-19 09:56:37 | INFO | ConnectedDownlink | Retransmitted packet seq=6273
2026-03-19 09:56:37 | INFO | ConnectedDownlink | DATA frame received seq=6273 → data_queue
2026-03-19 09:56:37 | INFO | ConnectedDownlink | Retransmitted packet seq=6276
2026-03-19 09:56:37 | INFO | ConnectedDownlink | DATA frame received seq=6276 → data_queue
2026-03-19 09:56:37 | INFO | ConnectedDownlink | Retransmitted packet seq=6277
2026-03-19 09:56:37 | INFO | ConnectedDownlink | DATA frame received seq=6277 → data_queue
2026-03-19 09:56:37 | INFO | ConnectedDownlink | Retransmitted packet seq=6281
2026-03-19 09:56:37 | INFO | ConnectedDownlink | Retransmitted packet seq=6292
2026-03-19 09:56:37 | INFO | ConnectedDownlink | Retransmitted packet seq=6293
2026-03-19 09:56:37 | INFO | ConnectedDownlink | DATA frame received seq=6293 → data_queue
2026-03-19 09:56:37 | INFO | ConnectedDownlink | Retransmitted packet seq=6298
2026-03-19 09:56:37 | INFO | ConnectedDownlink | DATA frame received seq=6298 → data_queue
2026-03-19 09:56:37 | INFO | ConnectedDownlink | Retransmitted packet seq=6309
2026-03-19 09:56:37 | INFO | ConnectedDownlink | DATA frame received seq=6309 → data_queue
2026-03-19 09:56:37 | INFO | ConnectedDownlink | Retransmitted packet seq=6313
2026-03-19 09:56:37 | INFO | ConnectedDownlink | DATA frame received seq=6313 → data_queue
2026-03-19 09:56:37 | INFO | ConnectedDownlink | Retransmitted packet seq=6315
2026-03-19 09:56:37 | INFO | ConnectedDownlink | DATA frame received seq=6315 → data_queue
2026-03-19 09:56:37 | INFO | ConnectedDownlink | Retransmitted packet seq=6316
2026-03-19 09:56:37 | INFO | ConnectedDownlink | DATA frame received seq=6316 → data_queue
2026-03-19 09:56:37 | INFO | ConnectedDownlink | Retransmitted packet seq=6317
2026-03-19 09:56:38 | INFO | ConnectedDownlink | Retransmitted packet seq=6320
2026-03-19 09:56:38 | INFO | ConnectedDownlink | DATA frame received seq=6320 → data_queue
2026-03-19 09:56:38 | INFO | ConnectedDownlink | Retransmitted packet seq=6322
2026-03-19 09:56:38 | INFO | ConnectedDownlink | DATA frame received seq=6322 → data_queue
2026-03-19 09:56:38 | INFO | ConnectedDownlink | Retransmitted packet seq=6324
2026-03-19 09:56:38 | INFO | ConnectedDownlink | Retransmitted packet seq=6327
2026-03-19 09:56:38 | INFO | ConnectedDownlink | DATA frame received seq=6324 → data_queue
2026-03-19 09:56:38 | INFO | ConnectedDownlink | Retransmitted packet seq=6331
2026-03-19 09:56:38 | INFO | ConnectedDownlink | DATA frame received seq=6327 → data_queue
2026-03-19 09:56:38 | INFO | ConnectedDownlink | Retransmitted packet seq=6338
2026-03-19 09:56:38 | INFO | ConnectedDownlink | DATA frame received seq=6331 → data_queue
2026-03-19 09:56:38 | INFO | ConnectedDownlink | Retransmitted packet seq=6344
2026-03-19 09:56:38 | INFO | ConnectedDownlink | Retransmitted packet seq=6345
2026-03-19 09:56:38 | INFO | ConnectedDownlink | DATA frame received seq=6344 → data_queue
2026-03-19 09:56:38 | INFO | ConnectedDownlink | Retransmitted packet seq=6346
2026-03-19 09:56:38 | INFO | ConnectedDownlink | DATA frame received seq=6346 → data_queue
2026-03-19 09:56:38 | INFO | ConnectedDownlink | Retransmitted packet seq=6347
2026-03-19 09:56:38 | INFO | ConnectedDownlink | DATA frame received seq=6347 → data_queue
2026-03-19 09:56:38 | INFO | ConnectedDownlink | Retransmitted packet seq=6348
2026-03-19 09:56:38 | INFO | ConnectedDownlink | DATA frame received seq=6348 → data_queue
2026-03-19 09:56:38 | INFO | ConnectedDownlink | Retransmitted packet seq=6349
2026-03-19 09:56:38 | INFO | ConnectedDownlink | DATA frame received seq=6349 → data_queue
2026-03-19 09:56:38 | INFO | ConnectedDownlink | Retransmitted packet seq=6350
2026-03-19 09:56:38 | INFO | ConnectedDownlink | DATA frame received seq=6350 → data_queue
2026-03-19 09:56:38 | INFO | ConnectedDownlink | Retransmitted packet seq=6358
2026-03-19 09:56:38 | INFO | ConnectedDownlink | DATA frame received seq=6358 → data_queue
2026-03-19 09:56:38 | INFO | ConnectedDownlink | Retransmitted packet seq=6359
2026-03-19 09:56:38 | INFO | ConnectedDownlink | DATA frame received seq=6359 → data_queue
2026-03-19 09:56:38 | INFO | ConnectedDownlink | Retransmitted packet seq=6364
2026-03-19 09:56:38 | INFO | ConnectedDownlink | Retransmitted packet seq=6367
2026-03-19 09:56:38 | INFO | ConnectedDownlink | DATA frame received seq=6367 → data_queue
2026-03-19 09:56:38 | INFO | ConnectedDownlink | Retransmitted packet seq=6369
2026-03-19 09:56:38 | INFO | ConnectedDownlink | Retransmitted packet seq=6374
2026-03-19 09:56:38 | INFO | ConnectedDownlink | Retransmitted packet seq=6375
2026-03-19 09:56:38 | INFO | ConnectedDownlink | DATA frame received seq=6375 → data_queue
2026-03-19 09:56:38 | INFO | ConnectedDownlink | Retransmitted packet seq=6376
2026-03-19 09:56:38 | INFO | ConnectedDownlink | Retransmitted packet seq=6381
2026-03-19 09:56:38 | INFO | ConnectedDownlink | Retransmitted packet seq=6387
2026-03-19 09:56:38 | INFO | ConnectedDownlink | DATA frame received seq=6387 → data_queue
2026-03-19 09:56:38 | INFO | ConnectedDownlink | DATA frame received seq=6388 → data_queue
2026-03-19 09:56:38 | INFO | ConnectedDownlink | Retransmitted packet seq=6388
2026-03-19 09:57:42 | INFO | ConnectedDownlink | Satellite serve_loop cancelled
2026-03-19 09:57:47 | INFO | ConnectedDownlink | Entered ConnectedDownlink mode
2026-03-19 09:57:47 | INFO | ConnectedDownlink | ConnectedDownlink entered
2026-03-19 09:57:47 | INFO | ConnectedDownlink | starting activity timer for 180
2026-03-19 09:57:47 | INFO | ConnectedDownlink | Satellite serve_loop started (implicit-ACK mode)
2026-03-19 09:57:47 | INFO | ConnectedDownlink | Entered ConnectedDownlink mode
2026-03-19 09:57:47 | INFO | ConnectedDownlink | ConnectedDownlink entered
2026-03-19 09:57:47 | INFO | ConnectedDownlink | starting activity timer for 180
2026-03-19 09:57:47 | INFO | ConnectedDownlink | retransmit_loop started (implicit-ACK mode)
2026-03-19 09:57:47 | INFO | ConnectedDownlink | Requesting retransmission of [6047, 6048, 6050, 6051, 6058, 6059, 6062, 6063, 6066, 6067, 6068, 6069, 6074, 6076, 6077, 6079, 6083, 6085, 6086, 6088, 6092, 6098, 6099, 6103, 6110, 6112, 6114, 6116, 6117, 6120, 6122, 6130, 6139, 6146, 6151, 6152, 6162, 6166, 6172, 6173, 6177, 6178, 6186, 6187, 6189, 6192, 6200, 6203, 6204, 6208, 6212, 6215, 6216, 6226, 6231, 6234, 6241, 6243, 6249, 6255, 6259, 6261, 6270, 6273, 6276, 6277, 6281, 6292, 6293, 6298, 6309, 6313, 6315, 6316, 6317, 6320, 6322, 6324, 6327, 6331, 6338, 6344, 6345, 6346, 6347, 6348, 6349, 6350, 6358, 6359, 6364, 6367, 6369, 6374, 6375, 6376, 6381, 6387, 6388, 6393, 6399, 6403, 6408, 6410, 6412, 6420, 6423, 6424, 6425, 6426, 6430, 6432, 6433, 6437, 6441, 6449, 6454, 6457, 6459, 6462, 6463, 6464, 6465, 6466, 6467, 6468, 6472, 6473, 6475, 6477, 6478, 6479, 6482, 6483, 6485, 6495, 6496, 6497, 6498, 6501, 6502, 6506, 6512, 6513, 6514, 6516, 6521, 6523, 6526, 6531, 6532, 6534, 6535, 6540, 6542, 6545, 6549, 6550, 6556, 6559, 6561, 6566, 6569, 6570, 6572, 6575, 6577, 6578, 6581, 6592, 6600, 6601, 6606, 6607, 6617, 6618, 6620, 6624, 6626, 6632, 6634, 6635, 6646, 6655, 6660, 6664, 6666, 6668, 6669, 6675, 6678, 6683, 6686, 6691, 6694, 6695, 6705, 6708, 6711, 6714, 6729, 6735, 6736, 6738, 6742, 6745, 6746, 6747, 6748, 6753, 6754, 6756, 6759, 6761, 6767, 6773, 6775, 6777, 6778, 6787, 6793, 6795, 6797, 6812, 6828, 6829, 6832, 6833, 6834, 6835, 6836, 6840, 6842, 6844, 6854, 6855, 6860, 6862, 6865, 6868, 6871, 6874, 6876, 6877, 6886, 6887, 6888, 6889, 6892, 6895, 6896, 6902, 6906, 6907, 6909, 6916, 6917, 6921, 6925, 6934, 6940, 6941, 6945, 6947, 6950, 6951, 6959, 6962, 6963, 6965, 6967, 6968, 6970, 6974, 6980, 6988, 6991, 6994, 6997, 6998, 7005, 7008, 7010, 7020, 7025, 7027, 7035, 7037, 7039, 7041, 7042, 7053, 7054, 7055, 7056, 7058, 7059, 7064, 7067, 7073, 7077, 7090, 7096, 7100, 7102, 7104, 7106, 7114, 7115, 7116, 7118, 7122, 7126, 7128, 7133, 7136, 7137, 7139, 7141, 7142, 7143, 7147, 7151, 7158, 7159, 7161, 7163, 7164, 7176, 7177, 7178, 7187, 7189, 7197, 7198, 7199, 7204, 7206, 7208, 7209, 7216, 7221, 7225, 7226, 7227, 7228, 7237, 7239, 7241, 7244, 7246, 7247, 7253, 7258, 7260, 7261, 7262, 7263, 7264, 7266, 7267, 7268, 7270, 7272, 7274, 7280, 7282, 7285, 7290, 7293, 7298, 7299, 7303, 7308, 7312, 7313, 7317, 7319, 7320, 7323, 7327, 7329, 7333, 7334, 7336, 7338, 7339, 7341, 7343, 7344, 7354, 7362, 7366, 7369, 7373, 7377]
2026-03-19 09:57:47 | INFO | ConnectedDownlink | SENDING RETRANSMISSION REQUEST [6047, 6048, 6050, 6051, 6058, 6059, 6062, 6063, 6066, 6067, 6068, 6069, 6074, 6076, 6077, 6079, 6083, 6085, 6086, 6088, 6092, 6098, 6099, 6103, 6110, 6112, 6114, 6116, 6117, 6120, 6122, 6130, 6139, 6146, 6151, 6152, 6162, 6166, 6172, 6173, 6177, 6178, 6186, 6187, 6189, 6192, 6200, 6203, 6204, 6208, 6212, 6215, 6216, 6226, 6231, 6234, 6241, 6243, 6249, 6255, 6259, 6261, 6270, 6273, 6276, 6277, 6281, 6292, 6293, 6298, 6309, 6313, 6315, 6316, 6317, 6320, 6322, 6324, 6327, 6331, 6338, 6344, 6345, 6346, 6347, 6348, 6349, 6350, 6358, 6359, 6364, 6367, 6369, 6374, 6375, 6376, 6381, 6387, 6388, 6393] (attempt 1/5)
2026-03-19 09:57:47 | INFO | ConnectedDownlink | RETRANSMIT_REQUEST received: [6047, 6048, 6050, 6051, 6058, 6059, 6062, 6063, 6066, 6067, 6068, 6069, 6074, 6076, 6077, 6079, 6083, 6085, 6086, 6088, 6092, 6098, 6099, 6103, 6110, 6112, 6114, 6116, 6117, 6120, 6122, 6130, 6139, 6146, 6151, 6152, 6162, 6166, 6172, 6173, 6177, 6178, 6186, 6187, 6189, 6192, 6200, 6203, 6204, 6208, 6212, 6215, 6216, 6226, 6231, 6234, 6241, 6243, 6249, 6255, 6259, 6261, 6270, 6273, 6276, 6277, 6281, 6292, 6293, 6298, 6309, 6313, 6315, 6316, 6317, 6320, 6322, 6324, 6327, 6331, 6338, 6344, 6345, 6346, 6347, 6348, 6349, 6350, 6358, 6359, 6364, 6367, 6369, 6374, 6375, 6376, 6381, 6387, 6388, 6393]
2026-03-19 09:57:47 | INFO | ConnectedDownlink | Serving retransmit request: {6146, 6151, 6152, 6162, 6166, 6172, 6173, 6177, 6178, 6186, 6187, 6189, 6192, 6200, 6203, 6204, 6208, 6212, 6215, 6216, 6226, 6231, 6234, 6241, 6243, 6249, 6255, 6259, 6261, 6270, 6273, 6276, 6277, 6281, 6292, 6293, 6298, 6309, 6313, 6315, 6316, 6317, 6320, 6322, 6324, 6327, 6331, 6338, 6344, 6345, 6346, 6347, 6348, 6349, 6350, 6358, 6359, 6364, 6367, 6369, 6374, 6375, 6376, 6381, 6387, 6388, 6393, 6047, 6048, 6050, 6051, 6058, 6059, 6062, 6063, 6066, 6067, 6068, 6069, 6074, 6076, 6077, 6079, 6083, 6085, 6086, 6088, 6092, 6098, 6099, 6103, 6110, 6112, 6114, 6116, 6117, 6120, 6122, 6130, 6139}
2026-03-19 09:57:47 | INFO | ConnectedDownlink | Retransmitted packet seq=6047
2026-03-19 09:57:47 | INFO | ConnectedDownlink | Retransmitted packet seq=6048
2026-03-19 09:57:47 | INFO | ConnectedDownlink | DATA frame received seq=6047 → data_queue
2026-03-19 09:57:47 | INFO | ConnectedDownlink | got dropped message
2026-03-19 09:57:47 | INFO | ConnectedDownlink | Retransmitted packet seq=6050
2026-03-19 09:57:47 | INFO | ConnectedDownlink | Retransmitted packet seq=6051
2026-03-19 09:57:47 | INFO | ConnectedDownlink | Retransmitted packet seq=6058
2026-03-19 09:57:47 | INFO | ConnectedDownlink | DATA frame received seq=6051 → data_queue
2026-03-19 09:57:47 | INFO | ConnectedDownlink | Retransmitted packet seq=6059
2026-03-19 09:57:47 | INFO | ConnectedDownlink | DATA frame received seq=6058 → data_queue
2026-03-19 09:57:47 | INFO | ConnectedDownlink | Retransmitted packet seq=6062
2026-03-19 09:57:47 | INFO | ConnectedDownlink | DATA frame received seq=6059 → data_queue
2026-03-19 09:57:47 | INFO | ConnectedDownlink | Retransmitted packet seq=6063
2026-03-19 09:57:47 | INFO | ConnectedDownlink | Retransmitted packet seq=6066
2026-03-19 09:57:47 | INFO | ConnectedDownlink | Retransmitted packet seq=6067
2026-03-19 09:57:47 | INFO | ConnectedDownlink | DATA frame received seq=6066 → data_queue
2026-03-19 09:57:47 | INFO | ConnectedDownlink | Retransmitted packet seq=6068
2026-03-19 09:57:47 | INFO | ConnectedDownlink | Retransmitted packet seq=6069
2026-03-19 09:57:47 | INFO | ConnectedDownlink | DATA frame received seq=6069 → data_queue
2026-03-19 09:57:47 | INFO | ConnectedDownlink | Retransmitted packet seq=6074
2026-03-19 09:57:47 | INFO | ConnectedDownlink | Retransmitted packet seq=6076
2026-03-19 09:57:47 | INFO | ConnectedDownlink | DATA frame received seq=6074 → data_queue
2026-03-19 09:57:47 | INFO | ConnectedDownlink | Retransmitted packet seq=6077
2026-03-19 09:57:47 | INFO | ConnectedDownlink | DATA frame received seq=6076 → data_queue
2026-03-19 09:57:47 | INFO | ConnectedDownlink | Retransmitted packet seq=6079
2026-03-19 09:57:47 | INFO | ConnectedDownlink | DATA frame received seq=6077 → data_queue
2026-03-19 09:57:47 | INFO | ConnectedDownlink | Retransmitted packet seq=6083
2026-03-19 09:57:47 | INFO | ConnectedDownlink | DATA frame received seq=6079 → data_queue
2026-03-19 09:57:47 | INFO | ConnectedDownlink | Retransmitted packet seq=6085
2026-03-19 09:57:47 | INFO | ConnectedDownlink | DATA frame received seq=6083 → data_queue
2026-03-19 09:57:47 | INFO | ConnectedDownlink | Retransmitted packet seq=6086
2026-03-19 09:57:47 | INFO | ConnectedDownlink | DATA frame received seq=6085 → data_queue
2026-03-19 09:57:47 | INFO | ConnectedDownlink | DATA frame received seq=6086 → data_queue
2026-03-19 09:57:47 | INFO | ConnectedDownlink | Retransmitted packet seq=6088
2026-03-19 09:57:47 | INFO | ConnectedDownlink | DATA frame received seq=6088 → data_queue
2026-03-19 09:57:47 | INFO | ConnectedDownlink | Retransmitted packet seq=6092
2026-03-19 09:57:47 | INFO | ConnectedDownlink | Retransmitted packet seq=6098
2026-03-19 09:57:47 | INFO | ConnectedDownlink | DATA frame received seq=6098 → data_queue
2026-03-19 09:57:47 | INFO | ConnectedDownlink | Retransmitted packet seq=6099
2026-03-19 09:57:47 | INFO | ConnectedDownlink | DATA frame received seq=6099 → data_queue
2026-03-19 09:57:47 | INFO | ConnectedDownlink | Retransmitted packet seq=6103
2026-03-19 09:57:47 | INFO | ConnectedDownlink | DATA frame received seq=6103 → data_queue
2026-03-19 09:57:47 | INFO | ConnectedDownlink | Retransmitted packet seq=6110
2026-03-19 09:57:47 | INFO | ConnectedDownlink | DATA frame received seq=6110 → data_queue
2026-03-19 09:57:47 | INFO | ConnectedDownlink | Retransmitted packet seq=6112
2026-03-19 09:57:47 | INFO | ConnectedDownlink | DATA frame received seq=6112 → data_queue
2026-03-19 09:57:47 | INFO | ConnectedDownlink | Retransmitted packet seq=6114
2026-03-19 09:57:47 | INFO | ConnectedDownlink | DATA frame received seq=6114 → data_queue
2026-03-19 09:57:47 | INFO | ConnectedDownlink | Retransmitted packet seq=6116
2026-03-19 09:57:47 | INFO | ConnectedDownlink | DATA frame received seq=6116 → data_queue
2026-03-19 09:57:47 | INFO | ConnectedDownlink | Retransmitted packet seq=6117
2026-03-19 09:57:47 | INFO | ConnectedDownlink | DATA frame received seq=6117 → data_queue
2026-03-19 09:57:47 | INFO | ConnectedDownlink | Retransmitted packet seq=6120
2026-03-19 09:57:47 | INFO | ConnectedDownlink | DATA frame received seq=6120 → data_queue
2026-03-19 09:57:47 | INFO | ConnectedDownlink | Retransmitted packet seq=6122
2026-03-19 09:57:47 | INFO | ConnectedDownlink | Retransmitted packet seq=6130
2026-03-19 09:57:47 | INFO | ConnectedDownlink | Retransmitted packet seq=6139
2026-03-19 09:57:47 | INFO | ConnectedDownlink | DATA frame received seq=6139 → data_queue
2026-03-19 09:57:47 | INFO | ConnectedDownlink | Retransmitted packet seq=6146
2026-03-19 09:57:47 | INFO | ConnectedDownlink | DATA frame received seq=6146 → data_queue
2026-03-19 09:57:47 | INFO | ConnectedDownlink | Retransmitted packet seq=6151
2026-03-19 09:57:47 | INFO | ConnectedDownlink | DATA frame received seq=6151 → data_queue
2026-03-19 09:57:47 | INFO | ConnectedDownlink | Retransmitted packet seq=6152
2026-03-19 09:57:47 | INFO | ConnectedDownlink | DATA frame received seq=6152 → data_queue
2026-03-19 09:57:47 | INFO | ConnectedDownlink | Retransmitted packet seq=6162
2026-03-19 09:57:47 | INFO | ConnectedDownlink | Retransmitted packet seq=6166
2026-03-19 09:57:47 | INFO | ConnectedDownlink | DATA frame received seq=6166 → data_queue
2026-03-19 09:57:47 | INFO | ConnectedDownlink | Retransmitted packet seq=6172
2026-03-19 09:57:47 | INFO | ConnectedDownlink | Retransmitted packet seq=6173
2026-03-19 09:57:47 | INFO | ConnectedDownlink | DATA frame received seq=6173 → data_queue
2026-03-19 09:57:47 | INFO | ConnectedDownlink | Retransmitted packet seq=6177
2026-03-19 09:57:47 | INFO | ConnectedDownlink | Retransmitted packet seq=6178
2026-03-19 09:57:47 | INFO | ConnectedDownlink | Retransmitted packet seq=6186
2026-03-19 09:57:47 | INFO | ConnectedDownlink | Retransmitted packet seq=6187
2026-03-19 09:57:47 | INFO | ConnectedDownlink | DATA frame received seq=6186 → data_queue
2026-03-19 09:57:47 | INFO | ConnectedDownlink | Retransmitted packet seq=6189
2026-03-19 09:57:47 | INFO | ConnectedDownlink | Retransmitted packet seq=6192
2026-03-19 09:57:47 | INFO | ConnectedDownlink | DATA frame received seq=6192 → data_queue
2026-03-19 09:57:47 | INFO | ConnectedDownlink | Retransmitted packet seq=6200
2026-03-19 09:57:47 | INFO | ConnectedDownlink | DATA frame received seq=6200 → data_queue
2026-03-19 09:57:47 | INFO | ConnectedDownlink | Retransmitted packet seq=6203
2026-03-19 09:57:47 | INFO | ConnectedDownlink | DATA frame received seq=6203 → data_queue
2026-03-19 09:57:47 | INFO | ConnectedDownlink | Retransmitted packet seq=6204
2026-03-19 09:57:47 | INFO | ConnectedDownlink | Retransmitted packet seq=6208
2026-03-19 09:57:47 | INFO | ConnectedDownlink | Retransmitted packet seq=6212
2026-03-19 09:57:47 | INFO | ConnectedDownlink | Retransmitted packet seq=6215
2026-03-19 09:57:47 | INFO | ConnectedDownlink | DATA frame received seq=6215 → data_queue
2026-03-19 09:57:47 | INFO | ConnectedDownlink | Retransmitted packet seq=6216
2026-03-19 09:57:47 | INFO | ConnectedDownlink | Retransmitted packet seq=6226
2026-03-19 09:57:47 | INFO | ConnectedDownlink | DATA frame received seq=6226 → data_queue
2026-03-19 09:57:47 | INFO | ConnectedDownlink | Retransmitted packet seq=6231
2026-03-19 09:57:47 | INFO | ConnectedDownlink | Retransmitted packet seq=6234
2026-03-19 09:57:47 | INFO | ConnectedDownlink | DATA frame received seq=6234 → data_queue
2026-03-19 09:57:47 | INFO | ConnectedDownlink | Retransmitted packet seq=6241
2026-03-19 09:57:47 | INFO | ConnectedDownlink | DATA frame received seq=6241 → data_queue
2026-03-19 09:57:47 | INFO | ConnectedDownlink | Retransmitted packet seq=6243
2026-03-19 09:57:48 | INFO | ConnectedDownlink | Retransmitted packet seq=6249
2026-03-19 09:57:48 | INFO | ConnectedDownlink | DATA frame received seq=6249 → data_queue
2026-03-19 09:57:48 | INFO | ConnectedDownlink | Retransmitted packet seq=6255
2026-03-19 09:57:48 | INFO | ConnectedDownlink | Retransmitted packet seq=6259
2026-03-19 09:57:48 | INFO | ConnectedDownlink | Retransmitted packet seq=6261
2026-03-19 09:57:48 | INFO | ConnectedDownlink | DATA frame received seq=6261 → data_queue
2026-03-19 09:57:48 | INFO | ConnectedDownlink | Retransmitted packet seq=6270
2026-03-19 09:57:48 | INFO | ConnectedDownlink | Retransmitted packet seq=6273
2026-03-19 09:57:48 | INFO | ConnectedDownlink | DATA frame received seq=6273 → data_queue
2026-03-19 09:57:48 | INFO | ConnectedDownlink | Retransmitted packet seq=6276
2026-03-19 09:57:48 | INFO | ConnectedDownlink | DATA frame received seq=6276 → data_queue
2026-03-19 09:57:48 | INFO | ConnectedDownlink | Retransmitted packet seq=6277
2026-03-19 09:57:48 | INFO | ConnectedDownlink | DATA frame received seq=6277 → data_queue
2026-03-19 09:57:48 | INFO | ConnectedDownlink | Retransmitted packet seq=6281
2026-03-19 09:57:48 | INFO | ConnectedDownlink | Retransmitted packet seq=6292
2026-03-19 09:57:48 | INFO | ConnectedDownlink | Retransmitted packet seq=6293
2026-03-19 09:57:48 | INFO | ConnectedDownlink | DATA frame received seq=6293 → data_queue
2026-03-19 09:57:48 | INFO | ConnectedDownlink | Retransmitted packet seq=6298
2026-03-19 09:57:48 | INFO | ConnectedDownlink | DATA frame received seq=6298 → data_queue
2026-03-19 09:57:48 | INFO | ConnectedDownlink | Retransmitted packet seq=6309
2026-03-19 09:57:48 | INFO | ConnectedDownlink | DATA frame received seq=6309 → data_queue
2026-03-19 09:57:48 | INFO | ConnectedDownlink | Retransmitted packet seq=6313
2026-03-19 09:57:48 | INFO | ConnectedDownlink | Retransmitted packet seq=6315
2026-03-19 09:57:48 | INFO | ConnectedDownlink | DATA frame received seq=6315 → data_queue
2026-03-19 09:57:48 | INFO | ConnectedDownlink | Retransmitted packet seq=6316
2026-03-19 09:57:48 | INFO | ConnectedDownlink | Retransmitted packet seq=6317
2026-03-19 09:57:48 | INFO | ConnectedDownlink | Retransmitted packet seq=6320
2026-03-19 09:57:48 | INFO | ConnectedDownlink | DATA frame received seq=6320 → data_queue
2026-03-19 09:57:48 | INFO | ConnectedDownlink | Retransmitted packet seq=6322
2026-03-19 09:57:48 | INFO | ConnectedDownlink | Retransmitted packet seq=6324
2026-03-19 09:57:48 | INFO | ConnectedDownlink | DATA frame received seq=6324 → data_queue
2026-03-19 09:57:48 | INFO | ConnectedDownlink | Retransmitted packet seq=6327
2026-03-19 09:57:48 | INFO | ConnectedDownlink | DATA frame received seq=6327 → data_queue
2026-03-19 09:57:48 | INFO | ConnectedDownlink | Retransmitted packet seq=6331
2026-03-19 09:57:48 | INFO | ConnectedDownlink | Retransmitted packet seq=6338
2026-03-19 09:57:48 | INFO | ConnectedDownlink | DATA frame received seq=6338 → data_queue
2026-03-19 09:57:48 | INFO | ConnectedDownlink | Retransmitted packet seq=6344
2026-03-19 09:57:48 | INFO | ConnectedDownlink | DATA frame received seq=6344 → data_queue
2026-03-19 09:57:48 | INFO | ConnectedDownlink | Retransmitted packet seq=6345
2026-03-19 09:57:48 | INFO | ConnectedDownlink | DATA frame received seq=6345 → data_queue
2026-03-19 09:57:48 | INFO | ConnectedDownlink | Retransmitted packet seq=6346
2026-03-19 09:57:48 | INFO | ConnectedDownlink | DATA frame received seq=6346 → data_queue
2026-03-19 09:57:48 | INFO | ConnectedDownlink | Retransmitted packet seq=6347
2026-03-19 09:57:48 | INFO | ConnectedDownlink | Retransmitted packet seq=6348
2026-03-19 09:57:48 | INFO | ConnectedDownlink | Retransmitted packet seq=6349
2026-03-19 09:57:48 | INFO | ConnectedDownlink | Retransmitted packet seq=6350
2026-03-19 09:57:48 | INFO | ConnectedDownlink | DATA frame received seq=6349 → data_queue
2026-03-19 09:57:48 | INFO | ConnectedDownlink | Retransmitted packet seq=6358
2026-03-19 09:57:48 | INFO | ConnectedDownlink | Retransmitted packet seq=6359
2026-03-19 09:57:48 | INFO | ConnectedDownlink | DATA frame received seq=6358 → data_queue
2026-03-19 09:57:48 | INFO | ConnectedDownlink | Retransmitted packet seq=6364
2026-03-19 09:57:48 | INFO | ConnectedDownlink | DATA frame received seq=6364 → data_queue
2026-03-19 09:57:48 | INFO | ConnectedDownlink | Retransmitted packet seq=6367
2026-03-19 09:57:48 | INFO | ConnectedDownlink | Retransmitted packet seq=6369
2026-03-19 09:57:48 | INFO | ConnectedDownlink | DATA frame received seq=6369 → data_queue
2026-03-19 09:57:48 | INFO | ConnectedDownlink | Retransmitted packet seq=6374
2026-03-19 09:57:48 | INFO | ConnectedDownlink | DATA frame received seq=6374 → data_queue
2026-03-19 09:57:48 | INFO | ConnectedDownlink | Retransmitted packet seq=6375
2026-03-19 09:57:48 | INFO | ConnectedDownlink | DATA frame received seq=6375 → data_queue
2026-03-19 09:57:48 | INFO | ConnectedDownlink | Retransmitted packet seq=6376
2026-03-19 09:57:48 | INFO | ConnectedDownlink | DATA frame received seq=6376 → data_queue
2026-03-19 09:57:48 | INFO | ConnectedDownlink | Retransmitted packet seq=6381
2026-03-19 09:57:48 | INFO | ConnectedDownlink | DATA frame received seq=6381 → data_queue
2026-03-19 09:57:48 | INFO | ConnectedDownlink | Retransmitted packet seq=6387
2026-03-19 09:57:48 | INFO | ConnectedDownlink | DATA frame received seq=6387 → data_queue
2026-03-19 09:57:48 | INFO | ConnectedDownlink | Retransmitted packet seq=6388
2026-03-19 09:57:48 | INFO | ConnectedDownlink | DATA frame received seq=6388 → data_queue
2026-03-19 09:57:48 | INFO | ConnectedDownlink | DATA frame received seq=6393 → data_queue
2026-03-19 09:57:48 | INFO | ConnectedDownlink | Retransmitted packet seq=6393
2026-03-19 09:58:24 | INFO | ConnectedDownlink | Satellite serve_loop cancelled
2026-03-19 09:58:31 | INFO | ConnectedDownlink | Entered ConnectedDownlink mode
2026-03-19 09:58:31 | INFO | ConnectedDownlink | ConnectedDownlink entered
2026-03-19 09:58:31 | INFO | ConnectedDownlink | starting activity timer for 180
2026-03-19 09:58:31 | INFO | ConnectedDownlink | Satellite serve_loop started (implicit-ACK mode)
2026-03-19 09:58:31 | INFO | ConnectedDownlink | Entered ConnectedDownlink mode
2026-03-19 09:58:31 | INFO | ConnectedDownlink | ConnectedDownlink entered
2026-03-19 09:58:31 | INFO | ConnectedDownlink | starting activity timer for 180
2026-03-19 09:58:31 | INFO | ConnectedDownlink | retransmit_loop started (implicit-ACK mode)
2026-03-19 09:58:31 | INFO | ConnectedDownlink | Requesting retransmission of [6048, 6050, 6051, 6058, 6059, 6062, 6063, 6066, 6067, 6068, 6069, 6074, 6076, 6077, 6079, 6083, 6085, 6086, 6088, 6092, 6098, 6099, 6103, 6110, 6112, 6114, 6116, 6117, 6120, 6122, 6130, 6139, 6146, 6151, 6152, 6162, 6166, 6172, 6173, 6177, 6178, 6186, 6187, 6189, 6192, 6200, 6203, 6204, 6208, 6212, 6215, 6216, 6226, 6231, 6234, 6241, 6243, 6249, 6255, 6259, 6261, 6270, 6273, 6276, 6277, 6281, 6292, 6293, 6298, 6309, 6313, 6315, 6316, 6317, 6320, 6322, 6324, 6327, 6331, 6338, 6344, 6345, 6346, 6347, 6348, 6349, 6350, 6358, 6359, 6364, 6367, 6369, 6374, 6375, 6376, 6381, 6387, 6388, 6393, 6399, 6403, 6408, 6410, 6412, 6420, 6423, 6424, 6425, 6426, 6430, 6432, 6433, 6437, 6441, 6449, 6454, 6457, 6459, 6462, 6463, 6464, 6465, 6466, 6467, 6468, 6472, 6473, 6475, 6477, 6478, 6479, 6482, 6483, 6485, 6495, 6496, 6497, 6498, 6501, 6502, 6506, 6512, 6513, 6514, 6516, 6521, 6523, 6526, 6531, 6532, 6534, 6535, 6540, 6542, 6545, 6549, 6550, 6556, 6559, 6561, 6566, 6569, 6570, 6572, 6575, 6577, 6578, 6581, 6592, 6600, 6601, 6606, 6607, 6617, 6618, 6620, 6624, 6626, 6632, 6634, 6635, 6646, 6655, 6660, 6664, 6666, 6668, 6669, 6675, 6678, 6683, 6686, 6691, 6694, 6695, 6705, 6708, 6711, 6714, 6729, 6735, 6736, 6738, 6742, 6745, 6746, 6747, 6748, 6753, 6754, 6756, 6759, 6761, 6767, 6773, 6775, 6777, 6778, 6787, 6793, 6795, 6797, 6812, 6828, 6829, 6832, 6833, 6834, 6835, 6836, 6840, 6842, 6844, 6854, 6855, 6860, 6862, 6865, 6868, 6871, 6874, 6876, 6877, 6886, 6887, 6888, 6889, 6892, 6895, 6896, 6902, 6906, 6907, 6909, 6916, 6917, 6921, 6925, 6934, 6940, 6941, 6945, 6947, 6950, 6951, 6959, 6962, 6963, 6965, 6967, 6968, 6970, 6974, 6980, 6988, 6991, 6994, 6997, 6998, 7005, 7008, 7010, 7020, 7025, 7027, 7035, 7037, 7039, 7041, 7042, 7053, 7054, 7055, 7056, 7058, 7059, 7064, 7067, 7073, 7077, 7090, 7096, 7100, 7102, 7104, 7106, 7114, 7115, 7116, 7118, 7122, 7126, 7128, 7133, 7136, 7137, 7139, 7141, 7142, 7143, 7147, 7151, 7158, 7159, 7161, 7163, 7164, 7176, 7177, 7178, 7187, 7189, 7197, 7198, 7199, 7204, 7206, 7208, 7209, 7216, 7221, 7225, 7226, 7227, 7228, 7237, 7239, 7241, 7244, 7246, 7247, 7253, 7258, 7260, 7261, 7262, 7263, 7264, 7266, 7267, 7268, 7270, 7272, 7274, 7280, 7282, 7285, 7290, 7293, 7298, 7299, 7303, 7308, 7312, 7313, 7317, 7319, 7320, 7323, 7327, 7329, 7333, 7334, 7336, 7338, 7339, 7341, 7343, 7344, 7354, 7362, 7366, 7369, 7373, 7377]
2026-03-19 09:58:31 | INFO | ConnectedDownlink | SENDING RETRANSMISSION REQUEST [6048, 6050, 6051, 6058, 6059, 6062, 6063, 6066, 6067, 6068, 6069, 6074, 6076, 6077, 6079, 6083, 6085, 6086, 6088, 6092, 6098, 6099, 6103, 6110, 6112, 6114, 6116, 6117, 6120, 6122, 6130, 6139, 6146, 6151, 6152, 6162, 6166, 6172, 6173, 6177, 6178, 6186, 6187, 6189, 6192, 6200, 6203, 6204, 6208, 6212, 6215, 6216, 6226, 6231, 6234, 6241, 6243, 6249, 6255, 6259, 6261, 6270, 6273, 6276, 6277, 6281, 6292, 6293, 6298, 6309, 6313, 6315, 6316, 6317, 6320, 6322, 6324, 6327, 6331, 6338, 6344, 6345, 6346, 6347, 6348, 6349, 6350, 6358, 6359, 6364, 6367, 6369, 6374, 6375, 6376, 6381, 6387, 6388, 6393, 6399] (attempt 1/5)
2026-03-19 09:58:31 | INFO | ConnectedDownlink | RETRANSMIT_REQUEST received: [6048, 6050, 6051, 6058, 6059, 6062, 6063, 6066, 6067, 6068, 6069, 6074, 6076, 6077, 6079, 6083, 6085, 6086, 6088, 6092, 6098, 6099, 6103, 6110, 6112, 6114, 6116, 6117, 6120, 6122, 6130, 6139, 6146, 6151, 6152, 6162, 6166, 6172, 6173, 6177, 6178, 6186, 6187, 6189, 6192, 6200, 6203, 6204, 6208, 6212, 6215, 6216, 6226, 6231, 6234, 6241, 6243, 6249, 6255, 6259, 6261, 6270, 6273, 6276, 6277, 6281, 6292, 6293, 6298, 6309, 6313, 6315, 6316, 6317, 6320, 6322, 6324, 6327, 6331, 6338, 6344, 6345, 6346, 6347, 6348, 6349, 6350, 6358, 6359, 6364, 6367, 6369, 6374, 6375, 6376, 6381, 6387, 6388, 6393, 6399]
2026-03-19 09:58:31 | INFO | ConnectedDownlink | Serving retransmit request: {6146, 6151, 6152, 6162, 6166, 6172, 6173, 6177, 6178, 6186, 6187, 6189, 6192, 6200, 6203, 6204, 6208, 6212, 6215, 6216, 6226, 6231, 6234, 6241, 6243, 6249, 6255, 6259, 6261, 6270, 6273, 6276, 6277, 6281, 6292, 6293, 6298, 6309, 6313, 6315, 6316, 6317, 6320, 6322, 6324, 6327, 6331, 6338, 6344, 6345, 6346, 6347, 6348, 6349, 6350, 6358, 6359, 6364, 6367, 6369, 6374, 6375, 6376, 6381, 6387, 6388, 6393, 6399, 6048, 6050, 6051, 6058, 6059, 6062, 6063, 6066, 6067, 6068, 6069, 6074, 6076, 6077, 6079, 6083, 6085, 6086, 6088, 6092, 6098, 6099, 6103, 6110, 6112, 6114, 6116, 6117, 6120, 6122, 6130, 6139}
2026-03-19 09:58:31 | INFO | ConnectedDownlink | Retransmitted packet seq=6048
2026-03-19 09:58:31 | INFO | ConnectedDownlink | Retransmitted packet seq=6050
2026-03-19 09:58:31 | INFO | ConnectedDownlink | Retransmitted packet seq=6051
2026-03-19 09:58:31 | INFO | ConnectedDownlink | DATA frame received seq=6050 → data_queue
2026-03-19 09:58:31 | INFO | ConnectedDownlink | got dropped message
2026-03-19 09:58:31 | INFO | ConnectedDownlink | Retransmitted packet seq=6058
2026-03-19 09:58:31 | INFO | ConnectedDownlink | Retransmitted packet seq=6059
2026-03-19 09:58:31 | INFO | ConnectedDownlink | DATA frame received seq=6058 → data_queue
2026-03-19 09:58:31 | INFO | ConnectedDownlink | Retransmitted packet seq=6062
2026-03-19 09:58:31 | INFO | ConnectedDownlink | Retransmitted packet seq=6063
2026-03-19 09:58:31 | INFO | ConnectedDownlink | DATA frame received seq=6063 → data_queue
2026-03-19 09:58:31 | INFO | ConnectedDownlink | Retransmitted packet seq=6066
2026-03-19 09:58:31 | INFO | ConnectedDownlink | DATA frame received seq=6066 → data_queue
2026-03-19 09:58:31 | INFO | ConnectedDownlink | Retransmitted packet seq=6067
2026-03-19 09:58:31 | INFO | ConnectedDownlink | DATA frame received seq=6067 → data_queue
2026-03-19 09:58:31 | INFO | ConnectedDownlink | Retransmitted packet seq=6068
2026-03-19 09:58:31 | INFO | ConnectedDownlink | Retransmitted packet seq=6069
2026-03-19 09:58:31 | INFO | ConnectedDownlink | DATA frame received seq=6068 → data_queue
2026-03-19 09:58:31 | INFO | ConnectedDownlink | Retransmitted packet seq=6074
2026-03-19 09:58:31 | INFO | ConnectedDownlink | DATA frame received seq=6069 → data_queue
2026-03-19 09:58:31 | INFO | ConnectedDownlink | Retransmitted packet seq=6076
2026-03-19 09:58:31 | INFO | ConnectedDownlink | Retransmitted packet seq=6077
2026-03-19 09:58:31 | INFO | ConnectedDownlink | DATA frame received seq=6077 → data_queue
2026-03-19 09:58:31 | INFO | ConnectedDownlink | Retransmitted packet seq=6079
2026-03-19 09:58:31 | INFO | ConnectedDownlink | DATA frame received seq=6079 → data_queue
2026-03-19 09:58:31 | INFO | ConnectedDownlink | Retransmitted packet seq=6083
2026-03-19 09:58:31 | INFO | ConnectedDownlink | Retransmitted packet seq=6085
2026-03-19 09:58:31 | INFO | ConnectedDownlink | Retransmitted packet seq=6086
2026-03-19 09:58:31 | INFO | ConnectedDownlink | DATA frame received seq=6086 → data_queue
2026-03-19 09:58:31 | INFO | ConnectedDownlink | Retransmitted packet seq=6088
2026-03-19 09:58:31 | INFO | ConnectedDownlink | DATA frame received seq=6088 → data_queue
2026-03-19 09:58:31 | INFO | ConnectedDownlink | Retransmitted packet seq=6092
2026-03-19 09:58:31 | INFO | ConnectedDownlink | Retransmitted packet seq=6098
2026-03-19 09:58:31 | INFO | ConnectedDownlink | DATA frame received seq=6098 → data_queue
2026-03-19 09:58:31 | INFO | ConnectedDownlink | Retransmitted packet seq=6099
2026-03-19 09:58:31 | INFO | ConnectedDownlink | DATA frame received seq=6099 → data_queue
2026-03-19 09:58:31 | INFO | ConnectedDownlink | Retransmitted packet seq=6103
2026-03-19 09:58:31 | INFO | ConnectedDownlink | Retransmitted packet seq=6110
2026-03-19 09:58:31 | INFO | ConnectedDownlink | DATA frame received seq=6110 → data_queue
2026-03-19 09:58:31 | INFO | ConnectedDownlink | Retransmitted packet seq=6112
2026-03-19 09:58:31 | INFO | ConnectedDownlink | Retransmitted packet seq=6114
2026-03-19 09:58:31 | INFO | ConnectedDownlink | Retransmitted packet seq=6116
2026-03-19 09:58:31 | INFO | ConnectedDownlink | DATA frame received seq=6116 → data_queue
2026-03-19 09:58:31 | INFO | ConnectedDownlink | Retransmitted packet seq=6117
2026-03-19 09:58:31 | INFO | ConnectedDownlink | Retransmitted packet seq=6120
2026-03-19 09:58:31 | INFO | ConnectedDownlink | Retransmitted packet seq=6122
2026-03-19 09:58:31 | INFO | ConnectedDownlink | DATA frame received seq=6122 → data_queue
2026-03-19 09:58:31 | INFO | ConnectedDownlink | Retransmitted packet seq=6130
2026-03-19 09:58:31 | INFO | ConnectedDownlink | DATA frame received seq=6130 → data_queue
2026-03-19 09:58:31 | INFO | ConnectedDownlink | Retransmitted packet seq=6139
2026-03-19 09:58:31 | INFO | ConnectedDownlink | DATA frame received seq=6139 → data_queue
2026-03-19 09:58:31 | INFO | ConnectedDownlink | Retransmitted packet seq=6146
2026-03-19 09:58:31 | INFO | ConnectedDownlink | DATA frame received seq=6146 → data_queue
2026-03-19 09:58:31 | INFO | ConnectedDownlink | Retransmitted packet seq=6151
2026-03-19 09:58:31 | INFO | ConnectedDownlink | DATA frame received seq=6151 → data_queue
2026-03-19 09:58:31 | INFO | ConnectedDownlink | Retransmitted packet seq=6152
2026-03-19 09:58:31 | INFO | ConnectedDownlink | DATA frame received seq=6152 → data_queue
2026-03-19 09:58:31 | INFO | ConnectedDownlink | Retransmitted packet seq=6162
2026-03-19 09:58:31 | INFO | ConnectedDownlink | DATA frame received seq=6162 → data_queue
2026-03-19 09:58:31 | INFO | ConnectedDownlink | Retransmitted packet seq=6166
2026-03-19 09:58:31 | INFO | ConnectedDownlink | DATA frame received seq=6166 → data_queue
2026-03-19 09:58:31 | INFO | ConnectedDownlink | Retransmitted packet seq=6172
2026-03-19 09:58:31 | INFO | ConnectedDownlink | DATA frame received seq=6172 → data_queue
2026-03-19 09:58:31 | INFO | ConnectedDownlink | Retransmitted packet seq=6173
2026-03-19 09:58:31 | INFO | ConnectedDownlink | Retransmitted packet seq=6177
2026-03-19 09:58:31 | INFO | ConnectedDownlink | DATA frame received seq=6177 → data_queue
2026-03-19 09:58:31 | INFO | ConnectedDownlink | Retransmitted packet seq=6178
2026-03-19 09:58:31 | INFO | ConnectedDownlink | DATA frame received seq=6178 → data_queue
2026-03-19 09:58:31 | INFO | ConnectedDownlink | Retransmitted packet seq=6186
2026-03-19 09:58:31 | INFO | ConnectedDownlink | DATA frame received seq=6186 → data_queue
2026-03-19 09:58:31 | INFO | ConnectedDownlink | Retransmitted packet seq=6187
2026-03-19 09:58:31 | INFO | ConnectedDownlink | Retransmitted packet seq=6189
2026-03-19 09:58:31 | INFO | ConnectedDownlink | DATA frame received seq=6189 → data_queue
2026-03-19 09:58:31 | INFO | ConnectedDownlink | Retransmitted packet seq=6192
2026-03-19 09:58:31 | INFO | ConnectedDownlink | DATA frame received seq=6192 → data_queue
2026-03-19 09:58:31 | INFO | ConnectedDownlink | Retransmitted packet seq=6200
2026-03-19 09:58:31 | INFO | ConnectedDownlink | DATA frame received seq=6200 → data_queue
2026-03-19 09:58:31 | INFO | ConnectedDownlink | Retransmitted packet seq=6203
2026-03-19 09:58:31 | INFO | ConnectedDownlink | Retransmitted packet seq=6204
2026-03-19 09:58:31 | INFO | ConnectedDownlink | Retransmitted packet seq=6208
2026-03-19 09:58:31 | INFO | ConnectedDownlink | DATA frame received seq=6208 → data_queue
2026-03-19 09:58:31 | INFO | ConnectedDownlink | Retransmitted packet seq=6212
2026-03-19 09:58:31 | INFO | ConnectedDownlink | Retransmitted packet seq=6215
2026-03-19 09:58:31 | INFO | ConnectedDownlink | Retransmitted packet seq=6216
2026-03-19 09:58:31 | INFO | ConnectedDownlink | Retransmitted packet seq=6226
2026-03-19 09:58:31 | INFO | ConnectedDownlink | DATA frame received seq=6226 → data_queue
2026-03-19 09:58:31 | INFO | ConnectedDownlink | Retransmitted packet seq=6231
2026-03-19 09:58:31 | INFO | ConnectedDownlink | DATA frame received seq=6231 → data_queue
2026-03-19 09:58:31 | INFO | ConnectedDownlink | Retransmitted packet seq=6234
2026-03-19 09:58:31 | INFO | ConnectedDownlink | Retransmitted packet seq=6241
2026-03-19 09:58:31 | INFO | ConnectedDownlink | DATA frame received seq=6241 → data_queue
2026-03-19 09:58:31 | INFO | ConnectedDownlink | Retransmitted packet seq=6243
2026-03-19 09:58:31 | INFO | ConnectedDownlink | DATA frame received seq=6243 → data_queue
2026-03-19 09:58:31 | INFO | ConnectedDownlink | Retransmitted packet seq=6249
2026-03-19 09:58:31 | INFO | ConnectedDownlink | Retransmitted packet seq=6255
2026-03-19 09:58:31 | INFO | ConnectedDownlink | Retransmitted packet seq=6259
2026-03-19 09:58:31 | INFO | ConnectedDownlink | DATA frame received seq=6259 → data_queue
2026-03-19 09:58:31 | INFO | ConnectedDownlink | Retransmitted packet seq=6261
2026-03-19 09:58:31 | INFO | ConnectedDownlink | DATA frame received seq=6261 → data_queue
2026-03-19 09:58:31 | INFO | ConnectedDownlink | Retransmitted packet seq=6270
2026-03-19 09:58:31 | INFO | ConnectedDownlink | Retransmitted packet seq=6273
2026-03-19 09:58:31 | INFO | ConnectedDownlink | DATA frame received seq=6273 → data_queue
2026-03-19 09:58:31 | INFO | ConnectedDownlink | Retransmitted packet seq=6276
2026-03-19 09:58:31 | INFO | ConnectedDownlink | DATA frame received seq=6276 → data_queue
2026-03-19 09:58:32 | INFO | ConnectedDownlink | Retransmitted packet seq=6277
2026-03-19 09:58:32 | INFO | ConnectedDownlink | Retransmitted packet seq=6281
2026-03-19 09:58:32 | INFO | ConnectedDownlink | DATA frame received seq=6281 → data_queue
2026-03-19 09:58:32 | INFO | ConnectedDownlink | Retransmitted packet seq=6292
2026-03-19 09:58:32 | INFO | ConnectedDownlink | DATA frame received seq=6292 → data_queue
2026-03-19 09:58:32 | INFO | ConnectedDownlink | Retransmitted packet seq=6293
2026-03-19 09:58:32 | INFO | ConnectedDownlink | DATA frame received seq=6293 → data_queue
2026-03-19 09:58:32 | INFO | ConnectedDownlink | DATA frame received seq=6298 → data_queue
2026-03-19 09:58:32 | INFO | ConnectedDownlink | Retransmitted packet seq=6309
2026-03-19 09:58:32 | INFO | ConnectedDownlink | DATA frame received seq=6309 → data_queue
2026-03-19 09:58:32 | INFO | ConnectedDownlink | Retransmitted packet seq=6313
2026-03-19 09:58:32 | INFO | ConnectedDownlink | DATA frame received seq=6313 → data_queue
2026-03-19 09:58:32 | INFO | ConnectedDownlink | Retransmitted packet seq=6315
2026-03-19 09:58:32 | INFO | ConnectedDownlink | Retransmitted packet seq=6316
2026-03-19 09:58:32 | INFO | ConnectedDownlink | DATA frame received seq=6316 → data_queue
2026-03-19 09:58:32 | INFO | ConnectedDownlink | Retransmitted packet seq=6317
2026-03-19 09:58:32 | INFO | ConnectedDownlink | Retransmitted packet seq=6320
2026-03-19 09:58:32 | INFO | ConnectedDownlink | Retransmitted packet seq=6322
2026-03-19 09:58:32 | INFO | ConnectedDownlink | DATA frame received seq=6322 → data_queue
2026-03-19 09:58:32 | INFO | ConnectedDownlink | Retransmitted packet seq=6324
2026-03-19 09:58:32 | INFO | ConnectedDownlink | Retransmitted packet seq=6327
2026-03-19 09:58:32 | INFO | ConnectedDownlink | DATA frame received seq=6327 → data_queue
2026-03-19 09:58:32 | INFO | ConnectedDownlink | Retransmitted packet seq=6331
2026-03-19 09:58:32 | INFO | ConnectedDownlink | Retransmitted packet seq=6338
2026-03-19 09:58:32 | INFO | ConnectedDownlink | DATA frame received seq=6338 → data_queue
2026-03-19 09:58:32 | INFO | ConnectedDownlink | Retransmitted packet seq=6344
2026-03-19 09:58:32 | INFO | ConnectedDownlink | DATA frame received seq=6344 → data_queue
2026-03-19 09:58:32 | INFO | ConnectedDownlink | Retransmitted packet seq=6345
2026-03-19 09:58:32 | INFO | ConnectedDownlink | DATA frame received seq=6345 → data_queue
2026-03-19 09:58:32 | INFO | ConnectedDownlink | Retransmitted packet seq=6346
2026-03-19 09:58:32 | INFO | ConnectedDownlink | Retransmitted packet seq=6347
2026-03-19 09:58:32 | INFO | ConnectedDownlink | DATA frame received seq=6347 → data_queue
2026-03-19 09:58:32 | INFO | ConnectedDownlink | Retransmitted packet seq=6348
2026-03-19 09:58:32 | INFO | ConnectedDownlink | DATA frame received seq=6348 → data_queue
2026-03-19 09:58:32 | INFO | ConnectedDownlink | Retransmitted packet seq=6349
2026-03-19 09:58:32 | INFO | ConnectedDownlink | Retransmitted packet seq=6350
2026-03-19 09:58:32 | INFO | ConnectedDownlink | DATA frame received seq=6350 → data_queue
2026-03-19 09:58:32 | INFO | ConnectedDownlink | Retransmitted packet seq=6358
2026-03-19 09:58:32 | INFO | ConnectedDownlink | DATA frame received seq=6358 → data_queue
2026-03-19 09:58:32 | INFO | ConnectedDownlink | Retransmitted packet seq=6359
2026-03-19 09:58:32 | INFO | ConnectedDownlink | DATA frame received seq=6359 → data_queue
2026-03-19 09:58:32 | INFO | ConnectedDownlink | Retransmitted packet seq=6364
2026-03-19 09:58:32 | INFO | ConnectedDownlink | DATA frame received seq=6364 → data_queue
2026-03-19 09:58:32 | INFO | ConnectedDownlink | Retransmitted packet seq=6367
2026-03-19 09:58:32 | INFO | ConnectedDownlink | DATA frame received seq=6367 → data_queue
2026-03-19 09:58:32 | INFO | ConnectedDownlink | Retransmitted packet seq=6369
2026-03-19 09:58:32 | INFO | ConnectedDownlink | Retransmitted packet seq=6374
2026-03-19 09:58:32 | INFO | ConnectedDownlink | Retransmitted packet seq=6375
2026-03-19 09:58:32 | INFO | ConnectedDownlink | DATA frame received seq=6375 → data_queue
2026-03-19 09:58:32 | INFO | ConnectedDownlink | Retransmitted packet seq=6376
2026-03-19 09:58:32 | INFO | ConnectedDownlink | Retransmitted packet seq=6381
2026-03-19 09:58:32 | INFO | ConnectedDownlink | Retransmitted packet seq=6387
2026-03-19 09:58:32 | INFO | ConnectedDownlink | DATA frame received seq=6387 → data_queue
2026-03-19 09:58:32 | INFO | ConnectedDownlink | Retransmitted packet seq=6388
2026-03-19 09:58:32 | INFO | ConnectedDownlink | DATA frame received seq=6388 → data_queue
2026-03-19 09:58:32 | INFO | ConnectedDownlink | Retransmitted packet seq=6393
2026-03-19 09:58:32 | INFO | ConnectedDownlink | DATA frame received seq=6393 → data_queue
2026-03-19 09:58:32 | INFO | ConnectedDownlink | DATA frame received seq=6399 → data_queue
2026-03-19 09:58:32 | INFO | ConnectedDownlink | Retransmitted packet seq=6399
2026-03-19 09:59:07 | INFO | ConnectedDownlink | Satellite serve_loop cancelled
2026-03-19 09:59:29 | INFO | ConnectedDownlink | Entered ConnectedDownlink mode
2026-03-19 09:59:29 | INFO | ConnectedDownlink | ConnectedDownlink entered
2026-03-19 09:59:29 | INFO | ConnectedDownlink | starting activity timer for 180
2026-03-19 09:59:29 | INFO | ConnectedDownlink | retransmit_loop started (implicit-ACK mode)
2026-03-19 09:59:29 | INFO | ConnectedDownlink | Requesting retransmission of [6048, 6051, 6058, 6059, 6062, 6063, 6066, 6067, 6068, 6069, 6074, 6076, 6077, 6079, 6083, 6085, 6086, 6088, 6092, 6098, 6099, 6103, 6110, 6112, 6114, 6116, 6117, 6120, 6122, 6130, 6139, 6146, 6151, 6152, 6162, 6166, 6172, 6173, 6177, 6178, 6186, 6187, 6189, 6192, 6200, 6203, 6204, 6208, 6212, 6215, 6216, 6226, 6231, 6234, 6241, 6243, 6249, 6255, 6259, 6261, 6270, 6273, 6276, 6277, 6281, 6292, 6293, 6298, 6309, 6313, 6315, 6316, 6317, 6320, 6322, 6324, 6327, 6331, 6338, 6344, 6345, 6346, 6347, 6348, 6349, 6350, 6358, 6359, 6364, 6367, 6369, 6374, 6375, 6376, 6381, 6387, 6388, 6393, 6399, 6403, 6408, 6410, 6412, 6420, 6423, 6424, 6425, 6426, 6430, 6432, 6433, 6437, 6441, 6449, 6454, 6457, 6459, 6462, 6463, 6464, 6465, 6466, 6467, 6468, 6472, 6473, 6475, 6477, 6478, 6479, 6482, 6483, 6485, 6495, 6496, 6497, 6498, 6501, 6502, 6506, 6512, 6513, 6514, 6516, 6521, 6523, 6526, 6531, 6532, 6534, 6535, 6540, 6542, 6545, 6549, 6550, 6556, 6559, 6561, 6566, 6569, 6570, 6572, 6575, 6577, 6578, 6581, 6592, 6600, 6601, 6606, 6607, 6617, 6618, 6620, 6624, 6626, 6632, 6634, 6635, 6646, 6655, 6660, 6664, 6666, 6668, 6669, 6675, 6678, 6683, 6686, 6691, 6694, 6695, 6705, 6708, 6711, 6714, 6729, 6735, 6736, 6738, 6742, 6745, 6746, 6747, 6748, 6753, 6754, 6756, 6759, 6761, 6767, 6773, 6775, 6777, 6778, 6787, 6793, 6795, 6797, 6812, 6828, 6829, 6832, 6833, 6834, 6835, 6836, 6840, 6842, 6844, 6854, 6855, 6860, 6862, 6865, 6868, 6871, 6874, 6876, 6877, 6886, 6887, 6888, 6889, 6892, 6895, 6896, 6902, 6906, 6907, 6909, 6916, 6917, 6921, 6925, 6934, 6940, 6941, 6945, 6947, 6950, 6951, 6959, 6962, 6963, 6965, 6967, 6968, 6970, 6974, 6980, 6988, 6991, 6994, 6997, 6998, 7005, 7008, 7010, 7020, 7025, 7027, 7035, 7037, 7039, 7041, 7042, 7053, 7054, 7055, 7056, 7058, 7059, 7064, 7067, 7073, 7077, 7090, 7096, 7100, 7102, 7104, 7106, 7114, 7115, 7116, 7118, 7122, 7126, 7128, 7133, 7136, 7137, 7139, 7141, 7142, 7143, 7147, 7151, 7158, 7159, 7161, 7163, 7164, 7176, 7177, 7178, 7187, 7189, 7197, 7198, 7199, 7204, 7206, 7208, 7209, 7216, 7221, 7225, 7226, 7227, 7228, 7237, 7239, 7241, 7244, 7246, 7247, 7253, 7258, 7260, 7261, 7262, 7263, 7264, 7266, 7267, 7268, 7270, 7272, 7274, 7280, 7282, 7285, 7290, 7293, 7298, 7299, 7303, 7308, 7312, 7313, 7317, 7319, 7320, 7323, 7327, 7329, 7333, 7334, 7336, 7338, 7339, 7341, 7343, 7344, 7354, 7362, 7366, 7369, 7373, 7377]
2026-03-19 09:59:29 | INFO | ConnectedDownlink | SENDING RETRANSMISSION REQUEST [6048, 6051, 6058, 6059, 6062, 6063, 6066, 6067, 6068, 6069, 6074, 6076, 6077, 6079, 6083, 6085, 6086, 6088, 6092, 6098, 6099, 6103, 6110, 6112, 6114, 6116, 6117, 6120, 6122, 6130, 6139, 6146, 6151, 6152, 6162, 6166, 6172, 6173, 6177, 6178, 6186, 6187, 6189, 6192, 6200, 6203, 6204, 6208, 6212, 6215, 6216, 6226, 6231, 6234, 6241, 6243, 6249, 6255, 6259, 6261, 6270, 6273, 6276, 6277, 6281, 6292, 6293, 6298, 6309, 6313, 6315, 6316, 6317, 6320, 6322, 6324, 6327, 6331, 6338, 6344, 6345, 6346, 6347, 6348, 6349, 6350, 6358, 6359, 6364, 6367, 6369, 6374, 6375, 6376, 6381, 6387, 6388, 6393, 6399, 6403] (attempt 1/5)
2026-03-19 09:59:29 | INFO | ConnectedDownlink | Entered ConnectedDownlink mode
2026-03-19 09:59:29 | INFO | ConnectedDownlink | ConnectedDownlink entered
2026-03-19 09:59:29 | INFO | ConnectedDownlink | starting activity timer for 180
2026-03-19 09:59:29 | INFO | ConnectedDownlink | Satellite serve_loop started (implicit-ACK mode)
2026-03-19 09:59:32 | INFO | ConnectedDownlink | timeout error
2026-03-19 09:59:32 | INFO | ConnectedDownlink | Attempt 1/5: received 0/394, still missing [6048, 6051, 6058, 6059, 6062, 6063, 6066, 6067, 6068, 6069, 6074, 6076, 6077, 6079, 6083, 6085, 6086, 6088, 6092, 6098, 6099, 6103, 6110, 6112, 6114, 6116, 6117, 6120, 6122, 6130, 6139, 6146, 6151, 6152, 6162, 6166, 6172, 6173, 6177, 6178, 6186, 6187, 6189, 6192, 6200, 6203, 6204, 6208, 6212, 6215, 6216, 6226, 6231, 6234, 6241, 6243, 6249, 6255, 6259, 6261, 6270, 6273, 6276, 6277, 6281, 6292, 6293, 6298, 6309, 6313, 6315, 6316, 6317, 6320, 6322, 6324, 6327, 6331, 6338, 6344, 6345, 6346, 6347, 6348, 6349, 6350, 6358, 6359, 6364, 6367, 6369, 6374, 6375, 6376, 6381, 6387, 6388, 6393, 6399, 6403, 6408, 6410, 6412, 6420, 6423, 6424, 6425, 6426, 6430, 6432, 6433, 6437, 6441, 6449, 6454, 6457, 6459, 6462, 6463, 6464, 6465, 6466, 6467, 6468, 6472, 6473, 6475, 6477, 6478, 6479, 6482, 6483, 6485, 6495, 6496, 6497, 6498, 6501, 6502, 6506, 6512, 6513, 6514, 6516, 6521, 6523, 6526, 6531, 6532, 6534, 6535, 6540, 6542, 6545, 6549, 6550, 6556, 6559, 6561, 6566, 6569, 6570, 6572, 6575, 6577, 6578, 6581, 6592, 6600, 6601, 6606, 6607, 6617, 6618, 6620, 6624, 6626, 6632, 6634, 6635, 6646, 6655, 6660, 6664, 6666, 6668, 6669, 6675, 6678, 6683, 6686, 6691, 6694, 6695, 6705, 6708, 6711, 6714, 6729, 6735, 6736, 6738, 6742, 6745, 6746, 6747, 6748, 6753, 6754, 6756, 6759, 6761, 6767, 6773, 6775, 6777, 6778, 6787, 6793, 6795, 6797, 6812, 6828, 6829, 6832, 6833, 6834, 6835, 6836, 6840, 6842, 6844, 6854, 6855, 6860, 6862, 6865, 6868, 6871, 6874, 6876, 6877, 6886, 6887, 6888, 6889, 6892, 6895, 6896, 6902, 6906, 6907, 6909, 6916, 6917, 6921, 6925, 6934, 6940, 6941, 6945, 6947, 6950, 6951, 6959, 6962, 6963, 6965, 6967, 6968, 6970, 6974, 6980, 6988, 6991, 6994, 6997, 6998, 7005, 7008, 7010, 7020, 7025, 7027, 7035, 7037, 7039, 7041, 7042, 7053, 7054, 7055, 7056, 7058, 7059, 7064, 7067, 7073, 7077, 7090, 7096, 7100, 7102, 7104, 7106, 7114, 7115, 7116, 7118, 7122, 7126, 7128, 7133, 7136, 7137, 7139, 7141, 7142, 7143, 7147, 7151, 7158, 7159, 7161, 7163, 7164, 7176, 7177, 7178, 7187, 7189, 7197, 7198, 7199, 7204, 7206, 7208, 7209, 7216, 7221, 7225, 7226, 7227, 7228, 7237, 7239, 7241, 7244, 7246, 7247, 7253, 7258, 7260, 7261, 7262, 7263, 7264, 7266, 7267, 7268, 7270, 7272, 7274, 7280, 7282, 7285, 7290, 7293, 7298, 7299, 7303, 7308, 7312, 7313, 7317, 7319, 7320, 7323, 7327, 7329, 7333, 7334, 7336, 7338, 7339, 7341, 7343, 7344, 7354, 7362, 7366, 7369, 7373, 7377]
2026-03-19 09:59:32 | INFO | ConnectedDownlink | SENDING RETRANSMISSION REQUEST [6048, 6051, 6058, 6059, 6062, 6063, 6066, 6067, 6068, 6069, 6074, 6076, 6077, 6079, 6083, 6085, 6086, 6088, 6092, 6098, 6099, 6103, 6110, 6112, 6114, 6116, 6117, 6120, 6122, 6130, 6139, 6146, 6151, 6152, 6162, 6166, 6172, 6173, 6177, 6178, 6186, 6187, 6189, 6192, 6200, 6203, 6204, 6208, 6212, 6215, 6216, 6226, 6231, 6234, 6241, 6243, 6249, 6255, 6259, 6261, 6270, 6273, 6276, 6277, 6281, 6292, 6293, 6298, 6309, 6313, 6315, 6316, 6317, 6320, 6322, 6324, 6327, 6331, 6338, 6344, 6345, 6346, 6347, 6348, 6349, 6350, 6358, 6359, 6364, 6367, 6369, 6374, 6375, 6376, 6381, 6387, 6388, 6393, 6399, 6403] (attempt 2/5)
2026-03-19 09:59:32 | INFO | ConnectedDownlink | RETRANSMIT_REQUEST received: [6048, 6051, 6058, 6059, 6062, 6063, 6066, 6067, 6068, 6069, 6074, 6076, 6077, 6079, 6083, 6085, 6086, 6088, 6092, 6098, 6099, 6103, 6110, 6112, 6114, 6116, 6117, 6120, 6122, 6130, 6139, 6146, 6151, 6152, 6162, 6166, 6172, 6173, 6177, 6178, 6186, 6187, 6189, 6192, 6200, 6203, 6204, 6208, 6212, 6215, 6216, 6226, 6231, 6234, 6241, 6243, 6249, 6255, 6259, 6261, 6270, 6273, 6276, 6277, 6281, 6292, 6293, 6298, 6309, 6313, 6315, 6316, 6317, 6320, 6322, 6324, 6327, 6331, 6338, 6344, 6345, 6346, 6347, 6348, 6349, 6350, 6358, 6359, 6364, 6367, 6369, 6374, 6375, 6376, 6381, 6387, 6388, 6393, 6399, 6403]
2026-03-19 09:59:32 | INFO | ConnectedDownlink | Serving retransmit request: {6146, 6151, 6152, 6162, 6166, 6172, 6173, 6177, 6178, 6186, 6187, 6189, 6192, 6200, 6203, 6204, 6208, 6212, 6215, 6216, 6226, 6231, 6234, 6241, 6243, 6249, 6255, 6259, 6261, 6270, 6273, 6276, 6277, 6281, 6292, 6293, 6298, 6309, 6313, 6315, 6316, 6317, 6320, 6322, 6324, 6327, 6331, 6338, 6344, 6345, 6346, 6347, 6348, 6349, 6350, 6358, 6359, 6364, 6367, 6369, 6374, 6375, 6376, 6381, 6387, 6388, 6393, 6399, 6403, 6048, 6051, 6058, 6059, 6062, 6063, 6066, 6067, 6068, 6069, 6074, 6076, 6077, 6079, 6083, 6085, 6086, 6088, 6092, 6098, 6099, 6103, 6110, 6112, 6114, 6116, 6117, 6120, 6122, 6130, 6139}
2026-03-19 09:59:32 | INFO | ConnectedDownlink | Retransmitted packet seq=6048
2026-03-19 09:59:32 | INFO | ConnectedDownlink | Retransmitted packet seq=6051
2026-03-19 09:59:32 | INFO | ConnectedDownlink | DATA frame received seq=6051 → data_queue
2026-03-19 09:59:32 | INFO | ConnectedDownlink | got dropped message
2026-03-19 09:59:32 | INFO | ConnectedDownlink | Retransmitted packet seq=6058
2026-03-19 09:59:32 | INFO | ConnectedDownlink | Retransmitted packet seq=6059
2026-03-19 09:59:32 | INFO | ConnectedDownlink | DATA frame received seq=6059 → data_queue
2026-03-19 09:59:32 | INFO | ConnectedDownlink | Retransmitted packet seq=6062
2026-03-19 09:59:32 | INFO | ConnectedDownlink | DATA frame received seq=6062 → data_queue
2026-03-19 09:59:32 | INFO | ConnectedDownlink | Retransmitted packet seq=6063
2026-03-19 09:59:32 | INFO | ConnectedDownlink | DATA frame received seq=6063 → data_queue
2026-03-19 09:59:32 | INFO | ConnectedDownlink | Retransmitted packet seq=6066
2026-03-19 09:59:32 | INFO | ConnectedDownlink | DATA frame received seq=6066 → data_queue
2026-03-19 09:59:32 | INFO | ConnectedDownlink | Retransmitted packet seq=6067
2026-03-19 09:59:32 | INFO | ConnectedDownlink | Retransmitted packet seq=6068
2026-03-19 09:59:32 | INFO | ConnectedDownlink | DATA frame received seq=6068 → data_queue
2026-03-19 09:59:32 | INFO | ConnectedDownlink | Retransmitted packet seq=6069
2026-03-19 09:59:32 | INFO | ConnectedDownlink | DATA frame received seq=6069 → data_queue
2026-03-19 09:59:32 | INFO | ConnectedDownlink | Retransmitted packet seq=6074
2026-03-19 09:59:32 | INFO | ConnectedDownlink | DATA frame received seq=6074 → data_queue
2026-03-19 09:59:32 | INFO | ConnectedDownlink | Retransmitted packet seq=6076
2026-03-19 09:59:32 | INFO | ConnectedDownlink | DATA frame received seq=6076 → data_queue
2026-03-19 09:59:32 | INFO | ConnectedDownlink | Retransmitted packet seq=6077
2026-03-19 09:59:32 | INFO | ConnectedDownlink | DATA frame received seq=6077 → data_queue
2026-03-19 09:59:32 | INFO | ConnectedDownlink | Retransmitted packet seq=6079
2026-03-19 09:59:32 | INFO | ConnectedDownlink | DATA frame received seq=6079 → data_queue
2026-03-19 09:59:32 | INFO | ConnectedDownlink | Retransmitted packet seq=6083
2026-03-19 09:59:32 | INFO | ConnectedDownlink | DATA frame received seq=6083 → data_queue
2026-03-19 09:59:32 | INFO | ConnectedDownlink | Retransmitted packet seq=6085
2026-03-19 09:59:32 | INFO | ConnectedDownlink | Retransmitted packet seq=6086
2026-03-19 09:59:32 | INFO | ConnectedDownlink | Retransmitted packet seq=6088
2026-03-19 09:59:32 | INFO | ConnectedDownlink | DATA frame received seq=6088 → data_queue
2026-03-19 09:59:32 | INFO | ConnectedDownlink | Retransmitted packet seq=6092
2026-03-19 09:59:32 | INFO | ConnectedDownlink | DATA frame received seq=6092 → data_queue
2026-03-19 09:59:32 | INFO | ConnectedDownlink | Retransmitted packet seq=6098
2026-03-19 09:59:32 | INFO | ConnectedDownlink | DATA frame received seq=6098 → data_queue
2026-03-19 09:59:32 | INFO | ConnectedDownlink | Retransmitted packet seq=6099
2026-03-19 09:59:32 | INFO | ConnectedDownlink | Retransmitted packet seq=6103
2026-03-19 09:59:32 | INFO | ConnectedDownlink | Retransmitted packet seq=6110
2026-03-19 09:59:32 | INFO | ConnectedDownlink | Retransmitted packet seq=6112
2026-03-19 09:59:32 | INFO | ConnectedDownlink | Retransmitted packet seq=6114
2026-03-19 09:59:32 | INFO | ConnectedDownlink | DATA frame received seq=6112 → data_queue
2026-03-19 09:59:32 | INFO | ConnectedDownlink | Retransmitted packet seq=6116
2026-03-19 09:59:32 | INFO | ConnectedDownlink | DATA frame received seq=6116 → data_queue
2026-03-19 09:59:32 | INFO | ConnectedDownlink | Retransmitted packet seq=6117
2026-03-19 09:59:32 | INFO | ConnectedDownlink | Retransmitted packet seq=6120
2026-03-19 09:59:32 | INFO | ConnectedDownlink | DATA frame received seq=6120 → data_queue
2026-03-19 09:59:32 | INFO | ConnectedDownlink | Retransmitted packet seq=6122
2026-03-19 09:59:32 | INFO | ConnectedDownlink | Retransmitted packet seq=6130
2026-03-19 09:59:32 | INFO | ConnectedDownlink | DATA frame received seq=6130 → data_queue
2026-03-19 09:59:32 | INFO | ConnectedDownlink | Retransmitted packet seq=6139
2026-03-19 09:59:32 | INFO | ConnectedDownlink | Retransmitted packet seq=6146
2026-03-19 09:59:32 | INFO | ConnectedDownlink | Retransmitted packet seq=6151
2026-03-19 09:59:32 | INFO | ConnectedDownlink | DATA frame received seq=6151 → data_queue
2026-03-19 09:59:32 | INFO | ConnectedDownlink | Retransmitted packet seq=6152
2026-03-19 09:59:32 | INFO | ConnectedDownlink | Retransmitted packet seq=6162
2026-03-19 09:59:32 | INFO | ConnectedDownlink | DATA frame received seq=6162 → data_queue
2026-03-19 09:59:32 | INFO | ConnectedDownlink | Retransmitted packet seq=6166
2026-03-19 09:59:32 | INFO | ConnectedDownlink | DATA frame received seq=6166 → data_queue
2026-03-19 09:59:32 | INFO | ConnectedDownlink | Retransmitted packet seq=6172
2026-03-19 09:59:32 | INFO | ConnectedDownlink | Retransmitted packet seq=6173
2026-03-19 09:59:32 | INFO | ConnectedDownlink | DATA frame received seq=6173 → data_queue
2026-03-19 09:59:32 | INFO | ConnectedDownlink | Retransmitted packet seq=6177
2026-03-19 09:59:32 | INFO | ConnectedDownlink | Retransmitted packet seq=6178
2026-03-19 09:59:32 | INFO | ConnectedDownlink | Retransmitted packet seq=6186
2026-03-19 09:59:32 | INFO | ConnectedDownlink | Retransmitted packet seq=6187
2026-03-19 09:59:32 | INFO | ConnectedDownlink | DATA frame received seq=6186 → data_queue
2026-03-19 09:59:32 | INFO | ConnectedDownlink | Retransmitted packet seq=6189
2026-03-19 09:59:32 | INFO | ConnectedDownlink | DATA frame received seq=6187 → data_queue
2026-03-19 09:59:32 | INFO | ConnectedDownlink | Retransmitted packet seq=6192
2026-03-19 09:59:32 | INFO | ConnectedDownlink | Retransmitted packet seq=6200
2026-03-19 09:59:32 | INFO | ConnectedDownlink | Retransmitted packet seq=6203
2026-03-19 09:59:32 | INFO | ConnectedDownlink | Retransmitted packet seq=6204
2026-03-19 09:59:32 | INFO | ConnectedDownlink | Retransmitted packet seq=6208
2026-03-19 09:59:32 | INFO | ConnectedDownlink | DATA frame received seq=6204 → data_queue
2026-03-19 09:59:32 | INFO | ConnectedDownlink | Retransmitted packet seq=6212
2026-03-19 09:59:32 | INFO | ConnectedDownlink | DATA frame received seq=6212 → data_queue
2026-03-19 09:59:32 | INFO | ConnectedDownlink | Retransmitted packet seq=6215
2026-03-19 09:59:32 | INFO | ConnectedDownlink | DATA frame received seq=6215 → data_queue
2026-03-19 09:59:32 | INFO | ConnectedDownlink | Retransmitted packet seq=6216
2026-03-19 09:59:32 | INFO | ConnectedDownlink | Retransmitted packet seq=6226
2026-03-19 09:59:32 | INFO | ConnectedDownlink | Retransmitted packet seq=6231
2026-03-19 09:59:32 | INFO | ConnectedDownlink | DATA frame received seq=6231 → data_queue
2026-03-19 09:59:32 | INFO | ConnectedDownlink | Retransmitted packet seq=6234
2026-03-19 09:59:32 | INFO | ConnectedDownlink | DATA frame received seq=6234 → data_queue
2026-03-19 09:59:32 | INFO | ConnectedDownlink | Retransmitted packet seq=6241
2026-03-19 09:59:32 | INFO | ConnectedDownlink | DATA frame received seq=6241 → data_queue
2026-03-19 09:59:32 | INFO | ConnectedDownlink | Retransmitted packet seq=6243
2026-03-19 09:59:32 | INFO | ConnectedDownlink | DATA frame received seq=6243 → data_queue
2026-03-19 09:59:33 | INFO | ConnectedDownlink | Retransmitted packet seq=6249
2026-03-19 09:59:33 | INFO | ConnectedDownlink | DATA frame received seq=6249 → data_queue
2026-03-19 09:59:33 | INFO | ConnectedDownlink | Retransmitted packet seq=6255
2026-03-19 09:59:33 | INFO | ConnectedDownlink | DATA frame received seq=6255 → data_queue
2026-03-19 09:59:33 | INFO | ConnectedDownlink | Retransmitted packet seq=6259
2026-03-19 09:59:33 | INFO | ConnectedDownlink | Retransmitted packet seq=6261
2026-03-19 09:59:33 | INFO | ConnectedDownlink | DATA frame received seq=6259 → data_queue
2026-03-19 09:59:33 | INFO | ConnectedDownlink | DATA frame received seq=6261 → data_queue
2026-03-19 09:59:33 | INFO | ConnectedDownlink | Retransmitted packet seq=6270
2026-03-19 09:59:33 | INFO | ConnectedDownlink | DATA frame received seq=6270 → data_queue
2026-03-19 09:59:33 | INFO | ConnectedDownlink | Retransmitted packet seq=6273
2026-03-19 09:59:33 | INFO | ConnectedDownlink | Retransmitted packet seq=6276
2026-03-19 09:59:33 | INFO | ConnectedDownlink | Retransmitted packet seq=6277
2026-03-19 09:59:33 | INFO | ConnectedDownlink | DATA frame received seq=6276 → data_queue
2026-03-19 09:59:33 | INFO | ConnectedDownlink | DATA frame received seq=6277 → data_queue
2026-03-19 09:59:33 | INFO | ConnectedDownlink | Retransmitted packet seq=6281
2026-03-19 09:59:33 | INFO | ConnectedDownlink | DATA frame received seq=6281 → data_queue
2026-03-19 09:59:33 | INFO | ConnectedDownlink | Retransmitted packet seq=6292
2026-03-19 09:59:33 | INFO | ConnectedDownlink | DATA frame received seq=6292 → data_queue
2026-03-19 09:59:33 | INFO | ConnectedDownlink | Retransmitted packet seq=6293
2026-03-19 09:59:33 | INFO | ConnectedDownlink | Retransmitted packet seq=6298
2026-03-19 09:59:33 | INFO | ConnectedDownlink | DATA frame received seq=6298 → data_queue
2026-03-19 09:59:33 | INFO | ConnectedDownlink | Retransmitted packet seq=6309
2026-03-19 09:59:33 | INFO | ConnectedDownlink | Retransmitted packet seq=6313
2026-03-19 09:59:33 | INFO | ConnectedDownlink | Retransmitted packet seq=6315
2026-03-19 09:59:33 | INFO | ConnectedDownlink | Retransmitted packet seq=6316
2026-03-19 09:59:33 | INFO | ConnectedDownlink | DATA frame received seq=6316 → data_queue
2026-03-19 09:59:33 | INFO | ConnectedDownlink | Retransmitted packet seq=6317
2026-03-19 09:59:33 | INFO | ConnectedDownlink | DATA frame received seq=6317 → data_queue
2026-03-19 09:59:33 | INFO | ConnectedDownlink | Retransmitted packet seq=6320
2026-03-19 09:59:33 | INFO | ConnectedDownlink | DATA frame received seq=6320 → data_queue
2026-03-19 09:59:33 | INFO | ConnectedDownlink | Retransmitted packet seq=6322
2026-03-19 09:59:33 | INFO | ConnectedDownlink | DATA frame received seq=6322 → data_queue
2026-03-19 09:59:33 | INFO | ConnectedDownlink | Retransmitted packet seq=6324
2026-03-19 09:59:33 | INFO | ConnectedDownlink | DATA frame received seq=6324 → data_queue
2026-03-19 09:59:33 | INFO | ConnectedDownlink | Retransmitted packet seq=6327
2026-03-19 09:59:33 | INFO | ConnectedDownlink | DATA frame received seq=6327 → data_queue
2026-03-19 09:59:33 | INFO | ConnectedDownlink | Retransmitted packet seq=6331
2026-03-19 09:59:33 | INFO | ConnectedDownlink | DATA frame received seq=6331 → data_queue
2026-03-19 09:59:33 | INFO | ConnectedDownlink | Retransmitted packet seq=6338
2026-03-19 09:59:33 | INFO | ConnectedDownlink | DATA frame received seq=6338 → data_queue
2026-03-19 09:59:33 | INFO | ConnectedDownlink | Retransmitted packet seq=6344
2026-03-19 09:59:33 | INFO | ConnectedDownlink | DATA frame received seq=6344 → data_queue
2026-03-19 09:59:33 | INFO | ConnectedDownlink | Retransmitted packet seq=6345
2026-03-19 09:59:33 | INFO | ConnectedDownlink | Retransmitted packet seq=6346
2026-03-19 09:59:33 | INFO | ConnectedDownlink | Retransmitted packet seq=6347
2026-03-19 09:59:33 | INFO | ConnectedDownlink | DATA frame received seq=6347 → data_queue
2026-03-19 09:59:33 | INFO | ConnectedDownlink | Retransmitted packet seq=6348
2026-03-19 09:59:33 | INFO | ConnectedDownlink | DATA frame received seq=6348 → data_queue
2026-03-19 09:59:33 | INFO | ConnectedDownlink | Retransmitted packet seq=6349
2026-03-19 09:59:33 | INFO | ConnectedDownlink | DATA frame received seq=6349 → data_queue
2026-03-19 09:59:33 | INFO | ConnectedDownlink | Retransmitted packet seq=6350
2026-03-19 09:59:33 | INFO | ConnectedDownlink | DATA frame received seq=6350 → data_queue
2026-03-19 09:59:33 | INFO | ConnectedDownlink | Retransmitted packet seq=6358
2026-03-19 09:59:33 | INFO | ConnectedDownlink | Retransmitted packet seq=6359
2026-03-19 09:59:33 | INFO | ConnectedDownlink | DATA frame received seq=6359 → data_queue
2026-03-19 09:59:33 | INFO | ConnectedDownlink | Retransmitted packet seq=6364
2026-03-19 09:59:33 | INFO | ConnectedDownlink | DATA frame received seq=6364 → data_queue
2026-03-19 09:59:33 | INFO | ConnectedDownlink | Retransmitted packet seq=6367
2026-03-19 09:59:33 | INFO | ConnectedDownlink | DATA frame received seq=6367 → data_queue
2026-03-19 09:59:33 | INFO | ConnectedDownlink | Retransmitted packet seq=6369
2026-03-19 09:59:33 | INFO | ConnectedDownlink | DATA frame received seq=6369 → data_queue
2026-03-19 09:59:33 | INFO | ConnectedDownlink | Retransmitted packet seq=6374
2026-03-19 09:59:33 | INFO | ConnectedDownlink | DATA frame received seq=6374 → data_queue
2026-03-19 09:59:33 | INFO | ConnectedDownlink | Retransmitted packet seq=6375
2026-03-19 09:59:33 | INFO | ConnectedDownlink | DATA frame received seq=6375 → data_queue
2026-03-19 09:59:33 | INFO | ConnectedDownlink | Retransmitted packet seq=6376
2026-03-19 09:59:33 | INFO | ConnectedDownlink | DATA frame received seq=6376 → data_queue
2026-03-19 09:59:33 | INFO | ConnectedDownlink | Retransmitted packet seq=6381
2026-03-19 09:59:33 | INFO | ConnectedDownlink | Retransmitted packet seq=6387
2026-03-19 09:59:33 | INFO | ConnectedDownlink | DATA frame received seq=6387 → data_queue
2026-03-19 09:59:33 | INFO | ConnectedDownlink | Retransmitted packet seq=6388
2026-03-19 09:59:33 | INFO | ConnectedDownlink | DATA frame received seq=6388 → data_queue
2026-03-19 09:59:33 | INFO | ConnectedDownlink | Retransmitted packet seq=6393
2026-03-19 09:59:33 | INFO | ConnectedDownlink | Retransmitted packet seq=6399
2026-03-19 09:59:33 | INFO | ConnectedDownlink | DATA frame received seq=6399 → data_queue
2026-03-19 09:59:33 | INFO | ConnectedDownlink | Retransmitted packet seq=6403
2026-03-19 10:00:11 | INFO | ConnectedDownlink | Satellite serve_loop cancelled
2026-03-19 10:00:16 | INFO | ConnectedDownlink | Entered ConnectedDownlink mode
2026-03-19 10:00:16 | INFO | ConnectedDownlink | ConnectedDownlink entered
2026-03-19 10:00:16 | INFO | ConnectedDownlink | starting activity timer for 180
2026-03-19 10:00:16 | INFO | ConnectedDownlink | Satellite serve_loop started (implicit-ACK mode)
2026-03-19 10:00:16 | INFO | ConnectedDownlink | Entered ConnectedDownlink mode
2026-03-19 10:00:16 | INFO | ConnectedDownlink | ConnectedDownlink entered
2026-03-19 10:00:16 | INFO | ConnectedDownlink | starting activity timer for 180
2026-03-19 10:00:16 | INFO | ConnectedDownlink | retransmit_loop started (implicit-ACK mode)
2026-03-19 10:00:16 | INFO | ConnectedDownlink | Requesting retransmission of [6048, 6058, 6059, 6062, 6063, 6066, 6067, 6068, 6069, 6074, 6076, 6077, 6079, 6083, 6085, 6086, 6088, 6092, 6098, 6099, 6103, 6110, 6112, 6114, 6116, 6117, 6120, 6122, 6130, 6139, 6146, 6151, 6152, 6162, 6166, 6172, 6173, 6177, 6178, 6186, 6187, 6189, 6192, 6200, 6203, 6204, 6208, 6212, 6215, 6216, 6226, 6231, 6234, 6241, 6243, 6249, 6255, 6259, 6261, 6270, 6273, 6276, 6277, 6281, 6292, 6293, 6298, 6309, 6313, 6315, 6316, 6317, 6320, 6322, 6324, 6327, 6331, 6338, 6344, 6345, 6346, 6347, 6348, 6349, 6350, 6358, 6359, 6364, 6367, 6369, 6374, 6375, 6376, 6381, 6387, 6388, 6393, 6399, 6403, 6408, 6410, 6412, 6420, 6423, 6424, 6425, 6426, 6430, 6432, 6433, 6437, 6441, 6449, 6454, 6457, 6459, 6462, 6463, 6464, 6465, 6466, 6467, 6468, 6472, 6473, 6475, 6477, 6478, 6479, 6482, 6483, 6485, 6495, 6496, 6497, 6498, 6501, 6502, 6506, 6512, 6513, 6514, 6516, 6521, 6523, 6526, 6531, 6532, 6534, 6535, 6540, 6542, 6545, 6549, 6550, 6556, 6559, 6561, 6566, 6569, 6570, 6572, 6575, 6577, 6578, 6581, 6592, 6600, 6601, 6606, 6607, 6617, 6618, 6620, 6624, 6626, 6632, 6634, 6635, 6646, 6655, 6660, 6664, 6666, 6668, 6669, 6675, 6678, 6683, 6686, 6691, 6694, 6695, 6705, 6708, 6711, 6714, 6729, 6735, 6736, 6738, 6742, 6745, 6746, 6747, 6748, 6753, 6754, 6756, 6759, 6761, 6767, 6773, 6775, 6777, 6778, 6787, 6793, 6795, 6797, 6812, 6828, 6829, 6832, 6833, 6834, 6835, 6836, 6840, 6842, 6844, 6854, 6855, 6860, 6862, 6865, 6868, 6871, 6874, 6876, 6877, 6886, 6887, 6888, 6889, 6892, 6895, 6896, 6902, 6906, 6907, 6909, 6916, 6917, 6921, 6925, 6934, 6940, 6941, 6945, 6947, 6950, 6951, 6959, 6962, 6963, 6965, 6967, 6968, 6970, 6974, 6980, 6988, 6991, 6994, 6997, 6998, 7005, 7008, 7010, 7020, 7025, 7027, 7035, 7037, 7039, 7041, 7042, 7053, 7054, 7055, 7056, 7058, 7059, 7064, 7067, 7073, 7077, 7090, 7096, 7100, 7102, 7104, 7106, 7114, 7115, 7116, 7118, 7122, 7126, 7128, 7133, 7136, 7137, 7139, 7141, 7142, 7143, 7147, 7151, 7158, 7159, 7161, 7163, 7164, 7176, 7177, 7178, 7187, 7189, 7197, 7198, 7199, 7204, 7206, 7208, 7209, 7216, 7221, 7225, 7226, 7227, 7228, 7237, 7239, 7241, 7244, 7246, 7247, 7253, 7258, 7260, 7261, 7262, 7263, 7264, 7266, 7267, 7268, 7270, 7272, 7274, 7280, 7282, 7285, 7290, 7293, 7298, 7299, 7303, 7308, 7312, 7313, 7317, 7319, 7320, 7323, 7327, 7329, 7333, 7334, 7336, 7338, 7339, 7341, 7343, 7344, 7354, 7362, 7366, 7369, 7373, 7377]
2026-03-19 10:00:16 | INFO | ConnectedDownlink | SENDING RETRANSMISSION REQUEST [6048, 6058, 6059, 6062, 6063, 6066, 6067, 6068, 6069, 6074, 6076, 6077, 6079, 6083, 6085, 6086, 6088, 6092, 6098, 6099, 6103, 6110, 6112, 6114, 6116, 6117, 6120, 6122, 6130, 6139, 6146, 6151, 6152, 6162, 6166, 6172, 6173, 6177, 6178, 6186, 6187, 6189, 6192, 6200, 6203, 6204, 6208, 6212, 6215, 6216, 6226, 6231, 6234, 6241, 6243, 6249, 6255, 6259, 6261, 6270, 6273, 6276, 6277, 6281, 6292, 6293, 6298, 6309, 6313, 6315, 6316, 6317, 6320, 6322, 6324, 6327, 6331, 6338, 6344, 6345, 6346, 6347, 6348, 6349, 6350, 6358, 6359, 6364, 6367, 6369, 6374, 6375, 6376, 6381, 6387, 6388, 6393, 6399, 6403, 6408] (attempt 1/5)
2026-03-19 10:00:16 | INFO | ConnectedDownlink | RETRANSMIT_REQUEST received: [6048, 6058, 6059, 6062, 6063, 6066, 6067, 6068, 6069, 6074, 6076, 6077, 6079, 6083, 6085, 6086, 6088, 6092, 6098, 6099, 6103, 6110, 6112, 6114, 6116, 6117, 6120, 6122, 6130, 6139, 6146, 6151, 6152, 6162, 6166, 6172, 6173, 6177, 6178, 6186, 6187, 6189, 6192, 6200, 6203, 6204, 6208, 6212, 6215, 6216, 6226, 6231, 6234, 6241, 6243, 6249, 6255, 6259, 6261, 6270, 6273, 6276, 6277, 6281, 6292, 6293, 6298, 6309, 6313, 6315, 6316, 6317, 6320, 6322, 6324, 6327, 6331, 6338, 6344, 6345, 6346, 6347, 6348, 6349, 6350, 6358, 6359, 6364, 6367, 6369, 6374, 6375, 6376, 6381, 6387, 6388, 6393, 6399, 6403, 6408]
2026-03-19 10:00:16 | INFO | ConnectedDownlink | Serving retransmit request: {6146, 6151, 6152, 6162, 6166, 6172, 6173, 6177, 6178, 6186, 6187, 6189, 6192, 6200, 6203, 6204, 6208, 6212, 6215, 6216, 6226, 6231, 6234, 6241, 6243, 6249, 6255, 6259, 6261, 6270, 6273, 6276, 6277, 6281, 6292, 6293, 6298, 6309, 6313, 6315, 6316, 6317, 6320, 6322, 6324, 6327, 6331, 6338, 6344, 6345, 6346, 6347, 6348, 6349, 6350, 6358, 6359, 6364, 6367, 6369, 6374, 6375, 6376, 6381, 6387, 6388, 6393, 6399, 6403, 6408, 6048, 6058, 6059, 6062, 6063, 6066, 6067, 6068, 6069, 6074, 6076, 6077, 6079, 6083, 6085, 6086, 6088, 6092, 6098, 6099, 6103, 6110, 6112, 6114, 6116, 6117, 6120, 6122, 6130, 6139}
2026-03-19 10:00:16 | INFO | ConnectedDownlink | Retransmitted packet seq=6048
2026-03-19 10:00:16 | INFO | ConnectedDownlink | Retransmitted packet seq=6058
2026-03-19 10:00:16 | INFO | ConnectedDownlink | DATA frame received seq=6048 → data_queue
2026-03-19 10:00:16 | INFO | ConnectedDownlink | got dropped message
2026-03-19 10:00:16 | INFO | ConnectedDownlink | Retransmitted packet seq=6059
2026-03-19 10:00:16 | INFO | ConnectedDownlink | Retransmitted packet seq=6062
2026-03-19 10:00:16 | INFO | ConnectedDownlink | Retransmitted packet seq=6063
2026-03-19 10:00:16 | INFO | ConnectedDownlink | DATA frame received seq=6062 → data_queue
2026-03-19 10:00:16 | INFO | ConnectedDownlink | Retransmitted packet seq=6066
2026-03-19 10:00:16 | INFO | ConnectedDownlink | DATA frame received seq=6063 → data_queue
2026-03-19 10:00:16 | INFO | ConnectedDownlink | DATA frame received seq=6066 → data_queue
2026-03-19 10:00:16 | INFO | ConnectedDownlink | Retransmitted packet seq=6067
2026-03-19 10:00:16 | INFO | ConnectedDownlink | DATA frame received seq=6067 → data_queue
2026-03-19 10:00:16 | INFO | ConnectedDownlink | Retransmitted packet seq=6068
2026-03-19 10:00:16 | INFO | ConnectedDownlink | DATA frame received seq=6068 → data_queue
2026-03-19 10:00:16 | INFO | ConnectedDownlink | Retransmitted packet seq=6069
2026-03-19 10:00:16 | INFO | ConnectedDownlink | Retransmitted packet seq=6074
2026-03-19 10:00:16 | INFO | ConnectedDownlink | Retransmitted packet seq=6076
2026-03-19 10:00:16 | INFO | ConnectedDownlink | DATA frame received seq=6074 → data_queue
2026-03-19 10:00:16 | INFO | ConnectedDownlink | Retransmitted packet seq=6077
2026-03-19 10:00:16 | INFO | ConnectedDownlink | DATA frame received seq=6076 → data_queue
2026-03-19 10:00:16 | INFO | ConnectedDownlink | Retransmitted packet seq=6079
2026-03-19 10:00:16 | INFO | ConnectedDownlink | DATA frame received seq=6077 → data_queue
2026-03-19 10:00:16 | INFO | ConnectedDownlink | DATA frame received seq=6079 → data_queue
2026-03-19 10:00:16 | INFO | ConnectedDownlink | Retransmitted packet seq=6083
2026-03-19 10:00:16 | INFO | ConnectedDownlink | Retransmitted packet seq=6085
2026-03-19 10:00:16 | INFO | ConnectedDownlink | DATA frame received seq=6083 → data_queue
2026-03-19 10:00:16 | INFO | ConnectedDownlink | DATA frame received seq=6085 → data_queue
2026-03-19 10:00:16 | INFO | ConnectedDownlink | Retransmitted packet seq=6086
2026-03-19 10:00:16 | INFO | ConnectedDownlink | DATA frame received seq=6086 → data_queue
2026-03-19 10:00:16 | INFO | ConnectedDownlink | Retransmitted packet seq=6088
2026-03-19 10:00:16 | INFO | ConnectedDownlink | Retransmitted packet seq=6092
2026-03-19 10:00:16 | INFO | ConnectedDownlink | DATA frame received seq=6088 → data_queue
2026-03-19 10:00:16 | INFO | ConnectedDownlink | Retransmitted packet seq=6098
2026-03-19 10:00:16 | INFO | ConnectedDownlink | DATA frame received seq=6098 → data_queue
2026-03-19 10:00:16 | INFO | ConnectedDownlink | Retransmitted packet seq=6099
2026-03-19 10:00:16 | INFO | ConnectedDownlink | DATA frame received seq=6099 → data_queue
2026-03-19 10:00:16 | INFO | ConnectedDownlink | Retransmitted packet seq=6103
2026-03-19 10:00:16 | INFO | ConnectedDownlink | DATA frame received seq=6103 → data_queue
2026-03-19 10:00:16 | INFO | ConnectedDownlink | Retransmitted packet seq=6110
2026-03-19 10:00:16 | INFO | ConnectedDownlink | Retransmitted packet seq=6112
2026-03-19 10:00:16 | INFO | ConnectedDownlink | DATA frame received seq=6112 → data_queue
2026-03-19 10:00:16 | INFO | ConnectedDownlink | Retransmitted packet seq=6114
2026-03-19 10:00:16 | INFO | ConnectedDownlink | DATA frame received seq=6114 → data_queue
2026-03-19 10:00:16 | INFO | ConnectedDownlink | Retransmitted packet seq=6116
2026-03-19 10:00:16 | INFO | ConnectedDownlink | DATA frame received seq=6116 → data_queue
2026-03-19 10:00:16 | INFO | ConnectedDownlink | Retransmitted packet seq=6117
2026-03-19 10:00:16 | INFO | ConnectedDownlink | DATA frame received seq=6117 → data_queue
2026-03-19 10:00:16 | INFO | ConnectedDownlink | Retransmitted packet seq=6120
2026-03-19 10:00:16 | INFO | ConnectedDownlink | Retransmitted packet seq=6122
2026-03-19 10:00:16 | INFO | ConnectedDownlink | Retransmitted packet seq=6130
2026-03-19 10:00:16 | INFO | ConnectedDownlink | DATA frame received seq=6122 → data_queue
2026-03-19 10:00:16 | INFO | ConnectedDownlink | Retransmitted packet seq=6139
2026-03-19 10:00:16 | INFO | ConnectedDownlink | DATA frame received seq=6130 → data_queue
2026-03-19 10:00:16 | INFO | ConnectedDownlink | DATA frame received seq=6139 → data_queue
2026-03-19 10:00:16 | INFO | ConnectedDownlink | Retransmitted packet seq=6146
2026-03-19 10:00:16 | INFO | ConnectedDownlink | Retransmitted packet seq=6151
2026-03-19 10:00:16 | INFO | ConnectedDownlink | DATA frame received seq=6146 → data_queue
2026-03-19 10:00:16 | INFO | ConnectedDownlink | DATA frame received seq=6151 → data_queue
2026-03-19 10:00:16 | INFO | ConnectedDownlink | Retransmitted packet seq=6152
2026-03-19 10:00:16 | INFO | ConnectedDownlink | Retransmitted packet seq=6162
2026-03-19 10:00:16 | INFO | ConnectedDownlink | DATA frame received seq=6162 → data_queue
2026-03-19 10:00:16 | INFO | ConnectedDownlink | Retransmitted packet seq=6166
2026-03-19 10:00:16 | INFO | ConnectedDownlink | DATA frame received seq=6166 → data_queue
2026-03-19 10:00:16 | INFO | ConnectedDownlink | Retransmitted packet seq=6172
2026-03-19 10:00:16 | INFO | ConnectedDownlink | Retransmitted packet seq=6173
2026-03-19 10:00:16 | INFO | ConnectedDownlink | DATA frame received seq=6172 → data_queue
2026-03-19 10:00:16 | INFO | ConnectedDownlink | Retransmitted packet seq=6177
2026-03-19 10:00:16 | INFO | ConnectedDownlink | DATA frame received seq=6177 → data_queue
2026-03-19 10:00:16 | INFO | ConnectedDownlink | Retransmitted packet seq=6178
2026-03-19 10:00:16 | INFO | ConnectedDownlink | DATA frame received seq=6178 → data_queue
2026-03-19 10:00:16 | INFO | ConnectedDownlink | Retransmitted packet seq=6186
2026-03-19 10:00:16 | INFO | ConnectedDownlink | Retransmitted packet seq=6187
2026-03-19 10:00:16 | INFO | ConnectedDownlink | DATA frame received seq=6187 → data_queue
2026-03-19 10:00:16 | INFO | ConnectedDownlink | Retransmitted packet seq=6189
2026-03-19 10:00:16 | INFO | ConnectedDownlink | DATA frame received seq=6189 → data_queue
2026-03-19 10:00:16 | INFO | ConnectedDownlink | Retransmitted packet seq=6192
2026-03-19 10:00:16 | INFO | ConnectedDownlink | DATA frame received seq=6192 → data_queue
2026-03-19 10:00:16 | INFO | ConnectedDownlink | Retransmitted packet seq=6200
2026-03-19 10:00:16 | INFO | ConnectedDownlink | DATA frame received seq=6200 → data_queue
2026-03-19 10:00:16 | INFO | ConnectedDownlink | Retransmitted packet seq=6203
2026-03-19 10:00:16 | INFO | ConnectedDownlink | DATA frame received seq=6203 → data_queue
2026-03-19 10:00:16 | INFO | ConnectedDownlink | Retransmitted packet seq=6204
2026-03-19 10:00:16 | INFO | ConnectedDownlink | DATA frame received seq=6204 → data_queue
2026-03-19 10:00:16 | INFO | ConnectedDownlink | Retransmitted packet seq=6208
2026-03-19 10:00:16 | INFO | ConnectedDownlink | DATA frame received seq=6208 → data_queue
2026-03-19 10:00:16 | INFO | ConnectedDownlink | Retransmitted packet seq=6212
2026-03-19 10:00:16 | INFO | ConnectedDownlink | DATA frame received seq=6212 → data_queue
2026-03-19 10:00:16 | INFO | ConnectedDownlink | Retransmitted packet seq=6215
2026-03-19 10:00:16 | INFO | ConnectedDownlink | Retransmitted packet seq=6216
2026-03-19 10:00:16 | INFO | ConnectedDownlink | DATA frame received seq=6215 → data_queue
2026-03-19 10:00:16 | INFO | ConnectedDownlink | Retransmitted packet seq=6226
2026-03-19 10:00:16 | INFO | ConnectedDownlink | DATA frame received seq=6216 → data_queue
2026-03-19 10:00:16 | INFO | ConnectedDownlink | DATA frame received seq=6226 → data_queue
2026-03-19 10:00:16 | INFO | ConnectedDownlink | Retransmitted packet seq=6231
2026-03-19 10:00:16 | INFO | ConnectedDownlink | Retransmitted packet seq=6234
2026-03-19 10:00:16 | INFO | ConnectedDownlink | DATA frame received seq=6231 → data_queue
2026-03-19 10:00:16 | INFO | ConnectedDownlink | Retransmitted packet seq=6241
2026-03-19 10:00:16 | INFO | ConnectedDownlink | DATA frame received seq=6234 → data_queue
2026-03-19 10:00:16 | INFO | ConnectedDownlink | DATA frame received seq=6241 → data_queue
2026-03-19 10:00:16 | INFO | ConnectedDownlink | Retransmitted packet seq=6243
2026-03-19 10:00:16 | INFO | ConnectedDownlink | Retransmitted packet seq=6249
2026-03-19 10:00:16 | INFO | ConnectedDownlink | DATA frame received seq=6243 → data_queue
2026-03-19 10:00:16 | INFO | ConnectedDownlink | Retransmitted packet seq=6255
2026-03-19 10:00:16 | INFO | ConnectedDownlink | DATA frame received seq=6255 → data_queue
2026-03-19 10:00:16 | INFO | ConnectedDownlink | Retransmitted packet seq=6259
2026-03-19 10:00:16 | INFO | ConnectedDownlink | Retransmitted packet seq=6261
2026-03-19 10:00:16 | INFO | ConnectedDownlink | DATA frame received seq=6261 → data_queue
2026-03-19 10:00:16 | INFO | ConnectedDownlink | Retransmitted packet seq=6270
2026-03-19 10:00:16 | INFO | ConnectedDownlink | DATA frame received seq=6270 → data_queue
2026-03-19 10:00:16 | INFO | ConnectedDownlink | Retransmitted packet seq=6273
2026-03-19 10:00:16 | INFO | ConnectedDownlink | DATA frame received seq=6273 → data_queue
2026-03-19 10:00:17 | INFO | ConnectedDownlink | Retransmitted packet seq=6276
2026-03-19 10:00:17 | INFO | ConnectedDownlink | Retransmitted packet seq=6277
2026-03-19 10:00:17 | INFO | ConnectedDownlink | DATA frame received seq=6277 → data_queue
2026-03-19 10:00:17 | INFO | ConnectedDownlink | Retransmitted packet seq=6281
2026-03-19 10:00:17 | INFO | ConnectedDownlink | Retransmitted packet seq=6292
2026-03-19 10:00:17 | INFO | ConnectedDownlink | DATA frame received seq=6281 → data_queue
2026-03-19 10:00:17 | INFO | ConnectedDownlink | Retransmitted packet seq=6293
2026-03-19 10:00:17 | INFO | ConnectedDownlink | Retransmitted packet seq=6298
2026-03-19 10:00:17 | INFO | ConnectedDownlink | Retransmitted packet seq=6309
2026-03-19 10:00:17 | INFO | ConnectedDownlink | DATA frame received seq=6298 → data_queue
2026-03-19 10:00:17 | INFO | ConnectedDownlink | DATA frame received seq=6309 → data_queue
2026-03-19 10:00:17 | INFO | ConnectedDownlink | Retransmitted packet seq=6313
2026-03-19 10:00:17 | INFO | ConnectedDownlink | Retransmitted packet seq=6315
2026-03-19 10:00:17 | INFO | ConnectedDownlink | Retransmitted packet seq=6316
2026-03-19 10:00:17 | INFO | ConnectedDownlink | DATA frame received seq=6316 → data_queue
2026-03-19 10:00:17 | INFO | ConnectedDownlink | Retransmitted packet seq=6317
2026-03-19 10:00:17 | INFO | ConnectedDownlink | DATA frame received seq=6317 → data_queue
2026-03-19 10:00:17 | INFO | ConnectedDownlink | Retransmitted packet seq=6320
2026-03-19 10:00:17 | INFO | ConnectedDownlink | DATA frame received seq=6320 → data_queue
2026-03-19 10:00:17 | INFO | ConnectedDownlink | Retransmitted packet seq=6322
2026-03-19 10:00:17 | INFO | ConnectedDownlink | Retransmitted packet seq=6324
2026-03-19 10:00:17 | INFO | ConnectedDownlink | DATA frame received seq=6324 → data_queue
2026-03-19 10:00:17 | INFO | ConnectedDownlink | Retransmitted packet seq=6327
2026-03-19 10:00:17 | INFO | ConnectedDownlink | Retransmitted packet seq=6331
2026-03-19 10:00:17 | INFO | ConnectedDownlink | Retransmitted packet seq=6338
2026-03-19 10:00:17 | INFO | ConnectedDownlink | DATA frame received seq=6338 → data_queue
2026-03-19 10:00:17 | INFO | ConnectedDownlink | Retransmitted packet seq=6344
2026-03-19 10:00:17 | INFO | ConnectedDownlink | DATA frame received seq=6344 → data_queue
2026-03-19 10:00:17 | INFO | ConnectedDownlink | Retransmitted packet seq=6345
2026-03-19 10:00:17 | INFO | ConnectedDownlink | DATA frame received seq=6345 → data_queue
2026-03-19 10:00:17 | INFO | ConnectedDownlink | Retransmitted packet seq=6346
2026-03-19 10:00:17 | INFO | ConnectedDownlink | DATA frame received seq=6346 → data_queue
2026-03-19 10:00:17 | INFO | ConnectedDownlink | Retransmitted packet seq=6347
2026-03-19 10:00:17 | INFO | ConnectedDownlink | DATA frame received seq=6347 → data_queue
2026-03-19 10:00:17 | INFO | ConnectedDownlink | Retransmitted packet seq=6348
2026-03-19 10:00:17 | INFO | ConnectedDownlink | DATA frame received seq=6348 → data_queue
2026-03-19 10:00:17 | INFO | ConnectedDownlink | Retransmitted packet seq=6349
2026-03-19 10:00:17 | INFO | ConnectedDownlink | Retransmitted packet seq=6350
2026-03-19 10:00:17 | INFO | ConnectedDownlink | DATA frame received seq=6349 → data_queue
2026-03-19 10:00:17 | INFO | ConnectedDownlink | DATA frame received seq=6350 → data_queue
2026-03-19 10:00:17 | INFO | ConnectedDownlink | Retransmitted packet seq=6358
2026-03-19 10:00:17 | INFO | ConnectedDownlink | DATA frame received seq=6358 → data_queue
2026-03-19 10:00:17 | INFO | ConnectedDownlink | Retransmitted packet seq=6359
2026-03-19 10:00:17 | INFO | ConnectedDownlink | DATA frame received seq=6359 → data_queue
2026-03-19 10:00:17 | INFO | ConnectedDownlink | Retransmitted packet seq=6364
2026-03-19 10:00:17 | INFO | ConnectedDownlink | Retransmitted packet seq=6367
2026-03-19 10:00:17 | INFO | ConnectedDownlink | DATA frame received seq=6364 → data_queue
2026-03-19 10:00:17 | INFO | ConnectedDownlink | Retransmitted packet seq=6369
2026-03-19 10:00:17 | INFO | ConnectedDownlink | DATA frame received seq=6369 → data_queue
2026-03-19 10:00:17 | INFO | ConnectedDownlink | Retransmitted packet seq=6374
2026-03-19 10:00:17 | INFO | ConnectedDownlink | DATA frame received seq=6374 → data_queue
2026-03-19 10:00:17 | INFO | ConnectedDownlink | Retransmitted packet seq=6375
2026-03-19 10:00:17 | INFO | ConnectedDownlink | DATA frame received seq=6375 → data_queue
2026-03-19 10:00:17 | INFO | ConnectedDownlink | Retransmitted packet seq=6376
2026-03-19 10:00:17 | INFO | ConnectedDownlink | DATA frame received seq=6376 → data_queue
2026-03-19 10:00:17 | INFO | ConnectedDownlink | Retransmitted packet seq=6381
2026-03-19 10:00:17 | INFO | ConnectedDownlink | DATA frame received seq=6381 → data_queue
2026-03-19 10:00:17 | INFO | ConnectedDownlink | Retransmitted packet seq=6387
2026-03-19 10:00:17 | INFO | ConnectedDownlink | DATA frame received seq=6387 → data_queue
2026-03-19 10:00:17 | INFO | ConnectedDownlink | Retransmitted packet seq=6388
2026-03-19 10:00:17 | INFO | ConnectedDownlink | DATA frame received seq=6388 → data_queue
2026-03-19 10:00:17 | INFO | ConnectedDownlink | Retransmitted packet seq=6393
2026-03-19 10:00:17 | INFO | ConnectedDownlink | DATA frame received seq=6393 → data_queue
2026-03-19 10:00:17 | INFO | ConnectedDownlink | Retransmitted packet seq=6399
2026-03-19 10:00:17 | INFO | ConnectedDownlink | DATA frame received seq=6399 → data_queue
2026-03-19 10:00:17 | INFO | ConnectedDownlink | Retransmitted packet seq=6403
2026-03-19 10:00:17 | INFO | ConnectedDownlink | DATA frame received seq=6408 → data_queue
2026-03-19 10:00:17 | INFO | ConnectedDownlink | Retransmitted packet seq=6408
2026-03-19 10:00:50 | INFO | ConnectedDownlink | Satellite serve_loop cancelled
2026-03-19 10:01:05 | INFO | ConnectedDownlink | Entered ConnectedDownlink mode
2026-03-19 10:01:05 | INFO | ConnectedDownlink | ConnectedDownlink entered
2026-03-19 10:01:05 | INFO | ConnectedDownlink | starting activity timer for 180
2026-03-19 10:01:05 | INFO | ConnectedDownlink | Satellite serve_loop started (implicit-ACK mode)
2026-03-19 10:01:05 | INFO | ConnectedDownlink | Entered ConnectedDownlink mode
2026-03-19 10:01:05 | INFO | ConnectedDownlink | ConnectedDownlink entered
2026-03-19 10:01:05 | INFO | ConnectedDownlink | starting activity timer for 180
2026-03-19 10:01:05 | INFO | ConnectedDownlink | retransmit_loop started (implicit-ACK mode)
2026-03-19 10:01:05 | INFO | ConnectedDownlink | Requesting retransmission of [6058, 6059, 6062, 6063, 6066, 6067, 6068, 6069, 6074, 6076, 6077, 6079, 6083, 6085, 6086, 6088, 6092, 6098, 6099, 6103, 6110, 6112, 6114, 6116, 6117, 6120, 6122, 6130, 6139, 6146, 6151, 6152, 6162, 6166, 6172, 6173, 6177, 6178, 6186, 6187, 6189, 6192, 6200, 6203, 6204, 6208, 6212, 6215, 6216, 6226, 6231, 6234, 6241, 6243, 6249, 6255, 6259, 6261, 6270, 6273, 6276, 6277, 6281, 6292, 6293, 6298, 6309, 6313, 6315, 6316, 6317, 6320, 6322, 6324, 6327, 6331, 6338, 6344, 6345, 6346, 6347, 6348, 6349, 6350, 6358, 6359, 6364, 6367, 6369, 6374, 6375, 6376, 6381, 6387, 6388, 6393, 6399, 6403, 6408, 6410, 6412, 6420, 6423, 6424, 6425, 6426, 6430, 6432, 6433, 6437, 6441, 6449, 6454, 6457, 6459, 6462, 6463, 6464, 6465, 6466, 6467, 6468, 6472, 6473, 6475, 6477, 6478, 6479, 6482, 6483, 6485, 6495, 6496, 6497, 6498, 6501, 6502, 6506, 6512, 6513, 6514, 6516, 6521, 6523, 6526, 6531, 6532, 6534, 6535, 6540, 6542, 6545, 6549, 6550, 6556, 6559, 6561, 6566, 6569, 6570, 6572, 6575, 6577, 6578, 6581, 6592, 6600, 6601, 6606, 6607, 6617, 6618, 6620, 6624, 6626, 6632, 6634, 6635, 6646, 6655, 6660, 6664, 6666, 6668, 6669, 6675, 6678, 6683, 6686, 6691, 6694, 6695, 6705, 6708, 6711, 6714, 6729, 6735, 6736, 6738, 6742, 6745, 6746, 6747, 6748, 6753, 6754, 6756, 6759, 6761, 6767, 6773, 6775, 6777, 6778, 6787, 6793, 6795, 6797, 6812, 6828, 6829, 6832, 6833, 6834, 6835, 6836, 6840, 6842, 6844, 6854, 6855, 6860, 6862, 6865, 6868, 6871, 6874, 6876, 6877, 6886, 6887, 6888, 6889, 6892, 6895, 6896, 6902, 6906, 6907, 6909, 6916, 6917, 6921, 6925, 6934, 6940, 6941, 6945, 6947, 6950, 6951, 6959, 6962, 6963, 6965, 6967, 6968, 6970, 6974, 6980, 6988, 6991, 6994, 6997, 6998, 7005, 7008, 7010, 7020, 7025, 7027, 7035, 7037, 7039, 7041, 7042, 7053, 7054, 7055, 7056, 7058, 7059, 7064, 7067, 7073, 7077, 7090, 7096, 7100, 7102, 7104, 7106, 7114, 7115, 7116, 7118, 7122, 7126, 7128, 7133, 7136, 7137, 7139, 7141, 7142, 7143, 7147, 7151, 7158, 7159, 7161, 7163, 7164, 7176, 7177, 7178, 7187, 7189, 7197, 7198, 7199, 7204, 7206, 7208, 7209, 7216, 7221, 7225, 7226, 7227, 7228, 7237, 7239, 7241, 7244, 7246, 7247, 7253, 7258, 7260, 7261, 7262, 7263, 7264, 7266, 7267, 7268, 7270, 7272, 7274, 7280, 7282, 7285, 7290, 7293, 7298, 7299, 7303, 7308, 7312, 7313, 7317, 7319, 7320, 7323, 7327, 7329, 7333, 7334, 7336, 7338, 7339, 7341, 7343, 7344, 7354, 7362, 7366, 7369, 7373, 7377]
2026-03-19 10:01:05 | INFO | ConnectedDownlink | SENDING RETRANSMISSION REQUEST [6058, 6059, 6062, 6063, 6066, 6067, 6068, 6069, 6074, 6076, 6077, 6079, 6083, 6085, 6086, 6088, 6092, 6098, 6099, 6103, 6110, 6112, 6114, 6116, 6117, 6120, 6122, 6130, 6139, 6146, 6151, 6152, 6162, 6166, 6172, 6173, 6177, 6178, 6186, 6187, 6189, 6192, 6200, 6203, 6204, 6208, 6212, 6215, 6216, 6226, 6231, 6234, 6241, 6243, 6249, 6255, 6259, 6261, 6270, 6273, 6276, 6277, 6281, 6292, 6293, 6298, 6309, 6313, 6315, 6316, 6317, 6320, 6322, 6324, 6327, 6331, 6338, 6344, 6345, 6346, 6347, 6348, 6349, 6350, 6358, 6359, 6364, 6367, 6369, 6374, 6375, 6376, 6381, 6387, 6388, 6393, 6399, 6403, 6408, 6410] (attempt 1/5)
2026-03-19 10:01:05 | INFO | ConnectedDownlink | RETRANSMIT_REQUEST received: [6058, 6059, 6062, 6063, 6066, 6067, 6068, 6069, 6074, 6076, 6077, 6079, 6083, 6085, 6086, 6088, 6092, 6098, 6099, 6103, 6110, 6112, 6114, 6116, 6117, 6120, 6122, 6130, 6139, 6146, 6151, 6152, 6162, 6166, 6172, 6173, 6177, 6178, 6186, 6187, 6189, 6192, 6200, 6203, 6204, 6208, 6212, 6215, 6216, 6226, 6231, 6234, 6241, 6243, 6249, 6255, 6259, 6261, 6270, 6273, 6276, 6277, 6281, 6292, 6293, 6298, 6309, 6313, 6315, 6316, 6317, 6320, 6322, 6324, 6327, 6331, 6338, 6344, 6345, 6346, 6347, 6348, 6349, 6350, 6358, 6359, 6364, 6367, 6369, 6374, 6375, 6376, 6381, 6387, 6388, 6393, 6399, 6403, 6408, 6410]
2026-03-19 10:01:05 | INFO | ConnectedDownlink | Serving retransmit request: {6146, 6151, 6152, 6162, 6166, 6172, 6173, 6177, 6178, 6186, 6187, 6189, 6192, 6200, 6203, 6204, 6208, 6212, 6215, 6216, 6226, 6231, 6234, 6241, 6243, 6249, 6255, 6259, 6261, 6270, 6273, 6276, 6277, 6281, 6292, 6293, 6298, 6309, 6313, 6315, 6316, 6317, 6320, 6322, 6324, 6327, 6331, 6338, 6344, 6345, 6346, 6347, 6348, 6349, 6350, 6358, 6359, 6364, 6367, 6369, 6374, 6375, 6376, 6381, 6387, 6388, 6393, 6399, 6403, 6408, 6410, 6058, 6059, 6062, 6063, 6066, 6067, 6068, 6069, 6074, 6076, 6077, 6079, 6083, 6085, 6086, 6088, 6092, 6098, 6099, 6103, 6110, 6112, 6114, 6116, 6117, 6120, 6122, 6130, 6139}
2026-03-19 10:01:05 | INFO | ConnectedDownlink | Retransmitted packet seq=6058
2026-03-19 10:01:05 | INFO | ConnectedDownlink | Retransmitted packet seq=6059
2026-03-19 10:01:05 | INFO | ConnectedDownlink | Retransmitted packet seq=6062
2026-03-19 10:01:05 | INFO | ConnectedDownlink | DATA frame received seq=6059 → data_queue
2026-03-19 10:01:05 | INFO | ConnectedDownlink | got dropped message
2026-03-19 10:01:05 | INFO | ConnectedDownlink | DATA frame received seq=6062 → data_queue
2026-03-19 10:01:05 | INFO | ConnectedDownlink | Retransmitted packet seq=6063
2026-03-19 10:01:05 | INFO | ConnectedDownlink | Retransmitted packet seq=6066
2026-03-19 10:01:05 | INFO | ConnectedDownlink | Retransmitted packet seq=6067
2026-03-19 10:01:05 | INFO | ConnectedDownlink | Retransmitted packet seq=6068
2026-03-19 10:01:05 | INFO | ConnectedDownlink | DATA frame received seq=6067 → data_queue
2026-03-19 10:01:05 | INFO | ConnectedDownlink | Retransmitted packet seq=6069
2026-03-19 10:01:05 | INFO | ConnectedDownlink | DATA frame received seq=6068 → data_queue
2026-03-19 10:01:05 | INFO | ConnectedDownlink | Retransmitted packet seq=6074
2026-03-19 10:01:05 | INFO | ConnectedDownlink | DATA frame received seq=6069 → data_queue
2026-03-19 10:01:05 | INFO | ConnectedDownlink | Retransmitted packet seq=6076
2026-03-19 10:01:05 | INFO | ConnectedDownlink | DATA frame received seq=6074 → data_queue
2026-03-19 10:01:05 | INFO | ConnectedDownlink | Retransmitted packet seq=6077
2026-03-19 10:01:05 | INFO | ConnectedDownlink | DATA frame received seq=6076 → data_queue
2026-03-19 10:01:05 | INFO | ConnectedDownlink | Retransmitted packet seq=6079
2026-03-19 10:01:05 | INFO | ConnectedDownlink | DATA frame received seq=6077 → data_queue
2026-03-19 10:01:05 | INFO | ConnectedDownlink | DATA frame received seq=6079 → data_queue
2026-03-19 10:01:05 | INFO | ConnectedDownlink | Retransmitted packet seq=6083
2026-03-19 10:01:05 | INFO | ConnectedDownlink | Retransmitted packet seq=6085
2026-03-19 10:01:05 | INFO | ConnectedDownlink | Retransmitted packet seq=6086
2026-03-19 10:01:05 | INFO | ConnectedDownlink | Retransmitted packet seq=6088
2026-03-19 10:01:05 | INFO | ConnectedDownlink | DATA frame received seq=6086 → data_queue
2026-03-19 10:01:05 | INFO | ConnectedDownlink | Retransmitted packet seq=6092
2026-03-19 10:01:05 | INFO | ConnectedDownlink | DATA frame received seq=6088 → data_queue
2026-03-19 10:01:05 | INFO | ConnectedDownlink | DATA frame received seq=6092 → data_queue
2026-03-19 10:01:05 | INFO | ConnectedDownlink | Retransmitted packet seq=6098
2026-03-19 10:01:05 | INFO | ConnectedDownlink | DATA frame received seq=6098 → data_queue
2026-03-19 10:01:05 | INFO | ConnectedDownlink | Retransmitted packet seq=6099
2026-03-19 10:01:05 | INFO | ConnectedDownlink | Retransmitted packet seq=6103
2026-03-19 10:01:05 | INFO | ConnectedDownlink | DATA frame received seq=6103 → data_queue
2026-03-19 10:01:05 | INFO | ConnectedDownlink | Retransmitted packet seq=6110
2026-03-19 10:01:05 | INFO | ConnectedDownlink | DATA frame received seq=6110 → data_queue
2026-03-19 10:01:05 | INFO | ConnectedDownlink | Retransmitted packet seq=6112
2026-03-19 10:01:05 | INFO | ConnectedDownlink | DATA frame received seq=6112 → data_queue
2026-03-19 10:01:05 | INFO | ConnectedDownlink | Retransmitted packet seq=6114
2026-03-19 10:01:05 | INFO | ConnectedDownlink | DATA frame received seq=6114 → data_queue
2026-03-19 10:01:06 | INFO | ConnectedDownlink | Retransmitted packet seq=6116
2026-03-19 10:01:06 | INFO | ConnectedDownlink | DATA frame received seq=6116 → data_queue
2026-03-19 10:01:06 | INFO | ConnectedDownlink | Retransmitted packet seq=6117
2026-03-19 10:01:06 | INFO | ConnectedDownlink | DATA frame received seq=6117 → data_queue
2026-03-19 10:01:06 | INFO | ConnectedDownlink | Retransmitted packet seq=6120
2026-03-19 10:01:06 | INFO | ConnectedDownlink | Retransmitted packet seq=6122
2026-03-19 10:01:06 | INFO | ConnectedDownlink | DATA frame received seq=6122 → data_queue
2026-03-19 10:01:06 | INFO | ConnectedDownlink | Retransmitted packet seq=6130
2026-03-19 10:01:06 | INFO | ConnectedDownlink | DATA frame received seq=6130 → data_queue
2026-03-19 10:01:06 | INFO | ConnectedDownlink | Retransmitted packet seq=6139
2026-03-19 10:01:06 | INFO | ConnectedDownlink | DATA frame received seq=6139 → data_queue
2026-03-19 10:01:06 | INFO | ConnectedDownlink | Retransmitted packet seq=6146
2026-03-19 10:01:06 | INFO | ConnectedDownlink | Retransmitted packet seq=6151
2026-03-19 10:01:06 | INFO | ConnectedDownlink | DATA frame received seq=6151 → data_queue
2026-03-19 10:01:06 | INFO | ConnectedDownlink | Retransmitted packet seq=6152
2026-03-19 10:01:06 | INFO | ConnectedDownlink | DATA frame received seq=6152 → data_queue
2026-03-19 10:01:06 | INFO | ConnectedDownlink | Retransmitted packet seq=6162
2026-03-19 10:01:06 | INFO | ConnectedDownlink | DATA frame received seq=6162 → data_queue
2026-03-19 10:01:06 | INFO | ConnectedDownlink | Retransmitted packet seq=6166
2026-03-19 10:01:06 | INFO | ConnectedDownlink | DATA frame received seq=6166 → data_queue
2026-03-19 10:01:06 | INFO | ConnectedDownlink | Retransmitted packet seq=6172
2026-03-19 10:01:06 | INFO | ConnectedDownlink | DATA frame received seq=6172 → data_queue
2026-03-19 10:01:06 | INFO | ConnectedDownlink | Retransmitted packet seq=6173
2026-03-19 10:01:06 | INFO | ConnectedDownlink | Retransmitted packet seq=6177
2026-03-19 10:01:06 | INFO | ConnectedDownlink | Retransmitted packet seq=6178
2026-03-19 10:01:06 | INFO | ConnectedDownlink | Retransmitted packet seq=6186
2026-03-19 10:01:06 | INFO | ConnectedDownlink | DATA frame received seq=6186 → data_queue
2026-03-19 10:01:06 | INFO | ConnectedDownlink | Retransmitted packet seq=6187
2026-03-19 10:01:06 | INFO | ConnectedDownlink | DATA frame received seq=6187 → data_queue
2026-03-19 10:01:06 | INFO | ConnectedDownlink | Retransmitted packet seq=6189
2026-03-19 10:01:06 | INFO | ConnectedDownlink | DATA frame received seq=6189 → data_queue
2026-03-19 10:01:06 | INFO | ConnectedDownlink | Retransmitted packet seq=6192
2026-03-19 10:01:06 | INFO | ConnectedDownlink | DATA frame received seq=6192 → data_queue
2026-03-19 10:01:06 | INFO | ConnectedDownlink | Retransmitted packet seq=6200
2026-03-19 10:01:06 | INFO | ConnectedDownlink | Retransmitted packet seq=6203
2026-03-19 10:01:06 | INFO | ConnectedDownlink | Retransmitted packet seq=6204
2026-03-19 10:01:06 | INFO | ConnectedDownlink | DATA frame received seq=6203 → data_queue
2026-03-19 10:01:06 | INFO | ConnectedDownlink | Retransmitted packet seq=6208
2026-03-19 10:01:06 | INFO | ConnectedDownlink | DATA frame received seq=6204 → data_queue
2026-03-19 10:01:06 | INFO | ConnectedDownlink | Retransmitted packet seq=6212
2026-03-19 10:01:06 | INFO | ConnectedDownlink | Retransmitted packet seq=6215
2026-03-19 10:01:06 | INFO | ConnectedDownlink | DATA frame received seq=6215 → data_queue
2026-03-19 10:01:06 | INFO | ConnectedDownlink | Retransmitted packet seq=6216
2026-03-19 10:01:06 | INFO | ConnectedDownlink | DATA frame received seq=6216 → data_queue
2026-03-19 10:01:06 | INFO | ConnectedDownlink | Retransmitted packet seq=6226
2026-03-19 10:01:06 | INFO | ConnectedDownlink | Retransmitted packet seq=6231
2026-03-19 10:01:06 | INFO | ConnectedDownlink | DATA frame received seq=6231 → data_queue
2026-03-19 10:01:06 | INFO | ConnectedDownlink | Retransmitted packet seq=6234
2026-03-19 10:01:06 | INFO | ConnectedDownlink | DATA frame received seq=6234 → data_queue
2026-03-19 10:01:06 | INFO | ConnectedDownlink | Retransmitted packet seq=6241
2026-03-19 10:01:06 | INFO | ConnectedDownlink | DATA frame received seq=6241 → data_queue
2026-03-19 10:01:06 | INFO | ConnectedDownlink | Retransmitted packet seq=6243
2026-03-19 10:01:06 | INFO | ConnectedDownlink | DATA frame received seq=6243 → data_queue
2026-03-19 10:01:06 | INFO | ConnectedDownlink | Retransmitted packet seq=6249
2026-03-19 10:01:06 | INFO | ConnectedDownlink | DATA frame received seq=6249 → data_queue
2026-03-19 10:01:06 | INFO | ConnectedDownlink | Retransmitted packet seq=6255
2026-03-19 10:01:06 | INFO | ConnectedDownlink | DATA frame received seq=6255 → data_queue
2026-03-19 10:01:06 | INFO | ConnectedDownlink | Retransmitted packet seq=6259
2026-03-19 10:01:06 | INFO | ConnectedDownlink | DATA frame received seq=6259 → data_queue
2026-03-19 10:01:06 | INFO | ConnectedDownlink | Retransmitted packet seq=6261
2026-03-19 10:01:06 | INFO | ConnectedDownlink | DATA frame received seq=6261 → data_queue
2026-03-19 10:01:06 | INFO | ConnectedDownlink | Retransmitted packet seq=6270
2026-03-19 10:01:06 | INFO | ConnectedDownlink | DATA frame received seq=6270 → data_queue
2026-03-19 10:01:06 | INFO | ConnectedDownlink | Retransmitted packet seq=6273
2026-03-19 10:01:06 | INFO | ConnectedDownlink | DATA frame received seq=6273 → data_queue
2026-03-19 10:01:06 | INFO | ConnectedDownlink | Retransmitted packet seq=6276
2026-03-19 10:01:06 | INFO | ConnectedDownlink | DATA frame received seq=6276 → data_queue
2026-03-19 10:01:06 | INFO | ConnectedDownlink | Retransmitted packet seq=6277
2026-03-19 10:01:06 | INFO | ConnectedDownlink | DATA frame received seq=6277 → data_queue
2026-03-19 10:01:06 | INFO | ConnectedDownlink | Retransmitted packet seq=6281
2026-03-19 10:01:06 | INFO | ConnectedDownlink | DATA frame received seq=6281 → data_queue
2026-03-19 10:01:06 | INFO | ConnectedDownlink | Retransmitted packet seq=6292
2026-03-19 10:01:06 | INFO | ConnectedDownlink | DATA frame received seq=6292 → data_queue
2026-03-19 10:01:06 | INFO | ConnectedDownlink | Retransmitted packet seq=6293
2026-03-19 10:01:06 | INFO | ConnectedDownlink | DATA frame received seq=6293 → data_queue
2026-03-19 10:01:06 | INFO | ConnectedDownlink | Retransmitted packet seq=6298
2026-03-19 10:01:06 | INFO | ConnectedDownlink | Retransmitted packet seq=6309
2026-03-19 10:01:06 | INFO | ConnectedDownlink | Retransmitted packet seq=6313
2026-03-19 10:01:06 | INFO | ConnectedDownlink | Retransmitted packet seq=6315
2026-03-19 10:01:06 | INFO | ConnectedDownlink | Retransmitted packet seq=6316
2026-03-19 10:01:06 | INFO | ConnectedDownlink | DATA frame received seq=6316 → data_queue
2026-03-19 10:01:06 | INFO | ConnectedDownlink | Retransmitted packet seq=6317
2026-03-19 10:01:06 | INFO | ConnectedDownlink | Retransmitted packet seq=6320
2026-03-19 10:01:06 | INFO | ConnectedDownlink | DATA frame received seq=6320 → data_queue
2026-03-19 10:01:06 | INFO | ConnectedDownlink | Retransmitted packet seq=6322
2026-03-19 10:01:06 | INFO | ConnectedDownlink | DATA frame received seq=6322 → data_queue
2026-03-19 10:01:06 | INFO | ConnectedDownlink | Retransmitted packet seq=6324
2026-03-19 10:01:06 | INFO | ConnectedDownlink | DATA frame received seq=6324 → data_queue
2026-03-19 10:01:06 | INFO | ConnectedDownlink | Retransmitted packet seq=6327
2026-03-19 10:01:06 | INFO | ConnectedDownlink | Retransmitted packet seq=6331
2026-03-19 10:01:06 | INFO | ConnectedDownlink | Retransmitted packet seq=6338
2026-03-19 10:01:06 | INFO | ConnectedDownlink | DATA frame received seq=6338 → data_queue
2026-03-19 10:01:06 | INFO | ConnectedDownlink | Retransmitted packet seq=6344
2026-03-19 10:01:06 | INFO | ConnectedDownlink | DATA frame received seq=6344 → data_queue
2026-03-19 10:01:06 | INFO | ConnectedDownlink | Retransmitted packet seq=6345
2026-03-19 10:01:06 | INFO | ConnectedDownlink | DATA frame received seq=6345 → data_queue
2026-03-19 10:01:06 | INFO | ConnectedDownlink | Retransmitted packet seq=6346
2026-03-19 10:01:06 | INFO | ConnectedDownlink | DATA frame received seq=6346 → data_queue
2026-03-19 10:01:06 | INFO | ConnectedDownlink | Retransmitted packet seq=6347
2026-03-19 10:01:06 | INFO | ConnectedDownlink | Retransmitted packet seq=6348
2026-03-19 10:01:06 | INFO | ConnectedDownlink | DATA frame received seq=6348 → data_queue
2026-03-19 10:01:06 | INFO | ConnectedDownlink | Retransmitted packet seq=6349
2026-03-19 10:01:06 | INFO | ConnectedDownlink | DATA frame received seq=6349 → data_queue
2026-03-19 10:01:06 | INFO | ConnectedDownlink | Retransmitted packet seq=6350
2026-03-19 10:01:06 | INFO | ConnectedDownlink | DATA frame received seq=6350 → data_queue
2026-03-19 10:01:06 | INFO | ConnectedDownlink | Retransmitted packet seq=6358
2026-03-19 10:01:06 | INFO | ConnectedDownlink | DATA frame received seq=6358 → data_queue
2026-03-19 10:01:06 | INFO | ConnectedDownlink | Retransmitted packet seq=6359
2026-03-19 10:01:06 | INFO | ConnectedDownlink | DATA frame received seq=6359 → data_queue
2026-03-19 10:01:06 | INFO | ConnectedDownlink | Retransmitted packet seq=6364
2026-03-19 10:01:06 | INFO | ConnectedDownlink | DATA frame received seq=6364 → data_queue
2026-03-19 10:01:06 | INFO | ConnectedDownlink | Retransmitted packet seq=6367
2026-03-19 10:01:06 | INFO | ConnectedDownlink | Retransmitted packet seq=6369
2026-03-19 10:01:06 | INFO | ConnectedDownlink | Retransmitted packet seq=6374
2026-03-19 10:01:06 | INFO | ConnectedDownlink | DATA frame received seq=6374 → data_queue
2026-03-19 10:01:07 | INFO | ConnectedDownlink | Retransmitted packet seq=6375
2026-03-19 10:01:07 | INFO | ConnectedDownlink | DATA frame received seq=6375 → data_queue
2026-03-19 10:01:07 | INFO | ConnectedDownlink | Retransmitted packet seq=6376
2026-03-19 10:01:07 | INFO | ConnectedDownlink | Retransmitted packet seq=6381
2026-03-19 10:01:07 | INFO | ConnectedDownlink | Retransmitted packet seq=6387
2026-03-19 10:01:07 | INFO | ConnectedDownlink | DATA frame received seq=6387 → data_queue
2026-03-19 10:01:07 | INFO | ConnectedDownlink | Retransmitted packet seq=6388
2026-03-19 10:01:07 | INFO | ConnectedDownlink | Retransmitted packet seq=6393
2026-03-19 10:01:07 | INFO | ConnectedDownlink | DATA frame received seq=6393 → data_queue
2026-03-19 10:01:07 | INFO | ConnectedDownlink | Retransmitted packet seq=6399
2026-03-19 10:01:07 | INFO | ConnectedDownlink | DATA frame received seq=6399 → data_queue
2026-03-19 10:01:07 | INFO | ConnectedDownlink | Retransmitted packet seq=6403
2026-03-19 10:01:07 | INFO | ConnectedDownlink | DATA frame received seq=6403 → data_queue
2026-03-19 10:01:07 | INFO | ConnectedDownlink | Retransmitted packet seq=6408
2026-03-19 10:01:07 | INFO | ConnectedDownlink | DATA frame received seq=6410 → data_queue
2026-03-19 10:01:07 | INFO | ConnectedDownlink | Retransmitted packet seq=6410
2026-03-19 10:01:45 | INFO | ConnectedDownlink | Satellite serve_loop cancelled
2026-03-19 10:01:49 | INFO | ConnectedDownlink | Entered ConnectedDownlink mode
2026-03-19 10:01:49 | INFO | ConnectedDownlink | ConnectedDownlink entered
2026-03-19 10:01:49 | INFO | ConnectedDownlink | starting activity timer for 180
2026-03-19 10:01:49 | INFO | ConnectedDownlink | Satellite serve_loop started (implicit-ACK mode)
2026-03-19 10:01:49 | INFO | ConnectedDownlink | Entered ConnectedDownlink mode
2026-03-19 10:01:49 | INFO | ConnectedDownlink | ConnectedDownlink entered
2026-03-19 10:01:49 | INFO | ConnectedDownlink | starting activity timer for 180
2026-03-19 10:01:49 | INFO | ConnectedDownlink | retransmit_loop started (implicit-ACK mode)
2026-03-19 10:01:49 | INFO | ConnectedDownlink | Requesting retransmission of [6058, 6062, 6063, 6066, 6067, 6068, 6069, 6074, 6076, 6077, 6079, 6083, 6085, 6086, 6088, 6092, 6098, 6099, 6103, 6110, 6112, 6114, 6116, 6117, 6120, 6122, 6130, 6139, 6146, 6151, 6152, 6162, 6166, 6172, 6173, 6177, 6178, 6186, 6187, 6189, 6192, 6200, 6203, 6204, 6208, 6212, 6215, 6216, 6226, 6231, 6234, 6241, 6243, 6249, 6255, 6259, 6261, 6270, 6273, 6276, 6277, 6281, 6292, 6293, 6298, 6309, 6313, 6315, 6316, 6317, 6320, 6322, 6324, 6327, 6331, 6338, 6344, 6345, 6346, 6347, 6348, 6349, 6350, 6358, 6359, 6364, 6367, 6369, 6374, 6375, 6376, 6381, 6387, 6388, 6393, 6399, 6403, 6408, 6410, 6412, 6420, 6423, 6424, 6425, 6426, 6430, 6432, 6433, 6437, 6441, 6449, 6454, 6457, 6459, 6462, 6463, 6464, 6465, 6466, 6467, 6468, 6472, 6473, 6475, 6477, 6478, 6479, 6482, 6483, 6485, 6495, 6496, 6497, 6498, 6501, 6502, 6506, 6512, 6513, 6514, 6516, 6521, 6523, 6526, 6531, 6532, 6534, 6535, 6540, 6542, 6545, 6549, 6550, 6556, 6559, 6561, 6566, 6569, 6570, 6572, 6575, 6577, 6578, 6581, 6592, 6600, 6601, 6606, 6607, 6617, 6618, 6620, 6624, 6626, 6632, 6634, 6635, 6646, 6655, 6660, 6664, 6666, 6668, 6669, 6675, 6678, 6683, 6686, 6691, 6694, 6695, 6705, 6708, 6711, 6714, 6729, 6735, 6736, 6738, 6742, 6745, 6746, 6747, 6748, 6753, 6754, 6756, 6759, 6761, 6767, 6773, 6775, 6777, 6778, 6787, 6793, 6795, 6797, 6812, 6828, 6829, 6832, 6833, 6834, 6835, 6836, 6840, 6842, 6844, 6854, 6855, 6860, 6862, 6865, 6868, 6871, 6874, 6876, 6877, 6886, 6887, 6888, 6889, 6892, 6895, 6896, 6902, 6906, 6907, 6909, 6916, 6917, 6921, 6925, 6934, 6940, 6941, 6945, 6947, 6950, 6951, 6959, 6962, 6963, 6965, 6967, 6968, 6970, 6974, 6980, 6988, 6991, 6994, 6997, 6998, 7005, 7008, 7010, 7020, 7025, 7027, 7035, 7037, 7039, 7041, 7042, 7053, 7054, 7055, 7056, 7058, 7059, 7064, 7067, 7073, 7077, 7090, 7096, 7100, 7102, 7104, 7106, 7114, 7115, 7116, 7118, 7122, 7126, 7128, 7133, 7136, 7137, 7139, 7141, 7142, 7143, 7147, 7151, 7158, 7159, 7161, 7163, 7164, 7176, 7177, 7178, 7187, 7189, 7197, 7198, 7199, 7204, 7206, 7208, 7209, 7216, 7221, 7225, 7226, 7227, 7228, 7237, 7239, 7241, 7244, 7246, 7247, 7253, 7258, 7260, 7261, 7262, 7263, 7264, 7266, 7267, 7268, 7270, 7272, 7274, 7280, 7282, 7285, 7290, 7293, 7298, 7299, 7303, 7308, 7312, 7313, 7317, 7319, 7320, 7323, 7327, 7329, 7333, 7334, 7336, 7338, 7339, 7341, 7343, 7344, 7354, 7362, 7366, 7369, 7373, 7377]
2026-03-19 10:01:49 | INFO | ConnectedDownlink | SENDING RETRANSMISSION REQUEST [6058, 6062, 6063, 6066, 6067, 6068, 6069, 6074, 6076, 6077, 6079, 6083, 6085, 6086, 6088, 6092, 6098, 6099, 6103, 6110, 6112, 6114, 6116, 6117, 6120, 6122, 6130, 6139, 6146, 6151, 6152, 6162, 6166, 6172, 6173, 6177, 6178, 6186, 6187, 6189, 6192, 6200, 6203, 6204, 6208, 6212, 6215, 6216, 6226, 6231, 6234, 6241, 6243, 6249, 6255, 6259, 6261, 6270, 6273, 6276, 6277, 6281, 6292, 6293, 6298, 6309, 6313, 6315, 6316, 6317, 6320, 6322, 6324, 6327, 6331, 6338, 6344, 6345, 6346, 6347, 6348, 6349, 6350, 6358, 6359, 6364, 6367, 6369, 6374, 6375, 6376, 6381, 6387, 6388, 6393, 6399, 6403, 6408, 6410, 6412] (attempt 1/5)
2026-03-19 10:01:49 | INFO | ConnectedDownlink | RETRANSMIT_REQUEST received: [6058, 6062, 6063, 6066, 6067, 6068, 6069, 6074, 6076, 6077, 6079, 6083, 6085, 6086, 6088, 6092, 6098, 6099, 6103, 6110, 6112, 6114, 6116, 6117, 6120, 6122, 6130, 6139, 6146, 6151, 6152, 6162, 6166, 6172, 6173, 6177, 6178, 6186, 6187, 6189, 6192, 6200, 6203, 6204, 6208, 6212, 6215, 6216, 6226, 6231, 6234, 6241, 6243, 6249, 6255, 6259, 6261, 6270, 6273, 6276, 6277, 6281, 6292, 6293, 6298, 6309, 6313, 6315, 6316, 6317, 6320, 6322, 6324, 6327, 6331, 6338, 6344, 6345, 6346, 6347, 6348, 6349, 6350, 6358, 6359, 6364, 6367, 6369, 6374, 6375, 6376, 6381, 6387, 6388, 6393, 6399, 6403, 6408, 6410, 6412]
2026-03-19 10:01:49 | INFO | ConnectedDownlink | Serving retransmit request: {6146, 6151, 6152, 6162, 6166, 6172, 6173, 6177, 6178, 6186, 6187, 6189, 6192, 6200, 6203, 6204, 6208, 6212, 6215, 6216, 6226, 6231, 6234, 6241, 6243, 6249, 6255, 6259, 6261, 6270, 6273, 6276, 6277, 6281, 6292, 6293, 6298, 6309, 6313, 6315, 6316, 6317, 6320, 6322, 6324, 6327, 6331, 6338, 6344, 6345, 6346, 6347, 6348, 6349, 6350, 6358, 6359, 6364, 6367, 6369, 6374, 6375, 6376, 6381, 6387, 6388, 6393, 6399, 6403, 6408, 6410, 6412, 6058, 6062, 6063, 6066, 6067, 6068, 6069, 6074, 6076, 6077, 6079, 6083, 6085, 6086, 6088, 6092, 6098, 6099, 6103, 6110, 6112, 6114, 6116, 6117, 6120, 6122, 6130, 6139}
2026-03-19 10:01:49 | INFO | ConnectedDownlink | Retransmitted packet seq=6058
2026-03-19 10:01:49 | INFO | ConnectedDownlink | Retransmitted packet seq=6062
2026-03-19 10:01:49 | INFO | ConnectedDownlink | DATA frame received seq=6058 → data_queue
2026-03-19 10:01:49 | INFO | ConnectedDownlink | got dropped message
2026-03-19 10:01:49 | INFO | ConnectedDownlink | DATA frame received seq=6062 → data_queue
2026-03-19 10:01:49 | INFO | ConnectedDownlink | Retransmitted packet seq=6063
2026-03-19 10:01:49 | INFO | ConnectedDownlink | DATA frame received seq=6063 → data_queue
2026-03-19 10:01:49 | INFO | ConnectedDownlink | Retransmitted packet seq=6066
2026-03-19 10:01:49 | INFO | ConnectedDownlink | DATA frame received seq=6066 → data_queue
2026-03-19 10:01:49 | INFO | ConnectedDownlink | Retransmitted packet seq=6067
2026-03-19 10:01:49 | INFO | ConnectedDownlink | Retransmitted packet seq=6068
2026-03-19 10:01:49 | INFO | ConnectedDownlink | DATA frame received seq=6067 → data_queue
2026-03-19 10:01:49 | INFO | ConnectedDownlink | DATA frame received seq=6068 → data_queue
2026-03-19 10:01:49 | INFO | ConnectedDownlink | Retransmitted packet seq=6069
2026-03-19 10:01:49 | INFO | ConnectedDownlink | Retransmitted packet seq=6074
2026-03-19 10:01:49 | INFO | ConnectedDownlink | Retransmitted packet seq=6076
2026-03-19 10:01:49 | INFO | ConnectedDownlink | Retransmitted packet seq=6077
2026-03-19 10:01:49 | INFO | ConnectedDownlink | DATA frame received seq=6076 → data_queue
2026-03-19 10:01:49 | INFO | ConnectedDownlink | DATA frame received seq=6077 → data_queue
2026-03-19 10:01:49 | INFO | ConnectedDownlink | Retransmitted packet seq=6079
2026-03-19 10:01:49 | INFO | ConnectedDownlink | Retransmitted packet seq=6083
2026-03-19 10:01:49 | INFO | ConnectedDownlink | DATA frame received seq=6079 → data_queue
2026-03-19 10:01:49 | INFO | ConnectedDownlink | Retransmitted packet seq=6085
2026-03-19 10:01:49 | INFO | ConnectedDownlink | DATA frame received seq=6085 → data_queue
2026-03-19 10:01:49 | INFO | ConnectedDownlink | Retransmitted packet seq=6086
2026-03-19 10:01:49 | INFO | ConnectedDownlink | DATA frame received seq=6086 → data_queue
2026-03-19 10:01:49 | INFO | ConnectedDownlink | Retransmitted packet seq=6088
2026-03-19 10:01:50 | INFO | ConnectedDownlink | Retransmitted packet seq=6092
2026-03-19 10:01:50 | INFO | ConnectedDownlink | DATA frame received seq=6092 → data_queue
2026-03-19 10:01:50 | INFO | ConnectedDownlink | Retransmitted packet seq=6098
2026-03-19 10:01:50 | INFO | ConnectedDownlink | Retransmitted packet seq=6099
2026-03-19 10:01:50 | INFO | ConnectedDownlink | Retransmitted packet seq=6103
2026-03-19 10:01:50 | INFO | ConnectedDownlink | DATA frame received seq=6099 → data_queue
2026-03-19 10:01:50 | INFO | ConnectedDownlink | DATA frame received seq=6103 → data_queue
2026-03-19 10:01:50 | INFO | ConnectedDownlink | Retransmitted packet seq=6110
2026-03-19 10:01:50 | INFO | ConnectedDownlink | Retransmitted packet seq=6112
2026-03-19 10:01:50 | INFO | ConnectedDownlink | DATA frame received seq=6112 → data_queue
2026-03-19 10:01:50 | INFO | ConnectedDownlink | Retransmitted packet seq=6114
2026-03-19 10:01:50 | INFO | ConnectedDownlink | Retransmitted packet seq=6116
2026-03-19 10:01:50 | INFO | ConnectedDownlink | DATA frame received seq=6116 → data_queue
2026-03-19 10:01:50 | INFO | ConnectedDownlink | Retransmitted packet seq=6117
2026-03-19 10:01:50 | INFO | ConnectedDownlink | DATA frame received seq=6117 → data_queue
2026-03-19 10:01:50 | INFO | ConnectedDownlink | Retransmitted packet seq=6120
2026-03-19 10:01:50 | INFO | ConnectedDownlink | DATA frame received seq=6120 → data_queue
2026-03-19 10:01:50 | INFO | ConnectedDownlink | Retransmitted packet seq=6122
2026-03-19 10:01:50 | INFO | ConnectedDownlink | DATA frame received seq=6122 → data_queue
2026-03-19 10:01:50 | INFO | ConnectedDownlink | Retransmitted packet seq=6130
2026-03-19 10:01:50 | INFO | ConnectedDownlink | Retransmitted packet seq=6139
2026-03-19 10:01:50 | INFO | ConnectedDownlink | DATA frame received seq=6139 → data_queue
2026-03-19 10:01:50 | INFO | ConnectedDownlink | Retransmitted packet seq=6146
2026-03-19 10:01:50 | INFO | ConnectedDownlink | Retransmitted packet seq=6151
2026-03-19 10:01:50 | INFO | ConnectedDownlink | DATA frame received seq=6151 → data_queue
2026-03-19 10:01:50 | INFO | ConnectedDownlink | Retransmitted packet seq=6152
2026-03-19 10:01:50 | INFO | ConnectedDownlink | DATA frame received seq=6152 → data_queue
2026-03-19 10:01:50 | INFO | ConnectedDownlink | Retransmitted packet seq=6162
2026-03-19 10:01:50 | INFO | ConnectedDownlink | DATA frame received seq=6162 → data_queue
2026-03-19 10:01:50 | INFO | ConnectedDownlink | Retransmitted packet seq=6166
2026-03-19 10:01:50 | INFO | ConnectedDownlink | DATA frame received seq=6166 → data_queue
2026-03-19 10:01:50 | INFO | ConnectedDownlink | Retransmitted packet seq=6172
2026-03-19 10:01:50 | INFO | ConnectedDownlink | DATA frame received seq=6172 → data_queue
2026-03-19 10:01:50 | INFO | ConnectedDownlink | Retransmitted packet seq=6173
2026-03-19 10:01:50 | INFO | ConnectedDownlink | Retransmitted packet seq=6177
2026-03-19 10:01:50 | INFO | ConnectedDownlink | Retransmitted packet seq=6178
2026-03-19 10:01:50 | INFO | ConnectedDownlink | DATA frame received seq=6177 → data_queue
2026-03-19 10:01:50 | INFO | ConnectedDownlink | Retransmitted packet seq=6186
2026-03-19 10:01:50 | INFO | ConnectedDownlink | DATA frame received seq=6178 → data_queue
2026-03-19 10:01:50 | INFO | ConnectedDownlink | DATA frame received seq=6186 → data_queue
2026-03-19 10:01:50 | INFO | ConnectedDownlink | Retransmitted packet seq=6187
2026-03-19 10:01:50 | INFO | ConnectedDownlink | Retransmitted packet seq=6189
2026-03-19 10:01:50 | INFO | ConnectedDownlink | DATA frame received seq=6189 → data_queue
2026-03-19 10:01:50 | INFO | ConnectedDownlink | Retransmitted packet seq=6192
2026-03-19 10:01:50 | INFO | ConnectedDownlink | DATA frame received seq=6192 → data_queue
2026-03-19 10:01:50 | INFO | ConnectedDownlink | Retransmitted packet seq=6200
2026-03-19 10:01:50 | INFO | ConnectedDownlink | Retransmitted packet seq=6203
2026-03-19 10:01:50 | INFO | ConnectedDownlink | DATA frame received seq=6200 → data_queue
2026-03-19 10:01:50 | INFO | ConnectedDownlink | Retransmitted packet seq=6204
2026-03-19 10:01:50 | INFO | ConnectedDownlink | DATA frame received seq=6203 → data_queue
2026-03-19 10:01:50 | INFO | ConnectedDownlink | DATA frame received seq=6204 → data_queue
2026-03-19 10:01:50 | INFO | ConnectedDownlink | Retransmitted packet seq=6208
2026-03-19 10:01:50 | INFO | ConnectedDownlink | DATA frame received seq=6208 → data_queue
2026-03-19 10:01:50 | INFO | ConnectedDownlink | Retransmitted packet seq=6212
2026-03-19 10:01:50 | INFO | ConnectedDownlink | Retransmitted packet seq=6215
2026-03-19 10:01:50 | INFO | ConnectedDownlink | Retransmitted packet seq=6216
2026-03-19 10:01:50 | INFO | ConnectedDownlink | DATA frame received seq=6216 → data_queue
2026-03-19 10:01:50 | INFO | ConnectedDownlink | Retransmitted packet seq=6226
2026-03-19 10:01:50 | INFO | ConnectedDownlink | DATA frame received seq=6226 → data_queue
2026-03-19 10:01:50 | INFO | ConnectedDownlink | Retransmitted packet seq=6231
2026-03-19 10:01:50 | INFO | ConnectedDownlink | DATA frame received seq=6231 → data_queue
2026-03-19 10:01:50 | INFO | ConnectedDownlink | Retransmitted packet seq=6234
2026-03-19 10:01:50 | INFO | ConnectedDownlink | DATA frame received seq=6234 → data_queue
2026-03-19 10:01:50 | INFO | ConnectedDownlink | Retransmitted packet seq=6241
2026-03-19 10:01:50 | INFO | ConnectedDownlink | DATA frame received seq=6241 → data_queue
2026-03-19 10:01:50 | INFO | ConnectedDownlink | Retransmitted packet seq=6243
2026-03-19 10:01:50 | INFO | ConnectedDownlink | DATA frame received seq=6243 → data_queue
2026-03-19 10:01:50 | INFO | ConnectedDownlink | Retransmitted packet seq=6249
2026-03-19 10:01:50 | INFO | ConnectedDownlink | Retransmitted packet seq=6255
2026-03-19 10:01:50 | INFO | ConnectedDownlink | DATA frame received seq=6255 → data_queue
2026-03-19 10:01:50 | INFO | ConnectedDownlink | Retransmitted packet seq=6259
2026-03-19 10:01:50 | INFO | ConnectedDownlink | Retransmitted packet seq=6261
2026-03-19 10:01:50 | INFO | ConnectedDownlink | DATA frame received seq=6261 → data_queue
2026-03-19 10:01:50 | INFO | ConnectedDownlink | Retransmitted packet seq=6270
2026-03-19 10:01:50 | INFO | ConnectedDownlink | DATA frame received seq=6270 → data_queue
2026-03-19 10:01:50 | INFO | ConnectedDownlink | Retransmitted packet seq=6273
2026-03-19 10:01:50 | INFO | ConnectedDownlink | DATA frame received seq=6273 → data_queue
2026-03-19 10:01:50 | INFO | ConnectedDownlink | Retransmitted packet seq=6276
2026-03-19 10:01:50 | INFO | ConnectedDownlink | DATA frame received seq=6276 → data_queue
2026-03-19 10:01:50 | INFO | ConnectedDownlink | Retransmitted packet seq=6277
2026-03-19 10:01:50 | INFO | ConnectedDownlink | DATA frame received seq=6277 → data_queue
2026-03-19 10:01:50 | INFO | ConnectedDownlink | Retransmitted packet seq=6281
2026-03-19 10:01:50 | INFO | ConnectedDownlink | DATA frame received seq=6281 → data_queue
2026-03-19 10:01:50 | INFO | ConnectedDownlink | Retransmitted packet seq=6292
2026-03-19 10:01:50 | INFO | ConnectedDownlink | DATA frame received seq=6292 → data_queue
2026-03-19 10:01:50 | INFO | ConnectedDownlink | Retransmitted packet seq=6293
2026-03-19 10:01:50 | INFO | ConnectedDownlink | DATA frame received seq=6293 → data_queue
2026-03-19 10:01:50 | INFO | ConnectedDownlink | Retransmitted packet seq=6298
2026-03-19 10:01:50 | INFO | ConnectedDownlink | DATA frame received seq=6298 → data_queue
2026-03-19 10:01:50 | INFO | ConnectedDownlink | Retransmitted packet seq=6309
2026-03-19 10:01:50 | INFO | ConnectedDownlink | DATA frame received seq=6309 → data_queue
2026-03-19 10:01:50 | INFO | ConnectedDownlink | Retransmitted packet seq=6313
2026-03-19 10:01:50 | INFO | ConnectedDownlink | DATA frame received seq=6313 → data_queue
2026-03-19 10:01:50 | INFO | ConnectedDownlink | Retransmitted packet seq=6315
2026-03-19 10:01:50 | INFO | ConnectedDownlink | DATA frame received seq=6315 → data_queue
2026-03-19 10:01:50 | INFO | ConnectedDownlink | Retransmitted packet seq=6316
2026-03-19 10:01:50 | INFO | ConnectedDownlink | DATA frame received seq=6316 → data_queue
2026-03-19 10:01:50 | INFO | ConnectedDownlink | Retransmitted packet seq=6317
2026-03-19 10:01:50 | INFO | ConnectedDownlink | Retransmitted packet seq=6320
2026-03-19 10:01:50 | INFO | ConnectedDownlink | DATA frame received seq=6320 → data_queue
2026-03-19 10:01:50 | INFO | ConnectedDownlink | Retransmitted packet seq=6322
2026-03-19 10:01:50 | INFO | ConnectedDownlink | DATA frame received seq=6322 → data_queue
2026-03-19 10:01:50 | INFO | ConnectedDownlink | Retransmitted packet seq=6324
2026-03-19 10:01:50 | INFO | ConnectedDownlink | Retransmitted packet seq=6327
2026-03-19 10:01:50 | INFO | ConnectedDownlink | DATA frame received seq=6327 → data_queue
2026-03-19 10:01:50 | INFO | ConnectedDownlink | Retransmitted packet seq=6331
2026-03-19 10:01:50 | INFO | ConnectedDownlink | DATA frame received seq=6331 → data_queue
2026-03-19 10:01:50 | INFO | ConnectedDownlink | Retransmitted packet seq=6338
2026-03-19 10:01:50 | INFO | ConnectedDownlink | DATA frame received seq=6338 → data_queue
2026-03-19 10:01:50 | INFO | ConnectedDownlink | Retransmitted packet seq=6344
2026-03-19 10:01:50 | INFO | ConnectedDownlink | DATA frame received seq=6344 → data_queue
2026-03-19 10:01:50 | INFO | ConnectedDownlink | Retransmitted packet seq=6345
2026-03-19 10:01:50 | INFO | ConnectedDownlink | Retransmitted packet seq=6346
2026-03-19 10:01:50 | INFO | ConnectedDownlink | Retransmitted packet seq=6347
2026-03-19 10:01:50 | INFO | ConnectedDownlink | DATA frame received seq=6347 → data_queue
2026-03-19 10:01:50 | INFO | ConnectedDownlink | Retransmitted packet seq=6348
2026-03-19 10:01:50 | INFO | ConnectedDownlink | DATA frame received seq=6348 → data_queue
2026-03-19 10:01:50 | INFO | ConnectedDownlink | Retransmitted packet seq=6349
2026-03-19 10:01:50 | INFO | ConnectedDownlink | Retransmitted packet seq=6350
2026-03-19 10:01:50 | INFO | ConnectedDownlink | DATA frame received seq=6350 → data_queue
2026-03-19 10:01:50 | INFO | ConnectedDownlink | Retransmitted packet seq=6358
2026-03-19 10:01:50 | INFO | ConnectedDownlink | Retransmitted packet seq=6359
2026-03-19 10:01:51 | INFO | ConnectedDownlink | Retransmitted packet seq=6364
2026-03-19 10:01:51 | INFO | ConnectedDownlink | DATA frame received seq=6364 → data_queue
2026-03-19 10:01:51 | INFO | ConnectedDownlink | Retransmitted packet seq=6367
2026-03-19 10:01:51 | INFO | ConnectedDownlink | DATA frame received seq=6367 → data_queue
2026-03-19 10:01:51 | INFO | ConnectedDownlink | Retransmitted packet seq=6369
2026-03-19 10:01:51 | INFO | ConnectedDownlink | DATA frame received seq=6369 → data_queue
2026-03-19 10:01:51 | INFO | ConnectedDownlink | Retransmitted packet seq=6374
2026-03-19 10:01:51 | INFO | ConnectedDownlink | DATA frame received seq=6374 → data_queue
2026-03-19 10:01:51 | INFO | ConnectedDownlink | Retransmitted packet seq=6375
2026-03-19 10:01:51 | INFO | ConnectedDownlink | DATA frame received seq=6375 → data_queue
2026-03-19 10:01:51 | INFO | ConnectedDownlink | Retransmitted packet seq=6376
2026-03-19 10:01:51 | INFO | ConnectedDownlink | DATA frame received seq=6376 → data_queue
2026-03-19 10:01:51 | INFO | ConnectedDownlink | Retransmitted packet seq=6381
2026-03-19 10:01:51 | INFO | ConnectedDownlink | DATA frame received seq=6381 → data_queue
2026-03-19 10:01:51 | INFO | ConnectedDownlink | Retransmitted packet seq=6387
2026-03-19 10:01:51 | INFO | ConnectedDownlink | Retransmitted packet seq=6388
2026-03-19 10:01:51 | INFO | ConnectedDownlink | DATA frame received seq=6388 → data_queue
2026-03-19 10:01:51 | INFO | ConnectedDownlink | Retransmitted packet seq=6393
2026-03-19 10:01:51 | INFO | ConnectedDownlink | Retransmitted packet seq=6399
2026-03-19 10:01:51 | INFO | ConnectedDownlink | DATA frame received seq=6399 → data_queue
2026-03-19 10:01:51 | INFO | ConnectedDownlink | Retransmitted packet seq=6403
2026-03-19 10:01:51 | INFO | ConnectedDownlink | DATA frame received seq=6403 → data_queue
2026-03-19 10:01:51 | INFO | ConnectedDownlink | Retransmitted packet seq=6408
2026-03-19 10:01:51 | INFO | ConnectedDownlink | Retransmitted packet seq=6410
2026-03-19 10:01:51 | INFO | ConnectedDownlink | DATA frame received seq=6410 → data_queue
2026-03-19 10:01:51 | INFO | ConnectedDownlink | Retransmitted packet seq=6412
2026-03-19 10:02:20 | INFO | ConnectedDownlink | Satellite serve_loop cancelled
2026-03-19 10:02:26 | INFO | ConnectedDownlink | Entered ConnectedDownlink mode
2026-03-19 10:02:26 | INFO | ConnectedDownlink | ConnectedDownlink entered
2026-03-19 10:02:26 | INFO | ConnectedDownlink | starting activity timer for 180
2026-03-19 10:02:26 | INFO | ConnectedDownlink | Satellite serve_loop started (implicit-ACK mode)
2026-03-19 10:02:26 | INFO | ConnectedDownlink | Entered ConnectedDownlink mode
2026-03-19 10:02:26 | INFO | ConnectedDownlink | ConnectedDownlink entered
2026-03-19 10:02:26 | INFO | ConnectedDownlink | starting activity timer for 180
2026-03-19 10:02:26 | INFO | ConnectedDownlink | retransmit_loop started (implicit-ACK mode)
2026-03-19 10:02:26 | INFO | ConnectedDownlink | Requesting retransmission of [6062, 6063, 6066, 6067, 6068, 6069, 6074, 6076, 6077, 6079, 6083, 6085, 6086, 6088, 6092, 6098, 6099, 6103, 6110, 6112, 6114, 6116, 6117, 6120, 6122, 6130, 6139, 6146, 6151, 6152, 6162, 6166, 6172, 6173, 6177, 6178, 6186, 6187, 6189, 6192, 6200, 6203, 6204, 6208, 6212, 6215, 6216, 6226, 6231, 6234, 6241, 6243, 6249, 6255, 6259, 6261, 6270, 6273, 6276, 6277, 6281, 6292, 6293, 6298, 6309, 6313, 6315, 6316, 6317, 6320, 6322, 6324, 6327, 6331, 6338, 6344, 6345, 6346, 6347, 6348, 6349, 6350, 6358, 6359, 6364, 6367, 6369, 6374, 6375, 6376, 6381, 6387, 6388, 6393, 6399, 6403, 6408, 6410, 6412, 6420, 6423, 6424, 6425, 6426, 6430, 6432, 6433, 6437, 6441, 6449, 6454, 6457, 6459, 6462, 6463, 6464, 6465, 6466, 6467, 6468, 6472, 6473, 6475, 6477, 6478, 6479, 6482, 6483, 6485, 6495, 6496, 6497, 6498, 6501, 6502, 6506, 6512, 6513, 6514, 6516, 6521, 6523, 6526, 6531, 6532, 6534, 6535, 6540, 6542, 6545, 6549, 6550, 6556, 6559, 6561, 6566, 6569, 6570, 6572, 6575, 6577, 6578, 6581, 6592, 6600, 6601, 6606, 6607, 6617, 6618, 6620, 6624, 6626, 6632, 6634, 6635, 6646, 6655, 6660, 6664, 6666, 6668, 6669, 6675, 6678, 6683, 6686, 6691, 6694, 6695, 6705, 6708, 6711, 6714, 6729, 6735, 6736, 6738, 6742, 6745, 6746, 6747, 6748, 6753, 6754, 6756, 6759, 6761, 6767, 6773, 6775, 6777, 6778, 6787, 6793, 6795, 6797, 6812, 6828, 6829, 6832, 6833, 6834, 6835, 6836, 6840, 6842, 6844, 6854, 6855, 6860, 6862, 6865, 6868, 6871, 6874, 6876, 6877, 6886, 6887, 6888, 6889, 6892, 6895, 6896, 6902, 6906, 6907, 6909, 6916, 6917, 6921, 6925, 6934, 6940, 6941, 6945, 6947, 6950, 6951, 6959, 6962, 6963, 6965, 6967, 6968, 6970, 6974, 6980, 6988, 6991, 6994, 6997, 6998, 7005, 7008, 7010, 7020, 7025, 7027, 7035, 7037, 7039, 7041, 7042, 7053, 7054, 7055, 7056, 7058, 7059, 7064, 7067, 7073, 7077, 7090, 7096, 7100, 7102, 7104, 7106, 7114, 7115, 7116, 7118, 7122, 7126, 7128, 7133, 7136, 7137, 7139, 7141, 7142, 7143, 7147, 7151, 7158, 7159, 7161, 7163, 7164, 7176, 7177, 7178, 7187, 7189, 7197, 7198, 7199, 7204, 7206, 7208, 7209, 7216, 7221, 7225, 7226, 7227, 7228, 7237, 7239, 7241, 7244, 7246, 7247, 7253, 7258, 7260, 7261, 7262, 7263, 7264, 7266, 7267, 7268, 7270, 7272, 7274, 7280, 7282, 7285, 7290, 7293, 7298, 7299, 7303, 7308, 7312, 7313, 7317, 7319, 7320, 7323, 7327, 7329, 7333, 7334, 7336, 7338, 7339, 7341, 7343, 7344, 7354, 7362, 7366, 7369, 7373, 7377]
2026-03-19 10:02:26 | INFO | ConnectedDownlink | SENDING RETRANSMISSION REQUEST [6062, 6063, 6066, 6067, 6068, 6069, 6074, 6076, 6077, 6079, 6083, 6085, 6086, 6088, 6092, 6098, 6099, 6103, 6110, 6112, 6114, 6116, 6117, 6120, 6122, 6130, 6139, 6146, 6151, 6152, 6162, 6166, 6172, 6173, 6177, 6178, 6186, 6187, 6189, 6192, 6200, 6203, 6204, 6208, 6212, 6215, 6216, 6226, 6231, 6234, 6241, 6243, 6249, 6255, 6259, 6261, 6270, 6273, 6276, 6277, 6281, 6292, 6293, 6298, 6309, 6313, 6315, 6316, 6317, 6320, 6322, 6324, 6327, 6331, 6338, 6344, 6345, 6346, 6347, 6348, 6349, 6350, 6358, 6359, 6364, 6367, 6369, 6374, 6375, 6376, 6381, 6387, 6388, 6393, 6399, 6403, 6408, 6410, 6412, 6420] (attempt 1/5)
2026-03-19 10:02:29 | INFO | ConnectedDownlink | timeout error
2026-03-19 10:02:29 | INFO | ConnectedDownlink | Attempt 1/5: received 0/390, still missing [6062, 6063, 6066, 6067, 6068, 6069, 6074, 6076, 6077, 6079, 6083, 6085, 6086, 6088, 6092, 6098, 6099, 6103, 6110, 6112, 6114, 6116, 6117, 6120, 6122, 6130, 6139, 6146, 6151, 6152, 6162, 6166, 6172, 6173, 6177, 6178, 6186, 6187, 6189, 6192, 6200, 6203, 6204, 6208, 6212, 6215, 6216, 6226, 6231, 6234, 6241, 6243, 6249, 6255, 6259, 6261, 6270, 6273, 6276, 6277, 6281, 6292, 6293, 6298, 6309, 6313, 6315, 6316, 6317, 6320, 6322, 6324, 6327, 6331, 6338, 6344, 6345, 6346, 6347, 6348, 6349, 6350, 6358, 6359, 6364, 6367, 6369, 6374, 6375, 6376, 6381, 6387, 6388, 6393, 6399, 6403, 6408, 6410, 6412, 6420, 6423, 6424, 6425, 6426, 6430, 6432, 6433, 6437, 6441, 6449, 6454, 6457, 6459, 6462, 6463, 6464, 6465, 6466, 6467, 6468, 6472, 6473, 6475, 6477, 6478, 6479, 6482, 6483, 6485, 6495, 6496, 6497, 6498, 6501, 6502, 6506, 6512, 6513, 6514, 6516, 6521, 6523, 6526, 6531, 6532, 6534, 6535, 6540, 6542, 6545, 6549, 6550, 6556, 6559, 6561, 6566, 6569, 6570, 6572, 6575, 6577, 6578, 6581, 6592, 6600, 6601, 6606, 6607, 6617, 6618, 6620, 6624, 6626, 6632, 6634, 6635, 6646, 6655, 6660, 6664, 6666, 6668, 6669, 6675, 6678, 6683, 6686, 6691, 6694, 6695, 6705, 6708, 6711, 6714, 6729, 6735, 6736, 6738, 6742, 6745, 6746, 6747, 6748, 6753, 6754, 6756, 6759, 6761, 6767, 6773, 6775, 6777, 6778, 6787, 6793, 6795, 6797, 6812, 6828, 6829, 6832, 6833, 6834, 6835, 6836, 6840, 6842, 6844, 6854, 6855, 6860, 6862, 6865, 6868, 6871, 6874, 6876, 6877, 6886, 6887, 6888, 6889, 6892, 6895, 6896, 6902, 6906, 6907, 6909, 6916, 6917, 6921, 6925, 6934, 6940, 6941, 6945, 6947, 6950, 6951, 6959, 6962, 6963, 6965, 6967, 6968, 6970, 6974, 6980, 6988, 6991, 6994, 6997, 6998, 7005, 7008, 7010, 7020, 7025, 7027, 7035, 7037, 7039, 7041, 7042, 7053, 7054, 7055, 7056, 7058, 7059, 7064, 7067, 7073, 7077, 7090, 7096, 7100, 7102, 7104, 7106, 7114, 7115, 7116, 7118, 7122, 7126, 7128, 7133, 7136, 7137, 7139, 7141, 7142, 7143, 7147, 7151, 7158, 7159, 7161, 7163, 7164, 7176, 7177, 7178, 7187, 7189, 7197, 7198, 7199, 7204, 7206, 7208, 7209, 7216, 7221, 7225, 7226, 7227, 7228, 7237, 7239, 7241, 7244, 7246, 7247, 7253, 7258, 7260, 7261, 7262, 7263, 7264, 7266, 7267, 7268, 7270, 7272, 7274, 7280, 7282, 7285, 7290, 7293, 7298, 7299, 7303, 7308, 7312, 7313, 7317, 7319, 7320, 7323, 7327, 7329, 7333, 7334, 7336, 7338, 7339, 7341, 7343, 7344, 7354, 7362, 7366, 7369, 7373, 7377]
2026-03-19 10:02:29 | INFO | ConnectedDownlink | SENDING RETRANSMISSION REQUEST [6062, 6063, 6066, 6067, 6068, 6069, 6074, 6076, 6077, 6079, 6083, 6085, 6086, 6088, 6092, 6098, 6099, 6103, 6110, 6112, 6114, 6116, 6117, 6120, 6122, 6130, 6139, 6146, 6151, 6152, 6162, 6166, 6172, 6173, 6177, 6178, 6186, 6187, 6189, 6192, 6200, 6203, 6204, 6208, 6212, 6215, 6216, 6226, 6231, 6234, 6241, 6243, 6249, 6255, 6259, 6261, 6270, 6273, 6276, 6277, 6281, 6292, 6293, 6298, 6309, 6313, 6315, 6316, 6317, 6320, 6322, 6324, 6327, 6331, 6338, 6344, 6345, 6346, 6347, 6348, 6349, 6350, 6358, 6359, 6364, 6367, 6369, 6374, 6375, 6376, 6381, 6387, 6388, 6393, 6399, 6403, 6408, 6410, 6412, 6420] (attempt 2/5)
2026-03-19 10:02:32 | INFO | ConnectedDownlink | timeout error
2026-03-19 10:02:32 | INFO | ConnectedDownlink | Attempt 2/5: received 0/390, still missing [6062, 6063, 6066, 6067, 6068, 6069, 6074, 6076, 6077, 6079, 6083, 6085, 6086, 6088, 6092, 6098, 6099, 6103, 6110, 6112, 6114, 6116, 6117, 6120, 6122, 6130, 6139, 6146, 6151, 6152, 6162, 6166, 6172, 6173, 6177, 6178, 6186, 6187, 6189, 6192, 6200, 6203, 6204, 6208, 6212, 6215, 6216, 6226, 6231, 6234, 6241, 6243, 6249, 6255, 6259, 6261, 6270, 6273, 6276, 6277, 6281, 6292, 6293, 6298, 6309, 6313, 6315, 6316, 6317, 6320, 6322, 6324, 6327, 6331, 6338, 6344, 6345, 6346, 6347, 6348, 6349, 6350, 6358, 6359, 6364, 6367, 6369, 6374, 6375, 6376, 6381, 6387, 6388, 6393, 6399, 6403, 6408, 6410, 6412, 6420, 6423, 6424, 6425, 6426, 6430, 6432, 6433, 6437, 6441, 6449, 6454, 6457, 6459, 6462, 6463, 6464, 6465, 6466, 6467, 6468, 6472, 6473, 6475, 6477, 6478, 6479, 6482, 6483, 6485, 6495, 6496, 6497, 6498, 6501, 6502, 6506, 6512, 6513, 6514, 6516, 6521, 6523, 6526, 6531, 6532, 6534, 6535, 6540, 6542, 6545, 6549, 6550, 6556, 6559, 6561, 6566, 6569, 6570, 6572, 6575, 6577, 6578, 6581, 6592, 6600, 6601, 6606, 6607, 6617, 6618, 6620, 6624, 6626, 6632, 6634, 6635, 6646, 6655, 6660, 6664, 6666, 6668, 6669, 6675, 6678, 6683, 6686, 6691, 6694, 6695, 6705, 6708, 6711, 6714, 6729, 6735, 6736, 6738, 6742, 6745, 6746, 6747, 6748, 6753, 6754, 6756, 6759, 6761, 6767, 6773, 6775, 6777, 6778, 6787, 6793, 6795, 6797, 6812, 6828, 6829, 6832, 6833, 6834, 6835, 6836, 6840, 6842, 6844, 6854, 6855, 6860, 6862, 6865, 6868, 6871, 6874, 6876, 6877, 6886, 6887, 6888, 6889, 6892, 6895, 6896, 6902, 6906, 6907, 6909, 6916, 6917, 6921, 6925, 6934, 6940, 6941, 6945, 6947, 6950, 6951, 6959, 6962, 6963, 6965, 6967, 6968, 6970, 6974, 6980, 6988, 6991, 6994, 6997, 6998, 7005, 7008, 7010, 7020, 7025, 7027, 7035, 7037, 7039, 7041, 7042, 7053, 7054, 7055, 7056, 7058, 7059, 7064, 7067, 7073, 7077, 7090, 7096, 7100, 7102, 7104, 7106, 7114, 7115, 7116, 7118, 7122, 7126, 7128, 7133, 7136, 7137, 7139, 7141, 7142, 7143, 7147, 7151, 7158, 7159, 7161, 7163, 7164, 7176, 7177, 7178, 7187, 7189, 7197, 7198, 7199, 7204, 7206, 7208, 7209, 7216, 7221, 7225, 7226, 7227, 7228, 7237, 7239, 7241, 7244, 7246, 7247, 7253, 7258, 7260, 7261, 7262, 7263, 7264, 7266, 7267, 7268, 7270, 7272, 7274, 7280, 7282, 7285, 7290, 7293, 7298, 7299, 7303, 7308, 7312, 7313, 7317, 7319, 7320, 7323, 7327, 7329, 7333, 7334, 7336, 7338, 7339, 7341, 7343, 7344, 7354, 7362, 7366, 7369, 7373, 7377]
2026-03-19 10:02:32 | INFO | ConnectedDownlink | SENDING RETRANSMISSION REQUEST [6062, 6063, 6066, 6067, 6068, 6069, 6074, 6076, 6077, 6079, 6083, 6085, 6086, 6088, 6092, 6098, 6099, 6103, 6110, 6112, 6114, 6116, 6117, 6120, 6122, 6130, 6139, 6146, 6151, 6152, 6162, 6166, 6172, 6173, 6177, 6178, 6186, 6187, 6189, 6192, 6200, 6203, 6204, 6208, 6212, 6215, 6216, 6226, 6231, 6234, 6241, 6243, 6249, 6255, 6259, 6261, 6270, 6273, 6276, 6277, 6281, 6292, 6293, 6298, 6309, 6313, 6315, 6316, 6317, 6320, 6322, 6324, 6327, 6331, 6338, 6344, 6345, 6346, 6347, 6348, 6349, 6350, 6358, 6359, 6364, 6367, 6369, 6374, 6375, 6376, 6381, 6387, 6388, 6393, 6399, 6403, 6408, 6410, 6412, 6420] (attempt 3/5)
2026-03-19 10:02:32 | INFO | ConnectedDownlink | RETRANSMIT_REQUEST received: [6062, 6063, 6066, 6067, 6068, 6069, 6074, 6076, 6077, 6079, 6083, 6085, 6086, 6088, 6092, 6098, 6099, 6103, 6110, 6112, 6114, 6116, 6117, 6120, 6122, 6130, 6139, 6146, 6151, 6152, 6162, 6166, 6172, 6173, 6177, 6178, 6186, 6187, 6189, 6192, 6200, 6203, 6204, 6208, 6212, 6215, 6216, 6226, 6231, 6234, 6241, 6243, 6249, 6255, 6259, 6261, 6270, 6273, 6276, 6277, 6281, 6292, 6293, 6298, 6309, 6313, 6315, 6316, 6317, 6320, 6322, 6324, 6327, 6331, 6338, 6344, 6345, 6346, 6347, 6348, 6349, 6350, 6358, 6359, 6364, 6367, 6369, 6374, 6375, 6376, 6381, 6387, 6388, 6393, 6399, 6403, 6408, 6410, 6412, 6420]
2026-03-19 10:02:32 | INFO | ConnectedDownlink | Serving retransmit request: {6146, 6151, 6152, 6162, 6166, 6172, 6173, 6177, 6178, 6186, 6187, 6189, 6192, 6200, 6203, 6204, 6208, 6212, 6215, 6216, 6226, 6231, 6234, 6241, 6243, 6249, 6255, 6259, 6261, 6270, 6273, 6276, 6277, 6281, 6292, 6293, 6298, 6309, 6313, 6315, 6316, 6317, 6320, 6322, 6324, 6327, 6331, 6338, 6344, 6345, 6346, 6347, 6348, 6349, 6350, 6358, 6359, 6364, 6367, 6369, 6374, 6375, 6376, 6381, 6387, 6388, 6393, 6399, 6403, 6408, 6410, 6412, 6420, 6062, 6063, 6066, 6067, 6068, 6069, 6074, 6076, 6077, 6079, 6083, 6085, 6086, 6088, 6092, 6098, 6099, 6103, 6110, 6112, 6114, 6116, 6117, 6120, 6122, 6130, 6139}
2026-03-19 10:02:32 | INFO | ConnectedDownlink | Retransmitted packet seq=6062
2026-03-19 10:02:32 | INFO | ConnectedDownlink | Retransmitted packet seq=6063
2026-03-19 10:02:32 | INFO | ConnectedDownlink | DATA frame received seq=6062 → data_queue
2026-03-19 10:02:32 | INFO | ConnectedDownlink | got dropped message
2026-03-19 10:02:32 | INFO | ConnectedDownlink | Retransmitted packet seq=6066
2026-03-19 10:02:32 | INFO | ConnectedDownlink | DATA frame received seq=6063 → data_queue
2026-03-19 10:02:32 | INFO | ConnectedDownlink | Retransmitted packet seq=6067
2026-03-19 10:02:32 | INFO | ConnectedDownlink | Retransmitted packet seq=6068
2026-03-19 10:02:32 | INFO | ConnectedDownlink | DATA frame received seq=6068 → data_queue
2026-03-19 10:02:32 | INFO | ConnectedDownlink | Retransmitted packet seq=6069
2026-03-19 10:02:32 | INFO | ConnectedDownlink | Retransmitted packet seq=6074
2026-03-19 10:02:32 | INFO | ConnectedDownlink | DATA frame received seq=6074 → data_queue
2026-03-19 10:02:32 | INFO | ConnectedDownlink | Retransmitted packet seq=6076
2026-03-19 10:02:32 | INFO | ConnectedDownlink | Retransmitted packet seq=6077
2026-03-19 10:02:32 | INFO | ConnectedDownlink | DATA frame received seq=6076 → data_queue
2026-03-19 10:02:32 | INFO | ConnectedDownlink | DATA frame received seq=6077 → data_queue
2026-03-19 10:02:32 | INFO | ConnectedDownlink | Retransmitted packet seq=6079
2026-03-19 10:02:32 | INFO | ConnectedDownlink | Retransmitted packet seq=6083
2026-03-19 10:02:32 | INFO | ConnectedDownlink | DATA frame received seq=6079 → data_queue
2026-03-19 10:02:32 | INFO | ConnectedDownlink | Retransmitted packet seq=6085
2026-03-19 10:02:32 | INFO | ConnectedDownlink | DATA frame received seq=6083 → data_queue
2026-03-19 10:02:32 | INFO | ConnectedDownlink | Retransmitted packet seq=6086
2026-03-19 10:02:32 | INFO | ConnectedDownlink | DATA frame received seq=6085 → data_queue
2026-03-19 10:02:32 | INFO | ConnectedDownlink | Retransmitted packet seq=6088
2026-03-19 10:02:32 | INFO | ConnectedDownlink | DATA frame received seq=6086 → data_queue
2026-03-19 10:02:32 | INFO | ConnectedDownlink | Retransmitted packet seq=6092
2026-03-19 10:02:32 | INFO | ConnectedDownlink | DATA frame received seq=6088 → data_queue
2026-03-19 10:02:32 | INFO | ConnectedDownlink | DATA frame received seq=6092 → data_queue
2026-03-19 10:02:32 | INFO | ConnectedDownlink | Retransmitted packet seq=6098
2026-03-19 10:02:32 | INFO | ConnectedDownlink | DATA frame received seq=6098 → data_queue
2026-03-19 10:02:32 | INFO | ConnectedDownlink | Retransmitted packet seq=6099
2026-03-19 10:02:32 | INFO | ConnectedDownlink | DATA frame received seq=6099 → data_queue
2026-03-19 10:02:32 | INFO | ConnectedDownlink | Retransmitted packet seq=6103
2026-03-19 10:02:32 | INFO | ConnectedDownlink | DATA frame received seq=6103 → data_queue
2026-03-19 10:02:32 | INFO | ConnectedDownlink | Retransmitted packet seq=6110
2026-03-19 10:02:32 | INFO | ConnectedDownlink | Retransmitted packet seq=6112
2026-03-19 10:02:32 | INFO | ConnectedDownlink | Retransmitted packet seq=6114
2026-03-19 10:02:32 | INFO | ConnectedDownlink | DATA frame received seq=6112 → data_queue
2026-03-19 10:02:32 | INFO | ConnectedDownlink | DATA frame received seq=6114 → data_queue
2026-03-19 10:02:32 | INFO | ConnectedDownlink | Retransmitted packet seq=6116
2026-03-19 10:02:32 | INFO | ConnectedDownlink | Retransmitted packet seq=6117
2026-03-19 10:02:32 | INFO | ConnectedDownlink | DATA frame received seq=6117 → data_queue
2026-03-19 10:02:32 | INFO | ConnectedDownlink | Retransmitted packet seq=6120
2026-03-19 10:02:32 | INFO | ConnectedDownlink | DATA frame received seq=6120 → data_queue
2026-03-19 10:02:32 | INFO | ConnectedDownlink | Retransmitted packet seq=6122
2026-03-19 10:02:32 | INFO | ConnectedDownlink | Retransmitted packet seq=6130
2026-03-19 10:02:32 | INFO | ConnectedDownlink | DATA frame received seq=6130 → data_queue
2026-03-19 10:02:32 | INFO | ConnectedDownlink | Retransmitted packet seq=6139
2026-03-19 10:02:32 | INFO | ConnectedDownlink | DATA frame received seq=6139 → data_queue
2026-03-19 10:02:32 | INFO | ConnectedDownlink | Retransmitted packet seq=6146
2026-03-19 10:02:32 | INFO | ConnectedDownlink | DATA frame received seq=6146 → data_queue
2026-03-19 10:02:32 | INFO | ConnectedDownlink | Retransmitted packet seq=6151
2026-03-19 10:02:32 | INFO | ConnectedDownlink | Retransmitted packet seq=6152
2026-03-19 10:02:32 | INFO | ConnectedDownlink | Retransmitted packet seq=6162
2026-03-19 10:02:32 | INFO | ConnectedDownlink | DATA frame received seq=6162 → data_queue
2026-03-19 10:02:32 | INFO | ConnectedDownlink | Retransmitted packet seq=6166
2026-03-19 10:02:32 | INFO | ConnectedDownlink | DATA frame received seq=6166 → data_queue
2026-03-19 10:02:32 | INFO | ConnectedDownlink | Retransmitted packet seq=6172
2026-03-19 10:02:32 | INFO | ConnectedDownlink | DATA frame received seq=6172 → data_queue
2026-03-19 10:02:32 | INFO | ConnectedDownlink | Retransmitted packet seq=6173
2026-03-19 10:02:32 | INFO | ConnectedDownlink | DATA frame received seq=6173 → data_queue
2026-03-19 10:02:32 | INFO | ConnectedDownlink | Retransmitted packet seq=6177
2026-03-19 10:02:32 | INFO | ConnectedDownlink | DATA frame received seq=6177 → data_queue
2026-03-19 10:02:32 | INFO | ConnectedDownlink | Retransmitted packet seq=6178
2026-03-19 10:02:32 | INFO | ConnectedDownlink | DATA frame received seq=6178 → data_queue
2026-03-19 10:02:32 | INFO | ConnectedDownlink | Retransmitted packet seq=6186
2026-03-19 10:02:32 | INFO | ConnectedDownlink | DATA frame received seq=6186 → data_queue
2026-03-19 10:02:32 | INFO | ConnectedDownlink | Retransmitted packet seq=6187
2026-03-19 10:02:32 | INFO | ConnectedDownlink | DATA frame received seq=6187 → data_queue
2026-03-19 10:02:32 | INFO | ConnectedDownlink | Retransmitted packet seq=6189
2026-03-19 10:02:32 | INFO | ConnectedDownlink | DATA frame received seq=6189 → data_queue
2026-03-19 10:02:32 | INFO | ConnectedDownlink | Retransmitted packet seq=6192
2026-03-19 10:02:32 | INFO | ConnectedDownlink | DATA frame received seq=6192 → data_queue
2026-03-19 10:02:32 | INFO | ConnectedDownlink | Retransmitted packet seq=6200
2026-03-19 10:02:32 | INFO | ConnectedDownlink | Retransmitted packet seq=6203
2026-03-19 10:02:32 | INFO | ConnectedDownlink | Retransmitted packet seq=6204
2026-03-19 10:02:32 | INFO | ConnectedDownlink | DATA frame received seq=6204 → data_queue
2026-03-19 10:02:32 | INFO | ConnectedDownlink | Retransmitted packet seq=6208
2026-03-19 10:02:32 | INFO | ConnectedDownlink | Retransmitted packet seq=6212
2026-03-19 10:02:32 | INFO | ConnectedDownlink | DATA frame received seq=6212 → data_queue
2026-03-19 10:02:32 | INFO | ConnectedDownlink | Retransmitted packet seq=6215
2026-03-19 10:02:32 | INFO | ConnectedDownlink | Retransmitted packet seq=6216
2026-03-19 10:02:32 | INFO | ConnectedDownlink | Retransmitted packet seq=6226
2026-03-19 10:02:32 | INFO | ConnectedDownlink | Retransmitted packet seq=6231
2026-03-19 10:02:32 | INFO | ConnectedDownlink | DATA frame received seq=6226 → data_queue
2026-03-19 10:02:32 | INFO | ConnectedDownlink | Retransmitted packet seq=6234
2026-03-19 10:02:32 | INFO | ConnectedDownlink | Retransmitted packet seq=6241
2026-03-19 10:02:32 | INFO | ConnectedDownlink | DATA frame received seq=6241 → data_queue
2026-03-19 10:02:32 | INFO | ConnectedDownlink | Retransmitted packet seq=6243
2026-03-19 10:02:32 | INFO | ConnectedDownlink | Retransmitted packet seq=6249
2026-03-19 10:02:32 | INFO | ConnectedDownlink | DATA frame received seq=6249 → data_queue
2026-03-19 10:02:32 | INFO | ConnectedDownlink | Retransmitted packet seq=6255
2026-03-19 10:02:32 | INFO | ConnectedDownlink | DATA frame received seq=6255 → data_queue
2026-03-19 10:02:32 | INFO | ConnectedDownlink | Retransmitted packet seq=6259
2026-03-19 10:02:32 | INFO | ConnectedDownlink | DATA frame received seq=6259 → data_queue
2026-03-19 10:02:32 | INFO | ConnectedDownlink | Retransmitted packet seq=6261
2026-03-19 10:02:32 | INFO | ConnectedDownlink | DATA frame received seq=6261 → data_queue
2026-03-19 10:02:32 | INFO | ConnectedDownlink | Retransmitted packet seq=6270
2026-03-19 10:02:32 | INFO | ConnectedDownlink | DATA frame received seq=6270 → data_queue
2026-03-19 10:02:33 | INFO | ConnectedDownlink | Retransmitted packet seq=6273
2026-03-19 10:02:33 | INFO | ConnectedDownlink | DATA frame received seq=6273 → data_queue
2026-03-19 10:02:33 | INFO | ConnectedDownlink | Retransmitted packet seq=6276
2026-03-19 10:02:33 | INFO | ConnectedDownlink | Retransmitted packet seq=6277
2026-03-19 10:02:33 | INFO | ConnectedDownlink | DATA frame received seq=6277 → data_queue
2026-03-19 10:02:33 | INFO | ConnectedDownlink | Retransmitted packet seq=6281
2026-03-19 10:02:33 | INFO | ConnectedDownlink | DATA frame received seq=6281 → data_queue
2026-03-19 10:02:33 | INFO | ConnectedDownlink | Retransmitted packet seq=6292
2026-03-19 10:02:33 | INFO | ConnectedDownlink | DATA frame received seq=6292 → data_queue
2026-03-19 10:02:33 | INFO | ConnectedDownlink | Retransmitted packet seq=6293
2026-03-19 10:02:33 | INFO | ConnectedDownlink | Retransmitted packet seq=6298
2026-03-19 10:02:33 | INFO | ConnectedDownlink | Retransmitted packet seq=6309
2026-03-19 10:02:33 | INFO | ConnectedDownlink | DATA frame received seq=6309 → data_queue
2026-03-19 10:02:33 | INFO | ConnectedDownlink | Retransmitted packet seq=6313
2026-03-19 10:02:33 | INFO | ConnectedDownlink | Retransmitted packet seq=6315
2026-03-19 10:02:33 | INFO | ConnectedDownlink | DATA frame received seq=6315 → data_queue
2026-03-19 10:02:33 | INFO | ConnectedDownlink | Retransmitted packet seq=6316
2026-03-19 10:02:33 | INFO | ConnectedDownlink | DATA frame received seq=6316 → data_queue
2026-03-19 10:02:33 | INFO | ConnectedDownlink | Retransmitted packet seq=6317
2026-03-19 10:02:33 | INFO | ConnectedDownlink | DATA frame received seq=6317 → data_queue
2026-03-19 10:02:33 | INFO | ConnectedDownlink | Retransmitted packet seq=6320
2026-03-19 10:02:33 | INFO | ConnectedDownlink | Retransmitted packet seq=6322
2026-03-19 10:02:33 | INFO | ConnectedDownlink | Retransmitted packet seq=6324
2026-03-19 10:02:33 | INFO | ConnectedDownlink | Retransmitted packet seq=6327
2026-03-19 10:02:33 | INFO | ConnectedDownlink | Retransmitted packet seq=6331
2026-03-19 10:02:33 | INFO | ConnectedDownlink | DATA frame received seq=6331 → data_queue
2026-03-19 10:02:33 | INFO | ConnectedDownlink | Retransmitted packet seq=6338
2026-03-19 10:02:33 | INFO | ConnectedDownlink | DATA frame received seq=6338 → data_queue
2026-03-19 10:02:33 | INFO | ConnectedDownlink | Retransmitted packet seq=6344
2026-03-19 10:02:33 | INFO | ConnectedDownlink | DATA frame received seq=6344 → data_queue
2026-03-19 10:02:33 | INFO | ConnectedDownlink | Retransmitted packet seq=6345
2026-03-19 10:02:33 | INFO | ConnectedDownlink | DATA frame received seq=6345 → data_queue
2026-03-19 10:02:33 | INFO | ConnectedDownlink | Retransmitted packet seq=6346
2026-03-19 10:02:33 | INFO | ConnectedDownlink | DATA frame received seq=6346 → data_queue
2026-03-19 10:02:33 | INFO | ConnectedDownlink | Retransmitted packet seq=6347
2026-03-19 10:02:33 | INFO | ConnectedDownlink | Retransmitted packet seq=6348
2026-03-19 10:02:33 | INFO | ConnectedDownlink | DATA frame received seq=6348 → data_queue
2026-03-19 10:02:33 | INFO | ConnectedDownlink | Retransmitted packet seq=6349
2026-03-19 10:02:33 | INFO | ConnectedDownlink | DATA frame received seq=6349 → data_queue
2026-03-19 10:02:33 | INFO | ConnectedDownlink | Retransmitted packet seq=6350
2026-03-19 10:02:33 | INFO | ConnectedDownlink | Retransmitted packet seq=6358
2026-03-19 10:02:33 | INFO | ConnectedDownlink | DATA frame received seq=6358 → data_queue
2026-03-19 10:02:33 | INFO | ConnectedDownlink | Retransmitted packet seq=6359
2026-03-19 10:02:33 | INFO | ConnectedDownlink | DATA frame received seq=6359 → data_queue
2026-03-19 10:02:33 | INFO | ConnectedDownlink | Retransmitted packet seq=6364
2026-03-19 10:02:33 | INFO | ConnectedDownlink | DATA frame received seq=6364 → data_queue
2026-03-19 10:02:33 | INFO | ConnectedDownlink | Retransmitted packet seq=6367
2026-03-19 10:02:33 | INFO | ConnectedDownlink | DATA frame received seq=6367 → data_queue
2026-03-19 10:02:33 | INFO | ConnectedDownlink | Retransmitted packet seq=6369
2026-03-19 10:02:33 | INFO | ConnectedDownlink | Retransmitted packet seq=6374
2026-03-19 10:02:33 | INFO | ConnectedDownlink | DATA frame received seq=6374 → data_queue
2026-03-19 10:02:33 | INFO | ConnectedDownlink | Retransmitted packet seq=6375
2026-03-19 10:02:33 | INFO | ConnectedDownlink | Retransmitted packet seq=6376
2026-03-19 10:02:33 | INFO | ConnectedDownlink | DATA frame received seq=6376 → data_queue
2026-03-19 10:02:33 | INFO | ConnectedDownlink | Retransmitted packet seq=6381
2026-03-19 10:02:33 | INFO | ConnectedDownlink | DATA frame received seq=6381 → data_queue
2026-03-19 10:02:33 | INFO | ConnectedDownlink | Retransmitted packet seq=6387
2026-03-19 10:02:33 | INFO | ConnectedDownlink | Retransmitted packet seq=6388
2026-03-19 10:02:33 | INFO | ConnectedDownlink | Retransmitted packet seq=6393
2026-03-19 10:02:33 | INFO | ConnectedDownlink | Retransmitted packet seq=6399
2026-03-19 10:02:33 | INFO | ConnectedDownlink | DATA frame received seq=6399 → data_queue
2026-03-19 10:02:33 | INFO | ConnectedDownlink | Retransmitted packet seq=6403
2026-03-19 10:02:33 | INFO | ConnectedDownlink | DATA frame received seq=6403 → data_queue
2026-03-19 10:02:33 | INFO | ConnectedDownlink | Retransmitted packet seq=6408
2026-03-19 10:02:33 | INFO | ConnectedDownlink | DATA frame received seq=6408 → data_queue
2026-03-19 10:02:33 | INFO | ConnectedDownlink | Retransmitted packet seq=6410
2026-03-19 10:02:33 | INFO | ConnectedDownlink | DATA frame received seq=6410 → data_queue
2026-03-19 10:02:33 | INFO | ConnectedDownlink | Retransmitted packet seq=6412
2026-03-19 10:02:33 | INFO | ConnectedDownlink | DATA frame received seq=6412 → data_queue
2026-03-19 10:02:33 | INFO | ConnectedDownlink | Retransmitted packet seq=6420
2026-03-19 10:02:56 | INFO | ConnectedDownlink | Satellite serve_loop cancelled
2026-03-19 10:03:02 | INFO | ConnectedDownlink | Entered ConnectedDownlink mode
2026-03-19 10:03:02 | INFO | ConnectedDownlink | ConnectedDownlink entered
2026-03-19 10:03:02 | INFO | ConnectedDownlink | starting activity timer for 180
2026-03-19 10:03:02 | INFO | ConnectedDownlink | Satellite serve_loop started (implicit-ACK mode)
2026-03-19 10:03:02 | INFO | ConnectedDownlink | Entered ConnectedDownlink mode
2026-03-19 10:03:02 | INFO | ConnectedDownlink | ConnectedDownlink entered
2026-03-19 10:03:02 | INFO | ConnectedDownlink | starting activity timer for 180
2026-03-19 10:03:02 | INFO | ConnectedDownlink | retransmit_loop started (implicit-ACK mode)
2026-03-19 10:03:02 | INFO | ConnectedDownlink | Requesting retransmission of [6063, 6066, 6067, 6068, 6069, 6074, 6076, 6077, 6079, 6083, 6085, 6086, 6088, 6092, 6098, 6099, 6103, 6110, 6112, 6114, 6116, 6117, 6120, 6122, 6130, 6139, 6146, 6151, 6152, 6162, 6166, 6172, 6173, 6177, 6178, 6186, 6187, 6189, 6192, 6200, 6203, 6204, 6208, 6212, 6215, 6216, 6226, 6231, 6234, 6241, 6243, 6249, 6255, 6259, 6261, 6270, 6273, 6276, 6277, 6281, 6292, 6293, 6298, 6309, 6313, 6315, 6316, 6317, 6320, 6322, 6324, 6327, 6331, 6338, 6344, 6345, 6346, 6347, 6348, 6349, 6350, 6358, 6359, 6364, 6367, 6369, 6374, 6375, 6376, 6381, 6387, 6388, 6393, 6399, 6403, 6408, 6410, 6412, 6420, 6423, 6424, 6425, 6426, 6430, 6432, 6433, 6437, 6441, 6449, 6454, 6457, 6459, 6462, 6463, 6464, 6465, 6466, 6467, 6468, 6472, 6473, 6475, 6477, 6478, 6479, 6482, 6483, 6485, 6495, 6496, 6497, 6498, 6501, 6502, 6506, 6512, 6513, 6514, 6516, 6521, 6523, 6526, 6531, 6532, 6534, 6535, 6540, 6542, 6545, 6549, 6550, 6556, 6559, 6561, 6566, 6569, 6570, 6572, 6575, 6577, 6578, 6581, 6592, 6600, 6601, 6606, 6607, 6617, 6618, 6620, 6624, 6626, 6632, 6634, 6635, 6646, 6655, 6660, 6664, 6666, 6668, 6669, 6675, 6678, 6683, 6686, 6691, 6694, 6695, 6705, 6708, 6711, 6714, 6729, 6735, 6736, 6738, 6742, 6745, 6746, 6747, 6748, 6753, 6754, 6756, 6759, 6761, 6767, 6773, 6775, 6777, 6778, 6787, 6793, 6795, 6797, 6812, 6828, 6829, 6832, 6833, 6834, 6835, 6836, 6840, 6842, 6844, 6854, 6855, 6860, 6862, 6865, 6868, 6871, 6874, 6876, 6877, 6886, 6887, 6888, 6889, 6892, 6895, 6896, 6902, 6906, 6907, 6909, 6916, 6917, 6921, 6925, 6934, 6940, 6941, 6945, 6947, 6950, 6951, 6959, 6962, 6963, 6965, 6967, 6968, 6970, 6974, 6980, 6988, 6991, 6994, 6997, 6998, 7005, 7008, 7010, 7020, 7025, 7027, 7035, 7037, 7039, 7041, 7042, 7053, 7054, 7055, 7056, 7058, 7059, 7064, 7067, 7073, 7077, 7090, 7096, 7100, 7102, 7104, 7106, 7114, 7115, 7116, 7118, 7122, 7126, 7128, 7133, 7136, 7137, 7139, 7141, 7142, 7143, 7147, 7151, 7158, 7159, 7161, 7163, 7164, 7176, 7177, 7178, 7187, 7189, 7197, 7198, 7199, 7204, 7206, 7208, 7209, 7216, 7221, 7225, 7226, 7227, 7228, 7237, 7239, 7241, 7244, 7246, 7247, 7253, 7258, 7260, 7261, 7262, 7263, 7264, 7266, 7267, 7268, 7270, 7272, 7274, 7280, 7282, 7285, 7290, 7293, 7298, 7299, 7303, 7308, 7312, 7313, 7317, 7319, 7320, 7323, 7327, 7329, 7333, 7334, 7336, 7338, 7339, 7341, 7343, 7344, 7354, 7362, 7366, 7369, 7373, 7377]
2026-03-19 10:03:02 | INFO | ConnectedDownlink | SENDING RETRANSMISSION REQUEST [6063, 6066, 6067, 6068, 6069, 6074, 6076, 6077, 6079, 6083, 6085, 6086, 6088, 6092, 6098, 6099, 6103, 6110, 6112, 6114, 6116, 6117, 6120, 6122, 6130, 6139, 6146, 6151, 6152, 6162, 6166, 6172, 6173, 6177, 6178, 6186, 6187, 6189, 6192, 6200, 6203, 6204, 6208, 6212, 6215, 6216, 6226, 6231, 6234, 6241, 6243, 6249, 6255, 6259, 6261, 6270, 6273, 6276, 6277, 6281, 6292, 6293, 6298, 6309, 6313, 6315, 6316, 6317, 6320, 6322, 6324, 6327, 6331, 6338, 6344, 6345, 6346, 6347, 6348, 6349, 6350, 6358, 6359, 6364, 6367, 6369, 6374, 6375, 6376, 6381, 6387, 6388, 6393, 6399, 6403, 6408, 6410, 6412, 6420, 6423] (attempt 1/5)
2026-03-19 10:03:02 | INFO | ConnectedDownlink | RETRANSMIT_REQUEST received: [6063, 6066, 6067, 6068, 6069, 6074, 6076, 6077, 6079, 6083, 6085, 6086, 6088, 6092, 6098, 6099, 6103, 6110, 6112, 6114, 6116, 6117, 6120, 6122, 6130, 6139, 6146, 6151, 6152, 6162, 6166, 6172, 6173, 6177, 6178, 6186, 6187, 6189, 6192, 6200, 6203, 6204, 6208, 6212, 6215, 6216, 6226, 6231, 6234, 6241, 6243, 6249, 6255, 6259, 6261, 6270, 6273, 6276, 6277, 6281, 6292, 6293, 6298, 6309, 6313, 6315, 6316, 6317, 6320, 6322, 6324, 6327, 6331, 6338, 6344, 6345, 6346, 6347, 6348, 6349, 6350, 6358, 6359, 6364, 6367, 6369, 6374, 6375, 6376, 6381, 6387, 6388, 6393, 6399, 6403, 6408, 6410, 6412, 6420, 6423]
2026-03-19 10:03:02 | INFO | ConnectedDownlink | Serving retransmit request: {6146, 6151, 6152, 6162, 6166, 6172, 6173, 6177, 6178, 6186, 6187, 6189, 6192, 6200, 6203, 6204, 6208, 6212, 6215, 6216, 6226, 6231, 6234, 6241, 6243, 6249, 6255, 6259, 6261, 6270, 6273, 6276, 6277, 6281, 6292, 6293, 6298, 6309, 6313, 6315, 6316, 6317, 6320, 6322, 6324, 6327, 6331, 6338, 6344, 6345, 6346, 6347, 6348, 6349, 6350, 6358, 6359, 6364, 6367, 6369, 6374, 6375, 6376, 6381, 6387, 6388, 6393, 6399, 6403, 6408, 6410, 6412, 6420, 6423, 6063, 6066, 6067, 6068, 6069, 6074, 6076, 6077, 6079, 6083, 6085, 6086, 6088, 6092, 6098, 6099, 6103, 6110, 6112, 6114, 6116, 6117, 6120, 6122, 6130, 6139}
2026-03-19 10:03:02 | INFO | ConnectedDownlink | Retransmitted packet seq=6063
2026-03-19 10:03:02 | INFO | ConnectedDownlink | Retransmitted packet seq=6066
2026-03-19 10:03:02 | INFO | ConnectedDownlink | DATA frame received seq=6063 → data_queue
2026-03-19 10:03:02 | INFO | ConnectedDownlink | got dropped message
2026-03-19 10:03:02 | INFO | ConnectedDownlink | Retransmitted packet seq=6067
2026-03-19 10:03:02 | INFO | ConnectedDownlink | DATA frame received seq=6066 → data_queue
2026-03-19 10:03:02 | INFO | ConnectedDownlink | Retransmitted packet seq=6068
2026-03-19 10:03:02 | INFO | ConnectedDownlink | Retransmitted packet seq=6069
2026-03-19 10:03:02 | INFO | ConnectedDownlink | DATA frame received seq=6068 → data_queue
2026-03-19 10:03:02 | INFO | ConnectedDownlink | DATA frame received seq=6069 → data_queue
2026-03-19 10:03:02 | INFO | ConnectedDownlink | Retransmitted packet seq=6074
2026-03-19 10:03:02 | INFO | ConnectedDownlink | Retransmitted packet seq=6076
2026-03-19 10:03:02 | INFO | ConnectedDownlink | DATA frame received seq=6074 → data_queue
2026-03-19 10:03:02 | INFO | ConnectedDownlink | DATA frame received seq=6076 → data_queue
2026-03-19 10:03:02 | INFO | ConnectedDownlink | Retransmitted packet seq=6077
2026-03-19 10:03:02 | INFO | ConnectedDownlink | Retransmitted packet seq=6079
2026-03-19 10:03:02 | INFO | ConnectedDownlink | DATA frame received seq=6079 → data_queue
2026-03-19 10:03:02 | INFO | ConnectedDownlink | Retransmitted packet seq=6083
2026-03-19 10:03:02 | INFO | ConnectedDownlink | Retransmitted packet seq=6085
2026-03-19 10:03:02 | INFO | ConnectedDownlink | DATA frame received seq=6083 → data_queue
2026-03-19 10:03:02 | INFO | ConnectedDownlink | DATA frame received seq=6085 → data_queue
2026-03-19 10:03:02 | INFO | ConnectedDownlink | Retransmitted packet seq=6086
2026-03-19 10:03:02 | INFO | ConnectedDownlink | Retransmitted packet seq=6088
2026-03-19 10:03:02 | INFO | ConnectedDownlink | DATA frame received seq=6086 → data_queue
2026-03-19 10:03:02 | INFO | ConnectedDownlink | Retransmitted packet seq=6092
2026-03-19 10:03:02 | INFO | ConnectedDownlink | Retransmitted packet seq=6098
2026-03-19 10:03:02 | INFO | ConnectedDownlink | DATA frame received seq=6092 → data_queue
2026-03-19 10:03:02 | INFO | ConnectedDownlink | Retransmitted packet seq=6099
2026-03-19 10:03:02 | INFO | ConnectedDownlink | DATA frame received seq=6098 → data_queue
2026-03-19 10:03:02 | INFO | ConnectedDownlink | Retransmitted packet seq=6103
2026-03-19 10:03:02 | INFO | ConnectedDownlink | DATA frame received seq=6103 → data_queue
2026-03-19 10:03:02 | INFO | ConnectedDownlink | Retransmitted packet seq=6110
2026-03-19 10:03:02 | INFO | ConnectedDownlink | DATA frame received seq=6110 → data_queue
2026-03-19 10:03:02 | INFO | ConnectedDownlink | Retransmitted packet seq=6112
2026-03-19 10:03:02 | INFO | ConnectedDownlink | Retransmitted packet seq=6114
2026-03-19 10:03:02 | INFO | ConnectedDownlink | DATA frame received seq=6114 → data_queue
2026-03-19 10:03:02 | INFO | ConnectedDownlink | Retransmitted packet seq=6116
2026-03-19 10:03:02 | INFO | ConnectedDownlink | DATA frame received seq=6116 → data_queue
2026-03-19 10:03:02 | INFO | ConnectedDownlink | Retransmitted packet seq=6117
2026-03-19 10:03:02 | INFO | ConnectedDownlink | DATA frame received seq=6117 → data_queue
2026-03-19 10:03:02 | INFO | ConnectedDownlink | Retransmitted packet seq=6120
2026-03-19 10:03:02 | INFO | ConnectedDownlink | Retransmitted packet seq=6122
2026-03-19 10:03:02 | INFO | ConnectedDownlink | DATA frame received seq=6122 → data_queue
2026-03-19 10:03:02 | INFO | ConnectedDownlink | Retransmitted packet seq=6130
2026-03-19 10:03:02 | INFO | ConnectedDownlink | DATA frame received seq=6130 → data_queue
2026-03-19 10:03:02 | INFO | ConnectedDownlink | Retransmitted packet seq=6139
2026-03-19 10:03:02 | INFO | ConnectedDownlink | DATA frame received seq=6139 → data_queue
2026-03-19 10:03:02 | INFO | ConnectedDownlink | Retransmitted packet seq=6146
2026-03-19 10:03:02 | INFO | ConnectedDownlink | DATA frame received seq=6146 → data_queue
2026-03-19 10:03:02 | INFO | ConnectedDownlink | Retransmitted packet seq=6151
2026-03-19 10:03:02 | INFO | ConnectedDownlink | DATA frame received seq=6151 → data_queue
2026-03-19 10:03:02 | INFO | ConnectedDownlink | Retransmitted packet seq=6152
2026-03-19 10:03:02 | INFO | ConnectedDownlink | DATA frame received seq=6152 → data_queue
2026-03-19 10:03:02 | INFO | ConnectedDownlink | Retransmitted packet seq=6162
2026-03-19 10:03:02 | INFO | ConnectedDownlink | Retransmitted packet seq=6166
2026-03-19 10:03:02 | INFO | ConnectedDownlink | Retransmitted packet seq=6172
2026-03-19 10:03:02 | INFO | ConnectedDownlink | DATA frame received seq=6172 → data_queue
2026-03-19 10:03:02 | INFO | ConnectedDownlink | Retransmitted packet seq=6173
2026-03-19 10:03:02 | INFO | ConnectedDownlink | DATA frame received seq=6173 → data_queue
2026-03-19 10:03:02 | INFO | ConnectedDownlink | Retransmitted packet seq=6177
2026-03-19 10:03:03 | INFO | ConnectedDownlink | Retransmitted packet seq=6178
2026-03-19 10:03:03 | INFO | ConnectedDownlink | DATA frame received seq=6178 → data_queue
2026-03-19 10:03:03 | INFO | ConnectedDownlink | Retransmitted packet seq=6186
2026-03-19 10:03:03 | INFO | ConnectedDownlink | DATA frame received seq=6186 → data_queue
2026-03-19 10:03:03 | INFO | ConnectedDownlink | Retransmitted packet seq=6187
2026-03-19 10:03:03 | INFO | ConnectedDownlink | DATA frame received seq=6187 → data_queue
2026-03-19 10:03:03 | INFO | ConnectedDownlink | Retransmitted packet seq=6189
2026-03-19 10:03:03 | INFO | ConnectedDownlink | Retransmitted packet seq=6192
2026-03-19 10:03:03 | INFO | ConnectedDownlink | Retransmitted packet seq=6200
2026-03-19 10:03:03 | INFO | ConnectedDownlink | Retransmitted packet seq=6203
2026-03-19 10:03:03 | INFO | ConnectedDownlink | DATA frame received seq=6203 → data_queue
2026-03-19 10:03:03 | INFO | ConnectedDownlink | Retransmitted packet seq=6204
2026-03-19 10:03:03 | INFO | ConnectedDownlink | Retransmitted packet seq=6208
2026-03-19 10:03:03 | INFO | ConnectedDownlink | Retransmitted packet seq=6212
2026-03-19 10:03:03 | INFO | ConnectedDownlink | Retransmitted packet seq=6215
2026-03-19 10:03:03 | INFO | ConnectedDownlink | DATA frame received seq=6212 → data_queue
2026-03-19 10:03:03 | INFO | ConnectedDownlink | Retransmitted packet seq=6216
2026-03-19 10:03:03 | INFO | ConnectedDownlink | DATA frame received seq=6215 → data_queue
2026-03-19 10:03:03 | INFO | ConnectedDownlink | Retransmitted packet seq=6226
2026-03-19 10:03:03 | INFO | ConnectedDownlink | Retransmitted packet seq=6231
2026-03-19 10:03:03 | INFO | ConnectedDownlink | DATA frame received seq=6231 → data_queue
2026-03-19 10:03:03 | INFO | ConnectedDownlink | Retransmitted packet seq=6234
2026-03-19 10:03:03 | INFO | ConnectedDownlink | Retransmitted packet seq=6241
2026-03-19 10:03:03 | INFO | ConnectedDownlink | DATA frame received seq=6241 → data_queue
2026-03-19 10:03:03 | INFO | ConnectedDownlink | Retransmitted packet seq=6243
2026-03-19 10:03:03 | INFO | ConnectedDownlink | Retransmitted packet seq=6249
2026-03-19 10:03:03 | INFO | ConnectedDownlink | Retransmitted packet seq=6255
2026-03-19 10:03:03 | INFO | ConnectedDownlink | DATA frame received seq=6255 → data_queue
2026-03-19 10:03:03 | INFO | ConnectedDownlink | Retransmitted packet seq=6259
2026-03-19 10:03:03 | INFO | ConnectedDownlink | DATA frame received seq=6259 → data_queue
2026-03-19 10:03:03 | INFO | ConnectedDownlink | Retransmitted packet seq=6261
2026-03-19 10:03:03 | INFO | ConnectedDownlink | DATA frame received seq=6261 → data_queue
2026-03-19 10:03:03 | INFO | ConnectedDownlink | Retransmitted packet seq=6270
2026-03-19 10:03:03 | INFO | ConnectedDownlink | DATA frame received seq=6270 → data_queue
2026-03-19 10:03:03 | INFO | ConnectedDownlink | Retransmitted packet seq=6273
2026-03-19 10:03:03 | INFO | ConnectedDownlink | DATA frame received seq=6273 → data_queue
2026-03-19 10:03:03 | INFO | ConnectedDownlink | Retransmitted packet seq=6276
2026-03-19 10:03:03 | INFO | ConnectedDownlink | DATA frame received seq=6276 → data_queue
2026-03-19 10:03:03 | INFO | ConnectedDownlink | Retransmitted packet seq=6277
2026-03-19 10:03:03 | INFO | ConnectedDownlink | DATA frame received seq=6277 → data_queue
2026-03-19 10:03:03 | INFO | ConnectedDownlink | Retransmitted packet seq=6281
2026-03-19 10:03:03 | INFO | ConnectedDownlink | Retransmitted packet seq=6292
2026-03-19 10:03:03 | INFO | ConnectedDownlink | DATA frame received seq=6292 → data_queue
2026-03-19 10:03:03 | INFO | ConnectedDownlink | Retransmitted packet seq=6293
2026-03-19 10:03:03 | INFO | ConnectedDownlink | DATA frame received seq=6293 → data_queue
2026-03-19 10:03:03 | INFO | ConnectedDownlink | Retransmitted packet seq=6298
2026-03-19 10:03:03 | INFO | ConnectedDownlink | Retransmitted packet seq=6309
2026-03-19 10:03:03 | INFO | ConnectedDownlink | DATA frame received seq=6309 → data_queue
2026-03-19 10:03:03 | INFO | ConnectedDownlink | Retransmitted packet seq=6313
2026-03-19 10:03:03 | INFO | ConnectedDownlink | DATA frame received seq=6313 → data_queue
2026-03-19 10:03:03 | INFO | ConnectedDownlink | Retransmitted packet seq=6315
2026-03-19 10:03:03 | INFO | ConnectedDownlink | DATA frame received seq=6315 → data_queue
2026-03-19 10:03:03 | INFO | ConnectedDownlink | Retransmitted packet seq=6316
2026-03-19 10:03:03 | INFO | ConnectedDownlink | Retransmitted packet seq=6317
2026-03-19 10:03:03 | INFO | ConnectedDownlink | DATA frame received seq=6317 → data_queue
2026-03-19 10:03:03 | INFO | ConnectedDownlink | Retransmitted packet seq=6320
2026-03-19 10:03:03 | INFO | ConnectedDownlink | Retransmitted packet seq=6322
2026-03-19 10:03:03 | INFO | ConnectedDownlink | DATA frame received seq=6322 → data_queue
2026-03-19 10:03:03 | INFO | ConnectedDownlink | Retransmitted packet seq=6324
2026-03-19 10:03:03 | INFO | ConnectedDownlink | DATA frame received seq=6324 → data_queue
2026-03-19 10:03:03 | INFO | ConnectedDownlink | Retransmitted packet seq=6327
2026-03-19 10:03:03 | INFO | ConnectedDownlink | Retransmitted packet seq=6331
2026-03-19 10:03:03 | INFO | ConnectedDownlink | Retransmitted packet seq=6338
2026-03-19 10:03:03 | INFO | ConnectedDownlink | DATA frame received seq=6331 → data_queue
2026-03-19 10:03:03 | INFO | ConnectedDownlink | Retransmitted packet seq=6344
2026-03-19 10:03:03 | INFO | ConnectedDownlink | DATA frame received seq=6338 → data_queue
2026-03-19 10:03:03 | INFO | ConnectedDownlink | Retransmitted packet seq=6345
2026-03-19 10:03:03 | INFO | ConnectedDownlink | DATA frame received seq=6345 → data_queue
2026-03-19 10:03:03 | INFO | ConnectedDownlink | Retransmitted packet seq=6346
2026-03-19 10:03:03 | INFO | ConnectedDownlink | DATA frame received seq=6346 → data_queue
2026-03-19 10:03:03 | INFO | ConnectedDownlink | Retransmitted packet seq=6347
2026-03-19 10:03:03 | INFO | ConnectedDownlink | DATA frame received seq=6347 → data_queue
2026-03-19 10:03:03 | INFO | ConnectedDownlink | Retransmitted packet seq=6348
2026-03-19 10:03:03 | INFO | ConnectedDownlink | DATA frame received seq=6348 → data_queue
2026-03-19 10:03:03 | INFO | ConnectedDownlink | Retransmitted packet seq=6349
2026-03-19 10:03:03 | INFO | ConnectedDownlink | DATA frame received seq=6349 → data_queue
2026-03-19 10:03:03 | INFO | ConnectedDownlink | Retransmitted packet seq=6350
2026-03-19 10:03:03 | INFO | ConnectedDownlink | DATA frame received seq=6350 → data_queue
2026-03-19 10:03:03 | INFO | ConnectedDownlink | Retransmitted packet seq=6358
2026-03-19 10:03:03 | INFO | ConnectedDownlink | Retransmitted packet seq=6359
2026-03-19 10:03:03 | INFO | ConnectedDownlink | DATA frame received seq=6359 → data_queue
2026-03-19 10:03:03 | INFO | ConnectedDownlink | Retransmitted packet seq=6364
2026-03-19 10:03:03 | INFO | ConnectedDownlink | Retransmitted packet seq=6367
2026-03-19 10:03:03 | INFO | ConnectedDownlink | DATA frame received seq=6367 → data_queue
2026-03-19 10:03:03 | INFO | ConnectedDownlink | Retransmitted packet seq=6369
2026-03-19 10:03:03 | INFO | ConnectedDownlink | DATA frame received seq=6369 → data_queue
2026-03-19 10:03:03 | INFO | ConnectedDownlink | Retransmitted packet seq=6374
2026-03-19 10:03:03 | INFO | ConnectedDownlink | DATA frame received seq=6374 → data_queue
2026-03-19 10:03:03 | INFO | ConnectedDownlink | Retransmitted packet seq=6375
2026-03-19 10:03:03 | INFO | ConnectedDownlink | DATA frame received seq=6375 → data_queue
2026-03-19 10:03:03 | INFO | ConnectedDownlink | Retransmitted packet seq=6376
2026-03-19 10:03:03 | INFO | ConnectedDownlink | DATA frame received seq=6376 → data_queue
2026-03-19 10:03:03 | INFO | ConnectedDownlink | Retransmitted packet seq=6381
2026-03-19 10:03:03 | INFO | ConnectedDownlink | DATA frame received seq=6381 → data_queue
2026-03-19 10:03:03 | INFO | ConnectedDownlink | Retransmitted packet seq=6387
2026-03-19 10:03:03 | INFO | ConnectedDownlink | DATA frame received seq=6387 → data_queue
2026-03-19 10:03:03 | INFO | ConnectedDownlink | Retransmitted packet seq=6388
2026-03-19 10:03:03 | INFO | ConnectedDownlink | Retransmitted packet seq=6393
2026-03-19 10:03:03 | INFO | ConnectedDownlink | DATA frame received seq=6393 → data_queue
2026-03-19 10:03:03 | INFO | ConnectedDownlink | Retransmitted packet seq=6399
2026-03-19 10:03:03 | INFO | ConnectedDownlink | Retransmitted packet seq=6403
2026-03-19 10:03:03 | INFO | ConnectedDownlink | DATA frame received seq=6403 → data_queue
2026-03-19 10:03:03 | INFO | ConnectedDownlink | Retransmitted packet seq=6408
2026-03-19 10:03:03 | INFO | ConnectedDownlink | DATA frame received seq=6408 → data_queue
2026-03-19 10:03:03 | INFO | ConnectedDownlink | Retransmitted packet seq=6410
2026-03-19 10:03:03 | INFO | ConnectedDownlink | DATA frame received seq=6410 → data_queue
2026-03-19 10:03:03 | INFO | ConnectedDownlink | Retransmitted packet seq=6412
2026-03-19 10:03:03 | INFO | ConnectedDownlink | DATA frame received seq=6412 → data_queue
2026-03-19 10:03:03 | INFO | ConnectedDownlink | Retransmitted packet seq=6420
2026-03-19 10:03:03 | INFO | ConnectedDownlink | DATA frame received seq=6423 → data_queue
2026-03-19 10:03:03 | INFO | ConnectedDownlink | Retransmitted packet seq=6423
2026-03-19 10:03:34 | INFO | ConnectedDownlink | Satellite serve_loop cancelled
2026-03-19 10:03:41 | INFO | ConnectedDownlink | Entered ConnectedDownlink mode
2026-03-19 10:03:41 | INFO | ConnectedDownlink | ConnectedDownlink entered
2026-03-19 10:03:41 | INFO | ConnectedDownlink | starting activity timer for 180
2026-03-19 10:03:41 | INFO | ConnectedDownlink | Satellite serve_loop started (implicit-ACK mode)
2026-03-19 10:03:41 | INFO | ConnectedDownlink | Entered ConnectedDownlink mode
2026-03-19 10:03:41 | INFO | ConnectedDownlink | ConnectedDownlink entered
2026-03-19 10:03:41 | INFO | ConnectedDownlink | starting activity timer for 180
2026-03-19 10:03:41 | INFO | ConnectedDownlink | retransmit_loop started (implicit-ACK mode)
2026-03-19 10:03:41 | INFO | ConnectedDownlink | Requesting retransmission of [6066, 6067, 6068, 6069, 6074, 6076, 6077, 6079, 6083, 6085, 6086, 6088, 6092, 6098, 6099, 6103, 6110, 6112, 6114, 6116, 6117, 6120, 6122, 6130, 6139, 6146, 6151, 6152, 6162, 6166, 6172, 6173, 6177, 6178, 6186, 6187, 6189, 6192, 6200, 6203, 6204, 6208, 6212, 6215, 6216, 6226, 6231, 6234, 6241, 6243, 6249, 6255, 6259, 6261, 6270, 6273, 6276, 6277, 6281, 6292, 6293, 6298, 6309, 6313, 6315, 6316, 6317, 6320, 6322, 6324, 6327, 6331, 6338, 6344, 6345, 6346, 6347, 6348, 6349, 6350, 6358, 6359, 6364, 6367, 6369, 6374, 6375, 6376, 6381, 6387, 6388, 6393, 6399, 6403, 6408, 6410, 6412, 6420, 6423, 6424, 6425, 6426, 6430, 6432, 6433, 6437, 6441, 6449, 6454, 6457, 6459, 6462, 6463, 6464, 6465, 6466, 6467, 6468, 6472, 6473, 6475, 6477, 6478, 6479, 6482, 6483, 6485, 6495, 6496, 6497, 6498, 6501, 6502, 6506, 6512, 6513, 6514, 6516, 6521, 6523, 6526, 6531, 6532, 6534, 6535, 6540, 6542, 6545, 6549, 6550, 6556, 6559, 6561, 6566, 6569, 6570, 6572, 6575, 6577, 6578, 6581, 6592, 6600, 6601, 6606, 6607, 6617, 6618, 6620, 6624, 6626, 6632, 6634, 6635, 6646, 6655, 6660, 6664, 6666, 6668, 6669, 6675, 6678, 6683, 6686, 6691, 6694, 6695, 6705, 6708, 6711, 6714, 6729, 6735, 6736, 6738, 6742, 6745, 6746, 6747, 6748, 6753, 6754, 6756, 6759, 6761, 6767, 6773, 6775, 6777, 6778, 6787, 6793, 6795, 6797, 6812, 6828, 6829, 6832, 6833, 6834, 6835, 6836, 6840, 6842, 6844, 6854, 6855, 6860, 6862, 6865, 6868, 6871, 6874, 6876, 6877, 6886, 6887, 6888, 6889, 6892, 6895, 6896, 6902, 6906, 6907, 6909, 6916, 6917, 6921, 6925, 6934, 6940, 6941, 6945, 6947, 6950, 6951, 6959, 6962, 6963, 6965, 6967, 6968, 6970, 6974, 6980, 6988, 6991, 6994, 6997, 6998, 7005, 7008, 7010, 7020, 7025, 7027, 7035, 7037, 7039, 7041, 7042, 7053, 7054, 7055, 7056, 7058, 7059, 7064, 7067, 7073, 7077, 7090, 7096, 7100, 7102, 7104, 7106, 7114, 7115, 7116, 7118, 7122, 7126, 7128, 7133, 7136, 7137, 7139, 7141, 7142, 7143, 7147, 7151, 7158, 7159, 7161, 7163, 7164, 7176, 7177, 7178, 7187, 7189, 7197, 7198, 7199, 7204, 7206, 7208, 7209, 7216, 7221, 7225, 7226, 7227, 7228, 7237, 7239, 7241, 7244, 7246, 7247, 7253, 7258, 7260, 7261, 7262, 7263, 7264, 7266, 7267, 7268, 7270, 7272, 7274, 7280, 7282, 7285, 7290, 7293, 7298, 7299, 7303, 7308, 7312, 7313, 7317, 7319, 7320, 7323, 7327, 7329, 7333, 7334, 7336, 7338, 7339, 7341, 7343, 7344, 7354, 7362, 7366, 7369, 7373, 7377]
2026-03-19 10:03:41 | INFO | ConnectedDownlink | SENDING RETRANSMISSION REQUEST [6066, 6067, 6068, 6069, 6074, 6076, 6077, 6079, 6083, 6085, 6086, 6088, 6092, 6098, 6099, 6103, 6110, 6112, 6114, 6116, 6117, 6120, 6122, 6130, 6139, 6146, 6151, 6152, 6162, 6166, 6172, 6173, 6177, 6178, 6186, 6187, 6189, 6192, 6200, 6203, 6204, 6208, 6212, 6215, 6216, 6226, 6231, 6234, 6241, 6243, 6249, 6255, 6259, 6261, 6270, 6273, 6276, 6277, 6281, 6292, 6293, 6298, 6309, 6313, 6315, 6316, 6317, 6320, 6322, 6324, 6327, 6331, 6338, 6344, 6345, 6346, 6347, 6348, 6349, 6350, 6358, 6359, 6364, 6367, 6369, 6374, 6375, 6376, 6381, 6387, 6388, 6393, 6399, 6403, 6408, 6410, 6412, 6420, 6423, 6424] (attempt 1/5)
2026-03-19 10:03:41 | INFO | ConnectedDownlink | RETRANSMIT_REQUEST received: [6066, 6067, 6068, 6069, 6074, 6076, 6077, 6079, 6083, 6085, 6086, 6088, 6092, 6098, 6099, 6103, 6110, 6112, 6114, 6116, 6117, 6120, 6122, 6130, 6139, 6146, 6151, 6152, 6162, 6166, 6172, 6173, 6177, 6178, 6186, 6187, 6189, 6192, 6200, 6203, 6204, 6208, 6212, 6215, 6216, 6226, 6231, 6234, 6241, 6243, 6249, 6255, 6259, 6261, 6270, 6273, 6276, 6277, 6281, 6292, 6293, 6298, 6309, 6313, 6315, 6316, 6317, 6320, 6322, 6324, 6327, 6331, 6338, 6344, 6345, 6346, 6347, 6348, 6349, 6350, 6358, 6359, 6364, 6367, 6369, 6374, 6375, 6376, 6381, 6387, 6388, 6393, 6399, 6403, 6408, 6410, 6412, 6420, 6423, 6424]
2026-03-19 10:03:41 | INFO | ConnectedDownlink | Serving retransmit request: {6146, 6151, 6152, 6162, 6166, 6172, 6173, 6177, 6178, 6186, 6187, 6189, 6192, 6200, 6203, 6204, 6208, 6212, 6215, 6216, 6226, 6231, 6234, 6241, 6243, 6249, 6255, 6259, 6261, 6270, 6273, 6276, 6277, 6281, 6292, 6293, 6298, 6309, 6313, 6315, 6316, 6317, 6320, 6322, 6324, 6327, 6331, 6338, 6344, 6345, 6346, 6347, 6348, 6349, 6350, 6358, 6359, 6364, 6367, 6369, 6374, 6375, 6376, 6381, 6387, 6388, 6393, 6399, 6403, 6408, 6410, 6412, 6420, 6423, 6424, 6066, 6067, 6068, 6069, 6074, 6076, 6077, 6079, 6083, 6085, 6086, 6088, 6092, 6098, 6099, 6103, 6110, 6112, 6114, 6116, 6117, 6120, 6122, 6130, 6139}
2026-03-19 10:03:41 | INFO | ConnectedDownlink | Retransmitted packet seq=6066
2026-03-19 10:03:41 | INFO | ConnectedDownlink | DATA frame received seq=6066 → data_queue
2026-03-19 10:03:41 | INFO | ConnectedDownlink | got dropped message
2026-03-19 10:03:41 | INFO | ConnectedDownlink | Retransmitted packet seq=6067
2026-03-19 10:03:41 | INFO | ConnectedDownlink | DATA frame received seq=6067 → data_queue
2026-03-19 10:03:41 | INFO | ConnectedDownlink | got dropped message
2026-03-19 10:03:41 | INFO | ConnectedDownlink | Retransmitted packet seq=6068
2026-03-19 10:03:41 | INFO | ConnectedDownlink | Retransmitted packet seq=6069
2026-03-19 10:03:41 | INFO | ConnectedDownlink | DATA frame received seq=6069 → data_queue
2026-03-19 10:03:41 | INFO | ConnectedDownlink | got dropped message
2026-03-19 10:03:41 | INFO | ConnectedDownlink | Retransmitted packet seq=6074
2026-03-19 10:03:41 | INFO | ConnectedDownlink | Retransmitted packet seq=6076
2026-03-19 10:03:41 | INFO | ConnectedDownlink | DATA frame received seq=6074 → data_queue
2026-03-19 10:03:41 | INFO | ConnectedDownlink | got dropped message
2026-03-19 10:03:41 | INFO | ConnectedDownlink | DATA frame received seq=6076 → data_queue
2026-03-19 10:03:41 | INFO | ConnectedDownlink | got dropped message
2026-03-19 10:03:41 | INFO | ConnectedDownlink | Retransmitted packet seq=6077
2026-03-19 10:03:41 | INFO | ConnectedDownlink | Retransmitted packet seq=6079
2026-03-19 10:03:41 | INFO | ConnectedDownlink | DATA frame received seq=6077 → data_queue
2026-03-19 10:03:41 | INFO | ConnectedDownlink | got dropped message
2026-03-19 10:03:41 | INFO | ConnectedDownlink | Retransmitted packet seq=6083
2026-03-19 10:03:41 | INFO | ConnectedDownlink | DATA frame received seq=6083 → data_queue
2026-03-19 10:03:41 | INFO | ConnectedDownlink | got dropped message
2026-03-19 10:03:41 | INFO | ConnectedDownlink | Retransmitted packet seq=6085
2026-03-19 10:03:41 | INFO | ConnectedDownlink | Retransmitted packet seq=6086
2026-03-19 10:03:41 | INFO | ConnectedDownlink | DATA frame received seq=6086 → data_queue
2026-03-19 10:03:41 | INFO | ConnectedDownlink | got dropped message
2026-03-19 10:03:41 | INFO | ConnectedDownlink | Retransmitted packet seq=6088
2026-03-19 10:03:41 | INFO | ConnectedDownlink | DATA frame received seq=6088 → data_queue
2026-03-19 10:03:41 | INFO | ConnectedDownlink | got dropped message
2026-03-19 10:03:41 | INFO | ConnectedDownlink | Retransmitted packet seq=6092
2026-03-19 10:03:41 | INFO | ConnectedDownlink | Retransmitted packet seq=6098
2026-03-19 10:03:41 | INFO | ConnectedDownlink | Retransmitted packet seq=6099
2026-03-19 10:03:41 | INFO | ConnectedDownlink | DATA frame received seq=6099 → data_queue
2026-03-19 10:03:41 | INFO | ConnectedDownlink | got dropped message
2026-03-19 10:03:41 | INFO | ConnectedDownlink | Retransmitted packet seq=6103
2026-03-19 10:03:41 | INFO | ConnectedDownlink | DATA frame received seq=6103 → data_queue
2026-03-19 10:03:41 | INFO | ConnectedDownlink | got dropped message
2026-03-19 10:03:41 | INFO | ConnectedDownlink | Retransmitted packet seq=6110
2026-03-19 10:03:41 | INFO | ConnectedDownlink | Retransmitted packet seq=6112
2026-03-19 10:03:41 | INFO | ConnectedDownlink | Retransmitted packet seq=6114
2026-03-19 10:03:41 | INFO | ConnectedDownlink | DATA frame received seq=6114 → data_queue
2026-03-19 10:03:41 | INFO | ConnectedDownlink | got dropped message
2026-03-19 10:03:41 | INFO | ConnectedDownlink | Retransmitted packet seq=6116
2026-03-19 10:03:41 | INFO | ConnectedDownlink | Retransmitted packet seq=6117
2026-03-19 10:03:41 | INFO | ConnectedDownlink | Retransmitted packet seq=6120
2026-03-19 10:03:41 | INFO | ConnectedDownlink | DATA frame received seq=6120 → data_queue
2026-03-19 10:03:41 | INFO | ConnectedDownlink | got dropped message
2026-03-19 10:03:41 | INFO | ConnectedDownlink | Retransmitted packet seq=6122
2026-03-19 10:03:41 | INFO | ConnectedDownlink | DATA frame received seq=6122 → data_queue
2026-03-19 10:03:41 | INFO | ConnectedDownlink | got dropped message
2026-03-19 10:03:41 | INFO | ConnectedDownlink | Retransmitted packet seq=6130
2026-03-19 10:03:41 | INFO | ConnectedDownlink | DATA frame received seq=6130 → data_queue
2026-03-19 10:03:41 | INFO | ConnectedDownlink | got dropped message
2026-03-19 10:03:41 | INFO | ConnectedDownlink | Retransmitted packet seq=6139
2026-03-19 10:03:41 | INFO | ConnectedDownlink | DATA frame received seq=6139 → data_queue
2026-03-19 10:03:41 | INFO | ConnectedDownlink | got dropped message
2026-03-19 10:03:41 | INFO | ConnectedDownlink | Retransmitted packet seq=6146
2026-03-19 10:03:41 | INFO | ConnectedDownlink | DATA frame received seq=6146 → data_queue
2026-03-19 10:03:41 | INFO | ConnectedDownlink | got dropped message
2026-03-19 10:03:41 | INFO | ConnectedDownlink | Retransmitted packet seq=6151
2026-03-19 10:03:41 | INFO | ConnectedDownlink | DATA frame received seq=6151 → data_queue
2026-03-19 10:03:41 | INFO | ConnectedDownlink | got dropped message
2026-03-19 10:03:41 | INFO | ConnectedDownlink | Retransmitted packet seq=6152
2026-03-19 10:03:41 | INFO | ConnectedDownlink | Retransmitted packet seq=6162
2026-03-19 10:03:41 | INFO | ConnectedDownlink | Retransmitted packet seq=6166
2026-03-19 10:03:41 | INFO | ConnectedDownlink | DATA frame received seq=6166 → data_queue
2026-03-19 10:03:41 | INFO | ConnectedDownlink | got dropped message
2026-03-19 10:03:41 | INFO | ConnectedDownlink | Retransmitted packet seq=6172
2026-03-19 10:03:41 | INFO | ConnectedDownlink | Retransmitted packet seq=6173
2026-03-19 10:03:41 | INFO | ConnectedDownlink | DATA frame received seq=6173 → data_queue
2026-03-19 10:03:41 | INFO | ConnectedDownlink | got dropped message
2026-03-19 10:03:41 | INFO | ConnectedDownlink | Retransmitted packet seq=6177
2026-03-19 10:03:41 | INFO | ConnectedDownlink | DATA frame received seq=6177 → data_queue
2026-03-19 10:03:41 | INFO | ConnectedDownlink | got dropped message
2026-03-19 10:03:41 | INFO | ConnectedDownlink | Retransmitted packet seq=6178
2026-03-19 10:03:41 | INFO | ConnectedDownlink | DATA frame received seq=6178 → data_queue
2026-03-19 10:03:41 | INFO | ConnectedDownlink | got dropped message
2026-03-19 10:03:41 | INFO | ConnectedDownlink | Retransmitted packet seq=6186
2026-03-19 10:03:41 | INFO | ConnectedDownlink | DATA frame received seq=6186 → data_queue
2026-03-19 10:03:41 | INFO | ConnectedDownlink | got dropped message
2026-03-19 10:03:41 | INFO | ConnectedDownlink | Retransmitted packet seq=6187
2026-03-19 10:03:41 | INFO | ConnectedDownlink | DATA frame received seq=6187 → data_queue
2026-03-19 10:03:41 | INFO | ConnectedDownlink | got dropped message
2026-03-19 10:03:41 | INFO | ConnectedDownlink | Retransmitted packet seq=6189
2026-03-19 10:03:41 | INFO | ConnectedDownlink | DATA frame received seq=6189 → data_queue
2026-03-19 10:03:41 | INFO | ConnectedDownlink | got dropped message
2026-03-19 10:03:41 | INFO | ConnectedDownlink | Retransmitted packet seq=6192
2026-03-19 10:03:41 | INFO | ConnectedDownlink | DATA frame received seq=6192 → data_queue
2026-03-19 10:03:41 | INFO | ConnectedDownlink | got dropped message
2026-03-19 10:03:41 | INFO | ConnectedDownlink | Retransmitted packet seq=6200
2026-03-19 10:03:41 | INFO | ConnectedDownlink | DATA frame received seq=6200 → data_queue
2026-03-19 10:03:41 | INFO | ConnectedDownlink | got dropped message
2026-03-19 10:03:41 | INFO | ConnectedDownlink | Retransmitted packet seq=6203
2026-03-19 10:03:41 | INFO | ConnectedDownlink | Retransmitted packet seq=6204
2026-03-19 10:03:41 | INFO | ConnectedDownlink | Retransmitted packet seq=6208
2026-03-19 10:03:41 | INFO | ConnectedDownlink | Retransmitted packet seq=6212
2026-03-19 10:03:41 | INFO | ConnectedDownlink | Retransmitted packet seq=6215
2026-03-19 10:03:41 | INFO | ConnectedDownlink | DATA frame received seq=6215 → data_queue
2026-03-19 10:03:41 | INFO | ConnectedDownlink | got dropped message
2026-03-19 10:03:41 | INFO | ConnectedDownlink | Retransmitted packet seq=6216
2026-03-19 10:03:41 | INFO | ConnectedDownlink | Retransmitted packet seq=6226
2026-03-19 10:03:41 | INFO | ConnectedDownlink | DATA frame received seq=6226 → data_queue
2026-03-19 10:03:41 | INFO | ConnectedDownlink | got dropped message
2026-03-19 10:03:41 | INFO | ConnectedDownlink | Retransmitted packet seq=6231
2026-03-19 10:03:41 | INFO | ConnectedDownlink | DATA frame received seq=6231 → data_queue
2026-03-19 10:03:41 | INFO | ConnectedDownlink | got dropped message
2026-03-19 10:03:41 | INFO | ConnectedDownlink | Retransmitted packet seq=6234
2026-03-19 10:03:41 | INFO | ConnectedDownlink | DATA frame received seq=6234 → data_queue
2026-03-19 10:03:41 | INFO | ConnectedDownlink | got dropped message
2026-03-19 10:03:41 | INFO | ConnectedDownlink | Retransmitted packet seq=6241
2026-03-19 10:03:41 | INFO | ConnectedDownlink | DATA frame received seq=6241 → data_queue
2026-03-19 10:03:41 | INFO | ConnectedDownlink | got dropped message
2026-03-19 10:03:41 | INFO | ConnectedDownlink | Retransmitted packet seq=6243
2026-03-19 10:03:41 | INFO | ConnectedDownlink | DATA frame received seq=6243 → data_queue
2026-03-19 10:03:41 | INFO | ConnectedDownlink | got dropped message
2026-03-19 10:03:41 | INFO | ConnectedDownlink | Retransmitted packet seq=6249
2026-03-19 10:03:41 | INFO | ConnectedDownlink | DATA frame received seq=6249 → data_queue
2026-03-19 10:03:41 | INFO | ConnectedDownlink | got dropped message
2026-03-19 10:03:41 | INFO | ConnectedDownlink | Retransmitted packet seq=6255
2026-03-19 10:03:41 | INFO | ConnectedDownlink | DATA frame received seq=6255 → data_queue
2026-03-19 10:03:41 | INFO | ConnectedDownlink | got dropped message
2026-03-19 10:03:41 | INFO | ConnectedDownlink | Retransmitted packet seq=6259
2026-03-19 10:03:41 | INFO | ConnectedDownlink | DATA frame received seq=6259 → data_queue
2026-03-19 10:03:41 | INFO | ConnectedDownlink | got dropped message
2026-03-19 10:03:41 | INFO | ConnectedDownlink | Retransmitted packet seq=6261
2026-03-19 10:03:41 | INFO | ConnectedDownlink | DATA frame received seq=6261 → data_queue
2026-03-19 10:03:41 | INFO | ConnectedDownlink | got dropped message
2026-03-19 10:03:41 | INFO | ConnectedDownlink | Retransmitted packet seq=6270
2026-03-19 10:03:41 | INFO | ConnectedDownlink | DATA frame received seq=6270 → data_queue
2026-03-19 10:03:41 | INFO | ConnectedDownlink | got dropped message
2026-03-19 10:03:41 | INFO | ConnectedDownlink | Retransmitted packet seq=6273
2026-03-19 10:03:41 | INFO | ConnectedDownlink | DATA frame received seq=6273 → data_queue
2026-03-19 10:03:41 | INFO | ConnectedDownlink | got dropped message
2026-03-19 10:03:41 | INFO | ConnectedDownlink | Retransmitted packet seq=6276
2026-03-19 10:03:41 | INFO | ConnectedDownlink | DATA frame received seq=6276 → data_queue
2026-03-19 10:03:41 | INFO | ConnectedDownlink | got dropped message
2026-03-19 10:03:41 | INFO | ConnectedDownlink | Retransmitted packet seq=6277
2026-03-19 10:03:41 | INFO | ConnectedDownlink | Retransmitted packet seq=6281
2026-03-19 10:03:41 | INFO | ConnectedDownlink | DATA frame received seq=6281 → data_queue
2026-03-19 10:03:41 | INFO | ConnectedDownlink | got dropped message
2026-03-19 10:03:41 | INFO | ConnectedDownlink | Retransmitted packet seq=6292
2026-03-19 10:03:41 | INFO | ConnectedDownlink | DATA frame received seq=6292 → data_queue
2026-03-19 10:03:41 | INFO | ConnectedDownlink | got dropped message
2026-03-19 10:03:42 | INFO | ConnectedDownlink | Retransmitted packet seq=6293
2026-03-19 10:03:42 | INFO | ConnectedDownlink | DATA frame received seq=6293 → data_queue
2026-03-19 10:03:42 | INFO | ConnectedDownlink | got dropped message
2026-03-19 10:03:42 | INFO | ConnectedDownlink | Retransmitted packet seq=6298
2026-03-19 10:03:42 | INFO | ConnectedDownlink | Retransmitted packet seq=6309
2026-03-19 10:03:42 | INFO | ConnectedDownlink | Retransmitted packet seq=6313
2026-03-19 10:03:42 | INFO | ConnectedDownlink | DATA frame received seq=6313 → data_queue
2026-03-19 10:03:42 | INFO | ConnectedDownlink | got dropped message
2026-03-19 10:03:42 | INFO | ConnectedDownlink | Retransmitted packet seq=6315
2026-03-19 10:03:42 | INFO | ConnectedDownlink | DATA frame received seq=6315 → data_queue
2026-03-19 10:03:42 | INFO | ConnectedDownlink | got dropped message
2026-03-19 10:03:42 | INFO | ConnectedDownlink | Retransmitted packet seq=6316
2026-03-19 10:03:42 | INFO | ConnectedDownlink | DATA frame received seq=6316 → data_queue
2026-03-19 10:03:42 | INFO | ConnectedDownlink | got dropped message
2026-03-19 10:03:42 | INFO | ConnectedDownlink | Retransmitted packet seq=6317
2026-03-19 10:03:42 | INFO | ConnectedDownlink | DATA frame received seq=6317 → data_queue
2026-03-19 10:03:42 | INFO | ConnectedDownlink | got dropped message
2026-03-19 10:03:42 | INFO | ConnectedDownlink | Retransmitted packet seq=6320
2026-03-19 10:03:42 | INFO | ConnectedDownlink | DATA frame received seq=6320 → data_queue
2026-03-19 10:03:42 | INFO | ConnectedDownlink | got dropped message
2026-03-19 10:03:42 | INFO | ConnectedDownlink | Retransmitted packet seq=6322
2026-03-19 10:03:42 | INFO | ConnectedDownlink | DATA frame received seq=6322 → data_queue
2026-03-19 10:03:42 | INFO | ConnectedDownlink | got dropped message
2026-03-19 10:03:42 | INFO | ConnectedDownlink | Retransmitted packet seq=6324
2026-03-19 10:03:42 | INFO | ConnectedDownlink | DATA frame received seq=6324 → data_queue
2026-03-19 10:03:42 | INFO | ConnectedDownlink | got dropped message
2026-03-19 10:03:42 | INFO | ConnectedDownlink | Retransmitted packet seq=6327
2026-03-19 10:03:42 | INFO | ConnectedDownlink | DATA frame received seq=6327 → data_queue
2026-03-19 10:03:42 | INFO | ConnectedDownlink | got dropped message
2026-03-19 10:03:42 | INFO | ConnectedDownlink | Retransmitted packet seq=6331
2026-03-19 10:03:42 | INFO | ConnectedDownlink | Retransmitted packet seq=6338
2026-03-19 10:03:42 | INFO | ConnectedDownlink | Retransmitted packet seq=6344
2026-03-19 10:03:42 | INFO | ConnectedDownlink | DATA frame received seq=6344 → data_queue
2026-03-19 10:03:42 | INFO | ConnectedDownlink | got dropped message
2026-03-19 10:03:42 | INFO | ConnectedDownlink | Retransmitted packet seq=6345
2026-03-19 10:03:42 | INFO | ConnectedDownlink | DATA frame received seq=6345 → data_queue
2026-03-19 10:03:42 | INFO | ConnectedDownlink | got dropped message
2026-03-19 10:03:42 | INFO | ConnectedDownlink | Retransmitted packet seq=6346
2026-03-19 10:03:42 | INFO | ConnectedDownlink | DATA frame received seq=6346 → data_queue
2026-03-19 10:03:42 | INFO | ConnectedDownlink | got dropped message
2026-03-19 10:03:42 | INFO | ConnectedDownlink | Retransmitted packet seq=6347
2026-03-19 10:03:42 | INFO | ConnectedDownlink | DATA frame received seq=6347 → data_queue
2026-03-19 10:03:42 | INFO | ConnectedDownlink | got dropped message
2026-03-19 10:03:42 | INFO | ConnectedDownlink | Retransmitted packet seq=6348
2026-03-19 10:03:42 | INFO | ConnectedDownlink | Retransmitted packet seq=6349
2026-03-19 10:03:42 | INFO | ConnectedDownlink | DATA frame received seq=6349 → data_queue
2026-03-19 10:03:42 | INFO | ConnectedDownlink | got dropped message
2026-03-19 10:03:42 | INFO | ConnectedDownlink | Retransmitted packet seq=6350
2026-03-19 10:03:42 | INFO | ConnectedDownlink | Retransmitted packet seq=6358
2026-03-19 10:03:42 | INFO | ConnectedDownlink | DATA frame received seq=6358 → data_queue
2026-03-19 10:03:42 | INFO | ConnectedDownlink | got dropped message
2026-03-19 10:03:42 | INFO | ConnectedDownlink | Retransmitted packet seq=6359
2026-03-19 10:03:42 | INFO | ConnectedDownlink | DATA frame received seq=6359 → data_queue
2026-03-19 10:03:42 | INFO | ConnectedDownlink | got dropped message
2026-03-19 10:03:42 | INFO | ConnectedDownlink | Retransmitted packet seq=6364
2026-03-19 10:03:42 | INFO | ConnectedDownlink | DATA frame received seq=6364 → data_queue
2026-03-19 10:03:42 | INFO | ConnectedDownlink | got dropped message
2026-03-19 10:03:42 | INFO | ConnectedDownlink | Retransmitted packet seq=6367
2026-03-19 10:03:42 | INFO | ConnectedDownlink | DATA frame received seq=6367 → data_queue
2026-03-19 10:03:42 | INFO | ConnectedDownlink | got dropped message
2026-03-19 10:03:42 | INFO | ConnectedDownlink | Retransmitted packet seq=6369
2026-03-19 10:03:42 | INFO | ConnectedDownlink | DATA frame received seq=6369 → data_queue
2026-03-19 10:03:42 | INFO | ConnectedDownlink | got dropped message
2026-03-19 10:03:42 | INFO | ConnectedDownlink | Retransmitted packet seq=6374
2026-03-19 10:03:42 | INFO | ConnectedDownlink | DATA frame received seq=6374 → data_queue
2026-03-19 10:03:42 | INFO | ConnectedDownlink | got dropped message
2026-03-19 10:03:42 | INFO | ConnectedDownlink | Retransmitted packet seq=6375
2026-03-19 10:03:42 | INFO | ConnectedDownlink | DATA frame received seq=6375 → data_queue
2026-03-19 10:03:42 | INFO | ConnectedDownlink | got dropped message
2026-03-19 10:03:42 | INFO | ConnectedDownlink | Retransmitted packet seq=6376
2026-03-19 10:03:42 | INFO | ConnectedDownlink | DATA frame received seq=6376 → data_queue
2026-03-19 10:03:42 | INFO | ConnectedDownlink | got dropped message
2026-03-19 10:03:42 | INFO | ConnectedDownlink | Retransmitted packet seq=6381
2026-03-19 10:03:42 | INFO | ConnectedDownlink | Retransmitted packet seq=6387
2026-03-19 10:03:42 | INFO | ConnectedDownlink | Retransmitted packet seq=6388
2026-03-19 10:03:42 | INFO | ConnectedDownlink | Retransmitted packet seq=6393
2026-03-19 10:03:42 | INFO | ConnectedDownlink | DATA frame received seq=6388 → data_queue
2026-03-19 10:03:42 | INFO | ConnectedDownlink | got dropped message
2026-03-19 10:03:42 | INFO | ConnectedDownlink | Retransmitted packet seq=6399
2026-03-19 10:03:42 | INFO | ConnectedDownlink | DATA frame received seq=6399 → data_queue
2026-03-19 10:03:42 | INFO | ConnectedDownlink | got dropped message
2026-03-19 10:03:42 | INFO | ConnectedDownlink | Retransmitted packet seq=6403
2026-03-19 10:03:42 | INFO | ConnectedDownlink | DATA frame received seq=6403 → data_queue
2026-03-19 10:03:42 | INFO | ConnectedDownlink | got dropped message
2026-03-19 10:03:42 | INFO | ConnectedDownlink | Retransmitted packet seq=6408
2026-03-19 10:03:42 | INFO | ConnectedDownlink | DATA frame received seq=6408 → data_queue
2026-03-19 10:03:42 | INFO | ConnectedDownlink | got dropped message
2026-03-19 10:03:42 | INFO | ConnectedDownlink | Retransmitted packet seq=6410
2026-03-19 10:03:42 | INFO | ConnectedDownlink | DATA frame received seq=6410 → data_queue
2026-03-19 10:03:42 | INFO | ConnectedDownlink | got dropped message
2026-03-19 10:03:42 | INFO | ConnectedDownlink | Retransmitted packet seq=6412
2026-03-19 10:03:42 | INFO | ConnectedDownlink | DATA frame received seq=6412 → data_queue
2026-03-19 10:03:42 | INFO | ConnectedDownlink | got dropped message
2026-03-19 10:03:42 | INFO | ConnectedDownlink | Retransmitted packet seq=6420
2026-03-19 10:03:42 | INFO | ConnectedDownlink | Retransmitted packet seq=6423
2026-03-19 10:03:42 | INFO | ConnectedDownlink | DATA frame received seq=6423 → data_queue
2026-03-19 10:03:42 | INFO | ConnectedDownlink | got dropped message
2026-03-19 10:03:42 | INFO | ConnectedDownlink | DATA frame received seq=6424 → data_queue
2026-03-19 10:03:42 | INFO | ConnectedDownlink | got dropped message
2026-03-19 10:03:42 | INFO | ConnectedDownlink | Retransmitted packet seq=6424
2026-03-19 10:03:45 | INFO | ConnectedDownlink | timeout error
2026-03-19 10:03:45 | INFO | ConnectedDownlink | Packet seq=6066 stored & marked received implicit ACK will be sent next round)
2026-03-19 10:03:45 | INFO | ConnectedDownlink | Packet seq=6067 stored & marked received implicit ACK will be sent next round)
2026-03-19 10:03:45 | INFO | ConnectedDownlink | Packet seq=6069 stored & marked received implicit ACK will be sent next round)
2026-03-19 10:03:45 | INFO | ConnectedDownlink | Packet seq=6074 stored & marked received implicit ACK will be sent next round)
2026-03-19 10:03:45 | INFO | ConnectedDownlink | Packet seq=6076 stored & marked received implicit ACK will be sent next round)
2026-03-19 10:03:45 | INFO | ConnectedDownlink | Packet seq=6077 stored & marked received implicit ACK will be sent next round)
2026-03-19 10:03:45 | INFO | ConnectedDownlink | Packet seq=6083 stored & marked received implicit ACK will be sent next round)
2026-03-19 10:03:45 | INFO | ConnectedDownlink | Packet seq=6086 stored & marked received implicit ACK will be sent next round)
2026-03-19 10:03:45 | INFO | ConnectedDownlink | Packet seq=6088 stored & marked received implicit ACK will be sent next round)
2026-03-19 10:03:45 | INFO | ConnectedDownlink | Packet seq=6099 stored & marked received implicit ACK will be sent next round)
2026-03-19 10:03:45 | INFO | ConnectedDownlink | Packet seq=6103 stored & marked received implicit ACK will be sent next round)
2026-03-19 10:03:45 | INFO | ConnectedDownlink | Packet seq=6114 stored & marked received implicit ACK will be sent next round)
2026-03-19 10:03:45 | INFO | ConnectedDownlink | Packet seq=6120 stored & marked received implicit ACK will be sent next round)
2026-03-19 10:03:45 | INFO | ConnectedDownlink | Packet seq=6122 stored & marked received implicit ACK will be sent next round)
2026-03-19 10:03:45 | INFO | ConnectedDownlink | Packet seq=6130 stored & marked received implicit ACK will be sent next round)
2026-03-19 10:03:45 | INFO | ConnectedDownlink | Packet seq=6139 stored & marked received implicit ACK will be sent next round)
2026-03-19 10:03:45 | INFO | ConnectedDownlink | Packet seq=6146 stored & marked received implicit ACK will be sent next round)
2026-03-19 10:03:45 | INFO | ConnectedDownlink | Packet seq=6151 stored & marked received implicit ACK will be sent next round)
2026-03-19 10:03:45 | INFO | ConnectedDownlink | Packet seq=6166 stored & marked received implicit ACK will be sent next round)
2026-03-19 10:03:45 | INFO | ConnectedDownlink | Packet seq=6173 stored & marked received implicit ACK will be sent next round)
2026-03-19 10:03:45 | INFO | ConnectedDownlink | Packet seq=6177 stored & marked received implicit ACK will be sent next round)
2026-03-19 10:03:45 | INFO | ConnectedDownlink | Packet seq=6178 stored & marked received implicit ACK will be sent next round)
2026-03-19 10:03:45 | INFO | ConnectedDownlink | Packet seq=6186 stored & marked received implicit ACK will be sent next round)
2026-03-19 10:03:45 | INFO | ConnectedDownlink | Packet seq=6187 stored & marked received implicit ACK will be sent next round)
2026-03-19 10:03:45 | INFO | ConnectedDownlink | Packet seq=6189 stored & marked received implicit ACK will be sent next round)
2026-03-19 10:03:45 | INFO | ConnectedDownlink | Packet seq=6192 stored & marked received implicit ACK will be sent next round)
2026-03-19 10:03:45 | INFO | ConnectedDownlink | Packet seq=6200 stored & marked received implicit ACK will be sent next round)
2026-03-19 10:03:45 | INFO | ConnectedDownlink | Packet seq=6215 stored & marked received implicit ACK will be sent next round)
2026-03-19 10:03:45 | INFO | ConnectedDownlink | Packet seq=6226 stored & marked received implicit ACK will be sent next round)
2026-03-19 10:03:45 | INFO | ConnectedDownlink | Packet seq=6231 stored & marked received implicit ACK will be sent next round)
2026-03-19 10:03:45 | INFO | ConnectedDownlink | Packet seq=6234 stored & marked received implicit ACK will be sent next round)
2026-03-19 10:03:45 | INFO | ConnectedDownlink | Packet seq=6241 stored & marked received implicit ACK will be sent next round)
2026-03-19 10:03:45 | INFO | ConnectedDownlink | Packet seq=6243 stored & marked received implicit ACK will be sent next round)
2026-03-19 10:03:45 | INFO | ConnectedDownlink | Packet seq=6249 stored & marked received implicit ACK will be sent next round)
2026-03-19 10:03:45 | INFO | ConnectedDownlink | Packet seq=6255 stored & marked received implicit ACK will be sent next round)
2026-03-19 10:03:45 | INFO | ConnectedDownlink | Packet seq=6259 stored & marked received implicit ACK will be sent next round)
2026-03-19 10:03:45 | INFO | ConnectedDownlink | Packet seq=6261 stored & marked received implicit ACK will be sent next round)
2026-03-19 10:03:45 | INFO | ConnectedDownlink | Packet seq=6270 stored & marked received implicit ACK will be sent next round)
2026-03-19 10:03:45 | INFO | ConnectedDownlink | Packet seq=6273 stored & marked received implicit ACK will be sent next round)
2026-03-19 10:03:45 | INFO | ConnectedDownlink | Packet seq=6276 stored & marked received implicit ACK will be sent next round)
2026-03-19 10:03:45 | INFO | ConnectedDownlink | Packet seq=6281 stored & marked received implicit ACK will be sent next round)
2026-03-19 10:03:45 | INFO | ConnectedDownlink | Packet seq=6292 stored & marked received implicit ACK will be sent next round)
2026-03-19 10:03:45 | INFO | ConnectedDownlink | Packet seq=6293 stored & marked received implicit ACK will be sent next round)
2026-03-19 10:03:45 | INFO | ConnectedDownlink | Packet seq=6313 stored & marked received implicit ACK will be sent next round)
2026-03-19 10:03:45 | INFO | ConnectedDownlink | Packet seq=6315 stored & marked received implicit ACK will be sent next round)
2026-03-19 10:03:45 | INFO | ConnectedDownlink | Packet seq=6316 stored & marked received implicit ACK will be sent next round)
2026-03-19 10:03:45 | INFO | ConnectedDownlink | Packet seq=6317 stored & marked received implicit ACK will be sent next round)
2026-03-19 10:03:45 | INFO | ConnectedDownlink | Packet seq=6320 stored & marked received implicit ACK will be sent next round)
2026-03-19 10:03:45 | INFO | ConnectedDownlink | Packet seq=6322 stored & marked received implicit ACK will be sent next round)
2026-03-19 10:03:45 | INFO | ConnectedDownlink | Packet seq=6324 stored & marked received implicit ACK will be sent next round)
2026-03-19 10:03:45 | INFO | ConnectedDownlink | Packet seq=6327 stored & marked received implicit ACK will be sent next round)
2026-03-19 10:03:45 | INFO | ConnectedDownlink | Packet seq=6344 stored & marked received implicit ACK will be sent next round)
2026-03-19 10:03:45 | INFO | ConnectedDownlink | Packet seq=6345 stored & marked received implicit ACK will be sent next round)
2026-03-19 10:03:45 | INFO | ConnectedDownlink | Packet seq=6346 stored & marked received implicit ACK will be sent next round)
2026-03-19 10:03:45 | INFO | ConnectedDownlink | Packet seq=6347 stored & marked received implicit ACK will be sent next round)
2026-03-19 10:03:45 | INFO | ConnectedDownlink | Packet seq=6349 stored & marked received implicit ACK will be sent next round)
2026-03-19 10:03:45 | INFO | ConnectedDownlink | Packet seq=6358 stored & marked received implicit ACK will be sent next round)
2026-03-19 10:03:45 | INFO | ConnectedDownlink | Packet seq=6359 stored & marked received implicit ACK will be sent next round)
2026-03-19 10:03:45 | INFO | ConnectedDownlink | Packet seq=6364 stored & marked received implicit ACK will be sent next round)
2026-03-19 10:03:45 | INFO | ConnectedDownlink | Packet seq=6367 stored & marked received implicit ACK will be sent next round)
2026-03-19 10:03:45 | INFO | ConnectedDownlink | Packet seq=6369 stored & marked received implicit ACK will be sent next round)
2026-03-19 10:03:45 | INFO | ConnectedDownlink | Packet seq=6374 stored & marked received implicit ACK will be sent next round)
2026-03-19 10:03:45 | INFO | ConnectedDownlink | Packet seq=6375 stored & marked received implicit ACK will be sent next round)
2026-03-19 10:03:45 | INFO | ConnectedDownlink | Packet seq=6376 stored & marked received implicit ACK will be sent next round)
2026-03-19 10:03:45 | INFO | ConnectedDownlink | Packet seq=6388 stored & marked received implicit ACK will be sent next round)
2026-03-19 10:03:45 | INFO | ConnectedDownlink | Packet seq=6399 stored & marked received implicit ACK will be sent next round)
2026-03-19 10:03:45 | INFO | ConnectedDownlink | Packet seq=6403 stored & marked received implicit ACK will be sent next round)
2026-03-19 10:03:45 | INFO | ConnectedDownlink | Packet seq=6408 stored & marked received implicit ACK will be sent next round)
2026-03-19 10:03:45 | INFO | ConnectedDownlink | Packet seq=6410 stored & marked received implicit ACK will be sent next round)
2026-03-19 10:03:45 | INFO | ConnectedDownlink | Packet seq=6412 stored & marked received implicit ACK will be sent next round)
2026-03-19 10:03:45 | INFO | ConnectedDownlink | Packet seq=6423 stored & marked received implicit ACK will be sent next round)
2026-03-19 10:03:45 | INFO | ConnectedDownlink | Packet seq=6424 stored & marked received implicit ACK will be sent next round)
2026-03-19 10:03:45 | INFO | ConnectedDownlink | Attempt 1/5: received 72/388, still missing [6068, 6079, 6085, 6092, 6098, 6110, 6112, 6116, 6117, 6152, 6162, 6172, 6203, 6204, 6208, 6212, 6216, 6277, 6298, 6309, 6331, 6338, 6348, 6350, 6381, 6387, 6393, 6420, 6425, 6426, 6430, 6432, 6433, 6437, 6441, 6449, 6454, 6457, 6459, 6462, 6463, 6464, 6465, 6466, 6467, 6468, 6472, 6473, 6475, 6477, 6478, 6479, 6482, 6483, 6485, 6495, 6496, 6497, 6498, 6501, 6502, 6506, 6512, 6513, 6514, 6516, 6521, 6523, 6526, 6531, 6532, 6534, 6535, 6540, 6542, 6545, 6549, 6550, 6556, 6559, 6561, 6566, 6569, 6570, 6572, 6575, 6577, 6578, 6581, 6592, 6600, 6601, 6606, 6607, 6617, 6618, 6620, 6624, 6626, 6632, 6634, 6635, 6646, 6655, 6660, 6664, 6666, 6668, 6669, 6675, 6678, 6683, 6686, 6691, 6694, 6695, 6705, 6708, 6711, 6714, 6729, 6735, 6736, 6738, 6742, 6745, 6746, 6747, 6748, 6753, 6754, 6756, 6759, 6761, 6767, 6773, 6775, 6777, 6778, 6787, 6793, 6795, 6797, 6812, 6828, 6829, 6832, 6833, 6834, 6835, 6836, 6840, 6842, 6844, 6854, 6855, 6860, 6862, 6865, 6868, 6871, 6874, 6876, 6877, 6886, 6887, 6888, 6889, 6892, 6895, 6896, 6902, 6906, 6907, 6909, 6916, 6917, 6921, 6925, 6934, 6940, 6941, 6945, 6947, 6950, 6951, 6959, 6962, 6963, 6965, 6967, 6968, 6970, 6974, 6980, 6988, 6991, 6994, 6997, 6998, 7005, 7008, 7010, 7020, 7025, 7027, 7035, 7037, 7039, 7041, 7042, 7053, 7054, 7055, 7056, 7058, 7059, 7064, 7067, 7073, 7077, 7090, 7096, 7100, 7102, 7104, 7106, 7114, 7115, 7116, 7118, 7122, 7126, 7128, 7133, 7136, 7137, 7139, 7141, 7142, 7143, 7147, 7151, 7158, 7159, 7161, 7163, 7164, 7176, 7177, 7178, 7187, 7189, 7197, 7198, 7199, 7204, 7206, 7208, 7209, 7216, 7221, 7225, 7226, 7227, 7228, 7237, 7239, 7241, 7244, 7246, 7247, 7253, 7258, 7260, 7261, 7262, 7263, 7264, 7266, 7267, 7268, 7270, 7272, 7274, 7280, 7282, 7285, 7290, 7293, 7298, 7299, 7303, 7308, 7312, 7313, 7317, 7319, 7320, 7323, 7327, 7329, 7333, 7334, 7336, 7338, 7339, 7341, 7343, 7344, 7354, 7362, 7366, 7369, 7373, 7377]
2026-03-19 10:03:45 | INFO | ConnectedDownlink | SENDING RETRANSMISSION REQUEST [6068, 6079, 6085, 6092, 6098, 6110, 6112, 6116, 6117, 6152, 6162, 6172, 6203, 6204, 6208, 6212, 6216, 6277, 6298, 6309, 6331, 6338, 6348, 6350, 6381, 6387, 6393, 6420, 6425, 6426, 6430, 6432, 6433, 6437, 6441, 6449, 6454, 6457, 6459, 6462, 6463, 6464, 6465, 6466, 6467, 6468, 6472, 6473, 6475, 6477, 6478, 6479, 6482, 6483, 6485, 6495, 6496, 6497, 6498, 6501, 6502, 6506, 6512, 6513, 6514, 6516, 6521, 6523, 6526, 6531, 6532, 6534, 6535, 6540, 6542, 6545, 6549, 6550, 6556, 6559, 6561, 6566, 6569, 6570, 6572, 6575, 6577, 6578, 6581, 6592, 6600, 6601, 6606, 6607, 6617, 6618, 6620, 6624, 6626, 6632] (attempt 2/5)
2026-03-19 10:03:45 | INFO | ConnectedDownlink | RETRANSMIT_REQUEST received: [6068, 6079, 6085, 6092, 6098, 6110, 6112, 6116, 6117, 6152, 6162, 6172, 6203, 6204, 6208, 6212, 6216, 6277, 6298, 6309, 6331, 6338, 6348, 6350, 6381, 6387, 6393, 6420, 6425, 6426, 6430, 6432, 6433, 6437, 6441, 6449, 6454, 6457, 6459, 6462, 6463, 6464, 6465, 6466, 6467, 6468, 6472, 6473, 6475, 6477, 6478, 6479, 6482, 6483, 6485, 6495, 6496, 6497, 6498, 6501, 6502, 6506, 6512, 6513, 6514, 6516, 6521, 6523, 6526, 6531, 6532, 6534, 6535, 6540, 6542, 6545, 6549, 6550, 6556, 6559, 6561, 6566, 6569, 6570, 6572, 6575, 6577, 6578, 6581, 6592, 6600, 6601, 6606, 6607, 6617, 6618, 6620, 6624, 6626, 6632]
2026-03-19 10:03:45 | INFO | ConnectedDownlink | Implicit ACK for packets {6273, 6146, 6403, 6276, 6151, 6408, 6281, 6410, 6412, 6292, 6293, 6166, 6423, 6424, 6173, 6177, 6178, 6313, 6186, 6187, 6315, 6189, 6316, 6317, 6192, 6320, 6322, 6066, 6324, 6067, 6069, 6327, 6200, 6074, 6076, 6077, 6083, 6086, 6215, 6344, 6345, 6346, 6347, 6088, 6349, 6226, 6099, 6358, 6231, 6359, 6103, 6234, 6364, 6367, 6241, 6369, 6243, 6114, 6374, 6375, 6376, 6249, 6120, 6122, 6255, 6130, 6259, 6388, 6261, 6139, 6270, 6399} (absent from new request) — deleting from store
2026-03-19 10:03:46 | INFO | ConnectedDownlink | Serving retransmit request: {6152, 6162, 6172, 6203, 6204, 6208, 6212, 6216, 6277, 6298, 6309, 6331, 6338, 6348, 6350, 6381, 6387, 6393, 6420, 6425, 6426, 6430, 6432, 6433, 6437, 6441, 6449, 6454, 6457, 6459, 6462, 6463, 6464, 6465, 6466, 6467, 6468, 6472, 6473, 6475, 6477, 6478, 6479, 6482, 6483, 6485, 6495, 6496, 6497, 6498, 6501, 6502, 6506, 6512, 6513, 6514, 6516, 6521, 6523, 6526, 6531, 6532, 6534, 6535, 6540, 6542, 6545, 6549, 6550, 6556, 6559, 6561, 6566, 6569, 6570, 6572, 6575, 6577, 6578, 6068, 6581, 6079, 6592, 6085, 6600, 6601, 6092, 6606, 6607, 6098, 6617, 6618, 6620, 6110, 6112, 6624, 6626, 6116, 6117, 6632}
2026-03-19 10:03:46 | INFO | ConnectedDownlink | Retransmitted packet seq=6068
2026-03-19 10:03:46 | INFO | ConnectedDownlink | DATA frame received seq=6068 → data_queue
2026-03-19 10:03:46 | INFO | ConnectedDownlink | got dropped message
2026-03-19 10:03:46 | INFO | ConnectedDownlink | Retransmitted packet seq=6079
2026-03-19 10:03:46 | INFO | ConnectedDownlink | DATA frame received seq=6079 → data_queue
2026-03-19 10:03:46 | INFO | ConnectedDownlink | got dropped message
2026-03-19 10:03:46 | INFO | ConnectedDownlink | Retransmitted packet seq=6085
2026-03-19 10:03:46 | INFO | ConnectedDownlink | DATA frame received seq=6085 → data_queue
2026-03-19 10:03:46 | INFO | ConnectedDownlink | got dropped message
2026-03-19 10:03:46 | INFO | ConnectedDownlink | Retransmitted packet seq=6092
2026-03-19 10:03:46 | INFO | ConnectedDownlink | DATA frame received seq=6092 → data_queue
2026-03-19 10:03:46 | INFO | ConnectedDownlink | got dropped message
2026-03-19 10:03:46 | INFO | ConnectedDownlink | Retransmitted packet seq=6098
2026-03-19 10:03:46 | INFO | ConnectedDownlink | Retransmitted packet seq=6110
2026-03-19 10:03:46 | INFO | ConnectedDownlink | DATA frame received seq=6110 → data_queue
2026-03-19 10:03:46 | INFO | ConnectedDownlink | got dropped message
2026-03-19 10:03:46 | INFO | ConnectedDownlink | Retransmitted packet seq=6112
2026-03-19 10:03:46 | INFO | ConnectedDownlink | DATA frame received seq=6112 → data_queue
2026-03-19 10:03:46 | INFO | ConnectedDownlink | got dropped message
2026-03-19 10:03:46 | INFO | ConnectedDownlink | Retransmitted packet seq=6116
2026-03-19 10:03:46 | INFO | ConnectedDownlink | Retransmitted packet seq=6117
2026-03-19 10:03:46 | INFO | ConnectedDownlink | DATA frame received seq=6116 → data_queue
2026-03-19 10:03:46 | INFO | ConnectedDownlink | got dropped message
2026-03-19 10:03:46 | INFO | ConnectedDownlink | DATA frame received seq=6117 → data_queue
2026-03-19 10:03:46 | INFO | ConnectedDownlink | got dropped message
2026-03-19 10:03:46 | INFO | ConnectedDownlink | Retransmitted packet seq=6152
2026-03-19 10:03:46 | INFO | ConnectedDownlink | Retransmitted packet seq=6162
2026-03-19 10:03:46 | INFO | ConnectedDownlink | DATA frame received seq=6162 → data_queue
2026-03-19 10:03:46 | INFO | ConnectedDownlink | got dropped message
2026-03-19 10:03:46 | INFO | ConnectedDownlink | Retransmitted packet seq=6172
2026-03-19 10:03:46 | INFO | ConnectedDownlink | Retransmitted packet seq=6203
2026-03-19 10:03:46 | INFO | ConnectedDownlink | Retransmitted packet seq=6204
2026-03-19 10:03:46 | INFO | ConnectedDownlink | Retransmitted packet seq=6208
2026-03-19 10:03:46 | INFO | ConnectedDownlink | Retransmitted packet seq=6212
2026-03-19 10:03:46 | INFO | ConnectedDownlink | Retransmitted packet seq=6216
2026-03-19 10:03:46 | INFO | ConnectedDownlink | DATA frame received seq=6212 → data_queue
2026-03-19 10:03:46 | INFO | ConnectedDownlink | got dropped message
2026-03-19 10:03:46 | INFO | ConnectedDownlink | Retransmitted packet seq=6277
2026-03-19 10:03:46 | INFO | ConnectedDownlink | DATA frame received seq=6277 → data_queue
2026-03-19 10:03:46 | INFO | ConnectedDownlink | got dropped message
2026-03-19 10:03:46 | INFO | ConnectedDownlink | Retransmitted packet seq=6298
2026-03-19 10:03:46 | INFO | ConnectedDownlink | Retransmitted packet seq=6309
2026-03-19 10:03:46 | INFO | ConnectedDownlink | DATA frame received seq=6309 → data_queue
2026-03-19 10:03:46 | INFO | ConnectedDownlink | got dropped message
2026-03-19 10:03:46 | INFO | ConnectedDownlink | Retransmitted packet seq=6331
2026-03-19 10:03:46 | INFO | ConnectedDownlink | DATA frame received seq=6331 → data_queue
2026-03-19 10:03:46 | INFO | ConnectedDownlink | got dropped message
2026-03-19 10:03:46 | INFO | ConnectedDownlink | Retransmitted packet seq=6338
2026-03-19 10:03:46 | INFO | ConnectedDownlink | DATA frame received seq=6338 → data_queue
2026-03-19 10:03:46 | INFO | ConnectedDownlink | got dropped message
2026-03-19 10:03:46 | INFO | ConnectedDownlink | Retransmitted packet seq=6348
2026-03-19 10:03:46 | INFO | ConnectedDownlink | DATA frame received seq=6348 → data_queue
2026-03-19 10:03:46 | INFO | ConnectedDownlink | got dropped message
2026-03-19 10:03:46 | INFO | ConnectedDownlink | Retransmitted packet seq=6350
2026-03-19 10:03:46 | INFO | ConnectedDownlink | Retransmitted packet seq=6381
2026-03-19 10:03:46 | INFO | ConnectedDownlink | DATA frame received seq=6381 → data_queue
2026-03-19 10:03:46 | INFO | ConnectedDownlink | got dropped message
2026-03-19 10:03:46 | INFO | ConnectedDownlink | Retransmitted packet seq=6387
2026-03-19 10:03:46 | INFO | ConnectedDownlink | Retransmitted packet seq=6393
2026-03-19 10:03:46 | INFO | ConnectedDownlink | Retransmitted packet seq=6420
2026-03-19 10:03:46 | INFO | ConnectedDownlink | DATA frame received seq=6420 → data_queue
2026-03-19 10:03:46 | INFO | ConnectedDownlink | got dropped message
2026-03-19 10:03:46 | INFO | ConnectedDownlink | Retransmitted packet seq=6425
2026-03-19 10:03:46 | INFO | ConnectedDownlink | Retransmitted packet seq=6426
2026-03-19 10:03:46 | INFO | ConnectedDownlink | DATA frame received seq=6426 → data_queue
2026-03-19 10:03:46 | INFO | ConnectedDownlink | got dropped message
2026-03-19 10:03:46 | INFO | ConnectedDownlink | Retransmitted packet seq=6430
2026-03-19 10:03:46 | INFO | ConnectedDownlink | Retransmitted packet seq=6432
2026-03-19 10:03:46 | INFO | ConnectedDownlink | Retransmitted packet seq=6433
2026-03-19 10:03:46 | INFO | ConnectedDownlink | DATA frame received seq=6433 → data_queue
2026-03-19 10:03:46 | INFO | ConnectedDownlink | got dropped message
2026-03-19 10:03:46 | INFO | ConnectedDownlink | Retransmitted packet seq=6437
2026-03-19 10:03:46 | INFO | ConnectedDownlink | DATA frame received seq=6437 → data_queue
2026-03-19 10:03:46 | INFO | ConnectedDownlink | got dropped message
2026-03-19 10:03:46 | INFO | ConnectedDownlink | Retransmitted packet seq=6441
2026-03-19 10:03:46 | INFO | ConnectedDownlink | DATA frame received seq=6441 → data_queue
2026-03-19 10:03:46 | INFO | ConnectedDownlink | got dropped message
2026-03-19 10:03:46 | INFO | ConnectedDownlink | Retransmitted packet seq=6449
2026-03-19 10:03:46 | INFO | ConnectedDownlink | DATA frame received seq=6449 → data_queue
2026-03-19 10:03:46 | INFO | ConnectedDownlink | got dropped message
2026-03-19 10:03:46 | INFO | ConnectedDownlink | Retransmitted packet seq=6454
2026-03-19 10:03:46 | INFO | ConnectedDownlink | Retransmitted packet seq=6457
2026-03-19 10:03:46 | INFO | ConnectedDownlink | DATA frame received seq=6457 → data_queue
2026-03-19 10:03:46 | INFO | ConnectedDownlink | got dropped message
2026-03-19 10:03:46 | INFO | ConnectedDownlink | Retransmitted packet seq=6459
2026-03-19 10:03:46 | INFO | ConnectedDownlink | DATA frame received seq=6459 → data_queue
2026-03-19 10:03:46 | INFO | ConnectedDownlink | got dropped message
2026-03-19 10:03:46 | INFO | ConnectedDownlink | Retransmitted packet seq=6462
2026-03-19 10:03:46 | INFO | ConnectedDownlink | DATA frame received seq=6462 → data_queue
2026-03-19 10:03:46 | INFO | ConnectedDownlink | got dropped message
2026-03-19 10:03:46 | INFO | ConnectedDownlink | Retransmitted packet seq=6463
2026-03-19 10:03:46 | INFO | ConnectedDownlink | Retransmitted packet seq=6464
2026-03-19 10:03:46 | INFO | ConnectedDownlink | Retransmitted packet seq=6465
2026-03-19 10:03:46 | INFO | ConnectedDownlink | DATA frame received seq=6465 → data_queue
2026-03-19 10:03:46 | INFO | ConnectedDownlink | got dropped message
2026-03-19 10:03:46 | INFO | ConnectedDownlink | Retransmitted packet seq=6466
2026-03-19 10:03:46 | INFO | ConnectedDownlink | Retransmitted packet seq=6467
2026-03-19 10:03:46 | INFO | ConnectedDownlink | DATA frame received seq=6467 → data_queue
2026-03-19 10:03:46 | INFO | ConnectedDownlink | got dropped message
2026-03-19 10:03:46 | INFO | ConnectedDownlink | Retransmitted packet seq=6468
2026-03-19 10:03:46 | INFO | ConnectedDownlink | Retransmitted packet seq=6472
2026-03-19 10:03:46 | INFO | ConnectedDownlink | Retransmitted packet seq=6473
2026-03-19 10:03:46 | INFO | ConnectedDownlink | DATA frame received seq=6473 → data_queue
2026-03-19 10:03:46 | INFO | ConnectedDownlink | got dropped message
2026-03-19 10:03:46 | INFO | ConnectedDownlink | Retransmitted packet seq=6475
2026-03-19 10:03:46 | INFO | ConnectedDownlink | DATA frame received seq=6475 → data_queue
2026-03-19 10:03:46 | INFO | ConnectedDownlink | got dropped message
2026-03-19 10:03:46 | INFO | ConnectedDownlink | Retransmitted packet seq=6477
2026-03-19 10:03:46 | INFO | ConnectedDownlink | Retransmitted packet seq=6478
2026-03-19 10:03:46 | INFO | ConnectedDownlink | DATA frame received seq=6478 → data_queue
2026-03-19 10:03:46 | INFO | ConnectedDownlink | got dropped message
2026-03-19 10:03:46 | INFO | ConnectedDownlink | Retransmitted packet seq=6479
2026-03-19 10:03:46 | INFO | ConnectedDownlink | DATA frame received seq=6479 → data_queue
2026-03-19 10:03:46 | INFO | ConnectedDownlink | got dropped message
2026-03-19 10:03:46 | INFO | ConnectedDownlink | Retransmitted packet seq=6482
2026-03-19 10:03:46 | INFO | ConnectedDownlink | Retransmitted packet seq=6483
2026-03-19 10:03:46 | INFO | ConnectedDownlink | DATA frame received seq=6483 → data_queue
2026-03-19 10:03:46 | INFO | ConnectedDownlink | got dropped message
2026-03-19 10:03:46 | INFO | ConnectedDownlink | Retransmitted packet seq=6485
2026-03-19 10:03:46 | INFO | ConnectedDownlink | DATA frame received seq=6485 → data_queue
2026-03-19 10:03:46 | INFO | ConnectedDownlink | got dropped message
2026-03-19 10:03:46 | INFO | ConnectedDownlink | Retransmitted packet seq=6495
2026-03-19 10:03:46 | INFO | ConnectedDownlink | Retransmitted packet seq=6496
2026-03-19 10:03:46 | INFO | ConnectedDownlink | DATA frame received seq=6495 → data_queue
2026-03-19 10:03:46 | INFO | ConnectedDownlink | got dropped message
2026-03-19 10:03:46 | INFO | ConnectedDownlink | Retransmitted packet seq=6497
2026-03-19 10:03:46 | INFO | ConnectedDownlink | Retransmitted packet seq=6498
2026-03-19 10:03:46 | INFO | ConnectedDownlink | DATA frame received seq=6497 → data_queue
2026-03-19 10:03:46 | INFO | ConnectedDownlink | got dropped message
2026-03-19 10:03:46 | INFO | ConnectedDownlink | Retransmitted packet seq=6501
2026-03-19 10:03:46 | INFO | ConnectedDownlink | DATA frame received seq=6501 → data_queue
2026-03-19 10:03:46 | INFO | ConnectedDownlink | got dropped message
2026-03-19 10:03:46 | INFO | ConnectedDownlink | Retransmitted packet seq=6502
2026-03-19 10:03:46 | INFO | ConnectedDownlink | DATA frame received seq=6502 → data_queue
2026-03-19 10:03:46 | INFO | ConnectedDownlink | got dropped message
2026-03-19 10:03:46 | INFO | ConnectedDownlink | Retransmitted packet seq=6506
2026-03-19 10:03:46 | INFO | ConnectedDownlink | DATA frame received seq=6506 → data_queue
2026-03-19 10:03:46 | INFO | ConnectedDownlink | got dropped message
2026-03-19 10:03:46 | INFO | ConnectedDownlink | Retransmitted packet seq=6512
2026-03-19 10:03:46 | INFO | ConnectedDownlink | DATA frame received seq=6512 → data_queue
2026-03-19 10:03:46 | INFO | ConnectedDownlink | got dropped message
2026-03-19 10:03:46 | INFO | ConnectedDownlink | Retransmitted packet seq=6513
2026-03-19 10:03:46 | INFO | ConnectedDownlink | DATA frame received seq=6513 → data_queue
2026-03-19 10:03:46 | INFO | ConnectedDownlink | got dropped message
2026-03-19 10:03:46 | INFO | ConnectedDownlink | Retransmitted packet seq=6514
2026-03-19 10:03:46 | INFO | ConnectedDownlink | DATA frame received seq=6514 → data_queue
2026-03-19 10:03:46 | INFO | ConnectedDownlink | got dropped message
2026-03-19 10:03:47 | INFO | ConnectedDownlink | Retransmitted packet seq=6516
2026-03-19 10:03:47 | INFO | ConnectedDownlink | Retransmitted packet seq=6521
2026-03-19 10:03:47 | INFO | ConnectedDownlink | DATA frame received seq=6521 → data_queue
2026-03-19 10:03:47 | INFO | ConnectedDownlink | got dropped message
2026-03-19 10:03:47 | INFO | ConnectedDownlink | Retransmitted packet seq=6523
2026-03-19 10:03:47 | INFO | ConnectedDownlink | Retransmitted packet seq=6526
2026-03-19 10:03:47 | INFO | ConnectedDownlink | Retransmitted packet seq=6531
2026-03-19 10:03:47 | INFO | ConnectedDownlink | Retransmitted packet seq=6532
2026-03-19 10:03:47 | INFO | ConnectedDownlink | Retransmitted packet seq=6534
2026-03-19 10:03:47 | INFO | ConnectedDownlink | DATA frame received seq=6532 → data_queue
2026-03-19 10:03:47 | INFO | ConnectedDownlink | got dropped message
2026-03-19 10:03:47 | INFO | ConnectedDownlink | DATA frame received seq=6534 → data_queue
2026-03-19 10:03:47 | INFO | ConnectedDownlink | got dropped message
2026-03-19 10:03:47 | INFO | ConnectedDownlink | Retransmitted packet seq=6535
2026-03-19 10:03:47 | INFO | ConnectedDownlink | Retransmitted packet seq=6540
2026-03-19 10:03:47 | INFO | ConnectedDownlink | Retransmitted packet seq=6542
2026-03-19 10:03:47 | INFO | ConnectedDownlink | DATA frame received seq=6542 → data_queue
2026-03-19 10:03:47 | INFO | ConnectedDownlink | got dropped message
2026-03-19 10:03:47 | INFO | ConnectedDownlink | Retransmitted packet seq=6545
2026-03-19 10:03:47 | INFO | ConnectedDownlink | Retransmitted packet seq=6549
2026-03-19 10:03:47 | INFO | ConnectedDownlink | DATA frame received seq=6549 → data_queue
2026-03-19 10:03:47 | INFO | ConnectedDownlink | got dropped message
2026-03-19 10:03:47 | INFO | ConnectedDownlink | Retransmitted packet seq=6550
2026-03-19 10:03:47 | INFO | ConnectedDownlink | DATA frame received seq=6550 → data_queue
2026-03-19 10:03:47 | INFO | ConnectedDownlink | got dropped message
2026-03-19 10:03:47 | INFO | ConnectedDownlink | Retransmitted packet seq=6556
2026-03-19 10:03:47 | INFO | ConnectedDownlink | Retransmitted packet seq=6559
2026-03-19 10:03:47 | INFO | ConnectedDownlink | DATA frame received seq=6559 → data_queue
2026-03-19 10:03:47 | INFO | ConnectedDownlink | got dropped message
2026-03-19 10:03:47 | INFO | ConnectedDownlink | Retransmitted packet seq=6561
2026-03-19 10:03:47 | INFO | ConnectedDownlink | DATA frame received seq=6561 → data_queue
2026-03-19 10:03:47 | INFO | ConnectedDownlink | got dropped message
2026-03-19 10:03:47 | INFO | ConnectedDownlink | Retransmitted packet seq=6566
2026-03-19 10:03:47 | INFO | ConnectedDownlink | DATA frame received seq=6566 → data_queue
2026-03-19 10:03:47 | INFO | ConnectedDownlink | got dropped message
2026-03-19 10:03:47 | INFO | ConnectedDownlink | Retransmitted packet seq=6569
2026-03-19 10:03:47 | INFO | ConnectedDownlink | DATA frame received seq=6569 → data_queue
2026-03-19 10:03:47 | INFO | ConnectedDownlink | got dropped message
2026-03-19 10:03:47 | INFO | ConnectedDownlink | Retransmitted packet seq=6570
2026-03-19 10:03:47 | INFO | ConnectedDownlink | Retransmitted packet seq=6572
2026-03-19 10:03:47 | INFO | ConnectedDownlink | Retransmitted packet seq=6575
2026-03-19 10:03:47 | INFO | ConnectedDownlink | DATA frame received seq=6575 → data_queue
2026-03-19 10:03:47 | INFO | ConnectedDownlink | got dropped message
2026-03-19 10:03:47 | INFO | ConnectedDownlink | Retransmitted packet seq=6577
2026-03-19 10:03:47 | INFO | ConnectedDownlink | Retransmitted packet seq=6578
2026-03-19 10:03:47 | INFO | ConnectedDownlink | DATA frame received seq=6577 → data_queue
2026-03-19 10:03:47 | INFO | ConnectedDownlink | got dropped message
2026-03-19 10:03:47 | INFO | ConnectedDownlink | DATA frame received seq=6578 → data_queue
2026-03-19 10:03:47 | INFO | ConnectedDownlink | got dropped message
2026-03-19 10:03:47 | INFO | ConnectedDownlink | Retransmitted packet seq=6581
2026-03-19 10:03:47 | INFO | ConnectedDownlink | Retransmitted packet seq=6592
2026-03-19 10:03:47 | INFO | ConnectedDownlink | DATA frame received seq=6581 → data_queue
2026-03-19 10:03:47 | INFO | ConnectedDownlink | got dropped message
2026-03-19 10:03:47 | INFO | ConnectedDownlink | DATA frame received seq=6592 → data_queue
2026-03-19 10:03:47 | INFO | ConnectedDownlink | got dropped message
2026-03-19 10:03:47 | INFO | ConnectedDownlink | Retransmitted packet seq=6600
2026-03-19 10:03:47 | INFO | ConnectedDownlink | DATA frame received seq=6600 → data_queue
2026-03-19 10:03:47 | INFO | ConnectedDownlink | got dropped message
2026-03-19 10:03:47 | INFO | ConnectedDownlink | Retransmitted packet seq=6601
2026-03-19 10:03:47 | INFO | ConnectedDownlink | DATA frame received seq=6601 → data_queue
2026-03-19 10:03:47 | INFO | ConnectedDownlink | got dropped message
2026-03-19 10:03:47 | INFO | ConnectedDownlink | Retransmitted packet seq=6606
2026-03-19 10:03:47 | INFO | ConnectedDownlink | Retransmitted packet seq=6607
2026-03-19 10:03:47 | INFO | ConnectedDownlink | DATA frame received seq=6607 → data_queue
2026-03-19 10:03:47 | INFO | ConnectedDownlink | got dropped message
2026-03-19 10:03:47 | INFO | ConnectedDownlink | Retransmitted packet seq=6617
2026-03-19 10:03:47 | INFO | ConnectedDownlink | DATA frame received seq=6617 → data_queue
2026-03-19 10:03:47 | INFO | ConnectedDownlink | got dropped message
2026-03-19 10:03:47 | INFO | ConnectedDownlink | Retransmitted packet seq=6618
2026-03-19 10:03:47 | INFO | ConnectedDownlink | DATA frame received seq=6618 → data_queue
2026-03-19 10:03:47 | INFO | ConnectedDownlink | got dropped message
2026-03-19 10:03:47 | INFO | ConnectedDownlink | Retransmitted packet seq=6620
2026-03-19 10:03:47 | INFO | ConnectedDownlink | DATA frame received seq=6620 → data_queue
2026-03-19 10:03:47 | INFO | ConnectedDownlink | got dropped message
2026-03-19 10:03:47 | INFO | ConnectedDownlink | Retransmitted packet seq=6624
2026-03-19 10:03:47 | INFO | ConnectedDownlink | DATA frame received seq=6624 → data_queue
2026-03-19 10:03:47 | INFO | ConnectedDownlink | got dropped message
2026-03-19 10:03:47 | INFO | ConnectedDownlink | Retransmitted packet seq=6626
2026-03-19 10:03:47 | INFO | ConnectedDownlink | DATA frame received seq=6626 → data_queue
2026-03-19 10:03:47 | INFO | ConnectedDownlink | got dropped message
2026-03-19 10:03:47 | INFO | ConnectedDownlink | DATA frame received seq=6632 → data_queue
2026-03-19 10:03:47 | INFO | ConnectedDownlink | got dropped message
2026-03-19 10:03:47 | INFO | ConnectedDownlink | Retransmitted packet seq=6632
2026-03-19 10:03:50 | INFO | ConnectedDownlink | timeout error
2026-03-19 10:03:50 | INFO | ConnectedDownlink | Packet seq=6068 stored & marked received implicit ACK will be sent next round)
2026-03-19 10:03:50 | INFO | ConnectedDownlink | Packet seq=6079 stored & marked received implicit ACK will be sent next round)
2026-03-19 10:03:50 | INFO | ConnectedDownlink | Packet seq=6085 stored & marked received implicit ACK will be sent next round)
2026-03-19 10:03:50 | INFO | ConnectedDownlink | Packet seq=6092 stored & marked received implicit ACK will be sent next round)
2026-03-19 10:03:50 | INFO | ConnectedDownlink | Packet seq=6110 stored & marked received implicit ACK will be sent next round)
2026-03-19 10:03:50 | INFO | ConnectedDownlink | Packet seq=6112 stored & marked received implicit ACK will be sent next round)
2026-03-19 10:03:50 | INFO | ConnectedDownlink | Packet seq=6116 stored & marked received implicit ACK will be sent next round)
2026-03-19 10:03:50 | INFO | ConnectedDownlink | Packet seq=6117 stored & marked received implicit ACK will be sent next round)
2026-03-19 10:03:50 | INFO | ConnectedDownlink | Packet seq=6162 stored & marked received implicit ACK will be sent next round)
2026-03-19 10:03:50 | INFO | ConnectedDownlink | Packet seq=6212 stored & marked received implicit ACK will be sent next round)
2026-03-19 10:03:50 | INFO | ConnectedDownlink | Packet seq=6277 stored & marked received implicit ACK will be sent next round)
2026-03-19 10:03:50 | INFO | ConnectedDownlink | Packet seq=6309 stored & marked received implicit ACK will be sent next round)
2026-03-19 10:03:50 | INFO | ConnectedDownlink | Packet seq=6331 stored & marked received implicit ACK will be sent next round)
2026-03-19 10:03:50 | INFO | ConnectedDownlink | Packet seq=6338 stored & marked received implicit ACK will be sent next round)
2026-03-19 10:03:50 | INFO | ConnectedDownlink | Packet seq=6348 stored & marked received implicit ACK will be sent next round)
2026-03-19 10:03:50 | INFO | ConnectedDownlink | Packet seq=6381 stored & marked received implicit ACK will be sent next round)
2026-03-19 10:03:50 | INFO | ConnectedDownlink | Packet seq=6420 stored & marked received implicit ACK will be sent next round)
2026-03-19 10:03:50 | INFO | ConnectedDownlink | Packet seq=6426 stored & marked received implicit ACK will be sent next round)
2026-03-19 10:03:50 | INFO | ConnectedDownlink | Packet seq=6433 stored & marked received implicit ACK will be sent next round)
2026-03-19 10:03:50 | INFO | ConnectedDownlink | Packet seq=6437 stored & marked received implicit ACK will be sent next round)
2026-03-19 10:03:50 | INFO | ConnectedDownlink | Packet seq=6441 stored & marked received implicit ACK will be sent next round)
2026-03-19 10:03:50 | INFO | ConnectedDownlink | Packet seq=6449 stored & marked received implicit ACK will be sent next round)
2026-03-19 10:03:50 | INFO | ConnectedDownlink | Packet seq=6457 stored & marked received implicit ACK will be sent next round)
2026-03-19 10:03:50 | INFO | ConnectedDownlink | Packet seq=6459 stored & marked received implicit ACK will be sent next round)
2026-03-19 10:03:50 | INFO | ConnectedDownlink | Packet seq=6462 stored & marked received implicit ACK will be sent next round)
2026-03-19 10:03:50 | INFO | ConnectedDownlink | Packet seq=6465 stored & marked received implicit ACK will be sent next round)
2026-03-19 10:03:50 | INFO | ConnectedDownlink | Packet seq=6467 stored & marked received implicit ACK will be sent next round)
2026-03-19 10:03:50 | INFO | ConnectedDownlink | Packet seq=6473 stored & marked received implicit ACK will be sent next round)
2026-03-19 10:03:50 | INFO | ConnectedDownlink | Packet seq=6475 stored & marked received implicit ACK will be sent next round)
2026-03-19 10:03:50 | INFO | ConnectedDownlink | Packet seq=6478 stored & marked received implicit ACK will be sent next round)
2026-03-19 10:03:50 | INFO | ConnectedDownlink | Packet seq=6479 stored & marked received implicit ACK will be sent next round)
2026-03-19 10:03:50 | INFO | ConnectedDownlink | Packet seq=6483 stored & marked received implicit ACK will be sent next round)
2026-03-19 10:03:50 | INFO | ConnectedDownlink | Packet seq=6485 stored & marked received implicit ACK will be sent next round)
2026-03-19 10:03:50 | INFO | ConnectedDownlink | Packet seq=6495 stored & marked received implicit ACK will be sent next round)
2026-03-19 10:03:50 | INFO | ConnectedDownlink | Packet seq=6497 stored & marked received implicit ACK will be sent next round)
2026-03-19 10:03:50 | INFO | ConnectedDownlink | Packet seq=6501 stored & marked received implicit ACK will be sent next round)
2026-03-19 10:03:50 | INFO | ConnectedDownlink | Packet seq=6502 stored & marked received implicit ACK will be sent next round)
2026-03-19 10:03:50 | INFO | ConnectedDownlink | Packet seq=6506 stored & marked received implicit ACK will be sent next round)
2026-03-19 10:03:50 | INFO | ConnectedDownlink | Packet seq=6512 stored & marked received implicit ACK will be sent next round)
2026-03-19 10:03:50 | INFO | ConnectedDownlink | Packet seq=6513 stored & marked received implicit ACK will be sent next round)
2026-03-19 10:03:50 | INFO | ConnectedDownlink | Packet seq=6514 stored & marked received implicit ACK will be sent next round)
2026-03-19 10:03:50 | INFO | ConnectedDownlink | Packet seq=6521 stored & marked received implicit ACK will be sent next round)
2026-03-19 10:03:50 | INFO | ConnectedDownlink | Packet seq=6532 stored & marked received implicit ACK will be sent next round)
2026-03-19 10:03:50 | INFO | ConnectedDownlink | Packet seq=6534 stored & marked received implicit ACK will be sent next round)
2026-03-19 10:03:50 | INFO | ConnectedDownlink | Packet seq=6542 stored & marked received implicit ACK will be sent next round)
2026-03-19 10:03:50 | INFO | ConnectedDownlink | Packet seq=6549 stored & marked received implicit ACK will be sent next round)
2026-03-19 10:03:50 | INFO | ConnectedDownlink | Packet seq=6550 stored & marked received implicit ACK will be sent next round)
2026-03-19 10:03:50 | INFO | ConnectedDownlink | Packet seq=6559 stored & marked received implicit ACK will be sent next round)
2026-03-19 10:03:50 | INFO | ConnectedDownlink | Packet seq=6561 stored & marked received implicit ACK will be sent next round)
2026-03-19 10:03:50 | INFO | ConnectedDownlink | Packet seq=6566 stored & marked received implicit ACK will be sent next round)
2026-03-19 10:03:50 | INFO | ConnectedDownlink | Packet seq=6569 stored & marked received implicit ACK will be sent next round)
2026-03-19 10:03:50 | INFO | ConnectedDownlink | Packet seq=6575 stored & marked received implicit ACK will be sent next round)
2026-03-19 10:03:50 | INFO | ConnectedDownlink | Packet seq=6577 stored & marked received implicit ACK will be sent next round)
2026-03-19 10:03:50 | INFO | ConnectedDownlink | Packet seq=6578 stored & marked received implicit ACK will be sent next round)
2026-03-19 10:03:50 | INFO | ConnectedDownlink | Packet seq=6581 stored & marked received implicit ACK will be sent next round)
2026-03-19 10:03:50 | INFO | ConnectedDownlink | Packet seq=6592 stored & marked received implicit ACK will be sent next round)
2026-03-19 10:03:50 | INFO | ConnectedDownlink | Packet seq=6600 stored & marked received implicit ACK will be sent next round)
2026-03-19 10:03:50 | INFO | ConnectedDownlink | Packet seq=6601 stored & marked received implicit ACK will be sent next round)
2026-03-19 10:03:50 | INFO | ConnectedDownlink | Packet seq=6607 stored & marked received implicit ACK will be sent next round)
2026-03-19 10:03:50 | INFO | ConnectedDownlink | Packet seq=6617 stored & marked received implicit ACK will be sent next round)
2026-03-19 10:03:50 | INFO | ConnectedDownlink | Packet seq=6618 stored & marked received implicit ACK will be sent next round)
2026-03-19 10:03:50 | INFO | ConnectedDownlink | Packet seq=6620 stored & marked received implicit ACK will be sent next round)
2026-03-19 10:03:50 | INFO | ConnectedDownlink | Packet seq=6624 stored & marked received implicit ACK will be sent next round)
2026-03-19 10:03:50 | INFO | ConnectedDownlink | Packet seq=6626 stored & marked received implicit ACK will be sent next round)
2026-03-19 10:03:50 | INFO | ConnectedDownlink | Packet seq=6632 stored & marked received implicit ACK will be sent next round)
2026-03-19 10:03:50 | INFO | ConnectedDownlink | Attempt 2/5: received 65/316, still missing [6098, 6152, 6172, 6203, 6204, 6208, 6216, 6298, 6350, 6387, 6393, 6425, 6430, 6432, 6454, 6463, 6464, 6466, 6468, 6472, 6477, 6482, 6496, 6498, 6516, 6523, 6526, 6531, 6535, 6540, 6545, 6556, 6570, 6572, 6606, 6634, 6635, 6646, 6655, 6660, 6664, 6666, 6668, 6669, 6675, 6678, 6683, 6686, 6691, 6694, 6695, 6705, 6708, 6711, 6714, 6729, 6735, 6736, 6738, 6742, 6745, 6746, 6747, 6748, 6753, 6754, 6756, 6759, 6761, 6767, 6773, 6775, 6777, 6778, 6787, 6793, 6795, 6797, 6812, 6828, 6829, 6832, 6833, 6834, 6835, 6836, 6840, 6842, 6844, 6854, 6855, 6860, 6862, 6865, 6868, 6871, 6874, 6876, 6877, 6886, 6887, 6888, 6889, 6892, 6895, 6896, 6902, 6906, 6907, 6909, 6916, 6917, 6921, 6925, 6934, 6940, 6941, 6945, 6947, 6950, 6951, 6959, 6962, 6963, 6965, 6967, 6968, 6970, 6974, 6980, 6988, 6991, 6994, 6997, 6998, 7005, 7008, 7010, 7020, 7025, 7027, 7035, 7037, 7039, 7041, 7042, 7053, 7054, 7055, 7056, 7058, 7059, 7064, 7067, 7073, 7077, 7090, 7096, 7100, 7102, 7104, 7106, 7114, 7115, 7116, 7118, 7122, 7126, 7128, 7133, 7136, 7137, 7139, 7141, 7142, 7143, 7147, 7151, 7158, 7159, 7161, 7163, 7164, 7176, 7177, 7178, 7187, 7189, 7197, 7198, 7199, 7204, 7206, 7208, 7209, 7216, 7221, 7225, 7226, 7227, 7228, 7237, 7239, 7241, 7244, 7246, 7247, 7253, 7258, 7260, 7261, 7262, 7263, 7264, 7266, 7267, 7268, 7270, 7272, 7274, 7280, 7282, 7285, 7290, 7293, 7298, 7299, 7303, 7308, 7312, 7313, 7317, 7319, 7320, 7323, 7327, 7329, 7333, 7334, 7336, 7338, 7339, 7341, 7343, 7344, 7354, 7362, 7366, 7369, 7373, 7377]
2026-03-19 10:03:50 | INFO | ConnectedDownlink | SENDING RETRANSMISSION REQUEST [6098, 6152, 6172, 6203, 6204, 6208, 6216, 6298, 6350, 6387, 6393, 6425, 6430, 6432, 6454, 6463, 6464, 6466, 6468, 6472, 6477, 6482, 6496, 6498, 6516, 6523, 6526, 6531, 6535, 6540, 6545, 6556, 6570, 6572, 6606, 6634, 6635, 6646, 6655, 6660, 6664, 6666, 6668, 6669, 6675, 6678, 6683, 6686, 6691, 6694, 6695, 6705, 6708, 6711, 6714, 6729, 6735, 6736, 6738, 6742, 6745, 6746, 6747, 6748, 6753, 6754, 6756, 6759, 6761, 6767, 6773, 6775, 6777, 6778, 6787, 6793, 6795, 6797, 6812, 6828, 6829, 6832, 6833, 6834, 6835, 6836, 6840, 6842, 6844, 6854, 6855, 6860, 6862, 6865, 6868, 6871, 6874, 6876, 6877, 6886] (attempt 3/5)
2026-03-19 10:03:50 | INFO | ConnectedDownlink | RETRANSMIT_REQUEST received: [6098, 6152, 6172, 6203, 6204, 6208, 6216, 6298, 6350, 6387, 6393, 6425, 6430, 6432, 6454, 6463, 6464, 6466, 6468, 6472, 6477, 6482, 6496, 6498, 6516, 6523, 6526, 6531, 6535, 6540, 6545, 6556, 6570, 6572, 6606, 6634, 6635, 6646, 6655, 6660, 6664, 6666, 6668, 6669, 6675, 6678, 6683, 6686, 6691, 6694, 6695, 6705, 6708, 6711, 6714, 6729, 6735, 6736, 6738, 6742, 6745, 6746, 6747, 6748, 6753, 6754, 6756, 6759, 6761, 6767, 6773, 6775, 6777, 6778, 6787, 6793, 6795, 6797, 6812, 6828, 6829, 6832, 6833, 6834, 6835, 6836, 6840, 6842, 6844, 6854, 6855, 6860, 6862, 6865, 6868, 6871, 6874, 6876, 6877, 6886]
2026-03-19 10:03:50 | INFO | ConnectedDownlink | Implicit ACK for packets {6532, 6277, 6534, 6542, 6162, 6420, 6549, 6550, 6426, 6559, 6433, 6561, 6309, 6437, 6566, 6441, 6569, 6575, 6449, 6577, 6578, 6068, 6581, 6457, 6459, 6331, 6462, 6079, 6592, 6465, 6338, 6467, 6212, 6085, 6600, 6473, 6601, 6475, 6348, 6092, 6478, 6479, 6607, 6483, 6485, 6617, 6618, 6620, 6110, 6495, 6112, 6497, 6624, 6626, 6116, 6501, 6502, 6117, 6632, 6506, 6381, 6512, 6513, 6514, 6521} (absent from new request) — deleting from store
2026-03-19 10:03:50 | INFO | ConnectedDownlink | Serving retransmit request: {6660, 6152, 6664, 6666, 6668, 6669, 6675, 6678, 6683, 6172, 6686, 6691, 6694, 6695, 6705, 6708, 6711, 6714, 6203, 6204, 6208, 6216, 6729, 6735, 6736, 6738, 6742, 6745, 6746, 6747, 6748, 6753, 6754, 6756, 6759, 6761, 6767, 6773, 6775, 6777, 6778, 6787, 6793, 6795, 6797, 6298, 6812, 6828, 6829, 6832, 6833, 6834, 6835, 6836, 6840, 6842, 6844, 6854, 6855, 6860, 6350, 6862, 6865, 6868, 6871, 6874, 6876, 6877, 6886, 6387, 6393, 6425, 6430, 6432, 6454, 6463, 6464, 6466, 6468, 6472, 6477, 6482, 6496, 6498, 6516, 6523, 6526, 6531, 6535, 6540, 6545, 6556, 6570, 6572, 6606, 6098, 6634, 6635, 6646, 6655}
2026-03-19 10:03:50 | INFO | ConnectedDownlink | Retransmitted packet seq=6098
2026-03-19 10:03:50 | INFO | ConnectedDownlink | Retransmitted packet seq=6152
2026-03-19 10:03:50 | INFO | ConnectedDownlink | Retransmitted packet seq=6172
2026-03-19 10:03:50 | INFO | ConnectedDownlink | DATA frame received seq=6172 → data_queue
2026-03-19 10:03:50 | INFO | ConnectedDownlink | got dropped message
2026-03-19 10:03:51 | INFO | ConnectedDownlink | Retransmitted packet seq=6203
2026-03-19 10:03:51 | INFO | ConnectedDownlink | DATA frame received seq=6203 → data_queue
2026-03-19 10:03:51 | INFO | ConnectedDownlink | got dropped message
2026-03-19 10:03:51 | INFO | ConnectedDownlink | Retransmitted packet seq=6204
2026-03-19 10:03:51 | INFO | ConnectedDownlink | Retransmitted packet seq=6208
2026-03-19 10:03:51 | INFO | ConnectedDownlink | DATA frame received seq=6208 → data_queue
2026-03-19 10:03:51 | INFO | ConnectedDownlink | got dropped message
2026-03-19 10:03:51 | INFO | ConnectedDownlink | Retransmitted packet seq=6216
2026-03-19 10:03:51 | INFO | ConnectedDownlink | DATA frame received seq=6216 → data_queue
2026-03-19 10:03:51 | INFO | ConnectedDownlink | got dropped message
2026-03-19 10:03:51 | INFO | ConnectedDownlink | Retransmitted packet seq=6298
2026-03-19 10:03:51 | INFO | ConnectedDownlink | DATA frame received seq=6298 → data_queue
2026-03-19 10:03:51 | INFO | ConnectedDownlink | got dropped message
2026-03-19 10:03:51 | INFO | ConnectedDownlink | Retransmitted packet seq=6350
2026-03-19 10:03:51 | INFO | ConnectedDownlink | Retransmitted packet seq=6387
2026-03-19 10:03:51 | INFO | ConnectedDownlink | DATA frame received seq=6387 → data_queue
2026-03-19 10:03:51 | INFO | ConnectedDownlink | got dropped message
2026-03-19 10:03:51 | INFO | ConnectedDownlink | Retransmitted packet seq=6393
2026-03-19 10:03:51 | INFO | ConnectedDownlink | DATA frame received seq=6393 → data_queue
2026-03-19 10:03:51 | INFO | ConnectedDownlink | got dropped message
2026-03-19 10:03:51 | INFO | ConnectedDownlink | Retransmitted packet seq=6425
2026-03-19 10:03:51 | INFO | ConnectedDownlink | Retransmitted packet seq=6430
2026-03-19 10:03:51 | INFO | ConnectedDownlink | Retransmitted packet seq=6432
2026-03-19 10:03:51 | INFO | ConnectedDownlink | DATA frame received seq=6432 → data_queue
2026-03-19 10:03:51 | INFO | ConnectedDownlink | got dropped message
2026-03-19 10:03:51 | INFO | ConnectedDownlink | Retransmitted packet seq=6454
2026-03-19 10:03:51 | INFO | ConnectedDownlink | Retransmitted packet seq=6463
2026-03-19 10:03:51 | INFO | ConnectedDownlink | DATA frame received seq=6463 → data_queue
2026-03-19 10:03:51 | INFO | ConnectedDownlink | got dropped message
2026-03-19 10:03:51 | INFO | ConnectedDownlink | Retransmitted packet seq=6464
2026-03-19 10:03:51 | INFO | ConnectedDownlink | DATA frame received seq=6464 → data_queue
2026-03-19 10:03:51 | INFO | ConnectedDownlink | got dropped message
2026-03-19 10:03:51 | INFO | ConnectedDownlink | Retransmitted packet seq=6466
2026-03-19 10:03:51 | INFO | ConnectedDownlink | DATA frame received seq=6466 → data_queue
2026-03-19 10:03:51 | INFO | ConnectedDownlink | got dropped message
2026-03-19 10:03:51 | INFO | ConnectedDownlink | Retransmitted packet seq=6468
2026-03-19 10:03:51 | INFO | ConnectedDownlink | DATA frame received seq=6468 → data_queue
2026-03-19 10:03:51 | INFO | ConnectedDownlink | got dropped message
2026-03-19 10:03:51 | INFO | ConnectedDownlink | Retransmitted packet seq=6472
2026-03-19 10:03:51 | INFO | ConnectedDownlink | Retransmitted packet seq=6477
2026-03-19 10:03:51 | INFO | ConnectedDownlink | DATA frame received seq=6477 → data_queue
2026-03-19 10:03:51 | INFO | ConnectedDownlink | got dropped message
2026-03-19 10:03:51 | INFO | ConnectedDownlink | Retransmitted packet seq=6482
2026-03-19 10:03:51 | INFO | ConnectedDownlink | Retransmitted packet seq=6496
2026-03-19 10:03:51 | INFO | ConnectedDownlink | DATA frame received seq=6496 → data_queue
2026-03-19 10:03:51 | INFO | ConnectedDownlink | got dropped message
2026-03-19 10:03:51 | INFO | ConnectedDownlink | Retransmitted packet seq=6498
2026-03-19 10:03:51 | INFO | ConnectedDownlink | DATA frame received seq=6498 → data_queue
2026-03-19 10:03:51 | INFO | ConnectedDownlink | got dropped message
2026-03-19 10:03:51 | INFO | ConnectedDownlink | Retransmitted packet seq=6516
2026-03-19 10:03:51 | INFO | ConnectedDownlink | Retransmitted packet seq=6523
2026-03-19 10:03:51 | INFO | ConnectedDownlink | DATA frame received seq=6523 → data_queue
2026-03-19 10:03:51 | INFO | ConnectedDownlink | got dropped message
2026-03-19 10:03:51 | INFO | ConnectedDownlink | Retransmitted packet seq=6526
2026-03-19 10:03:51 | INFO | ConnectedDownlink | DATA frame received seq=6526 → data_queue
2026-03-19 10:03:51 | INFO | ConnectedDownlink | got dropped message
2026-03-19 10:03:51 | INFO | ConnectedDownlink | Retransmitted packet seq=6531
2026-03-19 10:03:51 | INFO | ConnectedDownlink | DATA frame received seq=6531 → data_queue
2026-03-19 10:03:51 | INFO | ConnectedDownlink | got dropped message
2026-03-19 10:03:51 | INFO | ConnectedDownlink | Retransmitted packet seq=6535
2026-03-19 10:03:51 | INFO | ConnectedDownlink | Retransmitted packet seq=6540
2026-03-19 10:03:51 | INFO | ConnectedDownlink | DATA frame received seq=6540 → data_queue
2026-03-19 10:03:51 | INFO | ConnectedDownlink | got dropped message
2026-03-19 10:03:51 | INFO | ConnectedDownlink | Retransmitted packet seq=6545
2026-03-19 10:03:51 | INFO | ConnectedDownlink | Retransmitted packet seq=6556
2026-03-19 10:03:51 | INFO | ConnectedDownlink | DATA frame received seq=6556 → data_queue
2026-03-19 10:03:51 | INFO | ConnectedDownlink | got dropped message
2026-03-19 10:03:51 | INFO | ConnectedDownlink | Retransmitted packet seq=6570
2026-03-19 10:03:51 | INFO | ConnectedDownlink | DATA frame received seq=6570 → data_queue
2026-03-19 10:03:51 | INFO | ConnectedDownlink | got dropped message
2026-03-19 10:03:51 | INFO | ConnectedDownlink | Retransmitted packet seq=6572
2026-03-19 10:03:51 | INFO | ConnectedDownlink | DATA frame received seq=6572 → data_queue
2026-03-19 10:03:51 | INFO | ConnectedDownlink | got dropped message
2026-03-19 10:03:51 | INFO | ConnectedDownlink | Retransmitted packet seq=6606
2026-03-19 10:03:51 | INFO | ConnectedDownlink | Retransmitted packet seq=6634
2026-03-19 10:03:51 | INFO | ConnectedDownlink | Retransmitted packet seq=6635
2026-03-19 10:03:51 | INFO | ConnectedDownlink | DATA frame received seq=6635 → data_queue
2026-03-19 10:03:51 | INFO | ConnectedDownlink | got dropped message
2026-03-19 10:03:51 | INFO | ConnectedDownlink | Retransmitted packet seq=6646
2026-03-19 10:03:51 | INFO | ConnectedDownlink | Retransmitted packet seq=6655
2026-03-19 10:03:51 | INFO | ConnectedDownlink | Retransmitted packet seq=6660
2026-03-19 10:03:51 | INFO | ConnectedDownlink | DATA frame received seq=6660 → data_queue
2026-03-19 10:03:51 | INFO | ConnectedDownlink | got dropped message
2026-03-19 10:03:51 | INFO | ConnectedDownlink | Retransmitted packet seq=6664
2026-03-19 10:03:51 | INFO | ConnectedDownlink | Retransmitted packet seq=6666
2026-03-19 10:03:51 | INFO | ConnectedDownlink | DATA frame received seq=6664 → data_queue
2026-03-19 10:03:51 | INFO | ConnectedDownlink | got dropped message
2026-03-19 10:03:51 | INFO | ConnectedDownlink | DATA frame received seq=6666 → data_queue
2026-03-19 10:03:51 | INFO | ConnectedDownlink | got dropped message
2026-03-19 10:03:51 | INFO | ConnectedDownlink | Retransmitted packet seq=6668
2026-03-19 10:03:51 | INFO | ConnectedDownlink | DATA frame received seq=6668 → data_queue
2026-03-19 10:03:51 | INFO | ConnectedDownlink | got dropped message
2026-03-19 10:03:51 | INFO | ConnectedDownlink | Retransmitted packet seq=6669
2026-03-19 10:03:51 | INFO | ConnectedDownlink | DATA frame received seq=6669 → data_queue
2026-03-19 10:03:51 | INFO | ConnectedDownlink | got dropped message
2026-03-19 10:03:51 | INFO | ConnectedDownlink | Retransmitted packet seq=6675
2026-03-19 10:03:51 | INFO | ConnectedDownlink | Retransmitted packet seq=6678
2026-03-19 10:03:51 | INFO | ConnectedDownlink | Retransmitted packet seq=6683
2026-03-19 10:03:51 | INFO | ConnectedDownlink | Retransmitted packet seq=6686
2026-03-19 10:03:51 | INFO | ConnectedDownlink | Retransmitted packet seq=6691
2026-03-19 10:03:51 | INFO | ConnectedDownlink | DATA frame received seq=6691 → data_queue
2026-03-19 10:03:51 | INFO | ConnectedDownlink | got dropped message
2026-03-19 10:03:51 | INFO | ConnectedDownlink | Retransmitted packet seq=6694
2026-03-19 10:03:51 | INFO | ConnectedDownlink | Retransmitted packet seq=6695
2026-03-19 10:03:51 | INFO | ConnectedDownlink | DATA frame received seq=6695 → data_queue
2026-03-19 10:03:51 | INFO | ConnectedDownlink | got dropped message
2026-03-19 10:03:51 | INFO | ConnectedDownlink | Retransmitted packet seq=6705
2026-03-19 10:03:51 | INFO | ConnectedDownlink | DATA frame received seq=6705 → data_queue
2026-03-19 10:03:51 | INFO | ConnectedDownlink | got dropped message
2026-03-19 10:03:51 | INFO | ConnectedDownlink | Retransmitted packet seq=6708
2026-03-19 10:03:51 | INFO | ConnectedDownlink | DATA frame received seq=6708 → data_queue
2026-03-19 10:03:51 | INFO | ConnectedDownlink | got dropped message
2026-03-19 10:03:51 | INFO | ConnectedDownlink | Retransmitted packet seq=6711
2026-03-19 10:03:51 | INFO | ConnectedDownlink | DATA frame received seq=6711 → data_queue
2026-03-19 10:03:51 | INFO | ConnectedDownlink | got dropped message
2026-03-19 10:03:51 | INFO | ConnectedDownlink | Retransmitted packet seq=6714
2026-03-19 10:03:51 | INFO | ConnectedDownlink | Retransmitted packet seq=6729
2026-03-19 10:03:51 | INFO | ConnectedDownlink | DATA frame received seq=6729 → data_queue
2026-03-19 10:03:51 | INFO | ConnectedDownlink | got dropped message
2026-03-19 10:03:51 | INFO | ConnectedDownlink | Retransmitted packet seq=6735
2026-03-19 10:03:51 | INFO | ConnectedDownlink | DATA frame received seq=6735 → data_queue
2026-03-19 10:03:51 | INFO | ConnectedDownlink | got dropped message
2026-03-19 10:03:51 | INFO | ConnectedDownlink | Retransmitted packet seq=6736
2026-03-19 10:03:51 | INFO | ConnectedDownlink | Retransmitted packet seq=6738
2026-03-19 10:03:51 | INFO | ConnectedDownlink | Retransmitted packet seq=6742
2026-03-19 10:03:51 | INFO | ConnectedDownlink | Retransmitted packet seq=6745
2026-03-19 10:03:51 | INFO | ConnectedDownlink | Retransmitted packet seq=6746
2026-03-19 10:03:51 | INFO | ConnectedDownlink | Retransmitted packet seq=6747
2026-03-19 10:03:51 | INFO | ConnectedDownlink | DATA frame received seq=6747 → data_queue
2026-03-19 10:03:51 | INFO | ConnectedDownlink | got dropped message
2026-03-19 10:03:51 | INFO | ConnectedDownlink | Retransmitted packet seq=6748
2026-03-19 10:03:51 | INFO | ConnectedDownlink | Retransmitted packet seq=6753
2026-03-19 10:03:51 | INFO | ConnectedDownlink | DATA frame received seq=6753 → data_queue
2026-03-19 10:03:51 | INFO | ConnectedDownlink | got dropped message
2026-03-19 10:03:51 | INFO | ConnectedDownlink | Retransmitted packet seq=6754
2026-03-19 10:03:51 | INFO | ConnectedDownlink | Retransmitted packet seq=6756
2026-03-19 10:03:51 | INFO | ConnectedDownlink | DATA frame received seq=6756 → data_queue
2026-03-19 10:03:51 | INFO | ConnectedDownlink | got dropped message
2026-03-19 10:03:51 | INFO | ConnectedDownlink | Retransmitted packet seq=6759
2026-03-19 10:03:51 | INFO | ConnectedDownlink | DATA frame received seq=6759 → data_queue
2026-03-19 10:03:51 | INFO | ConnectedDownlink | got dropped message
2026-03-19 10:03:51 | INFO | ConnectedDownlink | Retransmitted packet seq=6761
2026-03-19 10:03:51 | INFO | ConnectedDownlink | DATA frame received seq=6761 → data_queue
2026-03-19 10:03:51 | INFO | ConnectedDownlink | got dropped message
2026-03-19 10:03:52 | INFO | ConnectedDownlink | Retransmitted packet seq=6767
2026-03-19 10:03:52 | INFO | ConnectedDownlink | Retransmitted packet seq=6773
2026-03-19 10:03:52 | INFO | ConnectedDownlink | DATA frame received seq=6773 → data_queue
2026-03-19 10:03:52 | INFO | ConnectedDownlink | got dropped message
2026-03-19 10:03:52 | INFO | ConnectedDownlink | Retransmitted packet seq=6775
2026-03-19 10:03:52 | INFO | ConnectedDownlink | DATA frame received seq=6775 → data_queue
2026-03-19 10:03:52 | INFO | ConnectedDownlink | got dropped message
2026-03-19 10:03:52 | INFO | ConnectedDownlink | Retransmitted packet seq=6777
2026-03-19 10:03:52 | INFO | ConnectedDownlink | DATA frame received seq=6777 → data_queue
2026-03-19 10:03:52 | INFO | ConnectedDownlink | got dropped message
2026-03-19 10:03:52 | INFO | ConnectedDownlink | Retransmitted packet seq=6778
2026-03-19 10:03:52 | INFO | ConnectedDownlink | DATA frame received seq=6778 → data_queue
2026-03-19 10:03:52 | INFO | ConnectedDownlink | got dropped message
2026-03-19 10:03:52 | INFO | ConnectedDownlink | Retransmitted packet seq=6787
2026-03-19 10:03:52 | INFO | ConnectedDownlink | DATA frame received seq=6787 → data_queue
2026-03-19 10:03:52 | INFO | ConnectedDownlink | got dropped message
2026-03-19 10:03:52 | INFO | ConnectedDownlink | Retransmitted packet seq=6793
2026-03-19 10:03:52 | INFO | ConnectedDownlink | Retransmitted packet seq=6795
2026-03-19 10:03:52 | INFO | ConnectedDownlink | DATA frame received seq=6795 → data_queue
2026-03-19 10:03:52 | INFO | ConnectedDownlink | got dropped message
2026-03-19 10:03:52 | INFO | ConnectedDownlink | Retransmitted packet seq=6797
2026-03-19 10:03:52 | INFO | ConnectedDownlink | DATA frame received seq=6797 → data_queue
2026-03-19 10:03:52 | INFO | ConnectedDownlink | got dropped message
2026-03-19 10:03:52 | INFO | ConnectedDownlink | Retransmitted packet seq=6812
2026-03-19 10:03:52 | INFO | ConnectedDownlink | DATA frame received seq=6812 → data_queue
2026-03-19 10:03:52 | INFO | ConnectedDownlink | got dropped message
2026-03-19 10:03:52 | INFO | ConnectedDownlink | Retransmitted packet seq=6828
2026-03-19 10:03:52 | INFO | ConnectedDownlink | Retransmitted packet seq=6829
2026-03-19 10:03:52 | INFO | ConnectedDownlink | Retransmitted packet seq=6832
2026-03-19 10:03:52 | INFO | ConnectedDownlink | Retransmitted packet seq=6833
2026-03-19 10:03:52 | INFO | ConnectedDownlink | DATA frame received seq=6832 → data_queue
2026-03-19 10:03:52 | INFO | ConnectedDownlink | got dropped message
2026-03-19 10:03:52 | INFO | ConnectedDownlink | Retransmitted packet seq=6834
2026-03-19 10:03:52 | INFO | ConnectedDownlink | DATA frame received seq=6834 → data_queue
2026-03-19 10:03:52 | INFO | ConnectedDownlink | got dropped message
2026-03-19 10:03:52 | INFO | ConnectedDownlink | Retransmitted packet seq=6835
2026-03-19 10:03:52 | INFO | ConnectedDownlink | DATA frame received seq=6835 → data_queue
2026-03-19 10:03:52 | INFO | ConnectedDownlink | got dropped message
2026-03-19 10:03:52 | INFO | ConnectedDownlink | Retransmitted packet seq=6836
2026-03-19 10:03:52 | INFO | ConnectedDownlink | Retransmitted packet seq=6840
2026-03-19 10:03:52 | INFO | ConnectedDownlink | DATA frame received seq=6840 → data_queue
2026-03-19 10:03:52 | INFO | ConnectedDownlink | got dropped message
2026-03-19 10:03:52 | INFO | ConnectedDownlink | Retransmitted packet seq=6842
2026-03-19 10:03:52 | INFO | ConnectedDownlink | DATA frame received seq=6842 → data_queue
2026-03-19 10:03:52 | INFO | ConnectedDownlink | got dropped message
2026-03-19 10:03:52 | INFO | ConnectedDownlink | Retransmitted packet seq=6844
2026-03-19 10:03:52 | INFO | ConnectedDownlink | DATA frame received seq=6844 → data_queue
2026-03-19 10:03:52 | INFO | ConnectedDownlink | got dropped message
2026-03-19 10:03:52 | INFO | ConnectedDownlink | Retransmitted packet seq=6854
2026-03-19 10:03:52 | INFO | ConnectedDownlink | Retransmitted packet seq=6855
2026-03-19 10:03:52 | INFO | ConnectedDownlink | Retransmitted packet seq=6860
2026-03-19 10:03:52 | INFO | ConnectedDownlink | DATA frame received seq=6860 → data_queue
2026-03-19 10:03:52 | INFO | ConnectedDownlink | got dropped message
2026-03-19 10:03:52 | INFO | ConnectedDownlink | Retransmitted packet seq=6862
2026-03-19 10:03:52 | INFO | ConnectedDownlink | DATA frame received seq=6862 → data_queue
2026-03-19 10:03:52 | INFO | ConnectedDownlink | got dropped message
2026-03-19 10:03:52 | INFO | ConnectedDownlink | Retransmitted packet seq=6865
2026-03-19 10:03:52 | INFO | ConnectedDownlink | DATA frame received seq=6865 → data_queue
2026-03-19 10:03:52 | INFO | ConnectedDownlink | got dropped message
2026-03-19 10:03:52 | INFO | ConnectedDownlink | Retransmitted packet seq=6868
2026-03-19 10:03:52 | INFO | ConnectedDownlink | Retransmitted packet seq=6871
2026-03-19 10:03:52 | INFO | ConnectedDownlink | Retransmitted packet seq=6874
2026-03-19 10:03:52 | INFO | ConnectedDownlink | DATA frame received seq=6874 → data_queue
2026-03-19 10:03:52 | INFO | ConnectedDownlink | got dropped message
2026-03-19 10:03:52 | INFO | ConnectedDownlink | Retransmitted packet seq=6876
2026-03-19 10:03:52 | INFO | ConnectedDownlink | Retransmitted packet seq=6877
2026-03-19 10:03:52 | INFO | ConnectedDownlink | DATA frame received seq=6877 → data_queue
2026-03-19 10:03:52 | INFO | ConnectedDownlink | got dropped message
2026-03-19 10:03:52 | INFO | ConnectedDownlink | DATA frame received seq=6886 → data_queue
2026-03-19 10:03:52 | INFO | ConnectedDownlink | got dropped message
2026-03-19 10:03:52 | INFO | ConnectedDownlink | Retransmitted packet seq=6886
2026-03-19 10:03:55 | INFO | ConnectedDownlink | timeout error
2026-03-19 10:03:55 | INFO | ConnectedDownlink | Packet seq=6172 stored & marked received implicit ACK will be sent next round)
2026-03-19 10:03:55 | INFO | ConnectedDownlink | Packet seq=6203 stored & marked received implicit ACK will be sent next round)
2026-03-19 10:03:55 | INFO | ConnectedDownlink | Packet seq=6208 stored & marked received implicit ACK will be sent next round)
2026-03-19 10:03:55 | INFO | ConnectedDownlink | Packet seq=6216 stored & marked received implicit ACK will be sent next round)
2026-03-19 10:03:55 | INFO | ConnectedDownlink | Packet seq=6298 stored & marked received implicit ACK will be sent next round)
2026-03-19 10:03:55 | INFO | ConnectedDownlink | Packet seq=6387 stored & marked received implicit ACK will be sent next round)
2026-03-19 10:03:55 | INFO | ConnectedDownlink | Packet seq=6393 stored & marked received implicit ACK will be sent next round)
2026-03-19 10:03:55 | INFO | ConnectedDownlink | Packet seq=6432 stored & marked received implicit ACK will be sent next round)
2026-03-19 10:03:55 | INFO | ConnectedDownlink | Packet seq=6463 stored & marked received implicit ACK will be sent next round)
2026-03-19 10:03:55 | INFO | ConnectedDownlink | Packet seq=6464 stored & marked received implicit ACK will be sent next round)
2026-03-19 10:03:55 | INFO | ConnectedDownlink | Packet seq=6466 stored & marked received implicit ACK will be sent next round)
2026-03-19 10:03:55 | INFO | ConnectedDownlink | Packet seq=6468 stored & marked received implicit ACK will be sent next round)
2026-03-19 10:03:55 | INFO | ConnectedDownlink | Packet seq=6477 stored & marked received implicit ACK will be sent next round)
2026-03-19 10:03:55 | INFO | ConnectedDownlink | Packet seq=6496 stored & marked received implicit ACK will be sent next round)
2026-03-19 10:03:55 | INFO | ConnectedDownlink | Packet seq=6498 stored & marked received implicit ACK will be sent next round)
2026-03-19 10:03:55 | INFO | ConnectedDownlink | Packet seq=6523 stored & marked received implicit ACK will be sent next round)
2026-03-19 10:03:55 | INFO | ConnectedDownlink | Packet seq=6526 stored & marked received implicit ACK will be sent next round)
2026-03-19 10:03:55 | INFO | ConnectedDownlink | Packet seq=6531 stored & marked received implicit ACK will be sent next round)
2026-03-19 10:03:55 | INFO | ConnectedDownlink | Packet seq=6540 stored & marked received implicit ACK will be sent next round)
2026-03-19 10:03:55 | INFO | ConnectedDownlink | Packet seq=6556 stored & marked received implicit ACK will be sent next round)
2026-03-19 10:03:55 | INFO | ConnectedDownlink | Packet seq=6570 stored & marked received implicit ACK will be sent next round)
2026-03-19 10:03:55 | INFO | ConnectedDownlink | Packet seq=6572 stored & marked received implicit ACK will be sent next round)
2026-03-19 10:03:55 | INFO | ConnectedDownlink | Packet seq=6635 stored & marked received implicit ACK will be sent next round)
2026-03-19 10:03:55 | INFO | ConnectedDownlink | Packet seq=6660 stored & marked received implicit ACK will be sent next round)
2026-03-19 10:03:55 | INFO | ConnectedDownlink | Packet seq=6664 stored & marked received implicit ACK will be sent next round)
2026-03-19 10:03:55 | INFO | ConnectedDownlink | Packet seq=6666 stored & marked received implicit ACK will be sent next round)
2026-03-19 10:03:55 | INFO | ConnectedDownlink | Packet seq=6668 stored & marked received implicit ACK will be sent next round)
2026-03-19 10:03:55 | INFO | ConnectedDownlink | Packet seq=6669 stored & marked received implicit ACK will be sent next round)
2026-03-19 10:03:55 | INFO | ConnectedDownlink | Packet seq=6691 stored & marked received implicit ACK will be sent next round)
2026-03-19 10:03:55 | INFO | ConnectedDownlink | Packet seq=6695 stored & marked received implicit ACK will be sent next round)
2026-03-19 10:03:55 | INFO | ConnectedDownlink | Packet seq=6705 stored & marked received implicit ACK will be sent next round)
2026-03-19 10:03:55 | INFO | ConnectedDownlink | Packet seq=6708 stored & marked received implicit ACK will be sent next round)
2026-03-19 10:03:55 | INFO | ConnectedDownlink | Packet seq=6711 stored & marked received implicit ACK will be sent next round)
2026-03-19 10:03:55 | INFO | ConnectedDownlink | Packet seq=6729 stored & marked received implicit ACK will be sent next round)
2026-03-19 10:03:55 | INFO | ConnectedDownlink | Packet seq=6735 stored & marked received implicit ACK will be sent next round)
2026-03-19 10:03:55 | INFO | ConnectedDownlink | Packet seq=6747 stored & marked received implicit ACK will be sent next round)
2026-03-19 10:03:55 | INFO | ConnectedDownlink | Packet seq=6753 stored & marked received implicit ACK will be sent next round)
2026-03-19 10:03:55 | INFO | ConnectedDownlink | Packet seq=6756 stored & marked received implicit ACK will be sent next round)
2026-03-19 10:03:55 | INFO | ConnectedDownlink | Packet seq=6759 stored & marked received implicit ACK will be sent next round)
2026-03-19 10:03:55 | INFO | ConnectedDownlink | Packet seq=6761 stored & marked received implicit ACK will be sent next round)
2026-03-19 10:03:55 | INFO | ConnectedDownlink | Packet seq=6773 stored & marked received implicit ACK will be sent next round)
2026-03-19 10:03:55 | INFO | ConnectedDownlink | Packet seq=6775 stored & marked received implicit ACK will be sent next round)
2026-03-19 10:03:55 | INFO | ConnectedDownlink | Packet seq=6777 stored & marked received implicit ACK will be sent next round)
2026-03-19 10:03:55 | INFO | ConnectedDownlink | Packet seq=6778 stored & marked received implicit ACK will be sent next round)
2026-03-19 10:03:55 | INFO | ConnectedDownlink | Packet seq=6787 stored & marked received implicit ACK will be sent next round)
2026-03-19 10:03:55 | INFO | ConnectedDownlink | Packet seq=6795 stored & marked received implicit ACK will be sent next round)
2026-03-19 10:03:55 | INFO | ConnectedDownlink | Packet seq=6797 stored & marked received implicit ACK will be sent next round)
2026-03-19 10:03:55 | INFO | ConnectedDownlink | Packet seq=6812 stored & marked received implicit ACK will be sent next round)
2026-03-19 10:03:55 | INFO | ConnectedDownlink | Packet seq=6832 stored & marked received implicit ACK will be sent next round)
2026-03-19 10:03:55 | INFO | ConnectedDownlink | Packet seq=6834 stored & marked received implicit ACK will be sent next round)
2026-03-19 10:03:55 | INFO | ConnectedDownlink | Packet seq=6835 stored & marked received implicit ACK will be sent next round)
2026-03-19 10:03:55 | INFO | ConnectedDownlink | Packet seq=6840 stored & marked received implicit ACK will be sent next round)
2026-03-19 10:03:55 | INFO | ConnectedDownlink | Packet seq=6842 stored & marked received implicit ACK will be sent next round)
2026-03-19 10:03:55 | INFO | ConnectedDownlink | Packet seq=6844 stored & marked received implicit ACK will be sent next round)
2026-03-19 10:03:55 | INFO | ConnectedDownlink | Packet seq=6860 stored & marked received implicit ACK will be sent next round)
2026-03-19 10:03:55 | INFO | ConnectedDownlink | Packet seq=6862 stored & marked received implicit ACK will be sent next round)
2026-03-19 10:03:55 | INFO | ConnectedDownlink | Packet seq=6865 stored & marked received implicit ACK will be sent next round)
2026-03-19 10:03:55 | INFO | ConnectedDownlink | Packet seq=6874 stored & marked received implicit ACK will be sent next round)
2026-03-19 10:03:55 | INFO | ConnectedDownlink | Packet seq=6877 stored & marked received implicit ACK will be sent next round)
2026-03-19 10:03:55 | INFO | ConnectedDownlink | Packet seq=6886 stored & marked received implicit ACK will be sent next round)
2026-03-19 10:03:55 | INFO | ConnectedDownlink | Attempt 3/5: received 60/251, still missing [6098, 6152, 6204, 6350, 6425, 6430, 6454, 6472, 6482, 6516, 6535, 6545, 6606, 6634, 6646, 6655, 6675, 6678, 6683, 6686, 6694, 6714, 6736, 6738, 6742, 6745, 6746, 6748, 6754, 6767, 6793, 6828, 6829, 6833, 6836, 6854, 6855, 6868, 6871, 6876, 6887, 6888, 6889, 6892, 6895, 6896, 6902, 6906, 6907, 6909, 6916, 6917, 6921, 6925, 6934, 6940, 6941, 6945, 6947, 6950, 6951, 6959, 6962, 6963, 6965, 6967, 6968, 6970, 6974, 6980, 6988, 6991, 6994, 6997, 6998, 7005, 7008, 7010, 7020, 7025, 7027, 7035, 7037, 7039, 7041, 7042, 7053, 7054, 7055, 7056, 7058, 7059, 7064, 7067, 7073, 7077, 7090, 7096, 7100, 7102, 7104, 7106, 7114, 7115, 7116, 7118, 7122, 7126, 7128, 7133, 7136, 7137, 7139, 7141, 7142, 7143, 7147, 7151, 7158, 7159, 7161, 7163, 7164, 7176, 7177, 7178, 7187, 7189, 7197, 7198, 7199, 7204, 7206, 7208, 7209, 7216, 7221, 7225, 7226, 7227, 7228, 7237, 7239, 7241, 7244, 7246, 7247, 7253, 7258, 7260, 7261, 7262, 7263, 7264, 7266, 7267, 7268, 7270, 7272, 7274, 7280, 7282, 7285, 7290, 7293, 7298, 7299, 7303, 7308, 7312, 7313, 7317, 7319, 7320, 7323, 7327, 7329, 7333, 7334, 7336, 7338, 7339, 7341, 7343, 7344, 7354, 7362, 7366, 7369, 7373, 7377]
2026-03-19 10:03:55 | INFO | ConnectedDownlink | SENDING RETRANSMISSION REQUEST [6098, 6152, 6204, 6350, 6425, 6430, 6454, 6472, 6482, 6516, 6535, 6545, 6606, 6634, 6646, 6655, 6675, 6678, 6683, 6686, 6694, 6714, 6736, 6738, 6742, 6745, 6746, 6748, 6754, 6767, 6793, 6828, 6829, 6833, 6836, 6854, 6855, 6868, 6871, 6876, 6887, 6888, 6889, 6892, 6895, 6896, 6902, 6906, 6907, 6909, 6916, 6917, 6921, 6925, 6934, 6940, 6941, 6945, 6947, 6950, 6951, 6959, 6962, 6963, 6965, 6967, 6968, 6970, 6974, 6980, 6988, 6991, 6994, 6997, 6998, 7005, 7008, 7010, 7020, 7025, 7027, 7035, 7037, 7039, 7041, 7042, 7053, 7054, 7055, 7056, 7058, 7059, 7064, 7067, 7073, 7077, 7090, 7096, 7100, 7102] (attempt 4/5)
2026-03-19 10:03:58 | INFO | ConnectedDownlink | timeout error
2026-03-19 10:03:58 | INFO | ConnectedDownlink | Attempt 4/5: received 0/191, still missing [6098, 6152, 6204, 6350, 6425, 6430, 6454, 6472, 6482, 6516, 6535, 6545, 6606, 6634, 6646, 6655, 6675, 6678, 6683, 6686, 6694, 6714, 6736, 6738, 6742, 6745, 6746, 6748, 6754, 6767, 6793, 6828, 6829, 6833, 6836, 6854, 6855, 6868, 6871, 6876, 6887, 6888, 6889, 6892, 6895, 6896, 6902, 6906, 6907, 6909, 6916, 6917, 6921, 6925, 6934, 6940, 6941, 6945, 6947, 6950, 6951, 6959, 6962, 6963, 6965, 6967, 6968, 6970, 6974, 6980, 6988, 6991, 6994, 6997, 6998, 7005, 7008, 7010, 7020, 7025, 7027, 7035, 7037, 7039, 7041, 7042, 7053, 7054, 7055, 7056, 7058, 7059, 7064, 7067, 7073, 7077, 7090, 7096, 7100, 7102, 7104, 7106, 7114, 7115, 7116, 7118, 7122, 7126, 7128, 7133, 7136, 7137, 7139, 7141, 7142, 7143, 7147, 7151, 7158, 7159, 7161, 7163, 7164, 7176, 7177, 7178, 7187, 7189, 7197, 7198, 7199, 7204, 7206, 7208, 7209, 7216, 7221, 7225, 7226, 7227, 7228, 7237, 7239, 7241, 7244, 7246, 7247, 7253, 7258, 7260, 7261, 7262, 7263, 7264, 7266, 7267, 7268, 7270, 7272, 7274, 7280, 7282, 7285, 7290, 7293, 7298, 7299, 7303, 7308, 7312, 7313, 7317, 7319, 7320, 7323, 7327, 7329, 7333, 7334, 7336, 7338, 7339, 7341, 7343, 7344, 7354, 7362, 7366, 7369, 7373, 7377]
2026-03-19 10:03:58 | INFO | ConnectedDownlink | SENDING RETRANSMISSION REQUEST [6098, 6152, 6204, 6350, 6425, 6430, 6454, 6472, 6482, 6516, 6535, 6545, 6606, 6634, 6646, 6655, 6675, 6678, 6683, 6686, 6694, 6714, 6736, 6738, 6742, 6745, 6746, 6748, 6754, 6767, 6793, 6828, 6829, 6833, 6836, 6854, 6855, 6868, 6871, 6876, 6887, 6888, 6889, 6892, 6895, 6896, 6902, 6906, 6907, 6909, 6916, 6917, 6921, 6925, 6934, 6940, 6941, 6945, 6947, 6950, 6951, 6959, 6962, 6963, 6965, 6967, 6968, 6970, 6974, 6980, 6988, 6991, 6994, 6997, 6998, 7005, 7008, 7010, 7020, 7025, 7027, 7035, 7037, 7039, 7041, 7042, 7053, 7054, 7055, 7056, 7058, 7059, 7064, 7067, 7073, 7077, 7090, 7096, 7100, 7102] (attempt 5/5)
2026-03-19 10:04:01 | INFO | ConnectedDownlink | timeout error
2026-03-19 10:04:01 | INFO | ConnectedDownlink | Attempt 5/5: received 0/191, still missing [6098, 6152, 6204, 6350, 6425, 6430, 6454, 6472, 6482, 6516, 6535, 6545, 6606, 6634, 6646, 6655, 6675, 6678, 6683, 6686, 6694, 6714, 6736, 6738, 6742, 6745, 6746, 6748, 6754, 6767, 6793, 6828, 6829, 6833, 6836, 6854, 6855, 6868, 6871, 6876, 6887, 6888, 6889, 6892, 6895, 6896, 6902, 6906, 6907, 6909, 6916, 6917, 6921, 6925, 6934, 6940, 6941, 6945, 6947, 6950, 6951, 6959, 6962, 6963, 6965, 6967, 6968, 6970, 6974, 6980, 6988, 6991, 6994, 6997, 6998, 7005, 7008, 7010, 7020, 7025, 7027, 7035, 7037, 7039, 7041, 7042, 7053, 7054, 7055, 7056, 7058, 7059, 7064, 7067, 7073, 7077, 7090, 7096, 7100, 7102, 7104, 7106, 7114, 7115, 7116, 7118, 7122, 7126, 7128, 7133, 7136, 7137, 7139, 7141, 7142, 7143, 7147, 7151, 7158, 7159, 7161, 7163, 7164, 7176, 7177, 7178, 7187, 7189, 7197, 7198, 7199, 7204, 7206, 7208, 7209, 7216, 7221, 7225, 7226, 7227, 7228, 7237, 7239, 7241, 7244, 7246, 7247, 7253, 7258, 7260, 7261, 7262, 7263, 7264, 7266, 7267, 7268, 7270, 7272, 7274, 7280, 7282, 7285, 7290, 7293, 7298, 7299, 7303, 7308, 7312, 7313, 7317, 7319, 7320, 7323, 7327, 7329, 7333, 7334, 7336, 7338, 7339, 7341, 7343, 7344, 7354, 7362, 7366, 7369, 7373, 7377]
2026-03-19 10:04:01 | ERROR | ConnectedDownlink | _request_round failed after 5 attempts; packets [6098, 6152, 6204, 6350, 6425, 6430, 6454, 6472, 6482, 6516, 6535, 6545, 6606, 6634, 6646, 6655, 6675, 6678, 6683, 6686, 6694, 6714, 6736, 6738, 6742, 6745, 6746, 6748, 6754, 6767, 6793, 6828, 6829, 6833, 6836, 6854, 6855, 6868, 6871, 6876, 6887, 6888, 6889, 6892, 6895, 6896, 6902, 6906, 6907, 6909, 6916, 6917, 6921, 6925, 6934, 6940, 6941, 6945, 6947, 6950, 6951, 6959, 6962, 6963, 6965, 6967, 6968, 6970, 6974, 6980, 6988, 6991, 6994, 6997, 6998, 7005, 7008, 7010, 7020, 7025, 7027, 7035, 7037, 7039, 7041, 7042, 7053, 7054, 7055, 7056, 7058, 7059, 7064, 7067, 7073, 7077, 7090, 7096, 7100, 7102, 7104, 7106, 7114, 7115, 7116, 7118, 7122, 7126, 7128, 7133, 7136, 7137, 7139, 7141, 7142, 7143, 7147, 7151, 7158, 7159, 7161, 7163, 7164, 7176, 7177, 7178, 7187, 7189, 7197, 7198, 7199, 7204, 7206, 7208, 7209, 7216, 7221, 7225, 7226, 7227, 7228, 7237, 7239, 7241, 7244, 7246, 7247, 7253, 7258, 7260, 7261, 7262, 7263, 7264, 7266, 7267, 7268, 7270, 7272, 7274, 7280, 7282, 7285, 7290, 7293, 7298, 7299, 7303, 7308, 7312, 7313, 7317, 7319, 7320, 7323, 7327, 7329, 7333, 7334, 7336, 7338, 7339, 7341, 7343, 7344, 7354, 7362, 7366, 7369, 7373, 7377] still outstanding
2026-03-19 10:04:11 | INFO | ConnectedDownlink | Requesting retransmission of [6098, 6152, 6204, 6350, 6425, 6430, 6454, 6472, 6482, 6516, 6535, 6545, 6606, 6634, 6646, 6655, 6675, 6678, 6683, 6686, 6694, 6714, 6736, 6738, 6742, 6745, 6746, 6748, 6754, 6767, 6793, 6828, 6829, 6833, 6836, 6854, 6855, 6868, 6871, 6876, 6887, 6888, 6889, 6892, 6895, 6896, 6902, 6906, 6907, 6909, 6916, 6917, 6921, 6925, 6934, 6940, 6941, 6945, 6947, 6950, 6951, 6959, 6962, 6963, 6965, 6967, 6968, 6970, 6974, 6980, 6988, 6991, 6994, 6997, 6998, 7005, 7008, 7010, 7020, 7025, 7027, 7035, 7037, 7039, 7041, 7042, 7053, 7054, 7055, 7056, 7058, 7059, 7064, 7067, 7073, 7077, 7090, 7096, 7100, 7102, 7104, 7106, 7114, 7115, 7116, 7118, 7122, 7126, 7128, 7133, 7136, 7137, 7139, 7141, 7142, 7143, 7147, 7151, 7158, 7159, 7161, 7163, 7164, 7176, 7177, 7178, 7187, 7189, 7197, 7198, 7199, 7204, 7206, 7208, 7209, 7216, 7221, 7225, 7226, 7227, 7228, 7237, 7239, 7241, 7244, 7246, 7247, 7253, 7258, 7260, 7261, 7262, 7263, 7264, 7266, 7267, 7268, 7270, 7272, 7274, 7280, 7282, 7285, 7290, 7293, 7298, 7299, 7303, 7308, 7312, 7313, 7317, 7319, 7320, 7323, 7327, 7329, 7333, 7334, 7336, 7338, 7339, 7341, 7343, 7344, 7354, 7362, 7366, 7369, 7373, 7377]
2026-03-19 10:04:11 | INFO | ConnectedDownlink | SENDING RETRANSMISSION REQUEST [6098, 6152, 6204, 6350, 6425, 6430, 6454, 6472, 6482, 6516, 6535, 6545, 6606, 6634, 6646, 6655, 6675, 6678, 6683, 6686, 6694, 6714, 6736, 6738, 6742, 6745, 6746, 6748, 6754, 6767, 6793, 6828, 6829, 6833, 6836, 6854, 6855, 6868, 6871, 6876, 6887, 6888, 6889, 6892, 6895, 6896, 6902, 6906, 6907, 6909, 6916, 6917, 6921, 6925, 6934, 6940, 6941, 6945, 6947, 6950, 6951, 6959, 6962, 6963, 6965, 6967, 6968, 6970, 6974, 6980, 6988, 6991, 6994, 6997, 6998, 7005, 7008, 7010, 7020, 7025, 7027, 7035, 7037, 7039, 7041, 7042, 7053, 7054, 7055, 7056, 7058, 7059, 7064, 7067, 7073, 7077, 7090, 7096, 7100, 7102] (attempt 1/5)
2026-03-19 10:04:11 | INFO | ConnectedDownlink | RETRANSMIT_REQUEST received: [6098, 6152, 6204, 6350, 6425, 6430, 6454, 6472, 6482, 6516, 6535, 6545, 6606, 6634, 6646, 6655, 6675, 6678, 6683, 6686, 6694, 6714, 6736, 6738, 6742, 6745, 6746, 6748, 6754, 6767, 6793, 6828, 6829, 6833, 6836, 6854, 6855, 6868, 6871, 6876, 6887, 6888, 6889, 6892, 6895, 6896, 6902, 6906, 6907, 6909, 6916, 6917, 6921, 6925, 6934, 6940, 6941, 6945, 6947, 6950, 6951, 6959, 6962, 6963, 6965, 6967, 6968, 6970, 6974, 6980, 6988, 6991, 6994, 6997, 6998, 7005, 7008, 7010, 7020, 7025, 7027, 7035, 7037, 7039, 7041, 7042, 7053, 7054, 7055, 7056, 7058, 7059, 7064, 7067, 7073, 7077, 7090, 7096, 7100, 7102]
2026-03-19 10:04:11 | INFO | ConnectedDownlink | Implicit ACK for packets {6787, 6660, 6531, 6664, 6666, 6795, 6668, 6669, 6797, 6540, 6298, 6172, 6812, 6556, 6432, 6691, 6393, 6695, 6570, 6572, 6832, 6705, 6834, 6835, 6708, 6711, 6840, 6842, 6203, 6844, 6463, 6208, 6464, 6466, 6468, 6216, 6729, 6860, 6477, 6862, 6735, 6865, 6874, 6747, 6877, 6496, 6753, 6498, 6756, 6886, 6759, 6761, 6635, 6387, 6773, 6775, 6777, 6778, 6523, 6526} (absent from new request) — deleting from store
2026-03-19 10:04:11 | INFO | ConnectedDownlink | Serving retransmit request: {6152, 6675, 6678, 6683, 6686, 6694, 6714, 6204, 6736, 6738, 6742, 6745, 6746, 6748, 6754, 6767, 6793, 6828, 6829, 6833, 6836, 6854, 6855, 6350, 6868, 6871, 6876, 6887, 6888, 6889, 6892, 6895, 6896, 6902, 6906, 6907, 6909, 6916, 6917, 6921, 6925, 6934, 6425, 6940, 6941, 6430, 6945, 6947, 6950, 6951, 6959, 6962, 6963, 6965, 6454, 6967, 6968, 6970, 6974, 6980, 6472, 6988, 6991, 6482, 6994, 6997, 6998, 7005, 7008, 7010, 7020, 7025, 7027, 6516, 7035, 7037, 7039, 7041, 7042, 6535, 7053, 7054, 7055, 7056, 6545, 7058, 7059, 7064, 7067, 7073, 7077, 7090, 7096, 7100, 7102, 6606, 6098, 6634, 6646, 6655}
2026-03-19 10:04:11 | INFO | ConnectedDownlink | Retransmitted packet seq=6098
2026-03-19 10:04:11 | INFO | ConnectedDownlink | DATA frame received seq=6098 → data_queue
2026-03-19 10:04:11 | INFO | ConnectedDownlink | got dropped message
2026-03-19 10:04:11 | INFO | ConnectedDownlink | Retransmitted packet seq=6152
2026-03-19 10:04:11 | INFO | ConnectedDownlink | Retransmitted packet seq=6204
2026-03-19 10:04:12 | INFO | ConnectedDownlink | Retransmitted packet seq=6350
2026-03-19 10:04:12 | INFO | ConnectedDownlink | Retransmitted packet seq=6425
2026-03-19 10:04:12 | INFO | ConnectedDownlink | DATA frame received seq=6425 → data_queue
2026-03-19 10:04:12 | INFO | ConnectedDownlink | got dropped message
2026-03-19 10:04:12 | INFO | ConnectedDownlink | Retransmitted packet seq=6430
2026-03-19 10:04:12 | INFO | ConnectedDownlink | DATA frame received seq=6430 → data_queue
2026-03-19 10:04:12 | INFO | ConnectedDownlink | got dropped message
2026-03-19 10:04:12 | INFO | ConnectedDownlink | Retransmitted packet seq=6454
2026-03-19 10:04:12 | INFO | ConnectedDownlink | DATA frame received seq=6454 → data_queue
2026-03-19 10:04:12 | INFO | ConnectedDownlink | got dropped message
2026-03-19 10:04:12 | INFO | ConnectedDownlink | Retransmitted packet seq=6472
2026-03-19 10:04:12 | INFO | ConnectedDownlink | DATA frame received seq=6472 → data_queue
2026-03-19 10:04:12 | INFO | ConnectedDownlink | got dropped message
2026-03-19 10:04:12 | INFO | ConnectedDownlink | Retransmitted packet seq=6482
2026-03-19 10:04:12 | INFO | ConnectedDownlink | DATA frame received seq=6482 → data_queue
2026-03-19 10:04:12 | INFO | ConnectedDownlink | got dropped message
2026-03-19 10:04:12 | INFO | ConnectedDownlink | Retransmitted packet seq=6516
2026-03-19 10:04:12 | INFO | ConnectedDownlink | Retransmitted packet seq=6535
2026-03-19 10:04:12 | INFO | ConnectedDownlink | Retransmitted packet seq=6545
2026-03-19 10:04:12 | INFO | ConnectedDownlink | DATA frame received seq=6535 → data_queue
2026-03-19 10:04:12 | INFO | ConnectedDownlink | got dropped message
2026-03-19 10:04:12 | INFO | ConnectedDownlink | Retransmitted packet seq=6606
2026-03-19 10:04:12 | INFO | ConnectedDownlink | Retransmitted packet seq=6634
2026-03-19 10:04:12 | INFO | ConnectedDownlink | DATA frame received seq=6606 → data_queue
2026-03-19 10:04:12 | INFO | ConnectedDownlink | got dropped message
2026-03-19 10:04:12 | INFO | ConnectedDownlink | Retransmitted packet seq=6646
2026-03-19 10:04:12 | INFO | ConnectedDownlink | Retransmitted packet seq=6655
2026-03-19 10:04:12 | INFO | ConnectedDownlink | Retransmitted packet seq=6675
2026-03-19 10:04:12 | INFO | ConnectedDownlink | DATA frame received seq=6675 → data_queue
2026-03-19 10:04:12 | INFO | ConnectedDownlink | got dropped message
2026-03-19 10:04:12 | INFO | ConnectedDownlink | Retransmitted packet seq=6678
2026-03-19 10:04:12 | INFO | ConnectedDownlink | DATA frame received seq=6678 → data_queue
2026-03-19 10:04:12 | INFO | ConnectedDownlink | got dropped message
2026-03-19 10:04:12 | INFO | ConnectedDownlink | Retransmitted packet seq=6683
2026-03-19 10:04:12 | INFO | ConnectedDownlink | Retransmitted packet seq=6686
2026-03-19 10:04:12 | INFO | ConnectedDownlink | DATA frame received seq=6686 → data_queue
2026-03-19 10:04:12 | INFO | ConnectedDownlink | got dropped message
2026-03-19 10:04:12 | INFO | ConnectedDownlink | Retransmitted packet seq=6694
2026-03-19 10:04:12 | INFO | ConnectedDownlink | DATA frame received seq=6694 → data_queue
2026-03-19 10:04:12 | INFO | ConnectedDownlink | got dropped message
2026-03-19 10:04:12 | INFO | ConnectedDownlink | Retransmitted packet seq=6714
2026-03-19 10:04:12 | INFO | ConnectedDownlink | DATA frame received seq=6714 → data_queue
2026-03-19 10:04:12 | INFO | ConnectedDownlink | got dropped message
2026-03-19 10:04:12 | INFO | ConnectedDownlink | Retransmitted packet seq=6736
2026-03-19 10:04:12 | INFO | ConnectedDownlink | DATA frame received seq=6736 → data_queue
2026-03-19 10:04:12 | INFO | ConnectedDownlink | got dropped message
2026-03-19 10:04:12 | INFO | ConnectedDownlink | Retransmitted packet seq=6738
2026-03-19 10:04:12 | INFO | ConnectedDownlink | DATA frame received seq=6738 → data_queue
2026-03-19 10:04:12 | INFO | ConnectedDownlink | got dropped message
2026-03-19 10:04:12 | INFO | ConnectedDownlink | Retransmitted packet seq=6742
2026-03-19 10:04:12 | INFO | ConnectedDownlink | DATA frame received seq=6742 → data_queue
2026-03-19 10:04:12 | INFO | ConnectedDownlink | got dropped message
2026-03-19 10:04:12 | INFO | ConnectedDownlink | Retransmitted packet seq=6745
2026-03-19 10:04:12 | INFO | ConnectedDownlink | DATA frame received seq=6745 → data_queue
2026-03-19 10:04:12 | INFO | ConnectedDownlink | got dropped message
2026-03-19 10:04:12 | INFO | ConnectedDownlink | Retransmitted packet seq=6746
2026-03-19 10:04:12 | INFO | ConnectedDownlink | Retransmitted packet seq=6748
2026-03-19 10:04:12 | INFO | ConnectedDownlink | Retransmitted packet seq=6754
2026-03-19 10:04:12 | INFO | ConnectedDownlink | Retransmitted packet seq=6767
2026-03-19 10:04:12 | INFO | ConnectedDownlink | DATA frame received seq=6767 → data_queue
2026-03-19 10:04:12 | INFO | ConnectedDownlink | got dropped message
2026-03-19 10:04:12 | INFO | ConnectedDownlink | Retransmitted packet seq=6793
2026-03-19 10:04:12 | INFO | ConnectedDownlink | DATA frame received seq=6793 → data_queue
2026-03-19 10:04:12 | INFO | ConnectedDownlink | got dropped message
2026-03-19 10:04:12 | INFO | ConnectedDownlink | Retransmitted packet seq=6828
2026-03-19 10:04:12 | INFO | ConnectedDownlink | Retransmitted packet seq=6829
2026-03-19 10:04:12 | INFO | ConnectedDownlink | Retransmitted packet seq=6833
2026-03-19 10:04:12 | INFO | ConnectedDownlink | DATA frame received seq=6833 → data_queue
2026-03-19 10:04:12 | INFO | ConnectedDownlink | got dropped message
2026-03-19 10:04:12 | INFO | ConnectedDownlink | Retransmitted packet seq=6836
2026-03-19 10:04:12 | INFO | ConnectedDownlink | Retransmitted packet seq=6854
2026-03-19 10:04:12 | INFO | ConnectedDownlink | DATA frame received seq=6854 → data_queue
2026-03-19 10:04:12 | INFO | ConnectedDownlink | got dropped message
2026-03-19 10:04:12 | INFO | ConnectedDownlink | Retransmitted packet seq=6855
2026-03-19 10:04:12 | INFO | ConnectedDownlink | Retransmitted packet seq=6868
2026-03-19 10:04:12 | INFO | ConnectedDownlink | Retransmitted packet seq=6871
2026-03-19 10:04:12 | INFO | ConnectedDownlink | Retransmitted packet seq=6876
2026-03-19 10:04:12 | INFO | ConnectedDownlink | DATA frame received seq=6876 → data_queue
2026-03-19 10:04:12 | INFO | ConnectedDownlink | got dropped message
2026-03-19 10:04:12 | INFO | ConnectedDownlink | Retransmitted packet seq=6887
2026-03-19 10:04:12 | INFO | ConnectedDownlink | Retransmitted packet seq=6888
2026-03-19 10:04:12 | INFO | ConnectedDownlink | Retransmitted packet seq=6889
2026-03-19 10:04:12 | INFO | ConnectedDownlink | DATA frame received seq=6889 → data_queue
2026-03-19 10:04:12 | INFO | ConnectedDownlink | got dropped message
2026-03-19 10:04:12 | INFO | ConnectedDownlink | Retransmitted packet seq=6892
2026-03-19 10:04:12 | INFO | ConnectedDownlink | DATA frame received seq=6892 → data_queue
2026-03-19 10:04:12 | INFO | ConnectedDownlink | got dropped message
2026-03-19 10:04:12 | INFO | ConnectedDownlink | Retransmitted packet seq=6895
2026-03-19 10:04:12 | INFO | ConnectedDownlink | DATA frame received seq=6895 → data_queue
2026-03-19 10:04:12 | INFO | ConnectedDownlink | got dropped message
2026-03-19 10:04:12 | INFO | ConnectedDownlink | Retransmitted packet seq=6896
2026-03-19 10:04:12 | INFO | ConnectedDownlink | Retransmitted packet seq=6902
2026-03-19 10:04:12 | INFO | ConnectedDownlink | DATA frame received seq=6902 → data_queue
2026-03-19 10:04:12 | INFO | ConnectedDownlink | got dropped message
2026-03-19 10:04:12 | INFO | ConnectedDownlink | Retransmitted packet seq=6906
2026-03-19 10:04:12 | INFO | ConnectedDownlink | DATA frame received seq=6906 → data_queue
2026-03-19 10:04:12 | INFO | ConnectedDownlink | got dropped message
2026-03-19 10:04:12 | INFO | ConnectedDownlink | Retransmitted packet seq=6907
2026-03-19 10:04:12 | INFO | ConnectedDownlink | DATA frame received seq=6907 → data_queue
2026-03-19 10:04:12 | INFO | ConnectedDownlink | got dropped message
2026-03-19 10:04:12 | INFO | ConnectedDownlink | Retransmitted packet seq=6909
2026-03-19 10:04:12 | INFO | ConnectedDownlink | Retransmitted packet seq=6916
2026-03-19 10:04:12 | INFO | ConnectedDownlink | DATA frame received seq=6916 → data_queue
2026-03-19 10:04:12 | INFO | ConnectedDownlink | got dropped message
2026-03-19 10:04:12 | INFO | ConnectedDownlink | Retransmitted packet seq=6917
2026-03-19 10:04:12 | INFO | ConnectedDownlink | DATA frame received seq=6917 → data_queue
2026-03-19 10:04:12 | INFO | ConnectedDownlink | got dropped message
2026-03-19 10:04:12 | INFO | ConnectedDownlink | Retransmitted packet seq=6921
2026-03-19 10:04:12 | INFO | ConnectedDownlink | Retransmitted packet seq=6925
2026-03-19 10:04:12 | INFO | ConnectedDownlink | DATA frame received seq=6925 → data_queue
2026-03-19 10:04:12 | INFO | ConnectedDownlink | got dropped message
2026-03-19 10:04:12 | INFO | ConnectedDownlink | Retransmitted packet seq=6934
2026-03-19 10:04:12 | INFO | ConnectedDownlink | DATA frame received seq=6934 → data_queue
2026-03-19 10:04:12 | INFO | ConnectedDownlink | got dropped message
2026-03-19 10:04:12 | INFO | ConnectedDownlink | Retransmitted packet seq=6940
2026-03-19 10:04:12 | INFO | ConnectedDownlink | Retransmitted packet seq=6941
2026-03-19 10:04:12 | INFO | ConnectedDownlink | DATA frame received seq=6941 → data_queue
2026-03-19 10:04:12 | INFO | ConnectedDownlink | got dropped message
2026-03-19 10:04:12 | INFO | ConnectedDownlink | Retransmitted packet seq=6945
2026-03-19 10:04:12 | INFO | ConnectedDownlink | DATA frame received seq=6945 → data_queue
2026-03-19 10:04:12 | INFO | ConnectedDownlink | got dropped message
2026-03-19 10:04:12 | INFO | ConnectedDownlink | Retransmitted packet seq=6947
2026-03-19 10:04:12 | INFO | ConnectedDownlink | DATA frame received seq=6947 → data_queue
2026-03-19 10:04:12 | INFO | ConnectedDownlink | got dropped message
2026-03-19 10:04:12 | INFO | ConnectedDownlink | Retransmitted packet seq=6950
2026-03-19 10:04:12 | INFO | ConnectedDownlink | Retransmitted packet seq=6951
2026-03-19 10:04:12 | INFO | ConnectedDownlink | Retransmitted packet seq=6959
2026-03-19 10:04:12 | INFO | ConnectedDownlink | DATA frame received seq=6959 → data_queue
2026-03-19 10:04:12 | INFO | ConnectedDownlink | got dropped message
2026-03-19 10:04:12 | INFO | ConnectedDownlink | Retransmitted packet seq=6962
2026-03-19 10:04:12 | INFO | ConnectedDownlink | DATA frame received seq=6962 → data_queue
2026-03-19 10:04:12 | INFO | ConnectedDownlink | got dropped message
2026-03-19 10:04:12 | INFO | ConnectedDownlink | Retransmitted packet seq=6963
2026-03-19 10:04:12 | INFO | ConnectedDownlink | DATA frame received seq=6963 → data_queue
2026-03-19 10:04:12 | INFO | ConnectedDownlink | got dropped message
2026-03-19 10:04:12 | INFO | ConnectedDownlink | Retransmitted packet seq=6965
2026-03-19 10:04:12 | INFO | ConnectedDownlink | Retransmitted packet seq=6967
2026-03-19 10:04:12 | INFO | ConnectedDownlink | DATA frame received seq=6967 → data_queue
2026-03-19 10:04:12 | INFO | ConnectedDownlink | got dropped message
2026-03-19 10:04:12 | INFO | ConnectedDownlink | Retransmitted packet seq=6968
2026-03-19 10:04:12 | INFO | ConnectedDownlink | Retransmitted packet seq=6970
2026-03-19 10:04:12 | INFO | ConnectedDownlink | DATA frame received seq=6970 → data_queue
2026-03-19 10:04:12 | INFO | ConnectedDownlink | got dropped message
2026-03-19 10:04:12 | INFO | ConnectedDownlink | Retransmitted packet seq=6974
2026-03-19 10:04:12 | INFO | ConnectedDownlink | DATA frame received seq=6974 → data_queue
2026-03-19 10:04:12 | INFO | ConnectedDownlink | got dropped message
2026-03-19 10:04:12 | INFO | ConnectedDownlink | Retransmitted packet seq=6980
2026-03-19 10:04:13 | INFO | ConnectedDownlink | Retransmitted packet seq=6988
2026-03-19 10:04:13 | INFO | ConnectedDownlink | DATA frame received seq=6988 → data_queue
2026-03-19 10:04:13 | INFO | ConnectedDownlink | got dropped message
2026-03-19 10:04:13 | INFO | ConnectedDownlink | Retransmitted packet seq=6991
2026-03-19 10:04:13 | INFO | ConnectedDownlink | DATA frame received seq=6991 → data_queue
2026-03-19 10:04:13 | INFO | ConnectedDownlink | got dropped message
2026-03-19 10:04:13 | INFO | ConnectedDownlink | Retransmitted packet seq=6994
2026-03-19 10:04:13 | INFO | ConnectedDownlink | DATA frame received seq=6994 → data_queue
2026-03-19 10:04:13 | INFO | ConnectedDownlink | got dropped message
2026-03-19 10:04:13 | INFO | ConnectedDownlink | Retransmitted packet seq=6997
2026-03-19 10:04:13 | INFO | ConnectedDownlink | DATA frame received seq=6997 → data_queue
2026-03-19 10:04:13 | INFO | ConnectedDownlink | got dropped message
2026-03-19 10:04:13 | INFO | ConnectedDownlink | Retransmitted packet seq=6998
2026-03-19 10:04:13 | INFO | ConnectedDownlink | DATA frame received seq=6998 → data_queue
2026-03-19 10:04:13 | INFO | ConnectedDownlink | got dropped message
2026-03-19 10:04:13 | INFO | ConnectedDownlink | Retransmitted packet seq=7005
2026-03-19 10:04:13 | INFO | ConnectedDownlink | DATA frame received seq=7005 → data_queue
2026-03-19 10:04:13 | INFO | ConnectedDownlink | got dropped message
2026-03-19 10:04:13 | INFO | ConnectedDownlink | Retransmitted packet seq=7008
2026-03-19 10:04:13 | INFO | ConnectedDownlink | DATA frame received seq=7008 → data_queue
2026-03-19 10:04:13 | INFO | ConnectedDownlink | got dropped message
2026-03-19 10:04:13 | INFO | ConnectedDownlink | Retransmitted packet seq=7010
2026-03-19 10:04:13 | INFO | ConnectedDownlink | DATA frame received seq=7010 → data_queue
2026-03-19 10:04:13 | INFO | ConnectedDownlink | got dropped message
2026-03-19 10:04:13 | INFO | ConnectedDownlink | Retransmitted packet seq=7020
2026-03-19 10:04:13 | INFO | ConnectedDownlink | DATA frame received seq=7020 → data_queue
2026-03-19 10:04:13 | INFO | ConnectedDownlink | got dropped message
2026-03-19 10:04:13 | INFO | ConnectedDownlink | Retransmitted packet seq=7025
2026-03-19 10:04:13 | INFO | ConnectedDownlink | DATA frame received seq=7025 → data_queue
2026-03-19 10:04:13 | INFO | ConnectedDownlink | got dropped message
2026-03-19 10:04:13 | INFO | ConnectedDownlink | Retransmitted packet seq=7027
2026-03-19 10:04:13 | INFO | ConnectedDownlink | DATA frame received seq=7027 → data_queue
2026-03-19 10:04:13 | INFO | ConnectedDownlink | got dropped message
2026-03-19 10:04:13 | INFO | ConnectedDownlink | Retransmitted packet seq=7035
2026-03-19 10:04:13 | INFO | ConnectedDownlink | DATA frame received seq=7035 → data_queue
2026-03-19 10:04:13 | INFO | ConnectedDownlink | got dropped message
2026-03-19 10:04:13 | INFO | ConnectedDownlink | Retransmitted packet seq=7037
2026-03-19 10:04:13 | INFO | ConnectedDownlink | DATA frame received seq=7037 → data_queue
2026-03-19 10:04:13 | INFO | ConnectedDownlink | got dropped message
2026-03-19 10:04:13 | INFO | ConnectedDownlink | Retransmitted packet seq=7039
2026-03-19 10:04:13 | INFO | ConnectedDownlink | Retransmitted packet seq=7041
2026-03-19 10:04:13 | INFO | ConnectedDownlink | DATA frame received seq=7041 → data_queue
2026-03-19 10:04:13 | INFO | ConnectedDownlink | got dropped message
2026-03-19 10:04:13 | INFO | ConnectedDownlink | Retransmitted packet seq=7042
2026-03-19 10:04:13 | INFO | ConnectedDownlink | Retransmitted packet seq=7053
2026-03-19 10:04:13 | INFO | ConnectedDownlink | Retransmitted packet seq=7054
2026-03-19 10:04:13 | INFO | ConnectedDownlink | DATA frame received seq=7054 → data_queue
2026-03-19 10:04:13 | INFO | ConnectedDownlink | got dropped message
2026-03-19 10:04:13 | INFO | ConnectedDownlink | Retransmitted packet seq=7055
2026-03-19 10:04:13 | INFO | ConnectedDownlink | Retransmitted packet seq=7056
2026-03-19 10:04:13 | INFO | ConnectedDownlink | DATA frame received seq=7056 → data_queue
2026-03-19 10:04:13 | INFO | ConnectedDownlink | got dropped message
2026-03-19 10:04:13 | INFO | ConnectedDownlink | Retransmitted packet seq=7058
2026-03-19 10:04:13 | INFO | ConnectedDownlink | Retransmitted packet seq=7059
2026-03-19 10:04:13 | INFO | ConnectedDownlink | DATA frame received seq=7059 → data_queue
2026-03-19 10:04:13 | INFO | ConnectedDownlink | got dropped message
2026-03-19 10:04:13 | INFO | ConnectedDownlink | Retransmitted packet seq=7064
2026-03-19 10:04:13 | INFO | ConnectedDownlink | DATA frame received seq=7064 → data_queue
2026-03-19 10:04:13 | INFO | ConnectedDownlink | got dropped message
2026-03-19 10:04:13 | INFO | ConnectedDownlink | Retransmitted packet seq=7067
2026-03-19 10:04:13 | INFO | ConnectedDownlink | DATA frame received seq=7067 → data_queue
2026-03-19 10:04:13 | INFO | ConnectedDownlink | got dropped message
2026-03-19 10:04:13 | INFO | ConnectedDownlink | Retransmitted packet seq=7073
2026-03-19 10:04:13 | INFO | ConnectedDownlink | Retransmitted packet seq=7077
2026-03-19 10:04:13 | INFO | ConnectedDownlink | DATA frame received seq=7077 → data_queue
2026-03-19 10:04:13 | INFO | ConnectedDownlink | got dropped message
2026-03-19 10:04:13 | INFO | ConnectedDownlink | Retransmitted packet seq=7090
2026-03-19 10:04:13 | INFO | ConnectedDownlink | DATA frame received seq=7090 → data_queue
2026-03-19 10:04:13 | INFO | ConnectedDownlink | got dropped message
2026-03-19 10:04:13 | INFO | ConnectedDownlink | Retransmitted packet seq=7096
2026-03-19 10:04:13 | INFO | ConnectedDownlink | DATA frame received seq=7096 → data_queue
2026-03-19 10:04:13 | INFO | ConnectedDownlink | got dropped message
2026-03-19 10:04:13 | INFO | ConnectedDownlink | Retransmitted packet seq=7100
2026-03-19 10:04:13 | INFO | ConnectedDownlink | DATA frame received seq=7102 → data_queue
2026-03-19 10:04:13 | INFO | ConnectedDownlink | got dropped message
2026-03-19 10:04:13 | INFO | ConnectedDownlink | Retransmitted packet seq=7102
2026-03-19 10:04:13 | INFO | ConnectedDownlink | Satellite serve_loop cancelled
2026-03-19 10:04:14 | INFO | ConnectedDownlink | retransmit_loop cancelled
2026-03-19 10:05:16 | INFO | ConnectedDownlink | Entered ConnectedDownlink mode
2026-03-19 10:05:16 | INFO | ConnectedDownlink | ConnectedDownlink entered
2026-03-19 10:05:16 | INFO | ConnectedDownlink | starting activity timer for 180
2026-03-19 10:05:16 | INFO | ConnectedDownlink | Satellite serve_loop started (implicit-ACK mode)
2026-03-19 10:05:16 | INFO | ConnectedDownlink | Entered ConnectedDownlink mode
2026-03-19 10:05:16 | INFO | ConnectedDownlink | ConnectedDownlink entered
2026-03-19 10:05:16 | INFO | ConnectedDownlink | starting activity timer for 180
2026-03-19 10:05:16 | INFO | ConnectedDownlink | retransmit_loop started (implicit-ACK mode)
2026-03-19 10:05:16 | INFO | ConnectedDownlink | Requesting retransmission of [6152, 6204, 6350, 6516, 6545, 6634, 6646, 6655, 6683, 6746, 6748, 6754, 6828, 6829, 6836, 6855, 6868, 6871, 6887, 6888, 6896, 6909, 6921, 6940, 6950, 6951, 6965, 6968, 6980, 7039, 7042, 7053, 7055, 7058, 7073, 7100, 7104, 7106, 7114, 7115, 7116, 7118, 7122, 7126, 7128, 7133, 7136, 7137, 7139, 7141, 7142, 7143, 7147, 7151, 7158, 7159, 7161, 7163, 7164, 7176, 7177, 7178, 7187, 7189, 7197, 7198, 7199, 7204, 7206, 7208, 7209, 7216, 7221, 7225, 7226, 7227, 7228, 7237, 7239, 7241, 7244, 7246, 7247, 7253, 7258, 7260, 7261, 7262, 7263, 7264, 7266, 7267, 7268, 7270, 7272, 7274, 7280, 7282, 7285, 7290, 7293, 7298, 7299, 7303, 7308, 7312, 7313, 7317, 7319, 7320, 7323, 7327, 7329, 7333, 7334, 7336, 7338, 7339, 7341, 7343, 7344, 7354, 7362, 7366, 7369, 7373, 7377]
2026-03-19 10:05:16 | INFO | ConnectedDownlink | SENDING RETRANSMISSION REQUEST [6152, 6204, 6350, 6516, 6545, 6634, 6646, 6655, 6683, 6746, 6748, 6754, 6828, 6829, 6836, 6855, 6868, 6871, 6887, 6888, 6896, 6909, 6921, 6940, 6950, 6951, 6965, 6968, 6980, 7039, 7042, 7053, 7055, 7058, 7073, 7100, 7104, 7106, 7114, 7115, 7116, 7118, 7122, 7126, 7128, 7133, 7136, 7137, 7139, 7141, 7142, 7143, 7147, 7151, 7158, 7159, 7161, 7163, 7164, 7176, 7177, 7178, 7187, 7189, 7197, 7198, 7199, 7204, 7206, 7208, 7209, 7216, 7221, 7225, 7226, 7227, 7228, 7237, 7239, 7241, 7244, 7246, 7247, 7253, 7258, 7260, 7261, 7262, 7263, 7264, 7266, 7267, 7268, 7270, 7272, 7274, 7280, 7282, 7285, 7290, 7293, 7298, 7299, 7303, 7308, 7312, 7313, 7317, 7319, 7320, 7323, 7327, 7329, 7333, 7334, 7336, 7338, 7339, 7341, 7343, 7344, 7354, 7362, 7366, 7369, 7373, 7377] (attempt 1/5)
2026-03-19 10:05:16 | INFO | ConnectedDownlink | RETRANSMIT_REQUEST received: [6152, 6204, 6350, 6516, 6545, 6634, 6646, 6655, 6683, 6746, 6748, 6754, 6828, 6829, 6836, 6855, 6868, 6871, 6887, 6888, 6896, 6909, 6921, 6940, 6950, 6951, 6965, 6968, 6980, 7039, 7042, 7053, 7055, 7058, 7073, 7100, 7104, 7106, 7114, 7115, 7116, 7118, 7122, 7126, 7128, 7133, 7136, 7137, 7139, 7141, 7142, 7143, 7147, 7151, 7158, 7159, 7161, 7163, 7164, 7176, 7177, 7178, 7187, 7189, 7197, 7198, 7199, 7204, 7206, 7208, 7209, 7216, 7221, 7225, 7226, 7227, 7228, 7237, 7239, 7241, 7244, 7246, 7247, 7253, 7258, 7260, 7261, 7262, 7263, 7264, 7266, 7267, 7268, 7270, 7272, 7274, 7280, 7282, 7285, 7290, 7293, 7298, 7299, 7303, 7308, 7312, 7313, 7317, 7319, 7320, 7323, 7327, 7329, 7333, 7334, 7336, 7338, 7339, 7341, 7343, 7344, 7354, 7362, 7366, 7369, 7373, 7377]
2026-03-19 10:05:16 | INFO | ConnectedDownlink | Serving retransmit request: {6152, 7176, 7177, 7178, 7187, 7189, 6683, 7197, 7198, 7199, 7204, 7206, 7208, 7209, 7216, 7221, 7225, 7226, 7227, 6204, 7228, 7237, 7239, 7241, 7244, 7246, 7247, 7253, 6746, 7258, 6748, 7260, 7261, 7262, 7263, 7264, 6754, 7266, 7267, 7268, 7270, 7272, 7274, 7280, 7282, 7285, 7290, 7293, 7298, 7299, 7303, 7308, 7312, 7313, 7317, 7319, 7320, 7323, 7327, 7329, 7333, 7334, 7336, 7338, 7339, 6828, 6829, 7341, 7343, 7344, 6836, 7354, 7362, 7366, 6855, 7369, 7373, 6350, 7377, 6868, 6871, 6887, 6888, 6896, 6909, 6921, 6940, 6950, 6951, 6965, 6968, 6980, 6516, 7039, 7042, 7053, 7055, 6545, 7058, 7073, 7100, 7104, 7106, 7114, 7115, 7116, 7118, 7122, 7126, 7128, 7133, 7136, 7137, 7139, 7141, 7142, 7143, 6634, 7147, 7151, 6646, 7159, 7158, 7161, 7163, 7164, 6655}
2026-03-19 10:05:16 | INFO | ConnectedDownlink | Retransmitted packet seq=6152
2026-03-19 10:05:16 | INFO | ConnectedDownlink | Retransmitted packet seq=6204
2026-03-19 10:05:16 | INFO | ConnectedDownlink | Retransmitted packet seq=6350
2026-03-19 10:05:16 | INFO | ConnectedDownlink | Retransmitted packet seq=6516
2026-03-19 10:05:16 | INFO | ConnectedDownlink | DATA frame received seq=6350 → data_queue
2026-03-19 10:05:16 | INFO | ConnectedDownlink | got dropped message
2026-03-19 10:05:16 | INFO | ConnectedDownlink | Retransmitted packet seq=6545
2026-03-19 10:05:16 | INFO | ConnectedDownlink | Retransmitted packet seq=6634
2026-03-19 10:05:16 | INFO | ConnectedDownlink | Retransmitted packet seq=6646
� data_queue
2026-03-19 10:05:16 | INFO | ConnectedDownlink | got dropped message
2026-03-19 10:05:16 | INFO | ConnectedDownlink | Retransmitted packet seq=6655
2026-03-19 10:05:16 | INFO | ConnectedDownlink | DATA frame received seq=6634 → data_queue
2026-03-19 10:05:16 | INFO | ConnectedDownlink | got dropped message
2026-03-19 10:05:16 | INFO | ConnectedDownlink | DATA frame received seq=6646 → data_queue
2026-03-19 10:05:16 | INFO | ConnectedDownlink | got dropped message
2026-03-19 10:05:16 | INFO | ConnectedDownlink | Retransmitted packet seq=6683
2026-03-19 10:05:16 | INFO | ConnectedDownlink | Retransmitted packet seq=6746
2026-03-19 10:05:16 | INFO | ConnectedDownlink | Retransmitted packet seq=6748
2026-03-19 10:05:16 | INFO | ConnectedDownlink | Retransmitted packet seq=6754
2026-03-19 10:05:16 | INFO | ConnectedDownlink | Retransmitted packet seq=6828
2026-03-19 10:05:16 | INFO | ConnectedDownlink | DATA frame received seq=6828 → data_queue
2026-03-19 10:05:16 | INFO | ConnectedDownlink | got dropped message
2026-03-19 10:05:16 | INFO | ConnectedDownlink | Retransmitted packet seq=6829
2026-03-19 10:05:16 | INFO | ConnectedDownlink | DATA frame received seq=6829 → data_queue
2026-03-19 10:05:16 | INFO | ConnectedDownlink | got dropped message
2026-03-19 10:05:16 | INFO | ConnectedDownlink | Retransmitted packet seq=6836
2026-03-19 10:05:16 | INFO | ConnectedDownlink | DATA frame received seq=6836 → data_queue
2026-03-19 10:05:16 | INFO | ConnectedDownlink | got dropped message
2026-03-19 10:05:16 | INFO | ConnectedDownlink | Retransmitted packet seq=6855
2026-03-19 10:05:16 | INFO | ConnectedDownlink | DATA frame received seq=6855 → data_queue
2026-03-19 10:05:16 | INFO | ConnectedDownlink | got dropped message
2026-03-19 10:05:16 | INFO | ConnectedDownlink | Retransmitted packet seq=6868
2026-03-19 10:05:16 | INFO | ConnectedDownlink | Retransmitted packet seq=6871
2026-03-19 10:05:16 | INFO | ConnectedDownlink | DATA frame received seq=6871 → data_queue
2026-03-19 10:05:16 | INFO | ConnectedDownlink | got dropped message
2026-03-19 10:05:16 | INFO | ConnectedDownlink | Retransmitted packet seq=6887
2026-03-19 10:05:16 | INFO | ConnectedDownlink | Retransmitted packet seq=6888
2026-03-19 10:05:16 | INFO | ConnectedDownlink | Retransmitted packet seq=6896
2026-03-19 10:05:16 | INFO | ConnectedDownlink | DATA frame received seq=6896 → data_queue
2026-03-19 10:05:16 | INFO | ConnectedDownlink | got dropped message
2026-03-19 10:05:16 | INFO | ConnectedDownlink | Retransmitted packet seq=6909
2026-03-19 10:05:16 | INFO | ConnectedDownlink | Retransmitted packet seq=6921
2026-03-19 10:05:16 | INFO | ConnectedDownlink | DATA frame received seq=6921 → data_queue
2026-03-19 10:05:16 | INFO | ConnectedDownlink | got dropped message
2026-03-19 10:05:16 | INFO | ConnectedDownlink | Retransmitted packet seq=6940
2026-03-19 10:05:16 | INFO | ConnectedDownlink | Retransmitted packet seq=6950
2026-03-19 10:05:16 | INFO | ConnectedDownlink | DATA frame received seq=6950 → data_queue
2026-03-19 10:05:16 | INFO | ConnectedDownlink | got dropped message
2026-03-19 10:05:16 | INFO | ConnectedDownlink | Retransmitted packet seq=6951
2026-03-19 10:05:16 | INFO | ConnectedDownlink | Retransmitted packet seq=6965
2026-03-19 10:05:16 | INFO | ConnectedDownlink | DATA frame received seq=6965 → data_queue
2026-03-19 10:05:16 | INFO | ConnectedDownlink | got dropped message
2026-03-19 10:05:16 | INFO | ConnectedDownlink | Retransmitted packet seq=6968
2026-03-19 10:05:16 | INFO | ConnectedDownlink | DATA frame received seq=6968 → data_queue
2026-03-19 10:05:16 | INFO | ConnectedDownlink | got dropped message
2026-03-19 10:05:16 | INFO | ConnectedDownlink | Retransmitted packet seq=6980
2026-03-19 10:05:16 | INFO | ConnectedDownlink | DATA frame received seq=6980 → data_queue
2026-03-19 10:05:16 | INFO | ConnectedDownlink | got dropped message
2026-03-19 10:05:16 | INFO | ConnectedDownlink | Retransmitted packet seq=7039
2026-03-19 10:05:16 | INFO | ConnectedDownlink | Retransmitted packet seq=7042
2026-03-19 10:05:16 | INFO | ConnectedDownlink | DATA frame received seq=7042 → data_queue
2026-03-19 10:05:16 | INFO | ConnectedDownlink | got dropped message
2026-03-19 10:05:16 | INFO | ConnectedDownlink | Retransmitted packet seq=7053
2026-03-19 10:05:16 | INFO | ConnectedDownlink | DATA frame received seq=7053 → data_queue
2026-03-19 10:05:16 | INFO | ConnectedDownlink | got dropped message
2026-03-19 10:05:16 | INFO | ConnectedDownlink | Retransmitted packet seq=7055
2026-03-19 10:05:16 | INFO | ConnectedDownlink | DATA frame received seq=7055 → data_queue
2026-03-19 10:05:16 | INFO | ConnectedDownlink | got dropped message
2026-03-19 10:05:16 | INFO | ConnectedDownlink | Retransmitted packet seq=7058
2026-03-19 10:05:16 | INFO | ConnectedDownlink | DATA frame received seq=7058 → data_queue
2026-03-19 10:05:16 | INFO | ConnectedDownlink | got dropped message
2026-03-19 10:05:16 | INFO | ConnectedDownlink | Retransmitted packet seq=7073
2026-03-19 10:05:16 | INFO | ConnectedDownlink | DATA frame received seq=7073 → data_queue
2026-03-19 10:05:16 | INFO | ConnectedDownlink | got dropped message
2026-03-19 10:05:16 | INFO | ConnectedDownlink | Retransmitted packet seq=7100
2026-03-19 10:05:16 | INFO | ConnectedDownlink | DATA frame received seq=7100 → data_queue
2026-03-19 10:05:16 | INFO | ConnectedDownlink | got dropped message
2026-03-19 10:05:16 | INFO | ConnectedDownlink | Retransmitted packet seq=7104
2026-03-19 10:05:16 | INFO | ConnectedDownlink | DATA frame received seq=7104 → data_queue
2026-03-19 10:05:16 | INFO | ConnectedDownlink | got dropped message
2026-03-19 10:05:16 | INFO | ConnectedDownlink | Retransmitted packet seq=7106
2026-03-19 10:05:16 | INFO | ConnectedDownlink | DATA frame received seq=7106 → data_queue
2026-03-19 10:05:16 | INFO | ConnectedDownlink | got dropped message
2026-03-19 10:05:16 | INFO | ConnectedDownlink | Retransmitted packet seq=7114
2026-03-19 10:05:16 | INFO | ConnectedDownlink | DATA frame received seq=7114 → data_queue
2026-03-19 10:05:16 | INFO | ConnectedDownlink | got dropped message
2026-03-19 10:05:16 | INFO | ConnectedDownlink | Retransmitted packet seq=7115
2026-03-19 10:05:16 | INFO | ConnectedDownlink | DATA frame received seq=7115 → data_queue
2026-03-19 10:05:16 | INFO | ConnectedDownlink | got dropped message
2026-03-19 10:05:16 | INFO | ConnectedDownlink | Retransmitted packet seq=7116
2026-03-19 10:05:16 | INFO | ConnectedDownlink | DATA frame received seq=7116 → data_queue
2026-03-19 10:05:16 | INFO | ConnectedDownlink | got dropped message
2026-03-19 10:05:16 | INFO | ConnectedDownlink | Retransmitted packet seq=7118
2026-03-19 10:05:16 | INFO | ConnectedDownlink | Retransmitted packet seq=7122
2026-03-19 10:05:16 | INFO | ConnectedDownlink | Retransmitted packet seq=7126
2026-03-19 10:05:16 | INFO | ConnectedDownlink | DATA frame received seq=7126 → data_queue
2026-03-19 10:05:16 | INFO | ConnectedDownlink | got dropped message
2026-03-19 10:05:16 | INFO | ConnectedDownlink | Retransmitted packet seq=7128
2026-03-19 10:05:16 | INFO | ConnectedDownlink | DATA frame received seq=7128 → data_queue
2026-03-19 10:05:16 | INFO | ConnectedDownlink | got dropped message
2026-03-19 10:05:16 | INFO | ConnectedDownlink | Retransmitted packet seq=7133
2026-03-19 10:05:16 | INFO | ConnectedDownlink | DATA frame received seq=7133 → data_queue
2026-03-19 10:05:16 | INFO | ConnectedDownlink | got dropped message
2026-03-19 10:05:16 | INFO | ConnectedDownlink | Retransmitted packet seq=7136
2026-03-19 10:05:16 | INFO | ConnectedDownlink | Retransmitted packet seq=7137
2026-03-19 10:05:16 | INFO | ConnectedDownlink | Retransmitted packet seq=7139
2026-03-19 10:05:16 | INFO | ConnectedDownlink | Retransmitted packet seq=7141
2026-03-19 10:05:16 | INFO | ConnectedDownlink | DATA frame received seq=7141 → data_queue
2026-03-19 10:05:16 | INFO | ConnectedDownlink | got dropped message
2026-03-19 10:05:16 | INFO | ConnectedDownlink | Retransmitted packet seq=7142
2026-03-19 10:05:16 | INFO | ConnectedDownlink | DATA frame received seq=7142 → data_queue
2026-03-19 10:05:16 | INFO | ConnectedDownlink | got dropped message
2026-03-19 10:05:16 | INFO | ConnectedDownlink | Retransmitted packet seq=7143
2026-03-19 10:05:16 | INFO | ConnectedDownlink | DATA frame received seq=7143 → data_queue
2026-03-19 10:05:16 | INFO | ConnectedDownlink | got dropped message
2026-03-19 10:05:16 | INFO | ConnectedDownlink | Retransmitted packet seq=7147
2026-03-19 10:05:16 | INFO | ConnectedDownlink | DATA frame received seq=7147 → data_queue
2026-03-19 10:05:16 | INFO | ConnectedDownlink | got dropped message
2026-03-19 10:05:16 | INFO | ConnectedDownlink | Retransmitted packet seq=7151
2026-03-19 10:05:16 | INFO | ConnectedDownlink | DATA frame received seq=7151 → data_queue
2026-03-19 10:05:16 | INFO | ConnectedDownlink | got dropped message
2026-03-19 10:05:16 | INFO | ConnectedDownlink | Retransmitted packet seq=7158
2026-03-19 10:05:16 | INFO | ConnectedDownlink | DATA frame received seq=7158 → data_queue
2026-03-19 10:05:16 | INFO | ConnectedDownlink | got dropped message
2026-03-19 10:05:16 | INFO | ConnectedDownlink | Retransmitted packet seq=7159
2026-03-19 10:05:16 | INFO | ConnectedDownlink | Retransmitted packet seq=7161
2026-03-19 10:05:16 | INFO | ConnectedDownlink | DATA frame received seq=7161 → data_queue
2026-03-19 10:05:16 | INFO | ConnectedDownlink | got dropped message
2026-03-19 10:05:17 | INFO | ConnectedDownlink | Retransmitted packet seq=7163
2026-03-19 10:05:17 | INFO | ConnectedDownlink | DATA frame received seq=7163 → data_queue
2026-03-19 10:05:17 | INFO | ConnectedDownlink | got dropped message
2026-03-19 10:05:17 | INFO | ConnectedDownlink | Retransmitted packet seq=7164
2026-03-19 10:05:17 | INFO | ConnectedDownlink | DATA frame received seq=7164 → data_queue
2026-03-19 10:05:17 | INFO | ConnectedDownlink | got dropped message
2026-03-19 10:05:17 | INFO | ConnectedDownlink | Retransmitted packet seq=7176
2026-03-19 10:05:17 | INFO | ConnectedDownlink | Retransmitted packet seq=7177
2026-03-19 10:05:17 | INFO | ConnectedDownlink | DATA frame received seq=7177 → data_queue
2026-03-19 10:05:17 | INFO | ConnectedDownlink | got dropped message
2026-03-19 10:05:17 | INFO | ConnectedDownlink | Retransmitted packet seq=7178
2026-03-19 10:05:17 | INFO | ConnectedDownlink | Retransmitted packet seq=7187
2026-03-19 10:05:17 | INFO | ConnectedDownlink | DATA frame received seq=7187 → data_queue
2026-03-19 10:05:17 | INFO | ConnectedDownlink | got dropped message
2026-03-19 10:05:17 | INFO | ConnectedDownlink | Retransmitted packet seq=7189
2026-03-19 10:05:17 | INFO | ConnectedDownlink | DATA frame received seq=7189 → data_queue
2026-03-19 10:05:17 | INFO | ConnectedDownlink | got dropped message
2026-03-19 10:05:17 | INFO | ConnectedDownlink | Retransmitted packet seq=7197
2026-03-19 10:05:17 | INFO | ConnectedDownlink | DATA frame received seq=7197 → data_queue
2026-03-19 10:05:17 | INFO | ConnectedDownlink | got dropped message
2026-03-19 10:05:17 | INFO | ConnectedDownlink | Retransmitted packet seq=7198
2026-03-19 10:05:17 | INFO | ConnectedDownlink | Retransmitted packet seq=7199
2026-03-19 10:05:17 | INFO | ConnectedDownlink | DATA frame received seq=7199 → data_queue
2026-03-19 10:05:17 | INFO | ConnectedDownlink | got dropped message
2026-03-19 10:05:17 | INFO | ConnectedDownlink | Retransmitted packet seq=7204
2026-03-19 10:05:17 | INFO | ConnectedDownlink | DATA frame received seq=7204 → data_queue
2026-03-19 10:05:17 | INFO | ConnectedDownlink | got dropped message
2026-03-19 10:05:17 | INFO | ConnectedDownlink | Retransmitted packet seq=7206
2026-03-19 10:05:17 | INFO | ConnectedDownlink | DATA frame received seq=7206 → data_queue
2026-03-19 10:05:17 | INFO | ConnectedDownlink | got dropped message
2026-03-19 10:05:17 | INFO | ConnectedDownlink | Retransmitted packet seq=7208
2026-03-19 10:05:17 | INFO | ConnectedDownlink | Retransmitted packet seq=7209
2026-03-19 10:05:17 | INFO | ConnectedDownlink | DATA frame received seq=7209 → data_queue
2026-03-19 10:05:17 | INFO | ConnectedDownlink | got dropped message
2026-03-19 10:05:17 | INFO | ConnectedDownlink | Retransmitted packet seq=7216
2026-03-19 10:05:17 | INFO | ConnectedDownlink | Retransmitted packet seq=7221
2026-03-19 10:05:17 | INFO | ConnectedDownlink | DATA frame received seq=7221 → data_queue
2026-03-19 10:05:17 | INFO | ConnectedDownlink | got dropped message
2026-03-19 10:05:17 | INFO | ConnectedDownlink | Retransmitted packet seq=7225
2026-03-19 10:05:17 | INFO | ConnectedDownlink | Retransmitted packet seq=7226
2026-03-19 10:05:17 | INFO | ConnectedDownlink | DATA frame received seq=7226 → data_queue
2026-03-19 10:05:17 | INFO | ConnectedDownlink | got dropped message
2026-03-19 10:05:17 | INFO | ConnectedDownlink | Retransmitted packet seq=7227
2026-03-19 10:05:17 | INFO | ConnectedDownlink | Retransmitted packet seq=7228
2026-03-19 10:05:17 | INFO | ConnectedDownlink | DATA frame received seq=7228 → data_queue
2026-03-19 10:05:17 | INFO | ConnectedDownlink | got dropped message
2026-03-19 10:05:17 | INFO | ConnectedDownlink | Retransmitted packet seq=7237
2026-03-19 10:05:17 | INFO | ConnectedDownlink | DATA frame received seq=7237 → data_queue
2026-03-19 10:05:17 | INFO | ConnectedDownlink | got dropped message
2026-03-19 10:05:17 | INFO | ConnectedDownlink | Retransmitted packet seq=7239
2026-03-19 10:05:17 | INFO | ConnectedDownlink | DATA frame received seq=7239 → data_queue
2026-03-19 10:05:17 | INFO | ConnectedDownlink | got dropped message
2026-03-19 10:05:17 | INFO | ConnectedDownlink | Retransmitted packet seq=7241
2026-03-19 10:05:17 | INFO | ConnectedDownlink | DATA frame received seq=7241 → data_queue
2026-03-19 10:05:17 | INFO | ConnectedDownlink | got dropped message
2026-03-19 10:05:17 | INFO | ConnectedDownlink | Retransmitted packet seq=7244
2026-03-19 10:05:17 | INFO | ConnectedDownlink | DATA frame received seq=7244 → data_queue
2026-03-19 10:05:17 | INFO | ConnectedDownlink | got dropped message
2026-03-19 10:05:17 | INFO | ConnectedDownlink | Retransmitted packet seq=7246
2026-03-19 10:05:17 | INFO | ConnectedDownlink | DATA frame received seq=7246 → data_queue
2026-03-19 10:05:17 | INFO | ConnectedDownlink | got dropped message
2026-03-19 10:05:17 | INFO | ConnectedDownlink | Retransmitted packet seq=7247
2026-03-19 10:05:17 | INFO | ConnectedDownlink | DATA frame received seq=7247 → data_queue
2026-03-19 10:05:17 | INFO | ConnectedDownlink | got dropped message
2026-03-19 10:05:17 | INFO | ConnectedDownlink | Retransmitted packet seq=7253
2026-03-19 10:05:17 | INFO | ConnectedDownlink | DATA frame received seq=7253 → data_queue
2026-03-19 10:05:17 | INFO | ConnectedDownlink | got dropped message
2026-03-19 10:05:17 | INFO | ConnectedDownlink | Retransmitted packet seq=7258
2026-03-19 10:05:17 | INFO | ConnectedDownlink | Retransmitted packet seq=7260
2026-03-19 10:05:17 | INFO | ConnectedDownlink | DATA frame received seq=7260 → data_queue
2026-03-19 10:05:17 | INFO | ConnectedDownlink | got dropped message
2026-03-19 10:05:17 | INFO | ConnectedDownlink | Retransmitted packet seq=7261
2026-03-19 10:05:17 | INFO | ConnectedDownlink | DATA frame received seq=7261 → data_queue
2026-03-19 10:05:17 | INFO | ConnectedDownlink | got dropped message
2026-03-19 10:05:17 | INFO | ConnectedDownlink | Retransmitted packet seq=7262
2026-03-19 10:05:17 | INFO | ConnectedDownlink | DATA frame received seq=7262 → data_queue
2026-03-19 10:05:17 | INFO | ConnectedDownlink | got dropped message
2026-03-19 10:05:17 | INFO | ConnectedDownlink | Retransmitted packet seq=7263
2026-03-19 10:05:17 | INFO | ConnectedDownlink | DATA frame received seq=7263 → data_queue
2026-03-19 10:05:17 | INFO | ConnectedDownlink | got dropped message
2026-03-19 10:05:17 | INFO | ConnectedDownlink | Retransmitted packet seq=7264
2026-03-19 10:05:17 | INFO | ConnectedDownlink | Retransmitted packet seq=7266
2026-03-19 10:05:17 | INFO | ConnectedDownlink | DATA frame received seq=7266 → data_queue
2026-03-19 10:05:17 | INFO | ConnectedDownlink | got dropped message
2026-03-19 10:05:17 | INFO | ConnectedDownlink | Retransmitted packet seq=7267
2026-03-19 10:05:17 | INFO | ConnectedDownlink | DATA frame received seq=7267 → data_queue
2026-03-19 10:05:17 | INFO | ConnectedDownlink | got dropped message
2026-03-19 10:05:17 | INFO | ConnectedDownlink | Retransmitted packet seq=7268
2026-03-19 10:05:17 | INFO | ConnectedDownlink | Retransmitted packet seq=7270
2026-03-19 10:05:17 | INFO | ConnectedDownlink | DATA frame received seq=7270 → data_queue
2026-03-19 10:05:17 | INFO | ConnectedDownlink | got dropped message
2026-03-19 10:05:17 | INFO | ConnectedDownlink | Retransmitted packet seq=7272
2026-03-19 10:05:17 | INFO | ConnectedDownlink | Retransmitted packet seq=7274
2026-03-19 10:05:17 | INFO | ConnectedDownlink | DATA frame received seq=7274 → data_queue
2026-03-19 10:05:17 | INFO | ConnectedDownlink | got dropped message
2026-03-19 10:05:17 | INFO | ConnectedDownlink | Retransmitted packet seq=7280
2026-03-19 10:05:17 | INFO | ConnectedDownlink | DATA frame received seq=7280 → data_queue
2026-03-19 10:05:17 | INFO | ConnectedDownlink | got dropped message
2026-03-19 10:05:17 | INFO | ConnectedDownlink | Retransmitted packet seq=7282
2026-03-19 10:05:17 | INFO | ConnectedDownlink | DATA frame received seq=7282 → data_queue
2026-03-19 10:05:17 | INFO | ConnectedDownlink | got dropped message
2026-03-19 10:05:17 | INFO | ConnectedDownlink | Retransmitted packet seq=7285
2026-03-19 10:05:17 | INFO | ConnectedDownlink | Retransmitted packet seq=7290
2026-03-19 10:05:17 | INFO | ConnectedDownlink | DATA frame received seq=7290 → data_queue
2026-03-19 10:05:17 | INFO | ConnectedDownlink | got dropped message
2026-03-19 10:05:17 | INFO | ConnectedDownlink | Retransmitted packet seq=7293
2026-03-19 10:05:17 | INFO | ConnectedDownlink | DATA frame received seq=7293 → data_queue
2026-03-19 10:05:17 | INFO | ConnectedDownlink | got dropped message
2026-03-19 10:05:17 | INFO | ConnectedDownlink | Retransmitted packet seq=7298
2026-03-19 10:05:17 | INFO | ConnectedDownlink | DATA frame received seq=7298 → data_queue
2026-03-19 10:05:17 | INFO | ConnectedDownlink | got dropped message
2026-03-19 10:05:17 | INFO | ConnectedDownlink | Retransmitted packet seq=7299
2026-03-19 10:05:17 | INFO | ConnectedDownlink | DATA frame received seq=7299 → data_queue
2026-03-19 10:05:17 | INFO | ConnectedDownlink | got dropped message
2026-03-19 10:05:17 | INFO | ConnectedDownlink | Retransmitted packet seq=7303
2026-03-19 10:05:17 | INFO | ConnectedDownlink | DATA frame received seq=7303 → data_queue
2026-03-19 10:05:17 | INFO | ConnectedDownlink | got dropped message
2026-03-19 10:05:17 | INFO | ConnectedDownlink | Retransmitted packet seq=7308
2026-03-19 10:05:17 | INFO | ConnectedDownlink | DATA frame received seq=7308 → data_queue
2026-03-19 10:05:17 | INFO | ConnectedDownlink | got dropped message
2026-03-19 10:05:17 | INFO | ConnectedDownlink | Retransmitted packet seq=7312
2026-03-19 10:05:17 | INFO | ConnectedDownlink | DATA frame received seq=7312 → data_queue
2026-03-19 10:05:17 | INFO | ConnectedDownlink | got dropped message
2026-03-19 10:05:17 | INFO | ConnectedDownlink | Retransmitted packet seq=7313
2026-03-19 10:05:17 | INFO | ConnectedDownlink | DATA frame received seq=7313 → data_queue
2026-03-19 10:05:17 | INFO | ConnectedDownlink | got dropped message
2026-03-19 10:05:17 | INFO | ConnectedDownlink | Retransmitted packet seq=7317
2026-03-19 10:05:17 | INFO | ConnectedDownlink | DATA frame received seq=7317 → data_queue
2026-03-19 10:05:17 | INFO | ConnectedDownlink | got dropped message
2026-03-19 10:05:17 | INFO | ConnectedDownlink | Retransmitted packet seq=7319
2026-03-19 10:05:17 | INFO | ConnectedDownlink | Retransmitted packet seq=7320
2026-03-19 10:05:17 | INFO | ConnectedDownlink | DATA frame received seq=7320 → data_queue
2026-03-19 10:05:17 | INFO | ConnectedDownlink | got dropped message
2026-03-19 10:05:17 | INFO | ConnectedDownlink | Retransmitted packet seq=7323
2026-03-19 10:05:17 | INFO | ConnectedDownlink | DATA frame received seq=7323 → data_queue
2026-03-19 10:05:17 | INFO | ConnectedDownlink | got dropped message
2026-03-19 10:05:17 | INFO | ConnectedDownlink | Retransmitted packet seq=7327
2026-03-19 10:05:17 | INFO | ConnectedDownlink | Retransmitted packet seq=7329
2026-03-19 10:05:17 | INFO | ConnectedDownlink | DATA frame received seq=7329 → data_queue
2026-03-19 10:05:17 | INFO | ConnectedDownlink | got dropped message
2026-03-19 10:05:17 | INFO | ConnectedDownlink | Retransmitted packet seq=7333
2026-03-19 10:05:17 | INFO | ConnectedDownlink | DATA frame received seq=7333 → data_queue
2026-03-19 10:05:17 | INFO | ConnectedDownlink | got dropped message
2026-03-19 10:05:17 | INFO | ConnectedDownlink | Retransmitted packet seq=7334
2026-03-19 10:05:17 | INFO | ConnectedDownlink | DATA frame received seq=7334 → data_queue
2026-03-19 10:05:17 | INFO | ConnectedDownlink | got dropped message
2026-03-19 10:05:17 | INFO | ConnectedDownlink | Retransmitted packet seq=7336
2026-03-19 10:05:17 | INFO | ConnectedDownlink | DATA frame received seq=7336 → data_queue
2026-03-19 10:05:17 | INFO | ConnectedDownlink | got dropped message
2026-03-19 10:05:17 | INFO | ConnectedDownlink | Retransmitted packet seq=7338
2026-03-19 10:05:17 | INFO | ConnectedDownlink | DATA frame received seq=7338 → data_queue
2026-03-19 10:05:17 | INFO | ConnectedDownlink | got dropped message
2026-03-19 10:05:17 | INFO | ConnectedDownlink | Retransmitted packet seq=7339
2026-03-19 10:05:17 | INFO | ConnectedDownlink | DATA frame received seq=7339 → data_queue
2026-03-19 10:05:17 | INFO | ConnectedDownlink | got dropped message
2026-03-19 10:05:17 | INFO | ConnectedDownlink | Retransmitted packet seq=7341
2026-03-19 10:05:17 | INFO | ConnectedDownlink | DATA frame received seq=7341 → data_queue
2026-03-19 10:05:17 | INFO | ConnectedDownlink | got dropped message
2026-03-19 10:05:17 | INFO | ConnectedDownlink | Retransmitted packet seq=7343
2026-03-19 10:05:17 | INFO | ConnectedDownlink | DATA frame received seq=7343 → data_queue
2026-03-19 10:05:17 | INFO | ConnectedDownlink | got dropped message
2026-03-19 10:05:17 | INFO | ConnectedDownlink | Retransmitted packet seq=7344
2026-03-19 10:05:17 | INFO | ConnectedDownlink | DATA frame received seq=7344 → data_queue
2026-03-19 10:05:17 | INFO | ConnectedDownlink | got dropped message
2026-03-19 10:05:18 | INFO | ConnectedDownlink | Retransmitted packet seq=7354
2026-03-19 10:05:18 | INFO | ConnectedDownlink | Retransmitted packet seq=7362
2026-03-19 10:05:18 | INFO | ConnectedDownlink | DATA frame received seq=7362 → data_queue
2026-03-19 10:05:18 | INFO | ConnectedDownlink | got dropped message
2026-03-19 10:05:18 | INFO | ConnectedDownlink | Retransmitted packet seq=7366
2026-03-19 10:05:18 | INFO | ConnectedDownlink | DATA frame received seq=7366 → data_queue
2026-03-19 10:05:18 | INFO | ConnectedDownlink | got dropped message
2026-03-19 10:05:18 | INFO | ConnectedDownlink | Retransmitted packet seq=7369
2026-03-19 10:05:18 | INFO | ConnectedDownlink | DATA frame received seq=7369 → data_queue
2026-03-19 10:05:18 | INFO | ConnectedDownlink | got dropped message
2026-03-19 10:05:18 | INFO | ConnectedDownlink | Retransmitted packet seq=7373
2026-03-19 10:05:18 | INFO | ConnectedDownlink | DATA frame received seq=7377 → data_queue
2026-03-19 10:05:18 | INFO | ConnectedDownlink | got dropped message
2026-03-19 10:05:18 | INFO | ConnectedDownlink | Retransmitted packet seq=7377
2026-03-19 10:05:21 | INFO | ConnectedDownlink | timeout error
2026-03-19 10:05:21 | INFO | ConnectedDownlink | Packet seq=6350 stored & marked received implicit ACK will be sent next round)
2026-03-19 10:05:21 | INFO | ConnectedDownlink | Packet seq=6516 stored & marked received implicit ACK will be sent next round)
2026-03-19 10:05:21 | INFO | ConnectedDownlink | Packet seq=6634 stored & marked received implicit ACK will be sent next round)
2026-03-19 10:05:21 | INFO | ConnectedDownlink | Packet seq=6646 stored & marked received implicit ACK will be sent next round)
2026-03-19 10:05:21 | INFO | ConnectedDownlink | Packet seq=6828 stored & marked received implicit ACK will be sent next round)
2026-03-19 10:05:21 | INFO | ConnectedDownlink | Packet seq=6829 stored & marked received implicit ACK will be sent next round)
2026-03-19 10:05:21 | INFO | ConnectedDownlink | Packet seq=6836 stored & marked received implicit ACK will be sent next round)
2026-03-19 10:05:21 | INFO | ConnectedDownlink | Packet seq=6855 stored & marked received implicit ACK will be sent next round)
2026-03-19 10:05:21 | INFO | ConnectedDownlink | Packet seq=6871 stored & marked received implicit ACK will be sent next round)
2026-03-19 10:05:21 | INFO | ConnectedDownlink | Packet seq=6896 stored & marked received implicit ACK will be sent next round)
2026-03-19 10:05:21 | INFO | ConnectedDownlink | Packet seq=6921 stored & marked received implicit ACK will be sent next round)
2026-03-19 10:05:21 | INFO | ConnectedDownlink | Packet seq=6950 stored & marked received implicit ACK will be sent next round)
2026-03-19 10:05:21 | INFO | ConnectedDownlink | Packet seq=6965 stored & marked received implicit ACK will be sent next round)
2026-03-19 10:05:21 | INFO | ConnectedDownlink | Packet seq=6968 stored & marked received implicit ACK will be sent next round)
2026-03-19 10:05:21 | INFO | ConnectedDownlink | Packet seq=6980 stored & marked received implicit ACK will be sent next round)
2026-03-19 10:05:21 | INFO | ConnectedDownlink | Packet seq=7042 stored & marked received implicit ACK will be sent next round)
2026-03-19 10:05:21 | INFO | ConnectedDownlink | Packet seq=7053 stored & marked received implicit ACK will be sent next round)
2026-03-19 10:05:21 | INFO | ConnectedDownlink | Packet seq=7055 stored & marked received implicit ACK will be sent next round)
2026-03-19 10:05:21 | INFO | ConnectedDownlink | Packet seq=7058 stored & marked received implicit ACK will be sent next round)
2026-03-19 10:05:21 | INFO | ConnectedDownlink | Packet seq=7073 stored & marked received implicit ACK will be sent next round)
2026-03-19 10:05:21 | INFO | ConnectedDownlink | Packet seq=7100 stored & marked received implicit ACK will be sent next round)
2026-03-19 10:05:21 | INFO | ConnectedDownlink | Packet seq=7104 stored & marked received implicit ACK will be sent next round)
2026-03-19 10:05:21 | INFO | ConnectedDownlink | Packet seq=7106 stored & marked received implicit ACK will be sent next round)
2026-03-19 10:05:21 | INFO | ConnectedDownlink | Packet seq=7114 stored & marked received implicit ACK will be sent next round)
2026-03-19 10:05:21 | INFO | ConnectedDownlink | Packet seq=7115 stored & marked received implicit ACK will be sent next round)
2026-03-19 10:05:21 | INFO | ConnectedDownlink | Packet seq=7116 stored & marked received implicit ACK will be sent next round)
2026-03-19 10:05:21 | INFO | ConnectedDownlink | Packet seq=7126 stored & marked received implicit ACK will be sent next round)
2026-03-19 10:05:21 | INFO | ConnectedDownlink | Packet seq=7128 stored & marked received implicit ACK will be sent next round)
2026-03-19 10:05:21 | INFO | ConnectedDownlink | Packet seq=7133 stored & marked received implicit ACK will be sent next round)
2026-03-19 10:05:21 | INFO | ConnectedDownlink | Packet seq=7141 stored & marked received implicit ACK will be sent next round)
2026-03-19 10:05:21 | INFO | ConnectedDownlink | Packet seq=7142 stored & marked received implicit ACK will be sent next round)
2026-03-19 10:05:21 | INFO | ConnectedDownlink | Packet seq=7143 stored & marked received implicit ACK will be sent next round)
2026-03-19 10:05:21 | INFO | ConnectedDownlink | Packet seq=7147 stored & marked received implicit ACK will be sent next round)
2026-03-19 10:05:21 | INFO | ConnectedDownlink | Packet seq=7151 stored & marked received implicit ACK will be sent next round)
2026-03-19 10:05:21 | INFO | ConnectedDownlink | Packet seq=7158 stored & marked received implicit ACK will be sent next round)
2026-03-19 10:05:21 | INFO | ConnectedDownlink | Packet seq=7161 stored & marked received implicit ACK will be sent next round)
2026-03-19 10:05:21 | INFO | ConnectedDownlink | Packet seq=7163 stored & marked received implicit ACK will be sent next round)
2026-03-19 10:05:21 | INFO | ConnectedDownlink | Packet seq=7164 stored & marked received implicit ACK will be sent next round)
2026-03-19 10:05:21 | INFO | ConnectedDownlink | Packet seq=7177 stored & marked received implicit ACK will be sent next round)
2026-03-19 10:05:21 | INFO | ConnectedDownlink | Packet seq=7187 stored & marked received implicit ACK will be sent next round)
2026-03-19 10:05:21 | INFO | ConnectedDownlink | Packet seq=7189 stored & marked received implicit ACK will be sent next round)
2026-03-19 10:05:21 | INFO | ConnectedDownlink | Packet seq=7197 stored & marked received implicit ACK will be sent next round)
2026-03-19 10:05:21 | INFO | ConnectedDownlink | Packet seq=7199 stored & marked received implicit ACK will be sent next round)
2026-03-19 10:05:21 | INFO | ConnectedDownlink | Packet seq=7204 stored & marked received implicit ACK will be sent next round)
2026-03-19 10:05:21 | INFO | ConnectedDownlink | Packet seq=7206 stored & marked received implicit ACK will be sent next round)
2026-03-19 10:05:21 | INFO | ConnectedDownlink | Packet seq=7209 stored & marked received implicit ACK will be sent next round)
2026-03-19 10:05:21 | INFO | ConnectedDownlink | Packet seq=7221 stored & marked received implicit ACK will be sent next round)
2026-03-19 10:05:21 | INFO | ConnectedDownlink | Packet seq=7226 stored & marked received implicit ACK will be sent next round)
2026-03-19 10:05:21 | INFO | ConnectedDownlink | Packet seq=7228 stored & marked received implicit ACK will be sent next round)
2026-03-19 10:05:21 | INFO | ConnectedDownlink | Packet seq=7237 stored & marked received implicit ACK will be sent next round)
2026-03-19 10:05:21 | INFO | ConnectedDownlink | Packet seq=7239 stored & marked received implicit ACK will be sent next round)
2026-03-19 10:05:21 | INFO | ConnectedDownlink | Packet seq=7241 stored & marked received implicit ACK will be sent next round)
2026-03-19 10:05:21 | INFO | ConnectedDownlink | Packet seq=7244 stored & marked received implicit ACK will be sent next round)
2026-03-19 10:05:21 | INFO | ConnectedDownlink | Packet seq=7246 stored & marked received implicit ACK will be sent next round)
2026-03-19 10:05:21 | INFO | ConnectedDownlink | Packet seq=7247 stored & marked received implicit ACK will be sent next round)
2026-03-19 10:05:21 | INFO | ConnectedDownlink | Packet seq=7253 stored & marked received implicit ACK will be sent next round)
2026-03-19 10:05:21 | INFO | ConnectedDownlink | Packet seq=7260 stored & marked received implicit ACK will be sent next round)
2026-03-19 10:05:21 | INFO | ConnectedDownlink | Packet seq=7261 stored & marked received implicit ACK will be sent next round)
2026-03-19 10:05:21 | INFO | ConnectedDownlink | Packet seq=7262 stored & marked received implicit ACK will be sent next round)
2026-03-19 10:05:21 | INFO | ConnectedDownlink | Packet seq=7263 stored & marked received implicit ACK will be sent next round)
2026-03-19 10:05:21 | INFO | ConnectedDownlink | Packet seq=7266 stored & marked received implicit ACK will be sent next round)
2026-03-19 10:05:21 | INFO | ConnectedDownlink | Packet seq=7267 stored & marked received implicit ACK will be sent next round)
2026-03-19 10:05:21 | INFO | ConnectedDownlink | Packet seq=7270 stored & marked received implicit ACK will be sent next round)
2026-03-19 10:05:21 | INFO | ConnectedDownlink | Packet seq=7274 stored & marked received implicit ACK will be sent next round)
2026-03-19 10:05:21 | INFO | ConnectedDownlink | Packet seq=7280 stored & marked received implicit ACK will be sent next round)
2026-03-19 10:05:21 | INFO | ConnectedDownlink | Packet seq=7282 stored & marked received implicit ACK will be sent next round)
2026-03-19 10:05:21 | INFO | ConnectedDownlink | Packet seq=7290 stored & marked received implicit ACK will be sent next round)
2026-03-19 10:05:21 | INFO | ConnectedDownlink | Packet seq=7293 stored & marked received implicit ACK will be sent next round)
2026-03-19 10:05:21 | INFO | ConnectedDownlink | Packet seq=7298 stored & marked received implicit ACK will be sent next round)
2026-03-19 10:05:21 | INFO | ConnectedDownlink | Packet seq=7299 stored & marked received implicit ACK will be sent next round)
2026-03-19 10:05:21 | INFO | ConnectedDownlink | Packet seq=7303 stored & marked received implicit ACK will be sent next round)
2026-03-19 10:05:21 | INFO | ConnectedDownlink | Packet seq=7308 stored & marked received implicit ACK will be sent next round)
2026-03-19 10:05:21 | INFO | ConnectedDownlink | Packet seq=7312 stored & marked received implicit ACK will be sent next round)
2026-03-19 10:05:21 | INFO | ConnectedDownlink | Packet seq=7313 stored & marked received implicit ACK will be sent next round)
2026-03-19 10:05:21 | INFO | ConnectedDownlink | Packet seq=7317 stored & marked received implicit ACK will be sent next round)
2026-03-19 10:05:21 | INFO | ConnectedDownlink | Packet seq=7320 stored & marked received implicit ACK will be sent next round)
2026-03-19 10:05:21 | INFO | ConnectedDownlink | Packet seq=7323 stored & marked received implicit ACK will be sent next round)
2026-03-19 10:05:21 | INFO | ConnectedDownlink | Packet seq=7329 stored & marked received implicit ACK will be sent next round)
2026-03-19 10:05:21 | INFO | ConnectedDownlink | Packet seq=7333 stored & marked received implicit ACK will be sent next round)
2026-03-19 10:05:21 | INFO | ConnectedDownlink | Packet seq=7334 stored & marked received implicit ACK will be sent next round)
2026-03-19 10:05:21 | INFO | ConnectedDownlink | Packet seq=7336 stored & marked received implicit ACK will be sent next round)
2026-03-19 10:05:21 | INFO | ConnectedDownlink | Packet seq=7338 stored & marked received implicit ACK will be sent next round)
2026-03-19 10:05:21 | INFO | ConnectedDownlink | Packet seq=7339 stored & marked received implicit ACK will be sent next round)
2026-03-19 10:05:21 | INFO | ConnectedDownlink | Packet seq=7341 stored & marked received implicit ACK will be sent next round)
2026-03-19 10:05:21 | INFO | ConnectedDownlink | Packet seq=7343 stored & marked received implicit ACK will be sent next round)
2026-03-19 10:05:21 | INFO | ConnectedDownlink | Packet seq=7344 stored & marked received implicit ACK will be sent next round)
2026-03-19 10:05:21 | INFO | ConnectedDownlink | Packet seq=7362 stored & marked received implicit ACK will be sent next round)
2026-03-19 10:05:21 | INFO | ConnectedDownlink | Packet seq=7366 stored & marked received implicit ACK will be sent next round)
2026-03-19 10:05:21 | INFO | ConnectedDownlink | Packet seq=7369 stored & marked received implicit ACK will be sent next round)
2026-03-19 10:05:21 | INFO | ConnectedDownlink | Packet seq=7377 stored & marked received implicit ACK will be sent next round)
2026-03-19 10:05:21 | INFO | ConnectedDownlink | Attempt 1/5: received 90/127, still missing [6152, 6204, 6545, 6655, 6683, 6746, 6748, 6754, 6868, 6887, 6888, 6909, 6940, 6951, 7039, 7118, 7122, 7136, 7137, 7139, 7159, 7176, 7178, 7198, 7208, 7216, 7225, 7227, 7258, 7264, 7268, 7272, 7285, 7319, 7327, 7354, 7373]
2026-03-19 10:05:21 | INFO | ConnectedDownlink | SENDING RETRANSMISSION REQUEST [6152, 6204, 6545, 6655, 6683, 6746, 6748, 6754, 6868, 6887, 6888, 6909, 6940, 6951, 7039, 7118, 7122, 7136, 7137, 7139, 7159, 7176, 7178, 7198, 7208, 7216, 7225, 7227, 7258, 7264, 7268, 7272, 7285, 7319, 7327, 7354, 7373] (attempt 2/5)
2026-03-19 10:05:21 | INFO | ConnectedDownlink | RETRANSMIT_REQUEST received: [6152, 6204, 6545, 6655, 6683, 6746, 6748, 6754, 6868, 6887, 6888, 6909, 6940, 6951, 7039, 7118, 7122, 7136, 7137, 7139, 7159, 7176, 7178, 7198, 7208, 7216, 7225, 7227, 7258, 7264, 7268, 7272, 7285, 7319, 7327, 7354, 7373]
2026-03-19 10:05:21 | INFO | ConnectedDownlink | Implicit ACK for packets {7177, 7187, 7189, 7197, 7199, 7204, 7206, 7209, 7221, 7226, 7228, 7237, 7239, 7241, 7244, 7246, 7247, 7253, 7260, 7261, 7262, 7263, 7266, 7267, 7270, 7274, 7280, 7282, 7290, 7293, 7298, 7299, 7303, 7308, 7312, 7313, 7317, 7320, 7323, 7329, 7333, 7334, 7336, 7338, 7339, 6828, 6829, 7341, 7343, 7344, 6836, 7362, 7366, 6855, 7369, 6350, 7377, 6871, 6896, 6921, 6950, 6965, 6968, 6980, 6516, 7042, 7053, 7055, 7058, 7073, 7100, 7104, 7106, 7114, 7115, 7116, 7126, 7128, 7133, 7141, 7142, 7143, 6634, 7147, 7151, 6646, 7158, 7161, 7163, 7164} (absent from new request) — deleting from store
2026-03-19 10:05:21 | INFO | ConnectedDownlink | Serving retransmit request: {6152, 7176, 7178, 6545, 7319, 6683, 6940, 7198, 7327, 6951, 7208, 7216, 7225, 7354, 7227, 6204, 6655, 7373, 7118, 7122, 6868, 6746, 7258, 6748, 7136, 7137, 6754, 7139, 7264, 7268, 6887, 6888, 7272, 7285, 7159, 6909, 7039}
2026-03-19 10:05:21 | INFO | ConnectedDownlink | Retransmitted packet seq=6152
2026-03-19 10:05:21 | INFO | ConnectedDownlink | DATA frame received seq=6152 → data_queue
2026-03-19 10:05:21 | INFO | ConnectedDownlink | got dropped message
2026-03-19 10:05:21 | INFO | ConnectedDownlink | Retransmitted packet seq=6204
2026-03-19 10:05:21 | INFO | ConnectedDownlink | DATA frame received seq=6204 → data_queue
2026-03-19 10:05:21 | INFO | ConnectedDownlink | got dropped message
2026-03-19 10:05:22 | INFO | ConnectedDownlink | Retransmitted packet seq=6545
2026-03-19 10:05:22 | INFO | ConnectedDownlink | DATA frame received seq=6545 → data_queue
2026-03-19 10:05:22 | INFO | ConnectedDownlink | got dropped message
2026-03-19 10:05:22 | INFO | ConnectedDownlink | Retransmitted packet seq=6655
2026-03-19 10:05:22 | INFO | ConnectedDownlink | Retransmitted packet seq=6683
2026-03-19 10:05:22 | INFO | ConnectedDownlink | DATA frame received seq=6683 → data_queue
2026-03-19 10:05:22 | INFO | ConnectedDownlink | got dropped message
2026-03-19 10:05:22 | INFO | ConnectedDownlink | Retransmitted packet seq=6746
2026-03-19 10:05:22 | INFO | ConnectedDownlink | Retransmitted packet seq=6748
2026-03-19 10:05:22 | INFO | ConnectedDownlink | Retransmitted packet seq=6754
2026-03-19 10:05:22 | INFO | ConnectedDownlink | Retransmitted packet seq=6868
2026-03-19 10:05:22 | INFO | ConnectedDownlink | DATA frame received seq=6754 → data_queue
2026-03-19 10:05:22 | INFO | ConnectedDownlink | got dropped message
2026-03-19 10:05:22 | INFO | ConnectedDownlink | Retransmitted packet seq=6887
2026-03-19 10:05:22 | INFO | ConnectedDownlink | Retransmitted packet seq=6888
2026-03-19 10:05:22 | INFO | ConnectedDownlink | DATA frame received seq=6887 → data_queue
2026-03-19 10:05:22 | INFO | ConnectedDownlink | got dropped message
2026-03-19 10:05:22 | INFO | ConnectedDownlink | Retransmitted packet seq=6909
2026-03-19 10:05:22 | INFO | ConnectedDownlink | Retransmitted packet seq=6940
2026-03-19 10:05:22 | INFO | ConnectedDownlink | DATA frame received seq=6909 → data_queue
2026-03-19 10:05:22 | INFO | ConnectedDownlink | got dropped message
2026-03-19 10:05:22 | INFO | ConnectedDownlink | Retransmitted packet seq=6951
2026-03-19 10:05:22 | INFO | ConnectedDownlink | Retransmitted packet seq=7039
2026-03-19 10:05:22 | INFO | ConnectedDownlink | DATA frame received seq=6951 → data_queue
2026-03-19 10:05:22 | INFO | ConnectedDownlink | got dropped message
2026-03-19 10:05:22 | INFO | ConnectedDownlink | DATA frame received seq=7039 → data_queue
2026-03-19 10:05:22 | INFO | ConnectedDownlink | got dropped message
2026-03-19 10:05:22 | INFO | ConnectedDownlink | Retransmitted packet seq=7118
2026-03-19 10:05:22 | INFO | ConnectedDownlink | DATA frame received seq=7118 → data_queue
2026-03-19 10:05:22 | INFO | ConnectedDownlink | got dropped message
2026-03-19 10:05:22 | INFO | ConnectedDownlink | Retransmitted packet seq=7122
2026-03-19 10:05:22 | INFO | ConnectedDownlink | Retransmitted packet seq=7136
2026-03-19 10:05:22 | INFO | ConnectedDownlink | DATA frame received seq=7136 → data_queue
2026-03-19 10:05:22 | INFO | ConnectedDownlink | got dropped message
2026-03-19 10:05:22 | INFO | ConnectedDownlink | Retransmitted packet seq=7137
2026-03-19 10:05:22 | INFO | ConnectedDownlink | DATA frame received seq=7137 → data_queue
2026-03-19 10:05:22 | INFO | ConnectedDownlink | got dropped message
2026-03-19 10:05:22 | INFO | ConnectedDownlink | Retransmitted packet seq=7139
2026-03-19 10:05:22 | INFO | ConnectedDownlink | Retransmitted packet seq=7159
2026-03-19 10:05:22 | INFO | ConnectedDownlink | Retransmitted packet seq=7176
2026-03-19 10:05:22 | INFO | ConnectedDownlink | Retransmitted packet seq=7178
2026-03-19 10:05:22 | INFO | ConnectedDownlink | DATA frame received seq=7178 → data_queue
2026-03-19 10:05:22 | INFO | ConnectedDownlink | got dropped message
2026-03-19 10:05:22 | INFO | ConnectedDownlink | Retransmitted packet seq=7198
2026-03-19 10:05:22 | INFO | ConnectedDownlink | DATA frame received seq=7198 → data_queue
2026-03-19 10:05:22 | INFO | ConnectedDownlink | got dropped message
2026-03-19 10:05:22 | INFO | ConnectedDownlink | Retransmitted packet seq=7208
2026-03-19 10:05:22 | INFO | ConnectedDownlink | DATA frame received seq=7208 → data_queue
2026-03-19 10:05:22 | INFO | ConnectedDownlink | got dropped message
2026-03-19 10:05:22 | INFO | ConnectedDownlink | Retransmitted packet seq=7216
2026-03-19 10:05:22 | INFO | ConnectedDownlink | DATA frame received seq=7216 → data_queue
2026-03-19 10:05:22 | INFO | ConnectedDownlink | got dropped message
2026-03-19 10:05:22 | INFO | ConnectedDownlink | Retransmitted packet seq=7225
2026-03-19 10:05:22 | INFO | ConnectedDownlink | DATA frame received seq=7225 → data_queue
2026-03-19 10:05:22 | INFO | ConnectedDownlink | got dropped message
2026-03-19 10:05:22 | INFO | ConnectedDownlink | Retransmitted packet seq=7227
2026-03-19 10:05:22 | INFO | ConnectedDownlink | DATA frame received seq=7227 → data_queue
2026-03-19 10:05:22 | INFO | ConnectedDownlink | got dropped message
2026-03-19 10:05:22 | INFO | ConnectedDownlink | Retransmitted packet seq=7258
2026-03-19 10:05:22 | INFO | ConnectedDownlink | Retransmitted packet seq=7264
2026-03-19 10:05:22 | INFO | ConnectedDownlink | DATA frame received seq=7264 → data_queue
2026-03-19 10:05:22 | INFO | ConnectedDownlink | got dropped message
2026-03-19 10:05:22 | INFO | ConnectedDownlink | Retransmitted packet seq=7268
2026-03-19 10:05:22 | INFO | ConnectedDownlink | DATA frame received seq=7268 → data_queue
2026-03-19 10:05:22 | INFO | ConnectedDownlink | got dropped message
2026-03-19 10:05:22 | INFO | ConnectedDownlink | Retransmitted packet seq=7272
2026-03-19 10:05:22 | INFO | ConnectedDownlink | DATA frame received seq=7272 → data_queue
2026-03-19 10:05:22 | INFO | ConnectedDownlink | got dropped message
2026-03-19 10:05:22 | INFO | ConnectedDownlink | Retransmitted packet seq=7285
2026-03-19 10:05:22 | INFO | ConnectedDownlink | Retransmitted packet seq=7319
2026-03-19 10:05:22 | INFO | ConnectedDownlink | DATA frame received seq=7285 → data_queue
2026-03-19 10:05:22 | INFO | ConnectedDownlink | got dropped message
2026-03-19 10:05:22 | INFO | ConnectedDownlink | DATA frame received seq=7319 → data_queue
2026-03-19 10:05:22 | INFO | ConnectedDownlink | got dropped message
2026-03-19 10:05:22 | INFO | ConnectedDownlink | Retransmitted packet seq=7327
2026-03-19 10:05:22 | INFO | ConnectedDownlink | DATA frame received seq=7327 → data_queue
2026-03-19 10:05:22 | INFO | ConnectedDownlink | got dropped message
2026-03-19 10:05:22 | INFO | ConnectedDownlink | Retransmitted packet seq=7354
2026-03-19 10:05:22 | INFO | ConnectedDownlink | DATA frame received seq=7354 → data_queue
2026-03-19 10:05:22 | INFO | ConnectedDownlink | got dropped message
2026-03-19 10:05:22 | INFO | ConnectedDownlink | DATA frame received seq=7373 → data_queue
2026-03-19 10:05:22 | INFO | ConnectedDownlink | got dropped message
2026-03-19 10:05:22 | INFO | ConnectedDownlink | Retransmitted packet seq=7373
2026-03-19 10:05:25 | INFO | ConnectedDownlink | timeout error
2026-03-19 10:05:25 | INFO | ConnectedDownlink | Packet seq=6152 stored & marked received implicit ACK will be sent next round)
2026-03-19 10:05:25 | INFO | ConnectedDownlink | Packet seq=6204 stored & marked received implicit ACK will be sent next round)
2026-03-19 10:05:25 | INFO | ConnectedDownlink | Packet seq=6545 stored & marked received implicit ACK will be sent next round)
2026-03-19 10:05:25 | INFO | ConnectedDownlink | Packet seq=6683 stored & marked received implicit ACK will be sent next round)
2026-03-19 10:05:25 | INFO | ConnectedDownlink | Packet seq=6754 stored & marked received implicit ACK will be sent next round)
2026-03-19 10:05:25 | INFO | ConnectedDownlink | Packet seq=6887 stored & marked received implicit ACK will be sent next round)
2026-03-19 10:05:25 | INFO | ConnectedDownlink | Packet seq=6909 stored & marked received implicit ACK will be sent next round)
2026-03-19 10:05:25 | INFO | ConnectedDownlink | Packet seq=6951 stored & marked received implicit ACK will be sent next round)
2026-03-19 10:05:25 | INFO | ConnectedDownlink | Packet seq=7039 stored & marked received implicit ACK will be sent next round)
2026-03-19 10:05:25 | INFO | ConnectedDownlink | Packet seq=7118 stored & marked received implicit ACK will be sent next round)
2026-03-19 10:05:25 | INFO | ConnectedDownlink | Packet seq=7136 stored & marked received implicit ACK will be sent next round)
2026-03-19 10:05:25 | INFO | ConnectedDownlink | Packet seq=7137 stored & marked received implicit ACK will be sent next round)
2026-03-19 10:05:25 | INFO | ConnectedDownlink | Packet seq=7178 stored & marked received implicit ACK will be sent next round)
2026-03-19 10:05:25 | INFO | ConnectedDownlink | Packet seq=7198 stored & marked received implicit ACK will be sent next round)
2026-03-19 10:05:25 | INFO | ConnectedDownlink | Packet seq=7208 stored & marked received implicit ACK will be sent next round)
2026-03-19 10:05:25 | INFO | ConnectedDownlink | Packet seq=7216 stored & marked received implicit ACK will be sent next round)
2026-03-19 10:05:25 | INFO | ConnectedDownlink | Packet seq=7225 stored & marked received implicit ACK will be sent next round)
2026-03-19 10:05:25 | INFO | ConnectedDownlink | Packet seq=7227 stored & marked received implicit ACK will be sent next round)
2026-03-19 10:05:25 | INFO | ConnectedDownlink | Packet seq=7264 stored & marked received implicit ACK will be sent next round)
2026-03-19 10:05:25 | INFO | ConnectedDownlink | Packet seq=7268 stored & marked received implicit ACK will be sent next round)
2026-03-19 10:05:25 | INFO | ConnectedDownlink | Packet seq=7272 stored & marked received implicit ACK will be sent next round)
2026-03-19 10:05:25 | INFO | ConnectedDownlink | Packet seq=7285 stored & marked received implicit ACK will be sent next round)
2026-03-19 10:05:25 | INFO | ConnectedDownlink | Packet seq=7319 stored & marked received implicit ACK will be sent next round)
2026-03-19 10:05:25 | INFO | ConnectedDownlink | Packet seq=7327 stored & marked received implicit ACK will be sent next round)
2026-03-19 10:05:25 | INFO | ConnectedDownlink | Packet seq=7354 stored & marked received implicit ACK will be sent next round)
2026-03-19 10:05:25 | INFO | ConnectedDownlink | Packet seq=7373 stored & marked received implicit ACK will be sent next round)
2026-03-19 10:05:25 | INFO | ConnectedDownlink | Attempt 2/5: received 26/37, still missing [6655, 6746, 6748, 6868, 6888, 6940, 7122, 7139, 7159, 7176, 7258]
2026-03-19 10:05:25 | INFO | ConnectedDownlink | SENDING RETRANSMISSION REQUEST [6655, 6746, 6748, 6868, 6888, 6940, 7122, 7139, 7159, 7176, 7258] (attempt 3/5)
2026-03-19 10:05:25 | INFO | ConnectedDownlink | RETRANSMIT_REQUEST received: [6655, 6746, 6748, 6868, 6888, 6940, 7122, 7139, 7159, 7176, 7258]
2026-03-19 10:05:25 | INFO | ConnectedDownlink | Implicit ACK for packets {6152, 7178, 6545, 7319, 6683, 7198, 7327, 6951, 7208, 7216, 7225, 7354, 7227, 6204, 7373, 7118, 7136, 7137, 6754, 7264, 7268, 6887, 7272, 7285, 6909, 7039} (absent from new request) — deleting from store
2026-03-19 10:05:25 | INFO | ConnectedDownlink | Serving retransmit request: {7139, 6940, 7258, 6888, 7176, 7122, 6868, 7159, 6746, 6748, 6655}
2026-03-19 10:05:25 | INFO | ConnectedDownlink | Retransmitted packet seq=6655
2026-03-19 10:05:25 | INFO | ConnectedDownlink | DATA frame received seq=6655 → data_queue
2026-03-19 10:05:25 | INFO | ConnectedDownlink | got dropped message
2026-03-19 10:05:25 | INFO | ConnectedDownlink | Retransmitted packet seq=6746
2026-03-19 10:05:25 | INFO | ConnectedDownlink | Retransmitted packet seq=6748
2026-03-19 10:05:25 | INFO | ConnectedDownlink | Retransmitted packet seq=6868
2026-03-19 10:05:25 | INFO | ConnectedDownlink | DATA frame received seq=6868 → data_queue
2026-03-19 10:05:25 | INFO | ConnectedDownlink | got dropped message
2026-03-19 10:05:25 | INFO | ConnectedDownlink | Retransmitted packet seq=6888
2026-03-19 10:05:25 | INFO | ConnectedDownlink | DATA frame received seq=6888 → data_queue
2026-03-19 10:05:25 | INFO | ConnectedDownlink | got dropped message
2026-03-19 10:05:25 | INFO | ConnectedDownlink | Retransmitted packet seq=6940
2026-03-19 10:05:25 | INFO | ConnectedDownlink | Retransmitted packet seq=7122
2026-03-19 10:05:25 | INFO | ConnectedDownlink | Retransmitted packet seq=7139
2026-03-19 10:05:25 | INFO | ConnectedDownlink | Retransmitted packet seq=7159
2026-03-19 10:05:25 | INFO | ConnectedDownlink | DATA frame received seq=7159 → data_queue
2026-03-19 10:05:25 | INFO | ConnectedDownlink | got dropped message
2026-03-19 10:05:25 | INFO | ConnectedDownlink | Retransmitted packet seq=7176
2026-03-19 10:05:25 | INFO | ConnectedDownlink | DATA frame received seq=7176 → data_queue
2026-03-19 10:05:25 | INFO | ConnectedDownlink | got dropped message
2026-03-19 10:05:25 | INFO | ConnectedDownlink | Retransmitted packet seq=7258
2026-03-19 10:05:28 | INFO | ConnectedDownlink | timeout error
2026-03-19 10:05:28 | INFO | ConnectedDownlink | Packet seq=6655 stored & marked received implicit ACK will be sent next round)
2026-03-19 10:05:28 | INFO | ConnectedDownlink | Packet seq=6868 stored & marked received implicit ACK will be sent next round)
2026-03-19 10:05:28 | INFO | ConnectedDownlink | Packet seq=6888 stored & marked received implicit ACK will be sent next round)
2026-03-19 10:05:28 | INFO | ConnectedDownlink | Packet seq=7159 stored & marked received implicit ACK will be sent next round)
2026-03-19 10:05:28 | INFO | ConnectedDownlink | Packet seq=7176 stored & marked received implicit ACK will be sent next round)
2026-03-19 10:05:28 | INFO | ConnectedDownlink | Attempt 3/5: received 5/11, still missing [6746, 6748, 6940, 7122, 7139, 7258]
2026-03-19 10:05:28 | INFO | ConnectedDownlink | SENDING RETRANSMISSION REQUEST [6746, 6748, 6940, 7122, 7139, 7258] (attempt 4/5)
2026-03-19 10:05:28 | INFO | ConnectedDownlink | RETRANSMIT_REQUEST received: [6746, 6748, 6940, 7122, 7139, 7258]
2026-03-19 10:05:28 | INFO | ConnectedDownlink | Implicit ACK for packets {6888, 7176, 6868, 7159, 6655} (absent from new request) — deleting from store
2026-03-19 10:05:28 | INFO | ConnectedDownlink | Serving retransmit request: {7139, 6940, 7258, 7122, 6746, 6748}
2026-03-19 10:05:28 | INFO | ConnectedDownlink | Retransmitted packet seq=6746
2026-03-19 10:05:28 | INFO | ConnectedDownlink | Retransmitted packet seq=6748
2026-03-19 10:05:28 | INFO | ConnectedDownlink | DATA frame received seq=6746 → data_queue
2026-03-19 10:05:28 | INFO | ConnectedDownlink | got dropped message
2026-03-19 10:05:28 | INFO | ConnectedDownlink | Retransmitted packet seq=6940
2026-03-19 10:05:28 | INFO | ConnectedDownlink | DATA frame received seq=6748 → data_queue
2026-03-19 10:05:28 | INFO | ConnectedDownlink | got dropped message
2026-03-19 10:05:28 | INFO | ConnectedDownlink | Retransmitted packet seq=7122
2026-03-19 10:05:28 | INFO | ConnectedDownlink | Retransmitted packet seq=7139
2026-03-19 10:05:28 | INFO | ConnectedDownlink | DATA frame received seq=7122 → data_queue
2026-03-19 10:05:28 | INFO | ConnectedDownlink | got dropped message
2026-03-19 10:05:28 | INFO | ConnectedDownlink | DATA frame received seq=7139 → data_queue
2026-03-19 10:05:28 | INFO | ConnectedDownlink | got dropped message
2026-03-19 10:05:28 | INFO | ConnectedDownlink | DATA frame received seq=7258 → data_queue
2026-03-19 10:05:28 | INFO | ConnectedDownlink | got dropped message
2026-03-19 10:05:28 | INFO | ConnectedDownlink | Retransmitted packet seq=7258
2026-03-19 10:05:31 | INFO | ConnectedDownlink | timeout error
2026-03-19 10:05:31 | INFO | ConnectedDownlink | Packet seq=6746 stored & marked received implicit ACK will be sent next round)
2026-03-19 10:05:31 | INFO | ConnectedDownlink | Packet seq=6748 stored & marked received implicit ACK will be sent next round)
2026-03-19 10:05:31 | INFO | ConnectedDownlink | Packet seq=7122 stored & marked received implicit ACK will be sent next round)
2026-03-19 10:05:31 | INFO | ConnectedDownlink | Packet seq=7139 stored & marked received implicit ACK will be sent next round)
2026-03-19 10:05:31 | INFO | ConnectedDownlink | Packet seq=7258 stored & marked received implicit ACK will be sent next round)
2026-03-19 10:05:31 | INFO | ConnectedDownlink | Attempt 4/5: received 5/6, still missing [6940]
2026-03-19 10:05:31 | INFO | ConnectedDownlink | SENDING RETRANSMISSION REQUEST [6940] (attempt 5/5)
2026-03-19 10:05:31 | INFO | ConnectedDownlink | RETRANSMIT_REQUEST received: [6940]
2026-03-19 10:05:31 | INFO | ConnectedDownlink | Implicit ACK for packets {7139, 7122, 6746, 7258, 6748} (absent from new request) — deleting from store
2026-03-19 10:05:31 | INFO | ConnectedDownlink | Serving retransmit request: {6940}
2026-03-19 10:05:31 | INFO | ConnectedDownlink | DATA frame received seq=6940 → data_queue
2026-03-19 10:05:31 | INFO | ConnectedDownlink | got dropped message
2026-03-19 10:05:31 | INFO | ConnectedDownlink | Packet seq=6940 stored & marked received implicit ACK will be sent next round)
2026-03-19 10:05:31 | INFO | ConnectedDownlink | All 1 packets received in attempt 5
2026-03-19 10:05:31 | INFO | ConnectedDownlink | Retransmitted packet seq=6940
2026-03-19 10:05:41 | INFO | ConnectedDownlink | No missing packets – sending empty RETRANSMIT_REQUEST to let satellite flush its store then tearing down
2026-03-19 10:05:41 | INFO | ConnectedDownlink | RETRANSMIT_REQUEST received: []
2026-03-19 10:05:41 | INFO | ConnectedDownlink | Implicit ACK for packets {6940} (absent from new request) — deleting from store
2026-03-19 10:05:41 | INFO | ConnectedDownlink | Empty RETRANSMIT_REQUEST received — all packets implicitly ACK'd; awaiting FIN
2026-03-19 10:05:42 | INFO | ConnectedDownlink | RETRANSMIT_REQUEST received: []
2026-03-19 10:05:42 | INFO | ConnectedDownlink | Empty RETRANSMIT_REQUEST received — all packets implicitly ACK'd; awaiting FIN
2026-03-19 10:06:16 | INFO | ConnectedDownlink | Satellite serve_loop cancelled
2026-03-19 10:06:35 | INFO | ConnectedDownlink | Entered ConnectedDownlink mode
2026-03-19 10:06:35 | INFO | ConnectedDownlink | ConnectedDownlink entered
2026-03-19 10:06:35 | INFO | ConnectedDownlink | starting activity timer for 180
2026-03-19 10:06:35 | INFO | ConnectedDownlink | Satellite serve_loop started (implicit-ACK mode)
2026-03-19 10:06:35 | INFO | ConnectedDownlink | Entered ConnectedDownlink mode
2026-03-19 10:06:35 | INFO | ConnectedDownlink | ConnectedDownlink entered
2026-03-19 10:06:35 | INFO | ConnectedDownlink | starting activity timer for 180
2026-03-19 10:06:35 | INFO | ConnectedDownlink | retransmit_loop started (implicit-ACK mode)
2026-03-19 10:06:35 | INFO | ConnectedDownlink | No missing packets – sending empty RETRANSMIT_REQUEST to let satellite flush its store then tearing down
2026-03-19 10:06:35 | INFO | ConnectedDownlink | RETRANSMIT_REQUEST received: []
2026-03-19 10:06:35 | INFO | ConnectedDownlink | Empty RETRANSMIT_REQUEST received — all packets implicitly ACK'd; awaiting FIN
2026-03-19 10:06:35 | INFO | ConnectedDownlink | RETRANSMIT_REQUEST received: []
2026-03-19 10:06:35 | INFO | ConnectedDownlink | Empty RETRANSMIT_REQUEST received — all packets implicitly ACK'd; awaiting FIN
2026-03-19 10:06:35 | INFO | ConnectedDownlink | RETRANSMIT_REQUEST received: []
2026-03-19 10:06:35 | INFO | ConnectedDownlink | Empty RETRANSMIT_REQUEST received — all packets implicitly ACK'd; awaiting FIN
2026-03-19 10:09:18 | INFO | ConnectedDownlink | Satellite ConnectedDownlink: on_exit
2026-03-19 10:09:18 | INFO | ConnectedDownlink | Satellite serve_loop cancelled
2026-03-19 10:09:18 | INFO | ConnectedDownlink | GroundStation ConnectedDownlink: on_exit
2026-03-19 10:09:35 | INFO | ConnectedDownlink | No activity detected, switching to Connectionless Downlink Mode
2026-03-19 10:09:35 | INFO | ConnectedDownlink | No activity detected, switching to Connectionless Downlink Mode
2026-03-19 10:26:16 | INFO | ConnectedDownlink | Entered ConnectedDownlink mode
2026-03-19 10:26:16 | INFO | ConnectedDownlink | ConnectedDownlink entered
2026-03-19 10:26:16 | INFO | ConnectedDownlink | starting activity timer for 180
2026-03-19 10:26:16 | INFO | ConnectedDownlink | Satellite serve_loop started (implicit-ACK mode)
2026-03-19 10:26:16 | INFO | ConnectedDownlink | Entered ConnectedDownlink mode
2026-03-19 10:26:16 | INFO | ConnectedDownlink | ConnectedDownlink entered
2026-03-19 10:26:16 | INFO | ConnectedDownlink | starting activity timer for 180
2026-03-19 10:26:16 | INFO | ConnectedDownlink | retransmit_loop started (implicit-ACK mode)
2026-03-19 10:26:16 | INFO | ConnectedDownlink | No missing packets – sending empty RETRANSMIT_REQUEST to let satellite flush its store then tearing down
2026-03-19 10:26:16 | INFO | ConnectedDownlink | RETRANSMIT_REQUEST received: []
2026-03-19 10:26:16 | INFO | ConnectedDownlink | Empty RETRANSMIT_REQUEST received — all packets implicitly ACK'd; awaiting FIN
2026-03-19 10:26:52 | INFO | ConnectedDownlink | GroundStation ConnectedDownlink: on_exit
2026-03-19 10:27:55 | INFO | ConnectedDownlink | Satellite ConnectedDownlink: on_exit
2026-03-19 10:27:55 | INFO | ConnectedDownlink | Satellite serve_loop cancelled
2026-03-19 10:29:16 | INFO | ConnectedDownlink | No activity detected, switching to Connectionless Downlink Mode
2026-03-19 10:29:16 | INFO | ConnectedDownlink | No activity detected, switching to Connectionless Downlink Mode
2026-03-19 15:26:23 | INFO | ConnectedDownlink | Entered ConnectedDownlink mode
2026-03-19 15:26:23 | INFO | ConnectedDownlink | ConnectedDownlink entered
2026-03-19 15:26:23 | INFO | ConnectedDownlink | starting activity timer for 180
2026-03-19 15:26:23 | INFO | ConnectedDownlink | retransmit_loop started (implicit-ACK mode)
2026-03-19 15:26:23 | INFO | ConnectedDownlink | Requesting retransmission of [7382, 7383, 7384, 7385, 7386, 7387, 7388, 7389, 7390, 7391, 7392, 7393, 7394, 7395, 7396, 7397, 7398, 7399, 7400, 7401, 7402, 7403, 7404, 7405, 7406, 7407, 7408, 7409, 7410, 7411, 7412, 7413, 7414, 7415, 7416, 7417, 7418, 7419, 7420, 7421, 7422, 7423, 7424, 7425, 7426, 7427, 7428, 7429, 7430, 7431, 7432, 7433, 7434, 7435, 7436, 7437, 7438, 7439, 7440, 7441, 7442, 7443, 7444, 7445, 7446, 7447, 7448, 7449, 7450, 7451, 7452, 7453, 7454, 7455, 7456, 7457, 7458, 7459, 7460, 7461, 7462, 7463, 7464, 7465, 7466, 7467, 7468, 7469, 7470, 7471, 7472, 7473, 7474, 7475, 7476, 7477, 7478, 7479, 7480, 7481, 7482, 7483, 7484, 7485, 7486, 7487, 7488, 7489, 7490, 7491, 7492, 7493, 7494, 7495, 7496, 7497, 7498, 7499, 7500, 7501, 7502, 7503, 7504, 7505, 7506, 7507, 7508, 7509, 7510, 7511, 7512, 7513, 7514, 7515, 7516, 7517, 7518, 7519, 7520, 7521, 7522, 7523, 7524, 7525, 7526, 7527, 7528, 7529, 7530, 7531, 7532, 7533, 7534, 7535, 7536, 7537, 7538, 7539, 7540, 7541, 7542, 7543, 7544, 7545, 7546, 7547, 7548, 7549, 7550, 7551, 7552, 7553, 7554, 7555, 7556, 7557, 7558, 7559, 7560, 7561, 7562, 7563, 7564, 7565, 7566, 7567, 7568, 7569, 7570, 7571, 7572, 7573, 7574, 7575, 7576, 7577, 7578, 7579, 7580, 7581, 7582, 7583, 7584, 7585, 7586, 7587, 7588, 7589, 7590, 7591, 7592, 7593, 7594, 7595, 7596, 7597, 7598, 7599, 7600, 7601, 7602, 7603, 7604, 7605, 7606, 7607, 7608, 7609, 7610, 7611, 7612, 7613, 7614, 7615, 7616, 7617, 7618, 7619, 7620, 7621, 7622, 7623, 7624, 7625, 7626, 7627, 7628, 7629, 7630, 7631, 7632, 7633, 7634, 7635, 7636, 7637, 7638, 7639, 7640, 7641, 7642, 7643, 7644, 7645, 7646, 7647, 7648, 7649, 7650, 7651, 7652, 7653, 7654, 7655, 7656, 7657, 7658, 7659, 7660, 7661, 7662, 7663, 7664, 7665, 7666, 7667, 7668, 7669, 7670, 7671, 7672, 7673, 7674, 7675, 7676, 7677, 7678, 7679, 7680, 7681, 7682, 7683, 7684, 7685, 7686, 7687, 7688, 7689, 7690, 7691, 7692, 7693, 7694, 7695, 7696, 7697, 7698, 7699, 7700, 7701, 7702, 7703, 7704, 7705, 7706, 7707, 7708, 7709, 7710, 7711, 7712, 7713, 7714, 7715, 7716, 7717, 7718, 7719, 7720, 7721, 7722, 7723, 7724, 7725, 7726, 7727, 7728, 7729, 7730, 7731, 7732, 7733, 7734, 7735, 7736, 7737, 7738, 7739, 7740, 7741, 7742, 7743, 7744, 7745, 7746, 7747, 7748, 7749, 7750, 7751, 7752, 7753, 7754, 7755, 7756, 7757, 7758, 7759, 7760, 7761, 7762, 7763, 7764, 7765, 7766, 7767, 7768, 7769, 7770, 7771, 7772, 7773, 7774, 7775, 7776, 7777, 7778, 7779, 7780, 7781, 7782, 7783, 7784, 7785, 7786, 7787, 7788, 7789, 7790, 7791, 7792, 7793, 7794, 7795, 7796, 7797, 7798, 7799, 7800, 7801, 7802, 7803, 7804, 7805, 7806, 7807, 7808, 7809, 7810, 7811, 7812, 7813, 7814, 7815, 7816, 7817, 7818, 7819, 7820, 7821, 7822, 7823, 7824, 7825, 7826, 7827, 7828, 7829, 7830, 7831, 7832, 7833, 7834, 7835, 7836, 7837, 7838, 7839, 7840, 7841, 7842, 7843, 7844, 7845, 7846, 7847, 7848, 7849, 7850, 7851, 7852, 7853, 7854, 7855, 7856, 7857, 7858, 7859, 7860, 7861, 7862, 7863, 7864, 7865, 7866, 7867, 7868, 7869, 7870, 7871, 7872, 7873, 7874, 7875, 7876, 7877, 7878, 7879, 7880, 7881, 7882, 7883, 7884, 7885, 7886, 7887, 7888, 7889, 7890, 7891, 7892, 7893, 7894, 7895, 7896, 7897, 7898, 7899, 7900, 7901, 7902, 7903, 7904, 7905, 7906, 7907, 7908, 7909, 7910, 7911, 7912, 7913, 7914, 7915, 7916, 7917, 7918, 7919, 7920, 7921, 7922, 7923, 7924, 7925, 7926, 7927, 7928, 7929, 7930, 7931, 7932, 7933, 7934, 7935, 7936, 7937, 7938, 7939, 7940, 7941, 7942, 7943, 7944, 7945, 7946, 7947, 7948, 7949, 7950, 7951, 7952, 7953, 7954, 7955, 7956, 7957, 7958, 7959, 7960, 7961, 7962, 7963, 7964, 7965, 7966, 7967, 7968, 7969, 7970, 7971, 7972, 7973, 7974, 7975, 7976, 7977, 7978, 7979, 7980, 7981, 7982, 7983, 7984, 7985, 7986, 7987, 7988, 7989, 7990, 7991, 7992, 7993, 7994, 7995, 7996, 7997, 7998, 7999, 8000, 8001, 8002, 8003, 8004, 8005, 8006, 8007, 8008, 8009, 8010, 8011, 8012, 8013, 8014, 8015, 8016, 8017, 8018, 8019, 8020, 8021, 8022, 8023, 8024, 8025, 8026, 8027, 8028, 8029, 8030, 8031, 8032, 8033, 8034, 8035, 8036, 8037, 8038, 8039, 8040, 8041, 8042, 8043, 8044, 8045, 8046, 8047, 8048, 8049, 8050, 8051, 8052, 8053, 8054, 8055, 8056, 8057, 8058, 8059, 8060, 8061, 8062, 8063, 8064, 8065, 8066, 8067, 8068, 8069, 8070, 8071, 8072, 8073, 8074, 8075, 8076, 8077, 8078, 8079, 8080, 8081, 8082, 8083, 8084, 8085, 8086, 8087, 8088, 8089, 8090, 8091, 8092, 8093, 8094, 8095, 8096, 8097, 8098, 8099, 8100, 8101, 8102, 8103, 8104, 8105, 8106, 8107, 8108, 8109, 8110, 8111, 8112, 8113, 8114, 8115, 8116, 8117, 8118, 8119, 8120, 8121, 8122, 8123, 8124, 8125, 8126, 8127, 8128, 8129, 8130, 8131, 8132, 8133, 8134, 8135, 8136, 8137, 8138, 8139, 8140, 8141, 8142, 8143, 8144, 8145, 8146, 8147, 8148, 8149, 8150, 8151, 8152, 8153, 8154, 8155, 8156, 8157, 8158, 8159, 8160, 8161, 8162, 8163, 8164, 8165, 8166, 8167, 8168, 8169, 8170, 8171, 8172, 8173, 8174, 8175, 8176, 8177, 8178, 8179, 8180, 8181, 8182, 8183, 8184, 8185, 8186, 8187, 8188, 8189, 8190, 8191, 8192, 8193, 8194, 8195, 8199, 8200, 8203, 8205, 8206, 8212, 8216, 8219, 8227, 8228, 8229, 8234, 8244, 8246, 8248, 8250, 8255, 8257, 8260, 8262, 8263, 8264, 8267, 8269, 8275, 8276, 8277, 8278, 8281, 8288, 8290, 8293, 8300, 8301, 8302, 8303, 8316, 8321, 8339, 8348, 8349, 8352, 8355, 8361, 8363, 8365, 8366, 8367, 8370, 8371, 8374, 8376, 8379, 8382, 8383, 8385, 8398, 8400, 8402, 8403, 8406, 8410, 8411, 8413, 8414, 8416, 8419, 8421, 8423, 8424, 8430, 8431, 8432, 8433, 8436, 8438, 8444, 8445, 8446, 8448, 8452, 8461, 8464, 8466, 8470, 8472, 8478, 8484, 8487, 8503, 8504, 8511, 8513, 8514, 8518, 8519, 8521, 8524, 8529, 8530, 8531, 8535, 8540, 8543, 8544, 8556, 8560, 8562, 8571, 8572, 8573, 8574, 8578, 8582, 8591, 8595, 8597, 8601, 8602, 8605, 8606, 8610, 8611, 8613, 8614, 8615, 8620, 8621, 8626, 8630, 8641, 8650, 8654, 8658, 8659, 8663, 8665, 8666, 8668, 8670, 8671, 8672, 8673, 8674, 8680, 8682, 8686, 8688, 8690, 8694, 8697, 8704, 8711, 8712, 8714, 8721, 8727, 8734, 8737, 8739, 8748, 8749, 8752, 8753, 8766, 8770, 8777, 8779, 8781, 8783, 8789, 8797, 8805, 8808, 8812, 8819, 8820, 8821, 8822, 8823, 8824, 8825, 8827, 8830, 8843, 8847, 8848, 8857, 8861, 8862, 8864, 8866, 8868, 8869, 8871, 8872, 8875, 8879, 8881, 8882, 8883, 8888, 8889, 8891, 8892, 8897, 8902, 8904, 8913, 8920, 8923, 8925, 8926, 8927, 8930, 8933, 8936, 8939, 8942, 8946, 8951, 8954, 8958, 8960, 8985, 8987, 9000, 9004, 9006, 9008, 9009, 9012, 9015, 9018, 9029, 9031, 9032, 9036, 9039, 9040, 9042, 9043, 9051, 9053, 9056, 9057, 9064, 9067, 9069, 9070, 9071, 9077, 9079, 9083, 9084, 9085, 9086, 9087, 9092, 9096, 9097, 9101, 9104, 9105, 9106, 9110, 9111, 9112, 9115, 9120, 9123, 9124, 9127, 9132, 9133, 9139, 9140, 9141, 9142, 9144, 9147, 9148, 9159, 9170, 9174, 9178, 9183, 9186, 9188, 9193, 9199, 9201, 9202, 9204, 9210, 9212, 9213, 9216, 9218, 9220, 9221, 9232, 9233, 9236, 9238, 9242, 9244, 9245, 9247, 9250, 9259, 9260, 9270, 9272, 9273, 9281, 9282, 9284, 9285, 9288, 9298, 9302, 9304, 9306, 9307, 9313, 9314, 9315, 9316, 9318, 9323, 9325, 9331, 9332, 9334, 9336, 9337, 9338, 9341, 9347, 9348, 9350, 9354, 9355, 9357, 9362, 9365, 9367, 9368, 9369, 9375, 9377, 9379, 9385, 9388, 9389, 9390, 9392, 9394, 9400, 9401, 9405, 9412, 9415, 9419, 9420, 9426, 9427, 9428, 9434, 9444, 9446, 9447, 9449, 9450, 9459, 9461, 9465, 9470, 9471, 9477, 9480, 9481, 9484, 9487, 9488, 9490, 9493, 9494, 9496, 9509, 9513, 9518, 9531, 9541, 9544, 9546, 9552, 9553, 9559, 9561, 9566, 9569, 9571, 9574, 9575, 9576, 9577, 9578, 9579, 9580, 9581, 9582, 9583, 9585, 9594, 9600, 9602, 9607, 9609, 9611, 9612]
2026-03-19 15:26:23 | INFO | ConnectedDownlink | SENDING RETRANSMISSION REQUEST [7382, 7383, 7384, 7385, 7386, 7387, 7388, 7389, 7390, 7391, 7392, 7393, 7394, 7395, 7396, 7397, 7398, 7399, 7400, 7401, 7402, 7403, 7404, 7405, 7406, 7407, 7408, 7409, 7410, 7411, 7412, 7413, 7414, 7415, 7416, 7417, 7418, 7419, 7420, 7421, 7422, 7423, 7424, 7425, 7426, 7427, 7428, 7429, 7430, 7431, 7432, 7433, 7434, 7435, 7436, 7437, 7438, 7439, 7440, 7441, 7442, 7443, 7444, 7445, 7446, 7447, 7448, 7449, 7450, 7451, 7452, 7453, 7454, 7455, 7456, 7457, 7458, 7459, 7460, 7461, 7462, 7463, 7464, 7465, 7466, 7467, 7468, 7469, 7470, 7471, 7472, 7473, 7474, 7475, 7476, 7477, 7478, 7479, 7480, 7481, 7482, 7483, 7484, 7485, 7486, 7487, 7488, 7489, 7490, 7491, 7492, 7493, 7494, 7495, 7496, 7497, 7498, 7499, 7500, 7501, 7502, 7503, 7504, 7505, 7506, 7507, 7508, 7509, 7510, 7511, 7512, 7513, 7514, 7515, 7516, 7517, 7518, 7519, 7520, 7521, 7522, 7523, 7524, 7525, 7526, 7527, 7528, 7529, 7530, 7531, 7532, 7533, 7534, 7535, 7536, 7537, 7538, 7539, 7540, 7541, 7542, 7543, 7544, 7545, 7546, 7547, 7548, 7549, 7550, 7551, 7552, 7553, 7554, 7555, 7556, 7557, 7558, 7559, 7560, 7561, 7562, 7563, 7564, 7565, 7566, 7567, 7568, 7569, 7570, 7571, 7572, 7573, 7574, 7575, 7576, 7577, 7578, 7579, 7580, 7581, 7582, 7583, 7584, 7585, 7586, 7587, 7588, 7589, 7590, 7591, 7592, 7593, 7594, 7595, 7596, 7597, 7598, 7599, 7600, 7601, 7602, 7603, 7604, 7605, 7606, 7607, 7608, 7609, 7610, 7611, 7612, 7613, 7614, 7615, 7616, 7617, 7618, 7619, 7620, 7621, 7622, 7623, 7624, 7625, 7626, 7627, 7628, 7629, 7630, 7631, 7632, 7633, 7634, 7635, 7636, 7637, 7638, 7639, 7640, 7641, 7642, 7643, 7644, 7645, 7646, 7647, 7648, 7649, 7650, 7651, 7652, 7653, 7654, 7655, 7656, 7657, 7658, 7659, 7660, 7661, 7662, 7663, 7664, 7665, 7666, 7667, 7668, 7669, 7670, 7671, 7672, 7673, 7674, 7675, 7676, 7677, 7678, 7679, 7680, 7681, 7682, 7683, 7684, 7685, 7686, 7687, 7688, 7689, 7690, 7691, 7692, 7693, 7694, 7695, 7696, 7697, 7698, 7699, 7700, 7701, 7702, 7703, 7704, 7705, 7706, 7707, 7708, 7709, 7710, 7711, 7712, 7713, 7714, 7715, 7716, 7717, 7718, 7719, 7720, 7721, 7722, 7723, 7724, 7725, 7726, 7727, 7728, 7729, 7730, 7731, 7732, 7733, 7734, 7735, 7736, 7737, 7738, 7739, 7740, 7741, 7742, 7743, 7744, 7745, 7746, 7747, 7748, 7749, 7750, 7751, 7752, 7753, 7754, 7755, 7756, 7757, 7758, 7759, 7760, 7761, 7762, 7763, 7764, 7765, 7766, 7767, 7768, 7769, 7770, 7771, 7772, 7773, 7774, 7775, 7776, 7777, 7778, 7779, 7780, 7781, 7782, 7783, 7784, 7785, 7786, 7787, 7788, 7789, 7790, 7791, 7792, 7793, 7794, 7795, 7796, 7797, 7798, 7799, 7800, 7801, 7802, 7803, 7804, 7805, 7806, 7807, 7808, 7809, 7810, 7811, 7812, 7813, 7814, 7815, 7816, 7817, 7818, 7819, 7820, 7821, 7822, 7823, 7824, 7825, 7826, 7827, 7828, 7829, 7830, 7831, 7832, 7833, 7834, 7835, 7836, 7837, 7838, 7839, 7840, 7841, 7842, 7843, 7844, 7845, 7846, 7847, 7848, 7849, 7850, 7851, 7852, 7853, 7854, 7855, 7856, 7857, 7858, 7859, 7860, 7861, 7862, 7863, 7864, 7865, 7866, 7867, 7868, 7869, 7870, 7871, 7872, 7873, 7874, 7875, 7876, 7877, 7878, 7879, 7880, 7881, 7882, 7883, 7884, 7885, 7886, 7887, 7888, 7889, 7890, 7891, 7892, 7893, 7894, 7895, 7896, 7897, 7898, 7899, 7900, 7901, 7902, 7903, 7904, 7905, 7906, 7907, 7908, 7909, 7910, 7911, 7912, 7913, 7914, 7915, 7916, 7917, 7918, 7919, 7920, 7921, 7922, 7923, 7924, 7925, 7926, 7927, 7928, 7929, 7930, 7931, 7932, 7933, 7934, 7935, 7936, 7937, 7938, 7939, 7940, 7941, 7942, 7943, 7944, 7945, 7946, 7947, 7948, 7949, 7950, 7951, 7952, 7953, 7954, 7955, 7956, 7957, 7958, 7959, 7960, 7961, 7962, 7963, 7964, 7965, 7966, 7967, 7968, 7969, 7970, 7971, 7972, 7973, 7974, 7975, 7976, 7977, 7978, 7979, 7980, 7981, 7982, 7983, 7984, 7985, 7986, 7987, 7988, 7989, 7990, 7991, 7992, 7993, 7994, 7995, 7996, 7997, 7998, 7999, 8000, 8001, 8002, 8003, 8004, 8005, 8006, 8007, 8008, 8009, 8010, 8011, 8012, 8013, 8014, 8015, 8016, 8017, 8018, 8019, 8020, 8021, 8022, 8023, 8024, 8025, 8026, 8027, 8028, 8029, 8030, 8031, 8032, 8033, 8034, 8035, 8036, 8037, 8038, 8039, 8040, 8041, 8042, 8043, 8044, 8045, 8046, 8047, 8048, 8049, 8050, 8051, 8052, 8053, 8054, 8055, 8056, 8057, 8058, 8059, 8060, 8061, 8062, 8063, 8064, 8065, 8066, 8067, 8068, 8069, 8070, 8071, 8072, 8073, 8074, 8075, 8076, 8077, 8078, 8079, 8080, 8081, 8082, 8083, 8084, 8085, 8086, 8087, 8088, 8089, 8090, 8091, 8092, 8093, 8094, 8095, 8096, 8097, 8098, 8099, 8100, 8101, 8102, 8103, 8104, 8105, 8106, 8107, 8108, 8109, 8110, 8111, 8112, 8113, 8114, 8115, 8116, 8117, 8118, 8119, 8120, 8121, 8122, 8123, 8124, 8125, 8126, 8127, 8128, 8129, 8130, 8131, 8132, 8133, 8134, 8135, 8136, 8137, 8138, 8139, 8140, 8141, 8142, 8143, 8144, 8145, 8146, 8147, 8148, 8149, 8150, 8151, 8152, 8153, 8154, 8155, 8156, 8157, 8158, 8159, 8160, 8161, 8162, 8163, 8164, 8165, 8166, 8167, 8168, 8169, 8170, 8171, 8172, 8173, 8174, 8175, 8176, 8177, 8178, 8179, 8180, 8181, 8182, 8183, 8184, 8185, 8186, 8187, 8188, 8189, 8190, 8191, 8192, 8193, 8194, 8195, 8199, 8200, 8203, 8205, 8206, 8212, 8216, 8219, 8227, 8228, 8229, 8234, 8244, 8246, 8248, 8250, 8255, 8257, 8260, 8262, 8263, 8264, 8267, 8269, 8275, 8276, 8277, 8278, 8281, 8288, 8290, 8293, 8300, 8301, 8302, 8303, 8316, 8321, 8339, 8348, 8349, 8352, 8355, 8361, 8363, 8365, 8366, 8367, 8370, 8371, 8374, 8376, 8379, 8382, 8383, 8385, 8398, 8400, 8402, 8403, 8406, 8410, 8411, 8413, 8414, 8416, 8419, 8421, 8423, 8424, 8430, 8431, 8432, 8433, 8436, 8438, 8444, 8445, 8446, 8448, 8452, 8461, 8464, 8466, 8470, 8472, 8478, 8484, 8487, 8503, 8504, 8511, 8513, 8514, 8518, 8519, 8521, 8524, 8529, 8530, 8531, 8535, 8540, 8543, 8544, 8556, 8560, 8562, 8571, 8572, 8573, 8574, 8578, 8582, 8591, 8595, 8597, 8601, 8602, 8605, 8606, 8610, 8611, 8613, 8614, 8615, 8620, 8621, 8626, 8630, 8641, 8650, 8654, 8658, 8659, 8663, 8665, 8666, 8668, 8670, 8671, 8672, 8673, 8674, 8680, 8682, 8686, 8688, 8690, 8694, 8697, 8704, 8711, 8712, 8714, 8721, 8727, 8734, 8737, 8739, 8748, 8749, 8752, 8753, 8766, 8770, 8777, 8779, 8781, 8783, 8789, 8797, 8805, 8808, 8812, 8819, 8820, 8821, 8822, 8823, 8824, 8825, 8827, 8830, 8843, 8847, 8848, 8857, 8861, 8862, 8864, 8866, 8868, 8869, 8871, 8872, 8875, 8879, 8881, 8882, 8883, 8888, 8889, 8891, 8892, 8897, 8902, 8904, 8913, 8920, 8923, 8925, 8926, 8927, 8930, 8933, 8936, 8939, 8942, 8946, 8951, 8954, 8958, 8960, 8985, 8987, 9000, 9004, 9006, 9008, 9009, 9012, 9015, 9018, 9029, 9031, 9032, 9036, 9039, 9040, 9042, 9043, 9051, 9053, 9056, 9057, 9064, 9067, 9069, 9070, 9071, 9077, 9079, 9083, 9084, 9085, 9086, 9087, 9092, 9096, 9097, 9101, 9104, 9105, 9106, 9110, 9111, 9112, 9115, 9120, 9123, 9124, 9127, 9132, 9133, 9139, 9140, 9141, 9142, 9144, 9147, 9148, 9159, 9170, 9174, 9178, 9183, 9186, 9188, 9193, 9199, 9201, 9202, 9204, 9210, 9212, 9213, 9216, 9218, 9220, 9221, 9232, 9233, 9236, 9238, 9242, 9244, 9245, 9247, 9250, 9259, 9260, 9270, 9272, 9273, 9281, 9282, 9284, 9285, 9288, 9298, 9302, 9304, 9306, 9307, 9313, 9314, 9315, 9316, 9318, 9323, 9325, 9331, 9332, 9334, 9336, 9337, 9338, 9341, 9347, 9348, 9350, 9354, 9355, 9357, 9362, 9365, 9367, 9368, 9369, 9375, 9377, 9379, 9385, 9388, 9389, 9390, 9392, 9394, 9400, 9401, 9405, 9412, 9415, 9419, 9420, 9426, 9427, 9428, 9434, 9444, 9446, 9447, 9449, 9450, 9459, 9461, 9465, 9470, 9471, 9477, 9480, 9481, 9484, 9487, 9488, 9490, 9493, 9494, 9496, 9509, 9513, 9518, 9531, 9541, 9544, 9546, 9552, 9553, 9559, 9561, 9566, 9569, 9571, 9574, 9575, 9576, 9577, 9578, 9579, 9580, 9581, 9582, 9583, 9585, 9594, 9600, 9602, 9607, 9609, 9611, 9612] (attempt 1/5)
2026-03-19 15:26:26 | INFO | ConnectedDownlink | Attempt 1/5: received 0/1236, still missing [7382, 7383, 7384, 7385, 7386, 7387, 7388, 7389, 7390, 7391, 7392, 7393, 7394, 7395, 7396, 7397, 7398, 7399, 7400, 7401, 7402, 7403, 7404, 7405, 7406, 7407, 7408, 7409, 7410, 7411, 7412, 7413, 7414, 7415, 7416, 7417, 7418, 7419, 7420, 7421, 7422, 7423, 7424, 7425, 7426, 7427, 7428, 7429, 7430, 7431, 7432, 7433, 7434, 7435, 7436, 7437, 7438, 7439, 7440, 7441, 7442, 7443, 7444, 7445, 7446, 7447, 7448, 7449, 7450, 7451, 7452, 7453, 7454, 7455, 7456, 7457, 7458, 7459, 7460, 7461, 7462, 7463, 7464, 7465, 7466, 7467, 7468, 7469, 7470, 7471, 7472, 7473, 7474, 7475, 7476, 7477, 7478, 7479, 7480, 7481, 7482, 7483, 7484, 7485, 7486, 7487, 7488, 7489, 7490, 7491, 7492, 7493, 7494, 7495, 7496, 7497, 7498, 7499, 7500, 7501, 7502, 7503, 7504, 7505, 7506, 7507, 7508, 7509, 7510, 7511, 7512, 7513, 7514, 7515, 7516, 7517, 7518, 7519, 7520, 7521, 7522, 7523, 7524, 7525, 7526, 7527, 7528, 7529, 7530, 7531, 7532, 7533, 7534, 7535, 7536, 7537, 7538, 7539, 7540, 7541, 7542, 7543, 7544, 7545, 7546, 7547, 7548, 7549, 7550, 7551, 7552, 7553, 7554, 7555, 7556, 7557, 7558, 7559, 7560, 7561, 7562, 7563, 7564, 7565, 7566, 7567, 7568, 7569, 7570, 7571, 7572, 7573, 7574, 7575, 7576, 7577, 7578, 7579, 7580, 7581, 7582, 7583, 7584, 7585, 7586, 7587, 7588, 7589, 7590, 7591, 7592, 7593, 7594, 7595, 7596, 7597, 7598, 7599, 7600, 7601, 7602, 7603, 7604, 7605, 7606, 7607, 7608, 7609, 7610, 7611, 7612, 7613, 7614, 7615, 7616, 7617, 7618, 7619, 7620, 7621, 7622, 7623, 7624, 7625, 7626, 7627, 7628, 7629, 7630, 7631, 7632, 7633, 7634, 7635, 7636, 7637, 7638, 7639, 7640, 7641, 7642, 7643, 7644, 7645, 7646, 7647, 7648, 7649, 7650, 7651, 7652, 7653, 7654, 7655, 7656, 7657, 7658, 7659, 7660, 7661, 7662, 7663, 7664, 7665, 7666, 7667, 7668, 7669, 7670, 7671, 7672, 7673, 7674, 7675, 7676, 7677, 7678, 7679, 7680, 7681, 7682, 7683, 7684, 7685, 7686, 7687, 7688, 7689, 7690, 7691, 7692, 7693, 7694, 7695, 7696, 7697, 7698, 7699, 7700, 7701, 7702, 7703, 7704, 7705, 7706, 7707, 7708, 7709, 7710, 7711, 7712, 7713, 7714, 7715, 7716, 7717, 7718, 7719, 7720, 7721, 7722, 7723, 7724, 7725, 7726, 7727, 7728, 7729, 7730, 7731, 7732, 7733, 7734, 7735, 7736, 7737, 7738, 7739, 7740, 7741, 7742, 7743, 7744, 7745, 7746, 7747, 7748, 7749, 7750, 7751, 7752, 7753, 7754, 7755, 7756, 7757, 7758, 7759, 7760, 7761, 7762, 7763, 7764, 7765, 7766, 7767, 7768, 7769, 7770, 7771, 7772, 7773, 7774, 7775, 7776, 7777, 7778, 7779, 7780, 7781, 7782, 7783, 7784, 7785, 7786, 7787, 7788, 7789, 7790, 7791, 7792, 7793, 7794, 7795, 7796, 7797, 7798, 7799, 7800, 7801, 7802, 7803, 7804, 7805, 7806, 7807, 7808, 7809, 7810, 7811, 7812, 7813, 7814, 7815, 7816, 7817, 7818, 7819, 7820, 7821, 7822, 7823, 7824, 7825, 7826, 7827, 7828, 7829, 7830, 7831, 7832, 7833, 7834, 7835, 7836, 7837, 7838, 7839, 7840, 7841, 7842, 7843, 7844, 7845, 7846, 7847, 7848, 7849, 7850, 7851, 7852, 7853, 7854, 7855, 7856, 7857, 7858, 7859, 7860, 7861, 7862, 7863, 7864, 7865, 7866, 7867, 7868, 7869, 7870, 7871, 7872, 7873, 7874, 7875, 7876, 7877, 7878, 7879, 7880, 7881, 7882, 7883, 7884, 7885, 7886, 7887, 7888, 7889, 7890, 7891, 7892, 7893, 7894, 7895, 7896, 7897, 7898, 7899, 7900, 7901, 7902, 7903, 7904, 7905, 7906, 7907, 7908, 7909, 7910, 7911, 7912, 7913, 7914, 7915, 7916, 7917, 7918, 7919, 7920, 7921, 7922, 7923, 7924, 7925, 7926, 7927, 7928, 7929, 7930, 7931, 7932, 7933, 7934, 7935, 7936, 7937, 7938, 7939, 7940, 7941, 7942, 7943, 7944, 7945, 7946, 7947, 7948, 7949, 7950, 7951, 7952, 7953, 7954, 7955, 7956, 7957, 7958, 7959, 7960, 7961, 7962, 7963, 7964, 7965, 7966, 7967, 7968, 7969, 7970, 7971, 7972, 7973, 7974, 7975, 7976, 7977, 7978, 7979, 7980, 7981, 7982, 7983, 7984, 7985, 7986, 7987, 7988, 7989, 7990, 7991, 7992, 7993, 7994, 7995, 7996, 7997, 7998, 7999, 8000, 8001, 8002, 8003, 8004, 8005, 8006, 8007, 8008, 8009, 8010, 8011, 8012, 8013, 8014, 8015, 8016, 8017, 8018, 8019, 8020, 8021, 8022, 8023, 8024, 8025, 8026, 8027, 8028, 8029, 8030, 8031, 8032, 8033, 8034, 8035, 8036, 8037, 8038, 8039, 8040, 8041, 8042, 8043, 8044, 8045, 8046, 8047, 8048, 8049, 8050, 8051, 8052, 8053, 8054, 8055, 8056, 8057, 8058, 8059, 8060, 8061, 8062, 8063, 8064, 8065, 8066, 8067, 8068, 8069, 8070, 8071, 8072, 8073, 8074, 8075, 8076, 8077, 8078, 8079, 8080, 8081, 8082, 8083, 8084, 8085, 8086, 8087, 8088, 8089, 8090, 8091, 8092, 8093, 8094, 8095, 8096, 8097, 8098, 8099, 8100, 8101, 8102, 8103, 8104, 8105, 8106, 8107, 8108, 8109, 8110, 8111, 8112, 8113, 8114, 8115, 8116, 8117, 8118, 8119, 8120, 8121, 8122, 8123, 8124, 8125, 8126, 8127, 8128, 8129, 8130, 8131, 8132, 8133, 8134, 8135, 8136, 8137, 8138, 8139, 8140, 8141, 8142, 8143, 8144, 8145, 8146, 8147, 8148, 8149, 8150, 8151, 8152, 8153, 8154, 8155, 8156, 8157, 8158, 8159, 8160, 8161, 8162, 8163, 8164, 8165, 8166, 8167, 8168, 8169, 8170, 8171, 8172, 8173, 8174, 8175, 8176, 8177, 8178, 8179, 8180, 8181, 8182, 8183, 8184, 8185, 8186, 8187, 8188, 8189, 8190, 8191, 8192, 8193, 8194, 8195, 8199, 8200, 8203, 8205, 8206, 8212, 8216, 8219, 8227, 8228, 8229, 8234, 8244, 8246, 8248, 8250, 8255, 8257, 8260, 8262, 8263, 8264, 8267, 8269, 8275, 8276, 8277, 8278, 8281, 8288, 8290, 8293, 8300, 8301, 8302, 8303, 8316, 8321, 8339, 8348, 8349, 8352, 8355, 8361, 8363, 8365, 8366, 8367, 8370, 8371, 8374, 8376, 8379, 8382, 8383, 8385, 8398, 8400, 8402, 8403, 8406, 8410, 8411, 8413, 8414, 8416, 8419, 8421, 8423, 8424, 8430, 8431, 8432, 8433, 8436, 8438, 8444, 8445, 8446, 8448, 8452, 8461, 8464, 8466, 8470, 8472, 8478, 8484, 8487, 8503, 8504, 8511, 8513, 8514, 8518, 8519, 8521, 8524, 8529, 8530, 8531, 8535, 8540, 8543, 8544, 8556, 8560, 8562, 8571, 8572, 8573, 8574, 8578, 8582, 8591, 8595, 8597, 8601, 8602, 8605, 8606, 8610, 8611, 8613, 8614, 8615, 8620, 8621, 8626, 8630, 8641, 8650, 8654, 8658, 8659, 8663, 8665, 8666, 8668, 8670, 8671, 8672, 8673, 8674, 8680, 8682, 8686, 8688, 8690, 8694, 8697, 8704, 8711, 8712, 8714, 8721, 8727, 8734, 8737, 8739, 8748, 8749, 8752, 8753, 8766, 8770, 8777, 8779, 8781, 8783, 8789, 8797, 8805, 8808, 8812, 8819, 8820, 8821, 8822, 8823, 8824, 8825, 8827, 8830, 8843, 8847, 8848, 8857, 8861, 8862, 8864, 8866, 8868, 8869, 8871, 8872, 8875, 8879, 8881, 8882, 8883, 8888, 8889, 8891, 8892, 8897, 8902, 8904, 8913, 8920, 8923, 8925, 8926, 8927, 8930, 8933, 8936, 8939, 8942, 8946, 8951, 8954, 8958, 8960, 8985, 8987, 9000, 9004, 9006, 9008, 9009, 9012, 9015, 9018, 9029, 9031, 9032, 9036, 9039, 9040, 9042, 9043, 9051, 9053, 9056, 9057, 9064, 9067, 9069, 9070, 9071, 9077, 9079, 9083, 9084, 9085, 9086, 9087, 9092, 9096, 9097, 9101, 9104, 9105, 9106, 9110, 9111, 9112, 9115, 9120, 9123, 9124, 9127, 9132, 9133, 9139, 9140, 9141, 9142, 9144, 9147, 9148, 9159, 9170, 9174, 9178, 9183, 9186, 9188, 9193, 9199, 9201, 9202, 9204, 9210, 9212, 9213, 9216, 9218, 9220, 9221, 9232, 9233, 9236, 9238, 9242, 9244, 9245, 9247, 9250, 9259, 9260, 9270, 9272, 9273, 9281, 9282, 9284, 9285, 9288, 9298, 9302, 9304, 9306, 9307, 9313, 9314, 9315, 9316, 9318, 9323, 9325, 9331, 9332, 9334, 9336, 9337, 9338, 9341, 9347, 9348, 9350, 9354, 9355, 9357, 9362, 9365, 9367, 9368, 9369, 9375, 9377, 9379, 9385, 9388, 9389, 9390, 9392, 9394, 9400, 9401, 9405, 9412, 9415, 9419, 9420, 9426, 9427, 9428, 9434, 9444, 9446, 9447, 9449, 9450, 9459, 9461, 9465, 9470, 9471, 9477, 9480, 9481, 9484, 9487, 9488, 9490, 9493, 9494, 9496, 9509, 9513, 9518, 9531, 9541, 9544, 9546, 9552, 9553, 9559, 9561, 9566, 9569, 9571, 9574, 9575, 9576, 9577, 9578, 9579, 9580, 9581, 9582, 9583, 9585, 9594, 9600, 9602, 9607, 9609, 9611, 9612]
2026-03-19 15:26:26 | INFO | ConnectedDownlink | SENDING RETRANSMISSION REQUEST [7382, 7383, 7384, 7385, 7386, 7387, 7388, 7389, 7390, 7391, 7392, 7393, 7394, 7395, 7396, 7397, 7398, 7399, 7400, 7401, 7402, 7403, 7404, 7405, 7406, 7407, 7408, 7409, 7410, 7411, 7412, 7413, 7414, 7415, 7416, 7417, 7418, 7419, 7420, 7421, 7422, 7423, 7424, 7425, 7426, 7427, 7428, 7429, 7430, 7431, 7432, 7433, 7434, 7435, 7436, 7437, 7438, 7439, 7440, 7441, 7442, 7443, 7444, 7445, 7446, 7447, 7448, 7449, 7450, 7451, 7452, 7453, 7454, 7455, 7456, 7457, 7458, 7459, 7460, 7461, 7462, 7463, 7464, 7465, 7466, 7467, 7468, 7469, 7470, 7471, 7472, 7473, 7474, 7475, 7476, 7477, 7478, 7479, 7480, 7481, 7482, 7483, 7484, 7485, 7486, 7487, 7488, 7489, 7490, 7491, 7492, 7493, 7494, 7495, 7496, 7497, 7498, 7499, 7500, 7501, 7502, 7503, 7504, 7505, 7506, 7507, 7508, 7509, 7510, 7511, 7512, 7513, 7514, 7515, 7516, 7517, 7518, 7519, 7520, 7521, 7522, 7523, 7524, 7525, 7526, 7527, 7528, 7529, 7530, 7531, 7532, 7533, 7534, 7535, 7536, 7537, 7538, 7539, 7540, 7541, 7542, 7543, 7544, 7545, 7546, 7547, 7548, 7549, 7550, 7551, 7552, 7553, 7554, 7555, 7556, 7557, 7558, 7559, 7560, 7561, 7562, 7563, 7564, 7565, 7566, 7567, 7568, 7569, 7570, 7571, 7572, 7573, 7574, 7575, 7576, 7577, 7578, 7579, 7580, 7581, 7582, 7583, 7584, 7585, 7586, 7587, 7588, 7589, 7590, 7591, 7592, 7593, 7594, 7595, 7596, 7597, 7598, 7599, 7600, 7601, 7602, 7603, 7604, 7605, 7606, 7607, 7608, 7609, 7610, 7611, 7612, 7613, 7614, 7615, 7616, 7617, 7618, 7619, 7620, 7621, 7622, 7623, 7624, 7625, 7626, 7627, 7628, 7629, 7630, 7631, 7632, 7633, 7634, 7635, 7636, 7637, 7638, 7639, 7640, 7641, 7642, 7643, 7644, 7645, 7646, 7647, 7648, 7649, 7650, 7651, 7652, 7653, 7654, 7655, 7656, 7657, 7658, 7659, 7660, 7661, 7662, 7663, 7664, 7665, 7666, 7667, 7668, 7669, 7670, 7671, 7672, 7673, 7674, 7675, 7676, 7677, 7678, 7679, 7680, 7681, 7682, 7683, 7684, 7685, 7686, 7687, 7688, 7689, 7690, 7691, 7692, 7693, 7694, 7695, 7696, 7697, 7698, 7699, 7700, 7701, 7702, 7703, 7704, 7705, 7706, 7707, 7708, 7709, 7710, 7711, 7712, 7713, 7714, 7715, 7716, 7717, 7718, 7719, 7720, 7721, 7722, 7723, 7724, 7725, 7726, 7727, 7728, 7729, 7730, 7731, 7732, 7733, 7734, 7735, 7736, 7737, 7738, 7739, 7740, 7741, 7742, 7743, 7744, 7745, 7746, 7747, 7748, 7749, 7750, 7751, 7752, 7753, 7754, 7755, 7756, 7757, 7758, 7759, 7760, 7761, 7762, 7763, 7764, 7765, 7766, 7767, 7768, 7769, 7770, 7771, 7772, 7773, 7774, 7775, 7776, 7777, 7778, 7779, 7780, 7781, 7782, 7783, 7784, 7785, 7786, 7787, 7788, 7789, 7790, 7791, 7792, 7793, 7794, 7795, 7796, 7797, 7798, 7799, 7800, 7801, 7802, 7803, 7804, 7805, 7806, 7807, 7808, 7809, 7810, 7811, 7812, 7813, 7814, 7815, 7816, 7817, 7818, 7819, 7820, 7821, 7822, 7823, 7824, 7825, 7826, 7827, 7828, 7829, 7830, 7831, 7832, 7833, 7834, 7835, 7836, 7837, 7838, 7839, 7840, 7841, 7842, 7843, 7844, 7845, 7846, 7847, 7848, 7849, 7850, 7851, 7852, 7853, 7854, 7855, 7856, 7857, 7858, 7859, 7860, 7861, 7862, 7863, 7864, 7865, 7866, 7867, 7868, 7869, 7870, 7871, 7872, 7873, 7874, 7875, 7876, 7877, 7878, 7879, 7880, 7881, 7882, 7883, 7884, 7885, 7886, 7887, 7888, 7889, 7890, 7891, 7892, 7893, 7894, 7895, 7896, 7897, 7898, 7899, 7900, 7901, 7902, 7903, 7904, 7905, 7906, 7907, 7908, 7909, 7910, 7911, 7912, 7913, 7914, 7915, 7916, 7917, 7918, 7919, 7920, 7921, 7922, 7923, 7924, 7925, 7926, 7927, 7928, 7929, 7930, 7931, 7932, 7933, 7934, 7935, 7936, 7937, 7938, 7939, 7940, 7941, 7942, 7943, 7944, 7945, 7946, 7947, 7948, 7949, 7950, 7951, 7952, 7953, 7954, 7955, 7956, 7957, 7958, 7959, 7960, 7961, 7962, 7963, 7964, 7965, 7966, 7967, 7968, 7969, 7970, 7971, 7972, 7973, 7974, 7975, 7976, 7977, 7978, 7979, 7980, 7981, 7982, 7983, 7984, 7985, 7986, 7987, 7988, 7989, 7990, 7991, 7992, 7993, 7994, 7995, 7996, 7997, 7998, 7999, 8000, 8001, 8002, 8003, 8004, 8005, 8006, 8007, 8008, 8009, 8010, 8011, 8012, 8013, 8014, 8015, 8016, 8017, 8018, 8019, 8020, 8021, 8022, 8023, 8024, 8025, 8026, 8027, 8028, 8029, 8030, 8031, 8032, 8033, 8034, 8035, 8036, 8037, 8038, 8039, 8040, 8041, 8042, 8043, 8044, 8045, 8046, 8047, 8048, 8049, 8050, 8051, 8052, 8053, 8054, 8055, 8056, 8057, 8058, 8059, 8060, 8061, 8062, 8063, 8064, 8065, 8066, 8067, 8068, 8069, 8070, 8071, 8072, 8073, 8074, 8075, 8076, 8077, 8078, 8079, 8080, 8081, 8082, 8083, 8084, 8085, 8086, 8087, 8088, 8089, 8090, 8091, 8092, 8093, 8094, 8095, 8096, 8097, 8098, 8099, 8100, 8101, 8102, 8103, 8104, 8105, 8106, 8107, 8108, 8109, 8110, 8111, 8112, 8113, 8114, 8115, 8116, 8117, 8118, 8119, 8120, 8121, 8122, 8123, 8124, 8125, 8126, 8127, 8128, 8129, 8130, 8131, 8132, 8133, 8134, 8135, 8136, 8137, 8138, 8139, 8140, 8141, 8142, 8143, 8144, 8145, 8146, 8147, 8148, 8149, 8150, 8151, 8152, 8153, 8154, 8155, 8156, 8157, 8158, 8159, 8160, 8161, 8162, 8163, 8164, 8165, 8166, 8167, 8168, 8169, 8170, 8171, 8172, 8173, 8174, 8175, 8176, 8177, 8178, 8179, 8180, 8181, 8182, 8183, 8184, 8185, 8186, 8187, 8188, 8189, 8190, 8191, 8192, 8193, 8194, 8195, 8199, 8200, 8203, 8205, 8206, 8212, 8216, 8219, 8227, 8228, 8229, 8234, 8244, 8246, 8248, 8250, 8255, 8257, 8260, 8262, 8263, 8264, 8267, 8269, 8275, 8276, 8277, 8278, 8281, 8288, 8290, 8293, 8300, 8301, 8302, 8303, 8316, 8321, 8339, 8348, 8349, 8352, 8355, 8361, 8363, 8365, 8366, 8367, 8370, 8371, 8374, 8376, 8379, 8382, 8383, 8385, 8398, 8400, 8402, 8403, 8406, 8410, 8411, 8413, 8414, 8416, 8419, 8421, 8423, 8424, 8430, 8431, 8432, 8433, 8436, 8438, 8444, 8445, 8446, 8448, 8452, 8461, 8464, 8466, 8470, 8472, 8478, 8484, 8487, 8503, 8504, 8511, 8513, 8514, 8518, 8519, 8521, 8524, 8529, 8530, 8531, 8535, 8540, 8543, 8544, 8556, 8560, 8562, 8571, 8572, 8573, 8574, 8578, 8582, 8591, 8595, 8597, 8601, 8602, 8605, 8606, 8610, 8611, 8613, 8614, 8615, 8620, 8621, 8626, 8630, 8641, 8650, 8654, 8658, 8659, 8663, 8665, 8666, 8668, 8670, 8671, 8672, 8673, 8674, 8680, 8682, 8686, 8688, 8690, 8694, 8697, 8704, 8711, 8712, 8714, 8721, 8727, 8734, 8737, 8739, 8748, 8749, 8752, 8753, 8766, 8770, 8777, 8779, 8781, 8783, 8789, 8797, 8805, 8808, 8812, 8819, 8820, 8821, 8822, 8823, 8824, 8825, 8827, 8830, 8843, 8847, 8848, 8857, 8861, 8862, 8864, 8866, 8868, 8869, 8871, 8872, 8875, 8879, 8881, 8882, 8883, 8888, 8889, 8891, 8892, 8897, 8902, 8904, 8913, 8920, 8923, 8925, 8926, 8927, 8930, 8933, 8936, 8939, 8942, 8946, 8951, 8954, 8958, 8960, 8985, 8987, 9000, 9004, 9006, 9008, 9009, 9012, 9015, 9018, 9029, 9031, 9032, 9036, 9039, 9040, 9042, 9043, 9051, 9053, 9056, 9057, 9064, 9067, 9069, 9070, 9071, 9077, 9079, 9083, 9084, 9085, 9086, 9087, 9092, 9096, 9097, 9101, 9104, 9105, 9106, 9110, 9111, 9112, 9115, 9120, 9123, 9124, 9127, 9132, 9133, 9139, 9140, 9141, 9142, 9144, 9147, 9148, 9159, 9170, 9174, 9178, 9183, 9186, 9188, 9193, 9199, 9201, 9202, 9204, 9210, 9212, 9213, 9216, 9218, 9220, 9221, 9232, 9233, 9236, 9238, 9242, 9244, 9245, 9247, 9250, 9259, 9260, 9270, 9272, 9273, 9281, 9282, 9284, 9285, 9288, 9298, 9302, 9304, 9306, 9307, 9313, 9314, 9315, 9316, 9318, 9323, 9325, 9331, 9332, 9334, 9336, 9337, 9338, 9341, 9347, 9348, 9350, 9354, 9355, 9357, 9362, 9365, 9367, 9368, 9369, 9375, 9377, 9379, 9385, 9388, 9389, 9390, 9392, 9394, 9400, 9401, 9405, 9412, 9415, 9419, 9420, 9426, 9427, 9428, 9434, 9444, 9446, 9447, 9449, 9450, 9459, 9461, 9465, 9470, 9471, 9477, 9480, 9481, 9484, 9487, 9488, 9490, 9493, 9494, 9496, 9509, 9513, 9518, 9531, 9541, 9544, 9546, 9552, 9553, 9559, 9561, 9566, 9569, 9571, 9574, 9575, 9576, 9577, 9578, 9579, 9580, 9581, 9582, 9583, 9585, 9594, 9600, 9602, 9607, 9609, 9611, 9612] (attempt 2/5)
2026-03-19 15:26:28 | INFO | ConnectedDownlink | Entered ConnectedDownlink mode
2026-03-19 15:26:28 | INFO | ConnectedDownlink | ConnectedDownlink entered
2026-03-19 15:26:28 | INFO | ConnectedDownlink | starting activity timer for 180
2026-03-19 15:26:28 | INFO | ConnectedDownlink | Satellite serve_loop started (implicit-ACK mode)
2026-03-19 15:26:29 | INFO | ConnectedDownlink | Attempt 2/5: received 0/1236, still missing [7382, 7383, 7384, 7385, 7386, 7387, 7388, 7389, 7390, 7391, 7392, 7393, 7394, 7395, 7396, 7397, 7398, 7399, 7400, 7401, 7402, 7403, 7404, 7405, 7406, 7407, 7408, 7409, 7410, 7411, 7412, 7413, 7414, 7415, 7416, 7417, 7418, 7419, 7420, 7421, 7422, 7423, 7424, 7425, 7426, 7427, 7428, 7429, 7430, 7431, 7432, 7433, 7434, 7435, 7436, 7437, 7438, 7439, 7440, 7441, 7442, 7443, 7444, 7445, 7446, 7447, 7448, 7449, 7450, 7451, 7452, 7453, 7454, 7455, 7456, 7457, 7458, 7459, 7460, 7461, 7462, 7463, 7464, 7465, 7466, 7467, 7468, 7469, 7470, 7471, 7472, 7473, 7474, 7475, 7476, 7477, 7478, 7479, 7480, 7481, 7482, 7483, 7484, 7485, 7486, 7487, 7488, 7489, 7490, 7491, 7492, 7493, 7494, 7495, 7496, 7497, 7498, 7499, 7500, 7501, 7502, 7503, 7504, 7505, 7506, 7507, 7508, 7509, 7510, 7511, 7512, 7513, 7514, 7515, 7516, 7517, 7518, 7519, 7520, 7521, 7522, 7523, 7524, 7525, 7526, 7527, 7528, 7529, 7530, 7531, 7532, 7533, 7534, 7535, 7536, 7537, 7538, 7539, 7540, 7541, 7542, 7543, 7544, 7545, 7546, 7547, 7548, 7549, 7550, 7551, 7552, 7553, 7554, 7555, 7556, 7557, 7558, 7559, 7560, 7561, 7562, 7563, 7564, 7565, 7566, 7567, 7568, 7569, 7570, 7571, 7572, 7573, 7574, 7575, 7576, 7577, 7578, 7579, 7580, 7581, 7582, 7583, 7584, 7585, 7586, 7587, 7588, 7589, 7590, 7591, 7592, 7593, 7594, 7595, 7596, 7597, 7598, 7599, 7600, 7601, 7602, 7603, 7604, 7605, 7606, 7607, 7608, 7609, 7610, 7611, 7612, 7613, 7614, 7615, 7616, 7617, 7618, 7619, 7620, 7621, 7622, 7623, 7624, 7625, 7626, 7627, 7628, 7629, 7630, 7631, 7632, 7633, 7634, 7635, 7636, 7637, 7638, 7639, 7640, 7641, 7642, 7643, 7644, 7645, 7646, 7647, 7648, 7649, 7650, 7651, 7652, 7653, 7654, 7655, 7656, 7657, 7658, 7659, 7660, 7661, 7662, 7663, 7664, 7665, 7666, 7667, 7668, 7669, 7670, 7671, 7672, 7673, 7674, 7675, 7676, 7677, 7678, 7679, 7680, 7681, 7682, 7683, 7684, 7685, 7686, 7687, 7688, 7689, 7690, 7691, 7692, 7693, 7694, 7695, 7696, 7697, 7698, 7699, 7700, 7701, 7702, 7703, 7704, 7705, 7706, 7707, 7708, 7709, 7710, 7711, 7712, 7713, 7714, 7715, 7716, 7717, 7718, 7719, 7720, 7721, 7722, 7723, 7724, 7725, 7726, 7727, 7728, 7729, 7730, 7731, 7732, 7733, 7734, 7735, 7736, 7737, 7738, 7739, 7740, 7741, 7742, 7743, 7744, 7745, 7746, 7747, 7748, 7749, 7750, 7751, 7752, 7753, 7754, 7755, 7756, 7757, 7758, 7759, 7760, 7761, 7762, 7763, 7764, 7765, 7766, 7767, 7768, 7769, 7770, 7771, 7772, 7773, 7774, 7775, 7776, 7777, 7778, 7779, 7780, 7781, 7782, 7783, 7784, 7785, 7786, 7787, 7788, 7789, 7790, 7791, 7792, 7793, 7794, 7795, 7796, 7797, 7798, 7799, 7800, 7801, 7802, 7803, 7804, 7805, 7806, 7807, 7808, 7809, 7810, 7811, 7812, 7813, 7814, 7815, 7816, 7817, 7818, 7819, 7820, 7821, 7822, 7823, 7824, 7825, 7826, 7827, 7828, 7829, 7830, 7831, 7832, 7833, 7834, 7835, 7836, 7837, 7838, 7839, 7840, 7841, 7842, 7843, 7844, 7845, 7846, 7847, 7848, 7849, 7850, 7851, 7852, 7853, 7854, 7855, 7856, 7857, 7858, 7859, 7860, 7861, 7862, 7863, 7864, 7865, 7866, 7867, 7868, 7869, 7870, 7871, 7872, 7873, 7874, 7875, 7876, 7877, 7878, 7879, 7880, 7881, 7882, 7883, 7884, 7885, 7886, 7887, 7888, 7889, 7890, 7891, 7892, 7893, 7894, 7895, 7896, 7897, 7898, 7899, 7900, 7901, 7902, 7903, 7904, 7905, 7906, 7907, 7908, 7909, 7910, 7911, 7912, 7913, 7914, 7915, 7916, 7917, 7918, 7919, 7920, 7921, 7922, 7923, 7924, 7925, 7926, 7927, 7928, 7929, 7930, 7931, 7932, 7933, 7934, 7935, 7936, 7937, 7938, 7939, 7940, 7941, 7942, 7943, 7944, 7945, 7946, 7947, 7948, 7949, 7950, 7951, 7952, 7953, 7954, 7955, 7956, 7957, 7958, 7959, 7960, 7961, 7962, 7963, 7964, 7965, 7966, 7967, 7968, 7969, 7970, 7971, 7972, 7973, 7974, 7975, 7976, 7977, 7978, 7979, 7980, 7981, 7982, 7983, 7984, 7985, 7986, 7987, 7988, 7989, 7990, 7991, 7992, 7993, 7994, 7995, 7996, 7997, 7998, 7999, 8000, 8001, 8002, 8003, 8004, 8005, 8006, 8007, 8008, 8009, 8010, 8011, 8012, 8013, 8014, 8015, 8016, 8017, 8018, 8019, 8020, 8021, 8022, 8023, 8024, 8025, 8026, 8027, 8028, 8029, 8030, 8031, 8032, 8033, 8034, 8035, 8036, 8037, 8038, 8039, 8040, 8041, 8042, 8043, 8044, 8045, 8046, 8047, 8048, 8049, 8050, 8051, 8052, 8053, 8054, 8055, 8056, 8057, 8058, 8059, 8060, 8061, 8062, 8063, 8064, 8065, 8066, 8067, 8068, 8069, 8070, 8071, 8072, 8073, 8074, 8075, 8076, 8077, 8078, 8079, 8080, 8081, 8082, 8083, 8084, 8085, 8086, 8087, 8088, 8089, 8090, 8091, 8092, 8093, 8094, 8095, 8096, 8097, 8098, 8099, 8100, 8101, 8102, 8103, 8104, 8105, 8106, 8107, 8108, 8109, 8110, 8111, 8112, 8113, 8114, 8115, 8116, 8117, 8118, 8119, 8120, 8121, 8122, 8123, 8124, 8125, 8126, 8127, 8128, 8129, 8130, 8131, 8132, 8133, 8134, 8135, 8136, 8137, 8138, 8139, 8140, 8141, 8142, 8143, 8144, 8145, 8146, 8147, 8148, 8149, 8150, 8151, 8152, 8153, 8154, 8155, 8156, 8157, 8158, 8159, 8160, 8161, 8162, 8163, 8164, 8165, 8166, 8167, 8168, 8169, 8170, 8171, 8172, 8173, 8174, 8175, 8176, 8177, 8178, 8179, 8180, 8181, 8182, 8183, 8184, 8185, 8186, 8187, 8188, 8189, 8190, 8191, 8192, 8193, 8194, 8195, 8199, 8200, 8203, 8205, 8206, 8212, 8216, 8219, 8227, 8228, 8229, 8234, 8244, 8246, 8248, 8250, 8255, 8257, 8260, 8262, 8263, 8264, 8267, 8269, 8275, 8276, 8277, 8278, 8281, 8288, 8290, 8293, 8300, 8301, 8302, 8303, 8316, 8321, 8339, 8348, 8349, 8352, 8355, 8361, 8363, 8365, 8366, 8367, 8370, 8371, 8374, 8376, 8379, 8382, 8383, 8385, 8398, 8400, 8402, 8403, 8406, 8410, 8411, 8413, 8414, 8416, 8419, 8421, 8423, 8424, 8430, 8431, 8432, 8433, 8436, 8438, 8444, 8445, 8446, 8448, 8452, 8461, 8464, 8466, 8470, 8472, 8478, 8484, 8487, 8503, 8504, 8511, 8513, 8514, 8518, 8519, 8521, 8524, 8529, 8530, 8531, 8535, 8540, 8543, 8544, 8556, 8560, 8562, 8571, 8572, 8573, 8574, 8578, 8582, 8591, 8595, 8597, 8601, 8602, 8605, 8606, 8610, 8611, 8613, 8614, 8615, 8620, 8621, 8626, 8630, 8641, 8650, 8654, 8658, 8659, 8663, 8665, 8666, 8668, 8670, 8671, 8672, 8673, 8674, 8680, 8682, 8686, 8688, 8690, 8694, 8697, 8704, 8711, 8712, 8714, 8721, 8727, 8734, 8737, 8739, 8748, 8749, 8752, 8753, 8766, 8770, 8777, 8779, 8781, 8783, 8789, 8797, 8805, 8808, 8812, 8819, 8820, 8821, 8822, 8823, 8824, 8825, 8827, 8830, 8843, 8847, 8848, 8857, 8861, 8862, 8864, 8866, 8868, 8869, 8871, 8872, 8875, 8879, 8881, 8882, 8883, 8888, 8889, 8891, 8892, 8897, 8902, 8904, 8913, 8920, 8923, 8925, 8926, 8927, 8930, 8933, 8936, 8939, 8942, 8946, 8951, 8954, 8958, 8960, 8985, 8987, 9000, 9004, 9006, 9008, 9009, 9012, 9015, 9018, 9029, 9031, 9032, 9036, 9039, 9040, 9042, 9043, 9051, 9053, 9056, 9057, 9064, 9067, 9069, 9070, 9071, 9077, 9079, 9083, 9084, 9085, 9086, 9087, 9092, 9096, 9097, 9101, 9104, 9105, 9106, 9110, 9111, 9112, 9115, 9120, 9123, 9124, 9127, 9132, 9133, 9139, 9140, 9141, 9142, 9144, 9147, 9148, 9159, 9170, 9174, 9178, 9183, 9186, 9188, 9193, 9199, 9201, 9202, 9204, 9210, 9212, 9213, 9216, 9218, 9220, 9221, 9232, 9233, 9236, 9238, 9242, 9244, 9245, 9247, 9250, 9259, 9260, 9270, 9272, 9273, 9281, 9282, 9284, 9285, 9288, 9298, 9302, 9304, 9306, 9307, 9313, 9314, 9315, 9316, 9318, 9323, 9325, 9331, 9332, 9334, 9336, 9337, 9338, 9341, 9347, 9348, 9350, 9354, 9355, 9357, 9362, 9365, 9367, 9368, 9369, 9375, 9377, 9379, 9385, 9388, 9389, 9390, 9392, 9394, 9400, 9401, 9405, 9412, 9415, 9419, 9420, 9426, 9427, 9428, 9434, 9444, 9446, 9447, 9449, 9450, 9459, 9461, 9465, 9470, 9471, 9477, 9480, 9481, 9484, 9487, 9488, 9490, 9493, 9494, 9496, 9509, 9513, 9518, 9531, 9541, 9544, 9546, 9552, 9553, 9559, 9561, 9566, 9569, 9571, 9574, 9575, 9576, 9577, 9578, 9579, 9580, 9581, 9582, 9583, 9585, 9594, 9600, 9602, 9607, 9609, 9611, 9612]
2026-03-19 15:26:29 | INFO | ConnectedDownlink | SENDING RETRANSMISSION REQUEST [7382, 7383, 7384, 7385, 7386, 7387, 7388, 7389, 7390, 7391, 7392, 7393, 7394, 7395, 7396, 7397, 7398, 7399, 7400, 7401, 7402, 7403, 7404, 7405, 7406, 7407, 7408, 7409, 7410, 7411, 7412, 7413, 7414, 7415, 7416, 7417, 7418, 7419, 7420, 7421, 7422, 7423, 7424, 7425, 7426, 7427, 7428, 7429, 7430, 7431, 7432, 7433, 7434, 7435, 7436, 7437, 7438, 7439, 7440, 7441, 7442, 7443, 7444, 7445, 7446, 7447, 7448, 7449, 7450, 7451, 7452, 7453, 7454, 7455, 7456, 7457, 7458, 7459, 7460, 7461, 7462, 7463, 7464, 7465, 7466, 7467, 7468, 7469, 7470, 7471, 7472, 7473, 7474, 7475, 7476, 7477, 7478, 7479, 7480, 7481, 7482, 7483, 7484, 7485, 7486, 7487, 7488, 7489, 7490, 7491, 7492, 7493, 7494, 7495, 7496, 7497, 7498, 7499, 7500, 7501, 7502, 7503, 7504, 7505, 7506, 7507, 7508, 7509, 7510, 7511, 7512, 7513, 7514, 7515, 7516, 7517, 7518, 7519, 7520, 7521, 7522, 7523, 7524, 7525, 7526, 7527, 7528, 7529, 7530, 7531, 7532, 7533, 7534, 7535, 7536, 7537, 7538, 7539, 7540, 7541, 7542, 7543, 7544, 7545, 7546, 7547, 7548, 7549, 7550, 7551, 7552, 7553, 7554, 7555, 7556, 7557, 7558, 7559, 7560, 7561, 7562, 7563, 7564, 7565, 7566, 7567, 7568, 7569, 7570, 7571, 7572, 7573, 7574, 7575, 7576, 7577, 7578, 7579, 7580, 7581, 7582, 7583, 7584, 7585, 7586, 7587, 7588, 7589, 7590, 7591, 7592, 7593, 7594, 7595, 7596, 7597, 7598, 7599, 7600, 7601, 7602, 7603, 7604, 7605, 7606, 7607, 7608, 7609, 7610, 7611, 7612, 7613, 7614, 7615, 7616, 7617, 7618, 7619, 7620, 7621, 7622, 7623, 7624, 7625, 7626, 7627, 7628, 7629, 7630, 7631, 7632, 7633, 7634, 7635, 7636, 7637, 7638, 7639, 7640, 7641, 7642, 7643, 7644, 7645, 7646, 7647, 7648, 7649, 7650, 7651, 7652, 7653, 7654, 7655, 7656, 7657, 7658, 7659, 7660, 7661, 7662, 7663, 7664, 7665, 7666, 7667, 7668, 7669, 7670, 7671, 7672, 7673, 7674, 7675, 7676, 7677, 7678, 7679, 7680, 7681, 7682, 7683, 7684, 7685, 7686, 7687, 7688, 7689, 7690, 7691, 7692, 7693, 7694, 7695, 7696, 7697, 7698, 7699, 7700, 7701, 7702, 7703, 7704, 7705, 7706, 7707, 7708, 7709, 7710, 7711, 7712, 7713, 7714, 7715, 7716, 7717, 7718, 7719, 7720, 7721, 7722, 7723, 7724, 7725, 7726, 7727, 7728, 7729, 7730, 7731, 7732, 7733, 7734, 7735, 7736, 7737, 7738, 7739, 7740, 7741, 7742, 7743, 7744, 7745, 7746, 7747, 7748, 7749, 7750, 7751, 7752, 7753, 7754, 7755, 7756, 7757, 7758, 7759, 7760, 7761, 7762, 7763, 7764, 7765, 7766, 7767, 7768, 7769, 7770, 7771, 7772, 7773, 7774, 7775, 7776, 7777, 7778, 7779, 7780, 7781, 7782, 7783, 7784, 7785, 7786, 7787, 7788, 7789, 7790, 7791, 7792, 7793, 7794, 7795, 7796, 7797, 7798, 7799, 7800, 7801, 7802, 7803, 7804, 7805, 7806, 7807, 7808, 7809, 7810, 7811, 7812, 7813, 7814, 7815, 7816, 7817, 7818, 7819, 7820, 7821, 7822, 7823, 7824, 7825, 7826, 7827, 7828, 7829, 7830, 7831, 7832, 7833, 7834, 7835, 7836, 7837, 7838, 7839, 7840, 7841, 7842, 7843, 7844, 7845, 7846, 7847, 7848, 7849, 7850, 7851, 7852, 7853, 7854, 7855, 7856, 7857, 7858, 7859, 7860, 7861, 7862, 7863, 7864, 7865, 7866, 7867, 7868, 7869, 7870, 7871, 7872, 7873, 7874, 7875, 7876, 7877, 7878, 7879, 7880, 7881, 7882, 7883, 7884, 7885, 7886, 7887, 7888, 7889, 7890, 7891, 7892, 7893, 7894, 7895, 7896, 7897, 7898, 7899, 7900, 7901, 7902, 7903, 7904, 7905, 7906, 7907, 7908, 7909, 7910, 7911, 7912, 7913, 7914, 7915, 7916, 7917, 7918, 7919, 7920, 7921, 7922, 7923, 7924, 7925, 7926, 7927, 7928, 7929, 7930, 7931, 7932, 7933, 7934, 7935, 7936, 7937, 7938, 7939, 7940, 7941, 7942, 7943, 7944, 7945, 7946, 7947, 7948, 7949, 7950, 7951, 7952, 7953, 7954, 7955, 7956, 7957, 7958, 7959, 7960, 7961, 7962, 7963, 7964, 7965, 7966, 7967, 7968, 7969, 7970, 7971, 7972, 7973, 7974, 7975, 7976, 7977, 7978, 7979, 7980, 7981, 7982, 7983, 7984, 7985, 7986, 7987, 7988, 7989, 7990, 7991, 7992, 7993, 7994, 7995, 7996, 7997, 7998, 7999, 8000, 8001, 8002, 8003, 8004, 8005, 8006, 8007, 8008, 8009, 8010, 8011, 8012, 8013, 8014, 8015, 8016, 8017, 8018, 8019, 8020, 8021, 8022, 8023, 8024, 8025, 8026, 8027, 8028, 8029, 8030, 8031, 8032, 8033, 8034, 8035, 8036, 8037, 8038, 8039, 8040, 8041, 8042, 8043, 8044, 8045, 8046, 8047, 8048, 8049, 8050, 8051, 8052, 8053, 8054, 8055, 8056, 8057, 8058, 8059, 8060, 8061, 8062, 8063, 8064, 8065, 8066, 8067, 8068, 8069, 8070, 8071, 8072, 8073, 8074, 8075, 8076, 8077, 8078, 8079, 8080, 8081, 8082, 8083, 8084, 8085, 8086, 8087, 8088, 8089, 8090, 8091, 8092, 8093, 8094, 8095, 8096, 8097, 8098, 8099, 8100, 8101, 8102, 8103, 8104, 8105, 8106, 8107, 8108, 8109, 8110, 8111, 8112, 8113, 8114, 8115, 8116, 8117, 8118, 8119, 8120, 8121, 8122, 8123, 8124, 8125, 8126, 8127, 8128, 8129, 8130, 8131, 8132, 8133, 8134, 8135, 8136, 8137, 8138, 8139, 8140, 8141, 8142, 8143, 8144, 8145, 8146, 8147, 8148, 8149, 8150, 8151, 8152, 8153, 8154, 8155, 8156, 8157, 8158, 8159, 8160, 8161, 8162, 8163, 8164, 8165, 8166, 8167, 8168, 8169, 8170, 8171, 8172, 8173, 8174, 8175, 8176, 8177, 8178, 8179, 8180, 8181, 8182, 8183, 8184, 8185, 8186, 8187, 8188, 8189, 8190, 8191, 8192, 8193, 8194, 8195, 8199, 8200, 8203, 8205, 8206, 8212, 8216, 8219, 8227, 8228, 8229, 8234, 8244, 8246, 8248, 8250, 8255, 8257, 8260, 8262, 8263, 8264, 8267, 8269, 8275, 8276, 8277, 8278, 8281, 8288, 8290, 8293, 8300, 8301, 8302, 8303, 8316, 8321, 8339, 8348, 8349, 8352, 8355, 8361, 8363, 8365, 8366, 8367, 8370, 8371, 8374, 8376, 8379, 8382, 8383, 8385, 8398, 8400, 8402, 8403, 8406, 8410, 8411, 8413, 8414, 8416, 8419, 8421, 8423, 8424, 8430, 8431, 8432, 8433, 8436, 8438, 8444, 8445, 8446, 8448, 8452, 8461, 8464, 8466, 8470, 8472, 8478, 8484, 8487, 8503, 8504, 8511, 8513, 8514, 8518, 8519, 8521, 8524, 8529, 8530, 8531, 8535, 8540, 8543, 8544, 8556, 8560, 8562, 8571, 8572, 8573, 8574, 8578, 8582, 8591, 8595, 8597, 8601, 8602, 8605, 8606, 8610, 8611, 8613, 8614, 8615, 8620, 8621, 8626, 8630, 8641, 8650, 8654, 8658, 8659, 8663, 8665, 8666, 8668, 8670, 8671, 8672, 8673, 8674, 8680, 8682, 8686, 8688, 8690, 8694, 8697, 8704, 8711, 8712, 8714, 8721, 8727, 8734, 8737, 8739, 8748, 8749, 8752, 8753, 8766, 8770, 8777, 8779, 8781, 8783, 8789, 8797, 8805, 8808, 8812, 8819, 8820, 8821, 8822, 8823, 8824, 8825, 8827, 8830, 8843, 8847, 8848, 8857, 8861, 8862, 8864, 8866, 8868, 8869, 8871, 8872, 8875, 8879, 8881, 8882, 8883, 8888, 8889, 8891, 8892, 8897, 8902, 8904, 8913, 8920, 8923, 8925, 8926, 8927, 8930, 8933, 8936, 8939, 8942, 8946, 8951, 8954, 8958, 8960, 8985, 8987, 9000, 9004, 9006, 9008, 9009, 9012, 9015, 9018, 9029, 9031, 9032, 9036, 9039, 9040, 9042, 9043, 9051, 9053, 9056, 9057, 9064, 9067, 9069, 9070, 9071, 9077, 9079, 9083, 9084, 9085, 9086, 9087, 9092, 9096, 9097, 9101, 9104, 9105, 9106, 9110, 9111, 9112, 9115, 9120, 9123, 9124, 9127, 9132, 9133, 9139, 9140, 9141, 9142, 9144, 9147, 9148, 9159, 9170, 9174, 9178, 9183, 9186, 9188, 9193, 9199, 9201, 9202, 9204, 9210, 9212, 9213, 9216, 9218, 9220, 9221, 9232, 9233, 9236, 9238, 9242, 9244, 9245, 9247, 9250, 9259, 9260, 9270, 9272, 9273, 9281, 9282, 9284, 9285, 9288, 9298, 9302, 9304, 9306, 9307, 9313, 9314, 9315, 9316, 9318, 9323, 9325, 9331, 9332, 9334, 9336, 9337, 9338, 9341, 9347, 9348, 9350, 9354, 9355, 9357, 9362, 9365, 9367, 9368, 9369, 9375, 9377, 9379, 9385, 9388, 9389, 9390, 9392, 9394, 9400, 9401, 9405, 9412, 9415, 9419, 9420, 9426, 9427, 9428, 9434, 9444, 9446, 9447, 9449, 9450, 9459, 9461, 9465, 9470, 9471, 9477, 9480, 9481, 9484, 9487, 9488, 9490, 9493, 9494, 9496, 9509, 9513, 9518, 9531, 9541, 9544, 9546, 9552, 9553, 9559, 9561, 9566, 9569, 9571, 9574, 9575, 9576, 9577, 9578, 9579, 9580, 9581, 9582, 9583, 9585, 9594, 9600, 9602, 9607, 9609, 9611, 9612] (attempt 3/5)
2026-03-19 15:26:32 | INFO | ConnectedDownlink | Attempt 3/5: received 0/1236, still missing [7382, 7383, 7384, 7385, 7386, 7387, 7388, 7389, 7390, 7391, 7392, 7393, 7394, 7395, 7396, 7397, 7398, 7399, 7400, 7401, 7402, 7403, 7404, 7405, 7406, 7407, 7408, 7409, 7410, 7411, 7412, 7413, 7414, 7415, 7416, 7417, 7418, 7419, 7420, 7421, 7422, 7423, 7424, 7425, 7426, 7427, 7428, 7429, 7430, 7431, 7432, 7433, 7434, 7435, 7436, 7437, 7438, 7439, 7440, 7441, 7442, 7443, 7444, 7445, 7446, 7447, 7448, 7449, 7450, 7451, 7452, 7453, 7454, 7455, 7456, 7457, 7458, 7459, 7460, 7461, 7462, 7463, 7464, 7465, 7466, 7467, 7468, 7469, 7470, 7471, 7472, 7473, 7474, 7475, 7476, 7477, 7478, 7479, 7480, 7481, 7482, 7483, 7484, 7485, 7486, 7487, 7488, 7489, 7490, 7491, 7492, 7493, 7494, 7495, 7496, 7497, 7498, 7499, 7500, 7501, 7502, 7503, 7504, 7505, 7506, 7507, 7508, 7509, 7510, 7511, 7512, 7513, 7514, 7515, 7516, 7517, 7518, 7519, 7520, 7521, 7522, 7523, 7524, 7525, 7526, 7527, 7528, 7529, 7530, 7531, 7532, 7533, 7534, 7535, 7536, 7537, 7538, 7539, 7540, 7541, 7542, 7543, 7544, 7545, 7546, 7547, 7548, 7549, 7550, 7551, 7552, 7553, 7554, 7555, 7556, 7557, 7558, 7559, 7560, 7561, 7562, 7563, 7564, 7565, 7566, 7567, 7568, 7569, 7570, 7571, 7572, 7573, 7574, 7575, 7576, 7577, 7578, 7579, 7580, 7581, 7582, 7583, 7584, 7585, 7586, 7587, 7588, 7589, 7590, 7591, 7592, 7593, 7594, 7595, 7596, 7597, 7598, 7599, 7600, 7601, 7602, 7603, 7604, 7605, 7606, 7607, 7608, 7609, 7610, 7611, 7612, 7613, 7614, 7615, 7616, 7617, 7618, 7619, 7620, 7621, 7622, 7623, 7624, 7625, 7626, 7627, 7628, 7629, 7630, 7631, 7632, 7633, 7634, 7635, 7636, 7637, 7638, 7639, 7640, 7641, 7642, 7643, 7644, 7645, 7646, 7647, 7648, 7649, 7650, 7651, 7652, 7653, 7654, 7655, 7656, 7657, 7658, 7659, 7660, 7661, 7662, 7663, 7664, 7665, 7666, 7667, 7668, 7669, 7670, 7671, 7672, 7673, 7674, 7675, 7676, 7677, 7678, 7679, 7680, 7681, 7682, 7683, 7684, 7685, 7686, 7687, 7688, 7689, 7690, 7691, 7692, 7693, 7694, 7695, 7696, 7697, 7698, 7699, 7700, 7701, 7702, 7703, 7704, 7705, 7706, 7707, 7708, 7709, 7710, 7711, 7712, 7713, 7714, 7715, 7716, 7717, 7718, 7719, 7720, 7721, 7722, 7723, 7724, 7725, 7726, 7727, 7728, 7729, 7730, 7731, 7732, 7733, 7734, 7735, 7736, 7737, 7738, 7739, 7740, 7741, 7742, 7743, 7744, 7745, 7746, 7747, 7748, 7749, 7750, 7751, 7752, 7753, 7754, 7755, 7756, 7757, 7758, 7759, 7760, 7761, 7762, 7763, 7764, 7765, 7766, 7767, 7768, 7769, 7770, 7771, 7772, 7773, 7774, 7775, 7776, 7777, 7778, 7779, 7780, 7781, 7782, 7783, 7784, 7785, 7786, 7787, 7788, 7789, 7790, 7791, 7792, 7793, 7794, 7795, 7796, 7797, 7798, 7799, 7800, 7801, 7802, 7803, 7804, 7805, 7806, 7807, 7808, 7809, 7810, 7811, 7812, 7813, 7814, 7815, 7816, 7817, 7818, 7819, 7820, 7821, 7822, 7823, 7824, 7825, 7826, 7827, 7828, 7829, 7830, 7831, 7832, 7833, 7834, 7835, 7836, 7837, 7838, 7839, 7840, 7841, 7842, 7843, 7844, 7845, 7846, 7847, 7848, 7849, 7850, 7851, 7852, 7853, 7854, 7855, 7856, 7857, 7858, 7859, 7860, 7861, 7862, 7863, 7864, 7865, 7866, 7867, 7868, 7869, 7870, 7871, 7872, 7873, 7874, 7875, 7876, 7877, 7878, 7879, 7880, 7881, 7882, 7883, 7884, 7885, 7886, 7887, 7888, 7889, 7890, 7891, 7892, 7893, 7894, 7895, 7896, 7897, 7898, 7899, 7900, 7901, 7902, 7903, 7904, 7905, 7906, 7907, 7908, 7909, 7910, 7911, 7912, 7913, 7914, 7915, 7916, 7917, 7918, 7919, 7920, 7921, 7922, 7923, 7924, 7925, 7926, 7927, 7928, 7929, 7930, 7931, 7932, 7933, 7934, 7935, 7936, 7937, 7938, 7939, 7940, 7941, 7942, 7943, 7944, 7945, 7946, 7947, 7948, 7949, 7950, 7951, 7952, 7953, 7954, 7955, 7956, 7957, 7958, 7959, 7960, 7961, 7962, 7963, 7964, 7965, 7966, 7967, 7968, 7969, 7970, 7971, 7972, 7973, 7974, 7975, 7976, 7977, 7978, 7979, 7980, 7981, 7982, 7983, 7984, 7985, 7986, 7987, 7988, 7989, 7990, 7991, 7992, 7993, 7994, 7995, 7996, 7997, 7998, 7999, 8000, 8001, 8002, 8003, 8004, 8005, 8006, 8007, 8008, 8009, 8010, 8011, 8012, 8013, 8014, 8015, 8016, 8017, 8018, 8019, 8020, 8021, 8022, 8023, 8024, 8025, 8026, 8027, 8028, 8029, 8030, 8031, 8032, 8033, 8034, 8035, 8036, 8037, 8038, 8039, 8040, 8041, 8042, 8043, 8044, 8045, 8046, 8047, 8048, 8049, 8050, 8051, 8052, 8053, 8054, 8055, 8056, 8057, 8058, 8059, 8060, 8061, 8062, 8063, 8064, 8065, 8066, 8067, 8068, 8069, 8070, 8071, 8072, 8073, 8074, 8075, 8076, 8077, 8078, 8079, 8080, 8081, 8082, 8083, 8084, 8085, 8086, 8087, 8088, 8089, 8090, 8091, 8092, 8093, 8094, 8095, 8096, 8097, 8098, 8099, 8100, 8101, 8102, 8103, 8104, 8105, 8106, 8107, 8108, 8109, 8110, 8111, 8112, 8113, 8114, 8115, 8116, 8117, 8118, 8119, 8120, 8121, 8122, 8123, 8124, 8125, 8126, 8127, 8128, 8129, 8130, 8131, 8132, 8133, 8134, 8135, 8136, 8137, 8138, 8139, 8140, 8141, 8142, 8143, 8144, 8145, 8146, 8147, 8148, 8149, 8150, 8151, 8152, 8153, 8154, 8155, 8156, 8157, 8158, 8159, 8160, 8161, 8162, 8163, 8164, 8165, 8166, 8167, 8168, 8169, 8170, 8171, 8172, 8173, 8174, 8175, 8176, 8177, 8178, 8179, 8180, 8181, 8182, 8183, 8184, 8185, 8186, 8187, 8188, 8189, 8190, 8191, 8192, 8193, 8194, 8195, 8199, 8200, 8203, 8205, 8206, 8212, 8216, 8219, 8227, 8228, 8229, 8234, 8244, 8246, 8248, 8250, 8255, 8257, 8260, 8262, 8263, 8264, 8267, 8269, 8275, 8276, 8277, 8278, 8281, 8288, 8290, 8293, 8300, 8301, 8302, 8303, 8316, 8321, 8339, 8348, 8349, 8352, 8355, 8361, 8363, 8365, 8366, 8367, 8370, 8371, 8374, 8376, 8379, 8382, 8383, 8385, 8398, 8400, 8402, 8403, 8406, 8410, 8411, 8413, 8414, 8416, 8419, 8421, 8423, 8424, 8430, 8431, 8432, 8433, 8436, 8438, 8444, 8445, 8446, 8448, 8452, 8461, 8464, 8466, 8470, 8472, 8478, 8484, 8487, 8503, 8504, 8511, 8513, 8514, 8518, 8519, 8521, 8524, 8529, 8530, 8531, 8535, 8540, 8543, 8544, 8556, 8560, 8562, 8571, 8572, 8573, 8574, 8578, 8582, 8591, 8595, 8597, 8601, 8602, 8605, 8606, 8610, 8611, 8613, 8614, 8615, 8620, 8621, 8626, 8630, 8641, 8650, 8654, 8658, 8659, 8663, 8665, 8666, 8668, 8670, 8671, 8672, 8673, 8674, 8680, 8682, 8686, 8688, 8690, 8694, 8697, 8704, 8711, 8712, 8714, 8721, 8727, 8734, 8737, 8739, 8748, 8749, 8752, 8753, 8766, 8770, 8777, 8779, 8781, 8783, 8789, 8797, 8805, 8808, 8812, 8819, 8820, 8821, 8822, 8823, 8824, 8825, 8827, 8830, 8843, 8847, 8848, 8857, 8861, 8862, 8864, 8866, 8868, 8869, 8871, 8872, 8875, 8879, 8881, 8882, 8883, 8888, 8889, 8891, 8892, 8897, 8902, 8904, 8913, 8920, 8923, 8925, 8926, 8927, 8930, 8933, 8936, 8939, 8942, 8946, 8951, 8954, 8958, 8960, 8985, 8987, 9000, 9004, 9006, 9008, 9009, 9012, 9015, 9018, 9029, 9031, 9032, 9036, 9039, 9040, 9042, 9043, 9051, 9053, 9056, 9057, 9064, 9067, 9069, 9070, 9071, 9077, 9079, 9083, 9084, 9085, 9086, 9087, 9092, 9096, 9097, 9101, 9104, 9105, 9106, 9110, 9111, 9112, 9115, 9120, 9123, 9124, 9127, 9132, 9133, 9139, 9140, 9141, 9142, 9144, 9147, 9148, 9159, 9170, 9174, 9178, 9183, 9186, 9188, 9193, 9199, 9201, 9202, 9204, 9210, 9212, 9213, 9216, 9218, 9220, 9221, 9232, 9233, 9236, 9238, 9242, 9244, 9245, 9247, 9250, 9259, 9260, 9270, 9272, 9273, 9281, 9282, 9284, 9285, 9288, 9298, 9302, 9304, 9306, 9307, 9313, 9314, 9315, 9316, 9318, 9323, 9325, 9331, 9332, 9334, 9336, 9337, 9338, 9341, 9347, 9348, 9350, 9354, 9355, 9357, 9362, 9365, 9367, 9368, 9369, 9375, 9377, 9379, 9385, 9388, 9389, 9390, 9392, 9394, 9400, 9401, 9405, 9412, 9415, 9419, 9420, 9426, 9427, 9428, 9434, 9444, 9446, 9447, 9449, 9450, 9459, 9461, 9465, 9470, 9471, 9477, 9480, 9481, 9484, 9487, 9488, 9490, 9493, 9494, 9496, 9509, 9513, 9518, 9531, 9541, 9544, 9546, 9552, 9553, 9559, 9561, 9566, 9569, 9571, 9574, 9575, 9576, 9577, 9578, 9579, 9580, 9581, 9582, 9583, 9585, 9594, 9600, 9602, 9607, 9609, 9611, 9612]
2026-03-19 15:26:32 | INFO | ConnectedDownlink | SENDING RETRANSMISSION REQUEST [7382, 7383, 7384, 7385, 7386, 7387, 7388, 7389, 7390, 7391, 7392, 7393, 7394, 7395, 7396, 7397, 7398, 7399, 7400, 7401, 7402, 7403, 7404, 7405, 7406, 7407, 7408, 7409, 7410, 7411, 7412, 7413, 7414, 7415, 7416, 7417, 7418, 7419, 7420, 7421, 7422, 7423, 7424, 7425, 7426, 7427, 7428, 7429, 7430, 7431, 7432, 7433, 7434, 7435, 7436, 7437, 7438, 7439, 7440, 7441, 7442, 7443, 7444, 7445, 7446, 7447, 7448, 7449, 7450, 7451, 7452, 7453, 7454, 7455, 7456, 7457, 7458, 7459, 7460, 7461, 7462, 7463, 7464, 7465, 7466, 7467, 7468, 7469, 7470, 7471, 7472, 7473, 7474, 7475, 7476, 7477, 7478, 7479, 7480, 7481, 7482, 7483, 7484, 7485, 7486, 7487, 7488, 7489, 7490, 7491, 7492, 7493, 7494, 7495, 7496, 7497, 7498, 7499, 7500, 7501, 7502, 7503, 7504, 7505, 7506, 7507, 7508, 7509, 7510, 7511, 7512, 7513, 7514, 7515, 7516, 7517, 7518, 7519, 7520, 7521, 7522, 7523, 7524, 7525, 7526, 7527, 7528, 7529, 7530, 7531, 7532, 7533, 7534, 7535, 7536, 7537, 7538, 7539, 7540, 7541, 7542, 7543, 7544, 7545, 7546, 7547, 7548, 7549, 7550, 7551, 7552, 7553, 7554, 7555, 7556, 7557, 7558, 7559, 7560, 7561, 7562, 7563, 7564, 7565, 7566, 7567, 7568, 7569, 7570, 7571, 7572, 7573, 7574, 7575, 7576, 7577, 7578, 7579, 7580, 7581, 7582, 7583, 7584, 7585, 7586, 7587, 7588, 7589, 7590, 7591, 7592, 7593, 7594, 7595, 7596, 7597, 7598, 7599, 7600, 7601, 7602, 7603, 7604, 7605, 7606, 7607, 7608, 7609, 7610, 7611, 7612, 7613, 7614, 7615, 7616, 7617, 7618, 7619, 7620, 7621, 7622, 7623, 7624, 7625, 7626, 7627, 7628, 7629, 7630, 7631, 7632, 7633, 7634, 7635, 7636, 7637, 7638, 7639, 7640, 7641, 7642, 7643, 7644, 7645, 7646, 7647, 7648, 7649, 7650, 7651, 7652, 7653, 7654, 7655, 7656, 7657, 7658, 7659, 7660, 7661, 7662, 7663, 7664, 7665, 7666, 7667, 7668, 7669, 7670, 7671, 7672, 7673, 7674, 7675, 7676, 7677, 7678, 7679, 7680, 7681, 7682, 7683, 7684, 7685, 7686, 7687, 7688, 7689, 7690, 7691, 7692, 7693, 7694, 7695, 7696, 7697, 7698, 7699, 7700, 7701, 7702, 7703, 7704, 7705, 7706, 7707, 7708, 7709, 7710, 7711, 7712, 7713, 7714, 7715, 7716, 7717, 7718, 7719, 7720, 7721, 7722, 7723, 7724, 7725, 7726, 7727, 7728, 7729, 7730, 7731, 7732, 7733, 7734, 7735, 7736, 7737, 7738, 7739, 7740, 7741, 7742, 7743, 7744, 7745, 7746, 7747, 7748, 7749, 7750, 7751, 7752, 7753, 7754, 7755, 7756, 7757, 7758, 7759, 7760, 7761, 7762, 7763, 7764, 7765, 7766, 7767, 7768, 7769, 7770, 7771, 7772, 7773, 7774, 7775, 7776, 7777, 7778, 7779, 7780, 7781, 7782, 7783, 7784, 7785, 7786, 7787, 7788, 7789, 7790, 7791, 7792, 7793, 7794, 7795, 7796, 7797, 7798, 7799, 7800, 7801, 7802, 7803, 7804, 7805, 7806, 7807, 7808, 7809, 7810, 7811, 7812, 7813, 7814, 7815, 7816, 7817, 7818, 7819, 7820, 7821, 7822, 7823, 7824, 7825, 7826, 7827, 7828, 7829, 7830, 7831, 7832, 7833, 7834, 7835, 7836, 7837, 7838, 7839, 7840, 7841, 7842, 7843, 7844, 7845, 7846, 7847, 7848, 7849, 7850, 7851, 7852, 7853, 7854, 7855, 7856, 7857, 7858, 7859, 7860, 7861, 7862, 7863, 7864, 7865, 7866, 7867, 7868, 7869, 7870, 7871, 7872, 7873, 7874, 7875, 7876, 7877, 7878, 7879, 7880, 7881, 7882, 7883, 7884, 7885, 7886, 7887, 7888, 7889, 7890, 7891, 7892, 7893, 7894, 7895, 7896, 7897, 7898, 7899, 7900, 7901, 7902, 7903, 7904, 7905, 7906, 7907, 7908, 7909, 7910, 7911, 7912, 7913, 7914, 7915, 7916, 7917, 7918, 7919, 7920, 7921, 7922, 7923, 7924, 7925, 7926, 7927, 7928, 7929, 7930, 7931, 7932, 7933, 7934, 7935, 7936, 7937, 7938, 7939, 7940, 7941, 7942, 7943, 7944, 7945, 7946, 7947, 7948, 7949, 7950, 7951, 7952, 7953, 7954, 7955, 7956, 7957, 7958, 7959, 7960, 7961, 7962, 7963, 7964, 7965, 7966, 7967, 7968, 7969, 7970, 7971, 7972, 7973, 7974, 7975, 7976, 7977, 7978, 7979, 7980, 7981, 7982, 7983, 7984, 7985, 7986, 7987, 7988, 7989, 7990, 7991, 7992, 7993, 7994, 7995, 7996, 7997, 7998, 7999, 8000, 8001, 8002, 8003, 8004, 8005, 8006, 8007, 8008, 8009, 8010, 8011, 8012, 8013, 8014, 8015, 8016, 8017, 8018, 8019, 8020, 8021, 8022, 8023, 8024, 8025, 8026, 8027, 8028, 8029, 8030, 8031, 8032, 8033, 8034, 8035, 8036, 8037, 8038, 8039, 8040, 8041, 8042, 8043, 8044, 8045, 8046, 8047, 8048, 8049, 8050, 8051, 8052, 8053, 8054, 8055, 8056, 8057, 8058, 8059, 8060, 8061, 8062, 8063, 8064, 8065, 8066, 8067, 8068, 8069, 8070, 8071, 8072, 8073, 8074, 8075, 8076, 8077, 8078, 8079, 8080, 8081, 8082, 8083, 8084, 8085, 8086, 8087, 8088, 8089, 8090, 8091, 8092, 8093, 8094, 8095, 8096, 8097, 8098, 8099, 8100, 8101, 8102, 8103, 8104, 8105, 8106, 8107, 8108, 8109, 8110, 8111, 8112, 8113, 8114, 8115, 8116, 8117, 8118, 8119, 8120, 8121, 8122, 8123, 8124, 8125, 8126, 8127, 8128, 8129, 8130, 8131, 8132, 8133, 8134, 8135, 8136, 8137, 8138, 8139, 8140, 8141, 8142, 8143, 8144, 8145, 8146, 8147, 8148, 8149, 8150, 8151, 8152, 8153, 8154, 8155, 8156, 8157, 8158, 8159, 8160, 8161, 8162, 8163, 8164, 8165, 8166, 8167, 8168, 8169, 8170, 8171, 8172, 8173, 8174, 8175, 8176, 8177, 8178, 8179, 8180, 8181, 8182, 8183, 8184, 8185, 8186, 8187, 8188, 8189, 8190, 8191, 8192, 8193, 8194, 8195, 8199, 8200, 8203, 8205, 8206, 8212, 8216, 8219, 8227, 8228, 8229, 8234, 8244, 8246, 8248, 8250, 8255, 8257, 8260, 8262, 8263, 8264, 8267, 8269, 8275, 8276, 8277, 8278, 8281, 8288, 8290, 8293, 8300, 8301, 8302, 8303, 8316, 8321, 8339, 8348, 8349, 8352, 8355, 8361, 8363, 8365, 8366, 8367, 8370, 8371, 8374, 8376, 8379, 8382, 8383, 8385, 8398, 8400, 8402, 8403, 8406, 8410, 8411, 8413, 8414, 8416, 8419, 8421, 8423, 8424, 8430, 8431, 8432, 8433, 8436, 8438, 8444, 8445, 8446, 8448, 8452, 8461, 8464, 8466, 8470, 8472, 8478, 8484, 8487, 8503, 8504, 8511, 8513, 8514, 8518, 8519, 8521, 8524, 8529, 8530, 8531, 8535, 8540, 8543, 8544, 8556, 8560, 8562, 8571, 8572, 8573, 8574, 8578, 8582, 8591, 8595, 8597, 8601, 8602, 8605, 8606, 8610, 8611, 8613, 8614, 8615, 8620, 8621, 8626, 8630, 8641, 8650, 8654, 8658, 8659, 8663, 8665, 8666, 8668, 8670, 8671, 8672, 8673, 8674, 8680, 8682, 8686, 8688, 8690, 8694, 8697, 8704, 8711, 8712, 8714, 8721, 8727, 8734, 8737, 8739, 8748, 8749, 8752, 8753, 8766, 8770, 8777, 8779, 8781, 8783, 8789, 8797, 8805, 8808, 8812, 8819, 8820, 8821, 8822, 8823, 8824, 8825, 8827, 8830, 8843, 8847, 8848, 8857, 8861, 8862, 8864, 8866, 8868, 8869, 8871, 8872, 8875, 8879, 8881, 8882, 8883, 8888, 8889, 8891, 8892, 8897, 8902, 8904, 8913, 8920, 8923, 8925, 8926, 8927, 8930, 8933, 8936, 8939, 8942, 8946, 8951, 8954, 8958, 8960, 8985, 8987, 9000, 9004, 9006, 9008, 9009, 9012, 9015, 9018, 9029, 9031, 9032, 9036, 9039, 9040, 9042, 9043, 9051, 9053, 9056, 9057, 9064, 9067, 9069, 9070, 9071, 9077, 9079, 9083, 9084, 9085, 9086, 9087, 9092, 9096, 9097, 9101, 9104, 9105, 9106, 9110, 9111, 9112, 9115, 9120, 9123, 9124, 9127, 9132, 9133, 9139, 9140, 9141, 9142, 9144, 9147, 9148, 9159, 9170, 9174, 9178, 9183, 9186, 9188, 9193, 9199, 9201, 9202, 9204, 9210, 9212, 9213, 9216, 9218, 9220, 9221, 9232, 9233, 9236, 9238, 9242, 9244, 9245, 9247, 9250, 9259, 9260, 9270, 9272, 9273, 9281, 9282, 9284, 9285, 9288, 9298, 9302, 9304, 9306, 9307, 9313, 9314, 9315, 9316, 9318, 9323, 9325, 9331, 9332, 9334, 9336, 9337, 9338, 9341, 9347, 9348, 9350, 9354, 9355, 9357, 9362, 9365, 9367, 9368, 9369, 9375, 9377, 9379, 9385, 9388, 9389, 9390, 9392, 9394, 9400, 9401, 9405, 9412, 9415, 9419, 9420, 9426, 9427, 9428, 9434, 9444, 9446, 9447, 9449, 9450, 9459, 9461, 9465, 9470, 9471, 9477, 9480, 9481, 9484, 9487, 9488, 9490, 9493, 9494, 9496, 9509, 9513, 9518, 9531, 9541, 9544, 9546, 9552, 9553, 9559, 9561, 9566, 9569, 9571, 9574, 9575, 9576, 9577, 9578, 9579, 9580, 9581, 9582, 9583, 9585, 9594, 9600, 9602, 9607, 9609, 9611, 9612] (attempt 4/5)
2026-03-19 15:26:35 | INFO | ConnectedDownlink | Attempt 4/5: received 0/1236, still missing [7382, 7383, 7384, 7385, 7386, 7387, 7388, 7389, 7390, 7391, 7392, 7393, 7394, 7395, 7396, 7397, 7398, 7399, 7400, 7401, 7402, 7403, 7404, 7405, 7406, 7407, 7408, 7409, 7410, 7411, 7412, 7413, 7414, 7415, 7416, 7417, 7418, 7419, 7420, 7421, 7422, 7423, 7424, 7425, 7426, 7427, 7428, 7429, 7430, 7431, 7432, 7433, 7434, 7435, 7436, 7437, 7438, 7439, 7440, 7441, 7442, 7443, 7444, 7445, 7446, 7447, 7448, 7449, 7450, 7451, 7452, 7453, 7454, 7455, 7456, 7457, 7458, 7459, 7460, 7461, 7462, 7463, 7464, 7465, 7466, 7467, 7468, 7469, 7470, 7471, 7472, 7473, 7474, 7475, 7476, 7477, 7478, 7479, 7480, 7481, 7482, 7483, 7484, 7485, 7486, 7487, 7488, 7489, 7490, 7491, 7492, 7493, 7494, 7495, 7496, 7497, 7498, 7499, 7500, 7501, 7502, 7503, 7504, 7505, 7506, 7507, 7508, 7509, 7510, 7511, 7512, 7513, 7514, 7515, 7516, 7517, 7518, 7519, 7520, 7521, 7522, 7523, 7524, 7525, 7526, 7527, 7528, 7529, 7530, 7531, 7532, 7533, 7534, 7535, 7536, 7537, 7538, 7539, 7540, 7541, 7542, 7543, 7544, 7545, 7546, 7547, 7548, 7549, 7550, 7551, 7552, 7553, 7554, 7555, 7556, 7557, 7558, 7559, 7560, 7561, 7562, 7563, 7564, 7565, 7566, 7567, 7568, 7569, 7570, 7571, 7572, 7573, 7574, 7575, 7576, 7577, 7578, 7579, 7580, 7581, 7582, 7583, 7584, 7585, 7586, 7587, 7588, 7589, 7590, 7591, 7592, 7593, 7594, 7595, 7596, 7597, 7598, 7599, 7600, 7601, 7602, 7603, 7604, 7605, 7606, 7607, 7608, 7609, 7610, 7611, 7612, 7613, 7614, 7615, 7616, 7617, 7618, 7619, 7620, 7621, 7622, 7623, 7624, 7625, 7626, 7627, 7628, 7629, 7630, 7631, 7632, 7633, 7634, 7635, 7636, 7637, 7638, 7639, 7640, 7641, 7642, 7643, 7644, 7645, 7646, 7647, 7648, 7649, 7650, 7651, 7652, 7653, 7654, 7655, 7656, 7657, 7658, 7659, 7660, 7661, 7662, 7663, 7664, 7665, 7666, 7667, 7668, 7669, 7670, 7671, 7672, 7673, 7674, 7675, 7676, 7677, 7678, 7679, 7680, 7681, 7682, 7683, 7684, 7685, 7686, 7687, 7688, 7689, 7690, 7691, 7692, 7693, 7694, 7695, 7696, 7697, 7698, 7699, 7700, 7701, 7702, 7703, 7704, 7705, 7706, 7707, 7708, 7709, 7710, 7711, 7712, 7713, 7714, 7715, 7716, 7717, 7718, 7719, 7720, 7721, 7722, 7723, 7724, 7725, 7726, 7727, 7728, 7729, 7730, 7731, 7732, 7733, 7734, 7735, 7736, 7737, 7738, 7739, 7740, 7741, 7742, 7743, 7744, 7745, 7746, 7747, 7748, 7749, 7750, 7751, 7752, 7753, 7754, 7755, 7756, 7757, 7758, 7759, 7760, 7761, 7762, 7763, 7764, 7765, 7766, 7767, 7768, 7769, 7770, 7771, 7772, 7773, 7774, 7775, 7776, 7777, 7778, 7779, 7780, 7781, 7782, 7783, 7784, 7785, 7786, 7787, 7788, 7789, 7790, 7791, 7792, 7793, 7794, 7795, 7796, 7797, 7798, 7799, 7800, 7801, 7802, 7803, 7804, 7805, 7806, 7807, 7808, 7809, 7810, 7811, 7812, 7813, 7814, 7815, 7816, 7817, 7818, 7819, 7820, 7821, 7822, 7823, 7824, 7825, 7826, 7827, 7828, 7829, 7830, 7831, 7832, 7833, 7834, 7835, 7836, 7837, 7838, 7839, 7840, 7841, 7842, 7843, 7844, 7845, 7846, 7847, 7848, 7849, 7850, 7851, 7852, 7853, 7854, 7855, 7856, 7857, 7858, 7859, 7860, 7861, 7862, 7863, 7864, 7865, 7866, 7867, 7868, 7869, 7870, 7871, 7872, 7873, 7874, 7875, 7876, 7877, 7878, 7879, 7880, 7881, 7882, 7883, 7884, 7885, 7886, 7887, 7888, 7889, 7890, 7891, 7892, 7893, 7894, 7895, 7896, 7897, 7898, 7899, 7900, 7901, 7902, 7903, 7904, 7905, 7906, 7907, 7908, 7909, 7910, 7911, 7912, 7913, 7914, 7915, 7916, 7917, 7918, 7919, 7920, 7921, 7922, 7923, 7924, 7925, 7926, 7927, 7928, 7929, 7930, 7931, 7932, 7933, 7934, 7935, 7936, 7937, 7938, 7939, 7940, 7941, 7942, 7943, 7944, 7945, 7946, 7947, 7948, 7949, 7950, 7951, 7952, 7953, 7954, 7955, 7956, 7957, 7958, 7959, 7960, 7961, 7962, 7963, 7964, 7965, 7966, 7967, 7968, 7969, 7970, 7971, 7972, 7973, 7974, 7975, 7976, 7977, 7978, 7979, 7980, 7981, 7982, 7983, 7984, 7985, 7986, 7987, 7988, 7989, 7990, 7991, 7992, 7993, 7994, 7995, 7996, 7997, 7998, 7999, 8000, 8001, 8002, 8003, 8004, 8005, 8006, 8007, 8008, 8009, 8010, 8011, 8012, 8013, 8014, 8015, 8016, 8017, 8018, 8019, 8020, 8021, 8022, 8023, 8024, 8025, 8026, 8027, 8028, 8029, 8030, 8031, 8032, 8033, 8034, 8035, 8036, 8037, 8038, 8039, 8040, 8041, 8042, 8043, 8044, 8045, 8046, 8047, 8048, 8049, 8050, 8051, 8052, 8053, 8054, 8055, 8056, 8057, 8058, 8059, 8060, 8061, 8062, 8063, 8064, 8065, 8066, 8067, 8068, 8069, 8070, 8071, 8072, 8073, 8074, 8075, 8076, 8077, 8078, 8079, 8080, 8081, 8082, 8083, 8084, 8085, 8086, 8087, 8088, 8089, 8090, 8091, 8092, 8093, 8094, 8095, 8096, 8097, 8098, 8099, 8100, 8101, 8102, 8103, 8104, 8105, 8106, 8107, 8108, 8109, 8110, 8111, 8112, 8113, 8114, 8115, 8116, 8117, 8118, 8119, 8120, 8121, 8122, 8123, 8124, 8125, 8126, 8127, 8128, 8129, 8130, 8131, 8132, 8133, 8134, 8135, 8136, 8137, 8138, 8139, 8140, 8141, 8142, 8143, 8144, 8145, 8146, 8147, 8148, 8149, 8150, 8151, 8152, 8153, 8154, 8155, 8156, 8157, 8158, 8159, 8160, 8161, 8162, 8163, 8164, 8165, 8166, 8167, 8168, 8169, 8170, 8171, 8172, 8173, 8174, 8175, 8176, 8177, 8178, 8179, 8180, 8181, 8182, 8183, 8184, 8185, 8186, 8187, 8188, 8189, 8190, 8191, 8192, 8193, 8194, 8195, 8199, 8200, 8203, 8205, 8206, 8212, 8216, 8219, 8227, 8228, 8229, 8234, 8244, 8246, 8248, 8250, 8255, 8257, 8260, 8262, 8263, 8264, 8267, 8269, 8275, 8276, 8277, 8278, 8281, 8288, 8290, 8293, 8300, 8301, 8302, 8303, 8316, 8321, 8339, 8348, 8349, 8352, 8355, 8361, 8363, 8365, 8366, 8367, 8370, 8371, 8374, 8376, 8379, 8382, 8383, 8385, 8398, 8400, 8402, 8403, 8406, 8410, 8411, 8413, 8414, 8416, 8419, 8421, 8423, 8424, 8430, 8431, 8432, 8433, 8436, 8438, 8444, 8445, 8446, 8448, 8452, 8461, 8464, 8466, 8470, 8472, 8478, 8484, 8487, 8503, 8504, 8511, 8513, 8514, 8518, 8519, 8521, 8524, 8529, 8530, 8531, 8535, 8540, 8543, 8544, 8556, 8560, 8562, 8571, 8572, 8573, 8574, 8578, 8582, 8591, 8595, 8597, 8601, 8602, 8605, 8606, 8610, 8611, 8613, 8614, 8615, 8620, 8621, 8626, 8630, 8641, 8650, 8654, 8658, 8659, 8663, 8665, 8666, 8668, 8670, 8671, 8672, 8673, 8674, 8680, 8682, 8686, 8688, 8690, 8694, 8697, 8704, 8711, 8712, 8714, 8721, 8727, 8734, 8737, 8739, 8748, 8749, 8752, 8753, 8766, 8770, 8777, 8779, 8781, 8783, 8789, 8797, 8805, 8808, 8812, 8819, 8820, 8821, 8822, 8823, 8824, 8825, 8827, 8830, 8843, 8847, 8848, 8857, 8861, 8862, 8864, 8866, 8868, 8869, 8871, 8872, 8875, 8879, 8881, 8882, 8883, 8888, 8889, 8891, 8892, 8897, 8902, 8904, 8913, 8920, 8923, 8925, 8926, 8927, 8930, 8933, 8936, 8939, 8942, 8946, 8951, 8954, 8958, 8960, 8985, 8987, 9000, 9004, 9006, 9008, 9009, 9012, 9015, 9018, 9029, 9031, 9032, 9036, 9039, 9040, 9042, 9043, 9051, 9053, 9056, 9057, 9064, 9067, 9069, 9070, 9071, 9077, 9079, 9083, 9084, 9085, 9086, 9087, 9092, 9096, 9097, 9101, 9104, 9105, 9106, 9110, 9111, 9112, 9115, 9120, 9123, 9124, 9127, 9132, 9133, 9139, 9140, 9141, 9142, 9144, 9147, 9148, 9159, 9170, 9174, 9178, 9183, 9186, 9188, 9193, 9199, 9201, 9202, 9204, 9210, 9212, 9213, 9216, 9218, 9220, 9221, 9232, 9233, 9236, 9238, 9242, 9244, 9245, 9247, 9250, 9259, 9260, 9270, 9272, 9273, 9281, 9282, 9284, 9285, 9288, 9298, 9302, 9304, 9306, 9307, 9313, 9314, 9315, 9316, 9318, 9323, 9325, 9331, 9332, 9334, 9336, 9337, 9338, 9341, 9347, 9348, 9350, 9354, 9355, 9357, 9362, 9365, 9367, 9368, 9369, 9375, 9377, 9379, 9385, 9388, 9389, 9390, 9392, 9394, 9400, 9401, 9405, 9412, 9415, 9419, 9420, 9426, 9427, 9428, 9434, 9444, 9446, 9447, 9449, 9450, 9459, 9461, 9465, 9470, 9471, 9477, 9480, 9481, 9484, 9487, 9488, 9490, 9493, 9494, 9496, 9509, 9513, 9518, 9531, 9541, 9544, 9546, 9552, 9553, 9559, 9561, 9566, 9569, 9571, 9574, 9575, 9576, 9577, 9578, 9579, 9580, 9581, 9582, 9583, 9585, 9594, 9600, 9602, 9607, 9609, 9611, 9612]
2026-03-19 15:26:35 | INFO | ConnectedDownlink | SENDING RETRANSMISSION REQUEST [7382, 7383, 7384, 7385, 7386, 7387, 7388, 7389, 7390, 7391, 7392, 7393, 7394, 7395, 7396, 7397, 7398, 7399, 7400, 7401, 7402, 7403, 7404, 7405, 7406, 7407, 7408, 7409, 7410, 7411, 7412, 7413, 7414, 7415, 7416, 7417, 7418, 7419, 7420, 7421, 7422, 7423, 7424, 7425, 7426, 7427, 7428, 7429, 7430, 7431, 7432, 7433, 7434, 7435, 7436, 7437, 7438, 7439, 7440, 7441, 7442, 7443, 7444, 7445, 7446, 7447, 7448, 7449, 7450, 7451, 7452, 7453, 7454, 7455, 7456, 7457, 7458, 7459, 7460, 7461, 7462, 7463, 7464, 7465, 7466, 7467, 7468, 7469, 7470, 7471, 7472, 7473, 7474, 7475, 7476, 7477, 7478, 7479, 7480, 7481, 7482, 7483, 7484, 7485, 7486, 7487, 7488, 7489, 7490, 7491, 7492, 7493, 7494, 7495, 7496, 7497, 7498, 7499, 7500, 7501, 7502, 7503, 7504, 7505, 7506, 7507, 7508, 7509, 7510, 7511, 7512, 7513, 7514, 7515, 7516, 7517, 7518, 7519, 7520, 7521, 7522, 7523, 7524, 7525, 7526, 7527, 7528, 7529, 7530, 7531, 7532, 7533, 7534, 7535, 7536, 7537, 7538, 7539, 7540, 7541, 7542, 7543, 7544, 7545, 7546, 7547, 7548, 7549, 7550, 7551, 7552, 7553, 7554, 7555, 7556, 7557, 7558, 7559, 7560, 7561, 7562, 7563, 7564, 7565, 7566, 7567, 7568, 7569, 7570, 7571, 7572, 7573, 7574, 7575, 7576, 7577, 7578, 7579, 7580, 7581, 7582, 7583, 7584, 7585, 7586, 7587, 7588, 7589, 7590, 7591, 7592, 7593, 7594, 7595, 7596, 7597, 7598, 7599, 7600, 7601, 7602, 7603, 7604, 7605, 7606, 7607, 7608, 7609, 7610, 7611, 7612, 7613, 7614, 7615, 7616, 7617, 7618, 7619, 7620, 7621, 7622, 7623, 7624, 7625, 7626, 7627, 7628, 7629, 7630, 7631, 7632, 7633, 7634, 7635, 7636, 7637, 7638, 7639, 7640, 7641, 7642, 7643, 7644, 7645, 7646, 7647, 7648, 7649, 7650, 7651, 7652, 7653, 7654, 7655, 7656, 7657, 7658, 7659, 7660, 7661, 7662, 7663, 7664, 7665, 7666, 7667, 7668, 7669, 7670, 7671, 7672, 7673, 7674, 7675, 7676, 7677, 7678, 7679, 7680, 7681, 7682, 7683, 7684, 7685, 7686, 7687, 7688, 7689, 7690, 7691, 7692, 7693, 7694, 7695, 7696, 7697, 7698, 7699, 7700, 7701, 7702, 7703, 7704, 7705, 7706, 7707, 7708, 7709, 7710, 7711, 7712, 7713, 7714, 7715, 7716, 7717, 7718, 7719, 7720, 7721, 7722, 7723, 7724, 7725, 7726, 7727, 7728, 7729, 7730, 7731, 7732, 7733, 7734, 7735, 7736, 7737, 7738, 7739, 7740, 7741, 7742, 7743, 7744, 7745, 7746, 7747, 7748, 7749, 7750, 7751, 7752, 7753, 7754, 7755, 7756, 7757, 7758, 7759, 7760, 7761, 7762, 7763, 7764, 7765, 7766, 7767, 7768, 7769, 7770, 7771, 7772, 7773, 7774, 7775, 7776, 7777, 7778, 7779, 7780, 7781, 7782, 7783, 7784, 7785, 7786, 7787, 7788, 7789, 7790, 7791, 7792, 7793, 7794, 7795, 7796, 7797, 7798, 7799, 7800, 7801, 7802, 7803, 7804, 7805, 7806, 7807, 7808, 7809, 7810, 7811, 7812, 7813, 7814, 7815, 7816, 7817, 7818, 7819, 7820, 7821, 7822, 7823, 7824, 7825, 7826, 7827, 7828, 7829, 7830, 7831, 7832, 7833, 7834, 7835, 7836, 7837, 7838, 7839, 7840, 7841, 7842, 7843, 7844, 7845, 7846, 7847, 7848, 7849, 7850, 7851, 7852, 7853, 7854, 7855, 7856, 7857, 7858, 7859, 7860, 7861, 7862, 7863, 7864, 7865, 7866, 7867, 7868, 7869, 7870, 7871, 7872, 7873, 7874, 7875, 7876, 7877, 7878, 7879, 7880, 7881, 7882, 7883, 7884, 7885, 7886, 7887, 7888, 7889, 7890, 7891, 7892, 7893, 7894, 7895, 7896, 7897, 7898, 7899, 7900, 7901, 7902, 7903, 7904, 7905, 7906, 7907, 7908, 7909, 7910, 7911, 7912, 7913, 7914, 7915, 7916, 7917, 7918, 7919, 7920, 7921, 7922, 7923, 7924, 7925, 7926, 7927, 7928, 7929, 7930, 7931, 7932, 7933, 7934, 7935, 7936, 7937, 7938, 7939, 7940, 7941, 7942, 7943, 7944, 7945, 7946, 7947, 7948, 7949, 7950, 7951, 7952, 7953, 7954, 7955, 7956, 7957, 7958, 7959, 7960, 7961, 7962, 7963, 7964, 7965, 7966, 7967, 7968, 7969, 7970, 7971, 7972, 7973, 7974, 7975, 7976, 7977, 7978, 7979, 7980, 7981, 7982, 7983, 7984, 7985, 7986, 7987, 7988, 7989, 7990, 7991, 7992, 7993, 7994, 7995, 7996, 7997, 7998, 7999, 8000, 8001, 8002, 8003, 8004, 8005, 8006, 8007, 8008, 8009, 8010, 8011, 8012, 8013, 8014, 8015, 8016, 8017, 8018, 8019, 8020, 8021, 8022, 8023, 8024, 8025, 8026, 8027, 8028, 8029, 8030, 8031, 8032, 8033, 8034, 8035, 8036, 8037, 8038, 8039, 8040, 8041, 8042, 8043, 8044, 8045, 8046, 8047, 8048, 8049, 8050, 8051, 8052, 8053, 8054, 8055, 8056, 8057, 8058, 8059, 8060, 8061, 8062, 8063, 8064, 8065, 8066, 8067, 8068, 8069, 8070, 8071, 8072, 8073, 8074, 8075, 8076, 8077, 8078, 8079, 8080, 8081, 8082, 8083, 8084, 8085, 8086, 8087, 8088, 8089, 8090, 8091, 8092, 8093, 8094, 8095, 8096, 8097, 8098, 8099, 8100, 8101, 8102, 8103, 8104, 8105, 8106, 8107, 8108, 8109, 8110, 8111, 8112, 8113, 8114, 8115, 8116, 8117, 8118, 8119, 8120, 8121, 8122, 8123, 8124, 8125, 8126, 8127, 8128, 8129, 8130, 8131, 8132, 8133, 8134, 8135, 8136, 8137, 8138, 8139, 8140, 8141, 8142, 8143, 8144, 8145, 8146, 8147, 8148, 8149, 8150, 8151, 8152, 8153, 8154, 8155, 8156, 8157, 8158, 8159, 8160, 8161, 8162, 8163, 8164, 8165, 8166, 8167, 8168, 8169, 8170, 8171, 8172, 8173, 8174, 8175, 8176, 8177, 8178, 8179, 8180, 8181, 8182, 8183, 8184, 8185, 8186, 8187, 8188, 8189, 8190, 8191, 8192, 8193, 8194, 8195, 8199, 8200, 8203, 8205, 8206, 8212, 8216, 8219, 8227, 8228, 8229, 8234, 8244, 8246, 8248, 8250, 8255, 8257, 8260, 8262, 8263, 8264, 8267, 8269, 8275, 8276, 8277, 8278, 8281, 8288, 8290, 8293, 8300, 8301, 8302, 8303, 8316, 8321, 8339, 8348, 8349, 8352, 8355, 8361, 8363, 8365, 8366, 8367, 8370, 8371, 8374, 8376, 8379, 8382, 8383, 8385, 8398, 8400, 8402, 8403, 8406, 8410, 8411, 8413, 8414, 8416, 8419, 8421, 8423, 8424, 8430, 8431, 8432, 8433, 8436, 8438, 8444, 8445, 8446, 8448, 8452, 8461, 8464, 8466, 8470, 8472, 8478, 8484, 8487, 8503, 8504, 8511, 8513, 8514, 8518, 8519, 8521, 8524, 8529, 8530, 8531, 8535, 8540, 8543, 8544, 8556, 8560, 8562, 8571, 8572, 8573, 8574, 8578, 8582, 8591, 8595, 8597, 8601, 8602, 8605, 8606, 8610, 8611, 8613, 8614, 8615, 8620, 8621, 8626, 8630, 8641, 8650, 8654, 8658, 8659, 8663, 8665, 8666, 8668, 8670, 8671, 8672, 8673, 8674, 8680, 8682, 8686, 8688, 8690, 8694, 8697, 8704, 8711, 8712, 8714, 8721, 8727, 8734, 8737, 8739, 8748, 8749, 8752, 8753, 8766, 8770, 8777, 8779, 8781, 8783, 8789, 8797, 8805, 8808, 8812, 8819, 8820, 8821, 8822, 8823, 8824, 8825, 8827, 8830, 8843, 8847, 8848, 8857, 8861, 8862, 8864, 8866, 8868, 8869, 8871, 8872, 8875, 8879, 8881, 8882, 8883, 8888, 8889, 8891, 8892, 8897, 8902, 8904, 8913, 8920, 8923, 8925, 8926, 8927, 8930, 8933, 8936, 8939, 8942, 8946, 8951, 8954, 8958, 8960, 8985, 8987, 9000, 9004, 9006, 9008, 9009, 9012, 9015, 9018, 9029, 9031, 9032, 9036, 9039, 9040, 9042, 9043, 9051, 9053, 9056, 9057, 9064, 9067, 9069, 9070, 9071, 9077, 9079, 9083, 9084, 9085, 9086, 9087, 9092, 9096, 9097, 9101, 9104, 9105, 9106, 9110, 9111, 9112, 9115, 9120, 9123, 9124, 9127, 9132, 9133, 9139, 9140, 9141, 9142, 9144, 9147, 9148, 9159, 9170, 9174, 9178, 9183, 9186, 9188, 9193, 9199, 9201, 9202, 9204, 9210, 9212, 9213, 9216, 9218, 9220, 9221, 9232, 9233, 9236, 9238, 9242, 9244, 9245, 9247, 9250, 9259, 9260, 9270, 9272, 9273, 9281, 9282, 9284, 9285, 9288, 9298, 9302, 9304, 9306, 9307, 9313, 9314, 9315, 9316, 9318, 9323, 9325, 9331, 9332, 9334, 9336, 9337, 9338, 9341, 9347, 9348, 9350, 9354, 9355, 9357, 9362, 9365, 9367, 9368, 9369, 9375, 9377, 9379, 9385, 9388, 9389, 9390, 9392, 9394, 9400, 9401, 9405, 9412, 9415, 9419, 9420, 9426, 9427, 9428, 9434, 9444, 9446, 9447, 9449, 9450, 9459, 9461, 9465, 9470, 9471, 9477, 9480, 9481, 9484, 9487, 9488, 9490, 9493, 9494, 9496, 9509, 9513, 9518, 9531, 9541, 9544, 9546, 9552, 9553, 9559, 9561, 9566, 9569, 9571, 9574, 9575, 9576, 9577, 9578, 9579, 9580, 9581, 9582, 9583, 9585, 9594, 9600, 9602, 9607, 9609, 9611, 9612] (attempt 5/5)
2026-03-19 15:26:38 | ERROR | ConnectedDownlink | handle_rx error: Error parsing message with type 'audimus.Session_Message'
2026-03-19 15:26:38 | ERROR | ConnectedDownlink | handle_rx error: Error parsing message with type 'audimus.Session_Message'
2026-03-19 15:26:38 | ERROR | ConnectedDownlink | handle_rx error: Error parsing message with type 'audimus.Session_Message'
2026-03-19 15:26:38 | INFO | ConnectedDownlink | Satellite serve_loop cancelled
2026-03-19 15:26:38 | INFO | ConnectedDownlink | retransmit_loop cancelled
