2026-01-11 16:01:12 | INFO | Data Link Layer    | b'\x10\x16\x1a\x16\n\x14burn x = 200 y = 200'
2026-01-11 16:01:12 | INFO | Data Link Layer    | b'\x10\x15\x1a\x16\n\x14burn x = 200 y = 200'
2026-01-11 16:01:13 | INFO | Data Link Layer    | b'\x10\x16\x1a\x12\n\x10send health data'
2026-01-11 16:01:13 | INFO | Data Link Layer    | b'\x10\x16\x1a\x12\n\x10send health data'
2026-01-11 16:01:14 | INFO | Data Link Layer    | b'\x10\x16\x1a\x16\n\x14burn x = 300 y = 400'
2026-01-11 16:01:15 | INFO | Data Link Layer    | b'\x10\x16\x1a\x12\n\x10send health data'
2026-01-11 16:01:16 | INFO | Data Link Layer    | b'\x10\x16\x1a\x0c\n\nexit orbit'
2026-01-11 16:01:17 | INFO | Data Link Layer    | b'\x10\x16\x1a\x16\n\x14burn x = 300 y = 400'
2026-01-11 16:01:18 | INFO | Data Link Layer    | b'\x10\x16\x1a\x12\n\x10send health data'
2026-01-11 16:01:19 | INFO | Data Link Layer    | b'\x10\x16\x1a\x0c\n\nexit orbit'
2026-01-11 16:15:53 | INFO | Data Link Layer    | b'\x10\x17\x1a\x16\n\x14burn x = 200 y = 200'
2026-01-11 16:15:53 | INFO | Data Link Layer    | b'\x10\x16\x1a\x16\n\x14burn x = 200 y = 200'
2026-01-11 16:15:54 | INFO | Data Link Layer    | b'\x10\x17\x1a\x12\n\x10send health data'
2026-01-11 16:15:54 | INFO | Data Link Layer    | b'\x10\x17\x1a\x12\n\x10send health data'
2026-01-11 16:15:55 | INFO | Data Link Layer    | b'\x10\x17\x1a\x16\n\x14burn x = 300 y = 400'
2026-01-11 16:15:56 | INFO | Data Link Layer    | b'\x10\x17\x1a\x12\n\x10send health data'
2026-01-11 16:15:57 | INFO | Data Link Layer    | b'\x10\x17\x1a\x0c\n\nexit orbit'
2026-01-11 16:15:58 | INFO | Data Link Layer    | b'\x10\x17\x1a\x16\n\x14burn x = 300 y = 400'
2026-01-11 16:15:59 | INFO | Data Link Layer    | b'\x10\x17\x1a\x12\n\x10send health data'
2026-01-11 16:16:00 | INFO | Data Link Layer    | b'\x10\x17\x1a\x0c\n\nexit orbit'
2026-01-11 16:21:27 | INFO | Data Link Layer    | b'\x10\x17\x1a\x16\n\x14burn x = 200 y = 200'
2026-01-11 16:21:27 | INFO | Data Link Layer    | b'\x10\x18\x1a\x16\n\x14burn x = 200 y = 200'
2026-01-11 16:21:28 | INFO | Data Link Layer    | b'\x10\x18\x1a\x12\n\x10send health data'
2026-01-11 16:21:28 | INFO | Data Link Layer    | b'\x10\x18\x1a\x12\n\x10send health data'
2026-01-11 16:21:29 | INFO | Data Link Layer    | b'\x10\x18\x1a\x16\n\x14burn x = 300 y = 400'
2026-01-11 16:21:30 | INFO | Data Link Layer    | b'\x10\x18\x1a\x12\n\x10send health data'
2026-01-11 16:21:31 | INFO | Data Link Layer    | b'\x10\x18\x1a\x0c\n\nexit orbit'
2026-01-11 16:21:32 | INFO | Data Link Layer    | b'\x10\x18\x1a\x16\n\x14burn x = 300 y = 400'
2026-01-11 16:21:33 | INFO | Data Link Layer    | b'\x10\x18\x1a\x12\n\x10send health data'
2026-01-11 16:21:34 | INFO | Data Link Layer    | b'\x10\x18\x1a\x0c\n\nexit orbit'
2026-01-11 16:26:32 | INFO | Data Link Layer    | b'\x10\x18\x1a\x16\n\x14burn x = 200 y = 200'
2026-01-11 16:26:32 | INFO | Data Link Layer    | b'\x10\x19\x1a\x16\n\x14burn x = 200 y = 200'
2026-01-11 16:26:33 | INFO | Data Link Layer    | b'\x10\x19\x1a\x12\n\x10send health data'
2026-01-11 16:26:33 | INFO | Data Link Layer    | b'\x10\x19\x1a\x12\n\x10send health data'
2026-01-11 16:26:34 | INFO | Data Link Layer    | b'\x10\x19\x1a\x16\n\x14burn x = 300 y = 400'
2026-01-11 16:26:35 | INFO | Data Link Layer    | b'\x10\x19\x1a\x12\n\x10send health data'
2026-01-11 16:26:36 | INFO | Data Link Layer    | b'\x10\x19\x1a\x0c\n\nexit orbit'
2026-01-11 16:26:37 | INFO | Data Link Layer    | b'\x10\x19\x1a\x16\n\x14burn x = 300 y = 400'
2026-01-11 16:26:38 | INFO | Data Link Layer    | b'\x10\x19\x1a\x12\n\x10send health data'
2026-01-11 16:26:39 | INFO | Data Link Layer    | b'\x10\x19\x1a\x0c\n\nexit orbit'
2026-01-11 16:27:17 | INFO | Data Link Layer    | b'\x10\x19\x1a\x16\n\x14burn x = 200 y = 200'
2026-01-11 16:27:17 | INFO | Data Link Layer    | b'\x10\x1a\x1a\x16\n\x14burn x = 200 y = 200'
2026-01-11 16:27:18 | INFO | Data Link Layer    | b'\x10\x1a\x1a\x12\n\x10send health data'
2026-01-11 16:27:18 | INFO | Data Link Layer    | b'\x10\x1a\x1a\x12\n\x10send health data'
2026-01-11 16:27:19 | INFO | Data Link Layer    | b'\x10\x1a\x1a\x16\n\x14burn x = 300 y = 400'
2026-01-11 16:27:20 | INFO | Data Link Layer    | b'\x10\x1a\x1a\x12\n\x10send health data'
2026-01-11 16:27:21 | INFO | Data Link Layer    | b'\x10\x1a\x1a\x0c\n\nexit orbit'
2026-01-11 16:27:23 | INFO | Data Link Layer    | b'\x10\x1a\x1a\x16\n\x14burn x = 300 y = 400'
2026-01-11 16:27:24 | INFO | Data Link Layer    | b'\x10\x1a\x1a\x12\n\x10send health data'
2026-01-11 16:27:25 | INFO | Data Link Layer    | b'\x10\x1a\x1a\x0c\n\nexit orbit'
2026-01-13 18:38:34 | INFO | Data Link Layer    | b'\x10\x16\x1a\x16\n\x14burn x = 200 y = 200'
2026-01-13 18:38:34 | INFO | Data Link Layer    | b'\x10\x15\x1a\x16\n\x14burn x = 200 y = 200'
2026-01-13 18:38:35 | INFO | Data Link Layer    | b'\x10\x16\x1a\x12\n\x10send health data'
2026-01-13 18:38:35 | INFO | Data Link Layer    | b'\x10\x16\x1a\x12\n\x10send health data'
2026-01-13 18:38:36 | INFO | Data Link Layer    | b'\x10\x16\x1a\x16\n\x14burn x = 300 y = 400'
2026-01-13 18:38:37 | INFO | Data Link Layer    | b'\x10\x16\x1a\x12\n\x10send health data'
2026-01-13 18:38:38 | INFO | Data Link Layer    | b'\x10\x16\x1a\x0c\n\nexit orbit'
2026-01-13 18:38:39 | INFO | Data Link Layer    | b'\x10\x16\x1a\x16\n\x14burn x = 300 y = 400'
2026-01-13 18:38:40 | INFO | Data Link Layer    | b'\x10\x16\x1a\x12\n\x10send health data'
2026-01-13 18:38:41 | INFO | Data Link Layer    | b'\x10\x16\x1a\x0c\n\nexit orbit'
2026-01-20 19:07:27 | INFO | Data Link Layer    | b'\x10\x17\x1a\x16\n\x14burn x = 200 y = 200'
2026-01-20 19:07:28 | INFO | Data Link Layer    | b'\x10\x17\x1a\x12\n\x10send health data'
2026-01-20 19:07:28 | INFO | Data Link Layer    | b'\x10\x17\x1a\x12\n\x10send health data'
2026-01-20 19:07:29 | INFO | Data Link Layer    | b'\x10\x17\x1a\x16\n\x14burn x = 300 y = 400'
2026-01-20 19:07:30 | INFO | Data Link Layer    | b'\x10\x17\x1a\x12\n\x10send health data'
2026-01-20 19:07:31 | INFO | Data Link Layer    | b'\x10\x17\x1a\x0c\n\nexit orbit'
2026-01-20 19:07:32 | INFO | Data Link Layer    | b'\x10\x17\x1a\x16\n\x14burn x = 300 y = 400'
2026-01-20 19:07:33 | INFO | Data Link Layer    | b'\x10\x17\x1a\x12\n\x10send health data'
2026-01-20 19:07:34 | INFO | Data Link Layer    | b'\x10\x17\x1a\x0c\n\nexit orbit'
2026-01-20 19:08:22 | INFO | Data Link Layer    | b'\x10\x17\x1a\x16\n\x14burn x = 200 y = 200'
2026-01-20 19:08:22 | INFO | Data Link Layer    | b'\x10\x18\x1a\x16\n\x14burn x = 200 y = 200'
2026-01-20 19:08:23 | INFO | Data Link Layer    | b'\x10\x18\x1a\x12\n\x10send health data'
2026-01-20 19:08:23 | INFO | Data Link Layer    | b'\x10\x18\x1a\x12\n\x10send health data'
2026-01-20 19:08:24 | INFO | Data Link Layer    | b'\x10\x18\x1a\x16\n\x14burn x = 300 y = 400'
2026-01-20 19:08:25 | INFO | Data Link Layer    | b'\x10\x18\x1a\x12\n\x10send health data'
2026-01-20 19:08:26 | INFO | Data Link Layer    | b'\x10\x18\x1a\x0c\n\nexit orbit'
2026-01-20 19:08:27 | INFO | Data Link Layer    | b'\x10\x18\x1a\x16\n\x14burn x = 300 y = 400'
2026-01-20 19:08:28 | INFO | Data Link Layer    | b'\x10\x18\x1a\x12\n\x10send health data'
2026-01-20 19:08:29 | INFO | Data Link Layer    | b'\x10\x18\x1a\x0c\n\nexit orbit'
2026-01-21 18:08:08 | INFO | Data Link Layer    | b'\x10\x18\x1a\x16\n\x14burn x = 200 y = 200'
2026-01-21 18:08:09 | INFO | Data Link Layer    | b'\x10\x18\x1a\x12\n\x10send health data'
2026-01-21 18:08:09 | INFO | Data Link Layer    | b'\x10\x19\x1a\x12\n\x10send health data'
2026-01-21 18:08:10 | INFO | Data Link Layer    | b'\x10\x18\x1a\x16\n\x14burn x = 300 y = 400'
2026-01-21 18:08:11 | INFO | Data Link Layer    | b'\x10\x18\x1a\x12\n\x10send health data'
2026-01-21 18:09:02 | INFO | Data Link Layer    | b'\x10\x19\x1a\x16\n\x14burn x = 200 y = 200'
2026-01-21 18:09:02 | INFO | Data Link Layer    | b'\x10\x18\x1a\x16\n\x14burn x = 200 y = 200'
2026-01-21 18:09:03 | INFO | Data Link Layer    | b'\x10\x19\x1a\x12\n\x10send health data'
2026-01-21 18:09:03 | INFO | Data Link Layer    | b'\x10\x18\x1a\x12\n\x10send health data'
2026-01-21 18:09:04 | INFO | Data Link Layer    | b'\x10\x18\x1a\x16\n\x14burn x = 300 y = 400'
2026-01-21 18:09:05 | INFO | Data Link Layer    | b'\x10\x18\x1a\x12\n\x10send health data'
2026-01-21 18:09:07 | INFO | Data Link Layer    | b'\x10\x19\x1a\x16\n\x14burn x = 300 y = 400'
2026-01-21 18:09:08 | INFO | Data Link Layer    | b'\x10\x19\x1a\x12\n\x10send health data'
2026-01-21 18:09:18 | INFO | Data Link Layer    | b'\x10\x18\x1a\x16\n\x14burn x = 200 y = 200'
2026-01-21 18:09:18 | INFO | Data Link Layer    | b'\x10\x19\x1a\x16\n\x14burn x = 200 y = 200'
2026-01-21 18:09:19 | INFO | Data Link Layer    | b'\x10\x18\x1a\x12\n\x10send health data'
2026-01-21 18:09:19 | INFO | Data Link Layer    | b'\x10\x19\x1a\x12\n\x10send health data'
2026-01-21 18:09:20 | INFO | Data Link Layer    | b'\x10\x18\x1a\x16\n\x14burn x = 300 y = 400'
2026-01-21 18:09:21 | INFO | Data Link Layer    | b'\x10\x18\x1a\x12\n\x10send health data'
2026-01-21 18:09:22 | INFO | Data Link Layer    | b'\x10\x18\x1a\x0c\n\nexit orbit'
2026-01-21 18:09:23 | INFO | Data Link Layer    | b'\x10\x19\x1a\x16\n\x14burn x = 300 y = 400'
2026-01-21 18:09:24 | INFO | Data Link Layer    | b'\x10\x19\x1a\x12\n\x10send health data'
2026-01-21 18:09:25 | INFO | Data Link Layer    | b'\x10\x19\x1a\x0c\n\nexit orbit'
2026-01-21 18:15:38 | INFO | Data Link Layer    | b'\x10\x18\x1a\x16\n\x14burn x = 200 y = 200'
2026-01-21 18:15:38 | INFO | Data Link Layer    | b'\x10\x19\x1a\x16\n\x14burn x = 200 y = 200'
2026-01-21 18:15:39 | INFO | Data Link Layer    | b'\x10\x18\x1a\x12\n\x10send health data'
2026-01-21 18:15:39 | INFO | Data Link Layer    | b'\x10\x19\x1a\x12\n\x10send health data'
2026-01-21 18:15:40 | INFO | Data Link Layer    | b'\x10\x18\x1a\x16\n\x14burn x = 300 y = 400'
2026-01-21 18:15:41 | INFO | Data Link Layer    | b'\x10\x18\x1a\x12\n\x10send health data'
2026-01-21 18:15:42 | INFO | Data Link Layer    | b'\x10\x18\x1a\x0c\n\nexit orbit'
2026-01-21 18:15:43 | INFO | Data Link Layer    | b'\x10\x19\x1a\x16\n\x14burn x = 300 y = 400'
2026-01-21 18:15:44 | INFO | Data Link Layer    | b'\x10\x19\x1a\x12\n\x10send health data'
2026-01-21 18:15:45 | INFO | Data Link Layer    | b'\x10\x19\x1a\x0c\n\nexit orbit'
2026-01-21 18:18:00 | INFO | Data Link Layer    | b'\x10\x19\x1a\x16\n\x14burn x = 200 y = 200'
2026-01-21 18:18:00 | INFO | Data Link Layer    | b'\x10\x18\x1a\x16\n\x14burn x = 200 y = 200'
2026-01-21 18:18:01 | INFO | Data Link Layer    | b'\x10\x18\x1a\x12\n\x10send health data'
2026-01-21 18:18:01 | INFO | Data Link Layer    | b'\x10\x19\x1a\x12\n\x10send health data'
2026-01-21 18:18:02 | INFO | Data Link Layer    | b'\x10\x18\x1a\x16\n\x14burn x = 300 y = 400'
2026-01-21 18:18:03 | INFO | Data Link Layer    | b'\x10\x19\x1a\x16\n\x14burn x = 300 y = 400'
2026-01-21 18:18:04 | INFO | Data Link Layer    | b'\x10\x18\x1a\x0c\n\nexit orbit'
2026-01-21 18:18:04 | INFO | Data Link Layer    | b'\x10\x19\x1a\x12\n\x10send health data'
2026-01-21 18:18:06 | INFO | Data Link Layer    | b'\x10\x19\x1a\x0c\n\nexit orbit'
2026-01-21 18:18:46 | INFO | Data Link Layer    | b'\x10\x18\x1a\x16\n\x14burn x = 200 y = 200'
2026-01-21 18:18:46 | INFO | Data Link Layer    | b'\x10\x19\x1a\x16\n\x14burn x = 200 y = 200'
2026-01-21 18:18:47 | INFO | Data Link Layer    | b'\x10\x19\x1a\x12\n\x10send health data'
2026-01-21 18:18:47 | INFO | Data Link Layer    | b'\x10\x18\x1a\x12\n\x10send health data'
2026-01-21 18:18:48 | INFO | Data Link Layer    | b'\x10\x18\x1a\x17\n\x15connected uplink mode'
2026-01-21 18:18:49 | INFO | Data Link Layer    | b'\x10\x19\x1a\x16\n\x14burn x = 300 y = 400'
2026-01-21 18:18:49 | INFO | Data Link Layer    | b'\x10\x18\x1a\x16\n\x14burn x = 300 y = 400'
2026-01-21 18:18:50 | INFO | Data Link Layer    | b'\x10\x18\x1a\x12\n\x10send health data'
2026-01-21 18:18:51 | INFO | Data Link Layer    | b'\x10\x18\x1a\x19\n\x17connected downlink mode'
2026-01-21 18:18:52 | INFO | Data Link Layer    | b'\x10\x18\x1a\x0c\n\nexit orbit'
2026-01-21 18:22:54 | INFO | Data Link Layer    | <coroutine object AudimusSessionLayer.process_tx at 0x000001D37238B220>
2026-01-21 18:22:54 | INFO | Data Link Layer    | <coroutine object GroundStationSessionLayer.process_tx at 0x00000250EC253AE0>
2026-01-21 18:22:55 | INFO | Data Link Layer    | <coroutine object GroundStationSessionLayer.process_tx at 0x00000250EC253BC0>
2026-01-21 18:22:57 | INFO | Data Link Layer    | <coroutine object GroundStationSessionLayer.process_tx at 0x00000250EC2534C0>
2026-01-21 18:24:01 | INFO | Data Link Layer    | <coroutine object AudimusSessionLayer.process_tx at 0x0000018656FAB220>
2026-01-21 18:24:01 | INFO | Data Link Layer    | <coroutine object GroundStationSessionLayer.process_tx at 0x000001C5A9263AE0>
2026-01-21 18:24:02 | INFO | Data Link Layer    | <coroutine object GroundStationSessionLayer.process_tx at 0x000001C5A9263BC0>
2026-01-21 18:24:04 | INFO | Data Link Layer    | <coroutine object GroundStationSessionLayer.process_tx at 0x000001C5A92634C0>
2026-01-21 18:24:05 | INFO | Data Link Layer    | <coroutine object GroundStationSessionLayer.process_tx at 0x000001C5A9284660>
2026-01-21 18:24:07 | INFO | Data Link Layer    | <coroutine object GroundStationSessionLayer.process_tx at 0x000001C5A9284820>
2026-01-21 18:24:32 | INFO | Data Link Layer    | <coroutine object AudimusSessionLayer.process_tx at 0x000002E1092BB220>
2026-01-21 18:24:32 | INFO | Data Link Layer    | <coroutine object GroundStationSessionLayer.process_tx at 0x0000018513377AC0>
2026-01-21 18:24:33 | INFO | Data Link Layer    | <coroutine object GroundStationSessionLayer.process_tx at 0x0000018513377100>
2026-01-21 18:24:35 | INFO | Data Link Layer    | <coroutine object GroundStationSessionLayer.process_tx at 0x000001851313AC20>
2026-01-21 18:24:36 | INFO | Data Link Layer    | <coroutine object GroundStationSessionLayer.process_tx at 0x0000018513377AC0>
2026-01-21 18:24:38 | INFO | Data Link Layer    | <coroutine object GroundStationSessionLayer.process_tx at 0x0000018513377D30>
2026-01-21 18:25:15 | INFO | Data Link Layer    | <coroutine object AudimusSessionLayer.process_tx at 0x0000020ED03DB220>
2026-01-21 18:25:15 | INFO | Data Link Layer    | b'\x10\x19\x1a\x16\n\x14burn x = 200 y = 200'
2026-01-21 18:25:16 | INFO | Data Link Layer    | b'\x10\x19\x1a\x12\n\x10send health data'
2026-01-21 18:25:18 | INFO | Data Link Layer    | b'\x10\x19\x1a\x16\n\x14burn x = 300 y = 400'
2026-01-21 18:25:19 | INFO | Data Link Layer    | b'\x10\x19\x1a\x12\n\x10send health data'
2026-01-21 18:25:21 | INFO | Data Link Layer    | b'\x10\x19\x1a\x0c\n\nexit orbit'
2026-01-21 18:26:41 | INFO | Data Link Layer    | b'\x10\x19\x1a\x16\n\x14burn x = 200 y = 200'
2026-01-21 18:26:42 | INFO | Data Link Layer    | b'\x10\x19\x1a\x12\n\x10send health data'
2026-01-21 18:26:42 | INFO | Data Link Layer    | b'\x10\x18\x1a\x12\n\x10send health data'
2026-01-21 18:26:43 | INFO | Data Link Layer    | b'\x10\x18\x1a\x17\n\x15connected uplink mode'
2026-01-21 18:26:44 | INFO | Data Link Layer    | b'\x10\x18\x1a\x16\n\x14burn x = 300 y = 400'
2026-01-21 18:26:44 | INFO | Data Link Layer    | b'\x10\x19\x1a\x16\n\x14burn x = 300 y = 400'
2026-01-21 18:26:45 | INFO | Data Link Layer    | b'\x10\x18\x1a\x12\n\x10send health data'
2026-01-21 18:26:45 | INFO | Data Link Layer    | b'\x10\x19\x1a\x12\n\x10send health data'
2026-01-21 18:26:46 | INFO | Data Link Layer    | b'\x10\x18\x1a\x19\n\x17connected downlink mode'
2026-01-21 18:26:47 | INFO | Data Link Layer    | b'\x10\x18\x1a\x0c\n\nexit orbit'
2026-01-21 18:26:47 | INFO | Data Link Layer    | b'\x10\x19\x1a\x0c\n\nexit orbit'
2026-02-05 08:41:35 | INFO | Data Link Layer    | b'\x10\x18\x1a\x16\n\x14burn x = 200 y = 200'
2026-02-05 08:41:36 | INFO | Data Link Layer    | b'\x10\x18\x1a\x12\n\x10send health data'
2026-02-05 08:41:37 | INFO | Data Link Layer    | b'\x10\x18\x1a\x17\n\x15connected uplink mode'
2026-02-05 08:41:38 | INFO | Data Link Layer    | b'\x10\x18\x1a\x16\n\x14burn x = 300 y = 400'
2026-02-05 08:41:39 | INFO | Data Link Layer    | b'\x10\x18\x1a\x12\n\x10send health data'
2026-02-05 08:41:40 | INFO | Data Link Layer    | b'\x10\x18\x1a\x19\n\x17connected downlink mode'
2026-02-05 08:41:41 | INFO | Data Link Layer    | b'\x10\x18\x1a\x0c\n\nexit orbit'
2026-02-05 08:42:21 | INFO | Data Link Layer    | b'\x10\x18\x1a\x16\n\x14burn x = 200 y = 200'
2026-02-05 08:42:22 | INFO | Data Link Layer    | b'\x10\x18\x1a\x12\n\x10send health data'
2026-02-05 08:42:23 | INFO | Data Link Layer    | b'\x10\x18\x1a\x17\n\x15connected uplink mode'
2026-02-05 08:42:24 | INFO | Data Link Layer    | b'\x10\x18\x1a\x16\n\x14burn x = 300 y = 400'
2026-02-05 08:42:25 | INFO | Data Link Layer    | b'\x10\x18\x1a\x12\n\x10send health data'
2026-02-05 08:42:26 | INFO | Data Link Layer    | b'\x10\x18\x1a\x19\n\x17connected downlink mode'
2026-02-05 08:42:27 | INFO | Data Link Layer    | b'\x10\x18\x1a\x0c\n\nexit orbit'
2026-02-05 08:47:52 | INFO | Data Link Layer    | b'\x10\x18\x1a\x16\n\x14burn x = 200 y = 200'
2026-02-05 08:47:53 | INFO | Data Link Layer    | b'\x10\x18\x1a\x12\n\x10send health data'
2026-02-05 08:47:54 | INFO | Data Link Layer    | b'\x10\x18\x1a\x17\n\x15connected uplink mode'
2026-02-05 08:47:55 | INFO | Data Link Layer    | b'\x10\x18\x1a\x16\n\x14burn x = 300 y = 400'
2026-02-05 08:47:56 | INFO | Data Link Layer    | b'\x10\x18\x1a\x12\n\x10send health data'
2026-02-05 08:47:57 | INFO | Data Link Layer    | b'\x10\x18\x1a\x19\n\x17connected downlink mode'
2026-02-05 08:47:58 | INFO | Data Link Layer    | b'\x10\x18\x1a\x0c\n\nexit orbit'
2026-02-05 08:48:10 | INFO | Data Link Layer    | b'\x10\x18\x1a\x16\n\x14burn x = 200 y = 200'
2026-02-05 08:48:11 | INFO | Data Link Layer    | b'\x10\x18\x1a\x12\n\x10send health data'
2026-02-05 08:48:12 | INFO | Data Link Layer    | b'\x10\x18\x1a\x17\n\x15connected uplink mode'
2026-02-05 08:48:13 | INFO | Data Link Layer    | b'\x10\x18\x1a\x16\n\x14burn x = 300 y = 400'
2026-02-05 08:48:15 | INFO | Data Link Layer    | b'\x10\x18\x1a\x12\n\x10send health data'
2026-02-05 08:48:16 | INFO | Data Link Layer    | b'\x10\x18\x1a\x19\n\x17connected downlink mode'
2026-02-05 08:48:17 | INFO | Data Link Layer    | b'\x10\x18\x1a\x0c\n\nexit orbit'
2026-02-05 08:50:30 | INFO | Data Link Layer    | b'\x10\x18\x1a\x16\n\x14burn x = 200 y = 200'
2026-02-05 08:50:31 | INFO | Data Link Layer    | b'\x10\x18\x1a\x12\n\x10send health data'
2026-02-05 08:50:32 | INFO | Data Link Layer    | b'\x10\x18\x1a\x17\n\x15connected uplink mode'
2026-02-05 08:50:33 | INFO | Data Link Layer    | b'\x10\x18\x1a\x16\n\x14burn x = 300 y = 400'
2026-02-05 08:50:34 | INFO | Data Link Layer    | b'\x10\x18\x1a\x12\n\x10send health data'
2026-02-05 08:50:35 | INFO | Data Link Layer    | b'\x10\x18\x1a\x19\n\x17connected downlink mode'
2026-02-05 08:50:36 | INFO | Data Link Layer    | b'\x10\x18\x1a\x0c\n\nexit orbit'
2026-02-05 08:51:19 | INFO | Data Link Layer    | b'\x10\x18\x1a\x16\n\x14burn x = 200 y = 200'
2026-02-05 08:51:20 | INFO | Data Link Layer    | b'\x10\x18\x1a\x12\n\x10send health data'
2026-02-05 08:51:21 | INFO | Data Link Layer    | b'\x10\x18\x1a\x17\n\x15connected uplink mode'
2026-02-05 08:51:22 | INFO | Data Link Layer    | b'\x10\x18\x1a\x16\n\x14burn x = 300 y = 400'
2026-02-05 08:51:23 | INFO | Data Link Layer    | b'\x10\x18\x1a\x12\n\x10send health data'
2026-02-05 08:51:24 | INFO | Data Link Layer    | b'\x10\x18\x1a\x19\n\x17connected downlink mode'
2026-02-05 08:51:25 | INFO | Data Link Layer    | b'\x10\x18\x1a\x0c\n\nexit orbit'
2026-02-05 08:52:24 | INFO | Data Link Layer    | b'\x10\x18\x1a\x16\n\x14burn x = 200 y = 200'
2026-02-05 08:52:25 | INFO | Data Link Layer    | b'\x10\x18\x1a\x12\n\x10send health data'
2026-02-05 08:52:26 | INFO | Data Link Layer    | b'\x10\x18\x1a\x17\n\x15connected uplink mode'
2026-02-05 08:52:27 | INFO | Data Link Layer    | b'\x10\x18\x1a\x16\n\x14burn x = 300 y = 400'
2026-02-05 08:52:28 | INFO | Data Link Layer    | b'\x10\x18\x1a\x12\n\x10send health data'
2026-02-05 08:52:29 | INFO | Data Link Layer    | b'\x10\x18\x1a\x19\n\x17connected downlink mode'
2026-02-05 08:52:30 | INFO | Data Link Layer    | b'\x10\x18\x1a\x0c\n\nexit orbit'
2026-02-05 08:52:58 | INFO | Data Link Layer    | b'\x10\x18\x1a\x16\n\x14burn x = 200 y = 200'
2026-02-05 08:52:59 | INFO | Data Link Layer    | b'\x10\x18\x1a\x12\n\x10send health data'
2026-02-05 08:53:00 | INFO | Data Link Layer    | b'\x10\x18\x1a\x17\n\x15connected uplink mode'
2026-02-05 08:53:01 | INFO | Data Link Layer    | b'\x10\x18\x1a\x16\n\x14burn x = 300 y = 400'
2026-02-05 08:53:02 | INFO | Data Link Layer    | b'\x10\x18\x1a\x12\n\x10send health data'
2026-02-05 08:53:03 | INFO | Data Link Layer    | b'\x10\x18\x1a\x19\n\x17connected downlink mode'
2026-02-05 08:53:04 | INFO | Data Link Layer    | b'\x10\x18\x1a\x0c\n\nexit orbit'
2026-02-05 08:53:28 | INFO | Data Link Layer    | b'\x10\x18\x1a\x16\n\x14burn x = 200 y = 200'
2026-02-05 08:53:29 | INFO | Data Link Layer    | b'\x10\x18\x1a\x12\n\x10send health data'
2026-02-05 08:53:31 | INFO | Data Link Layer    | b'\x10\x18\x1a\x17\n\x15connected uplink mode'
2026-02-05 08:53:32 | INFO | Data Link Layer    | b'\x10\x18\x1a\x16\n\x14burn x = 300 y = 400'
2026-02-05 08:53:33 | INFO | Data Link Layer    | b'\x10\x18\x1a\x12\n\x10send health data'
2026-02-05 08:54:20 | INFO | Data Link Layer    | b'\x10\x18\x1a\x16\n\x14burn x = 200 y = 200'
2026-02-05 08:54:21 | INFO | Data Link Layer    | b'\x10\x18\x1a\x12\n\x10send health data'
2026-02-05 08:54:22 | INFO | Data Link Layer    | b'\x10\x18\x1a\x17\n\x15connected uplink mode'
2026-02-05 08:54:23 | INFO | Data Link Layer    | b'\x10\x18\x1a\x16\n\x14burn x = 300 y = 400'
2026-02-05 08:54:24 | INFO | Data Link Layer    | b'\x10\x18\x1a\x12\n\x10send health data'
2026-02-05 08:54:25 | INFO | Data Link Layer    | b'\x10\x18\x1a\x19\n\x17connected downlink mode'
2026-02-05 08:54:26 | INFO | Data Link Layer    | b'\x10\x18\x1a\x0c\n\nexit orbit'
2026-02-05 08:55:10 | INFO | Data Link Layer    | b'\x10\x18\x1a\x16\n\x14burn x = 200 y = 200'
2026-02-05 08:55:11 | INFO | Data Link Layer    | b'\x10\x18\x1a\x12\n\x10send health data'
2026-02-05 08:55:12 | INFO | Data Link Layer    | b'\x10\x18\x1a\x17\n\x15connected uplink mode'
2026-02-05 08:55:13 | INFO | Data Link Layer    | b'\x10\x18\x1a\x16\n\x14burn x = 300 y = 400'
2026-02-05 08:55:14 | INFO | Data Link Layer    | b'\x10\x18\x1a\x12\n\x10send health data'
2026-02-05 08:55:15 | INFO | Data Link Layer    | b'\x10\x18\x1a\x19\n\x17connected downlink mode'
2026-02-05 11:02:38 | INFO | Data Link Layer    | b'\x10\x18\x1a\x16\n\x14burn x = 200 y = 200'
2026-02-05 11:02:39 | INFO | Data Link Layer    | b'\x10\x18\x1a\x12\n\x10send health data'
2026-02-05 11:02:40 | INFO | Data Link Layer    | b'\x10\x18\x1a\x17\n\x15connected uplink mode'
2026-02-05 11:02:41 | INFO | Data Link Layer    | b'\x10\x18\x1a\x16\n\x14burn x = 300 y = 400'
2026-02-05 11:02:42 | INFO | Data Link Layer    | b'\x10\x18\x1a\x12\n\x10send health data'
2026-02-05 11:02:43 | INFO | Data Link Layer    | b'\x10\x18\x1a\x19\n\x17connected downlink mode'
2026-02-05 11:02:44 | INFO | Data Link Layer    | b'\x10\x18\x1a\x0c\n\nexit orbit'
2026-02-05 11:05:56 | INFO | Data Link Layer    | TX: b'\x10\x18\x1a\x16\n\x14burn x = 200 y = 200'
2026-02-05 11:05:56 | INFO | Data Link Layer    | RX: b'\x10\x18\x1a\x16\n\x14burn x = 200 y = 200'
2026-02-05 11:05:57 | INFO | Data Link Layer    | TX: b'\x10\x18\x1a\x12\n\x10send health data'
2026-02-05 11:05:57 | INFO | Data Link Layer    | RX: b'\x10\x18\x1a\x12\n\x10send health data'
2026-02-05 11:05:58 | INFO | Data Link Layer    | TX: b'\x10\x18\x1a\x17\n\x15connected uplink mode'
2026-02-05 11:05:58 | INFO | Data Link Layer    | RX: b'\x10\x18\x1a\x17\n\x15connected uplink mode'
2026-02-05 11:05:59 | INFO | Data Link Layer    | TX: b'\x10\x18\x1a\x16\n\x14burn x = 300 y = 400'
2026-02-05 11:05:59 | INFO | Data Link Layer    | RX: b'\x10\x18\x1a\x16\n\x14burn x = 300 y = 400'
2026-02-05 11:06:00 | INFO | Data Link Layer    | TX: b'\x10\x18\x1a\x12\n\x10send health data'
2026-02-05 11:06:00 | INFO | Data Link Layer    | RX: b'\x10\x18\x1a\x12\n\x10send health data'
2026-02-05 11:06:01 | INFO | Data Link Layer    | TX: b'\x10\x18\x1a\x19\n\x17connected downlink mode'
2026-02-05 11:06:01 | INFO | Data Link Layer    | RX: b'\x10\x18\x1a\x19\n\x17connected downlink mode'
2026-02-05 11:06:02 | INFO | Data Link Layer    | TX: b'\x10\x18\x1a\x0c\n\nexit orbit'
2026-02-05 11:06:02 | INFO | Data Link Layer    | RX: b'\x10\x18\x1a\x0c\n\nexit orbit'
2026-02-05 11:06:59 | INFO | Data Link Layer    | TX: b'\x10\x18\x1a\x16\n\x14burn x = 200 y = 200'
2026-02-05 11:06:59 | INFO | Data Link Layer    | RX: b'\x10\x18\x1a\x16\n\x14burn x = 200 y = 200'
2026-02-05 11:07:00 | INFO | Data Link Layer    | TX: b'\x10\x18\x1a\x12\n\x10send health data'
2026-02-05 11:07:00 | INFO | Data Link Layer    | RX: b'\x10\x18\x1a\x12\n\x10send health data'
2026-02-05 11:07:01 | INFO | Data Link Layer    | TX: b'\x10\x18\x1a\x17\n\x15connected uplink mode'
2026-02-05 11:07:01 | INFO | Data Link Layer    | RX: b'\x10\x18\x1a\x17\n\x15connected uplink mode'
2026-02-05 11:07:02 | INFO | Data Link Layer    | TX: b'\x10\x18\x1a\x16\n\x14burn x = 300 y = 400'
2026-02-05 11:07:02 | INFO | Data Link Layer    | RX: b'\x10\x18\x1a\x16\n\x14burn x = 300 y = 400'
2026-02-05 11:07:03 | INFO | Data Link Layer    | TX: b'\x10\x18\x1a\x12\n\x10send health data'
2026-02-05 11:07:03 | INFO | Data Link Layer    | RX: b'\x10\x18\x1a\x12\n\x10send health data'
2026-02-05 11:07:04 | INFO | Data Link Layer    | TX: b'\x10\x18\x1a\x19\n\x17connected downlink mode'
2026-02-05 11:07:04 | INFO | Data Link Layer    | RX: b'\x10\x18\x1a\x19\n\x17connected downlink mode'
2026-02-05 11:07:05 | INFO | Data Link Layer    | TX: b'\x10\x18\x1a\x0c\n\nexit orbit'
2026-02-05 11:07:05 | INFO | Data Link Layer    | RX: b'\x10\x18\x1a\x0c\n\nexit orbit'
2026-02-05 11:19:01 | INFO | Data Link Layer    | TX: b'\x1a\x1a\x10\x18\x1a\x16\n\x14burn x = 200 y = 200'
2026-02-05 11:19:01 | INFO | Data Link Layer    | RX: b'\x1a\x1a\x10\x18\x1a\x16\n\x14burn x = 200 y = 200'
2026-02-05 11:19:02 | INFO | Data Link Layer    | TX: b'\x1a\x16\x10\x18\x1a\x12\n\x10send health data'
2026-02-05 11:19:02 | INFO | Data Link Layer    | RX: b'\x1a\x16\x10\x18\x1a\x12\n\x10send health data'
2026-02-05 11:19:03 | INFO | Data Link Layer    | TX: b'\x1a\x1b\x10\x18\x1a\x17\n\x15connected uplink mode'
2026-02-05 11:19:03 | INFO | Data Link Layer    | RX: b'\x1a\x1b\x10\x18\x1a\x17\n\x15connected uplink mode'
2026-02-05 11:19:04 | INFO | Data Link Layer    | TX: b'\x1a\x1a\x10\x18\x1a\x16\n\x14burn x = 300 y = 400'
2026-02-05 11:19:04 | INFO | Data Link Layer    | RX: b'\x1a\x1a\x10\x18\x1a\x16\n\x14burn x = 300 y = 400'
2026-02-05 11:19:05 | INFO | Data Link Layer    | TX: b'\x1a\x16\x10\x18\x1a\x12\n\x10send health data'
2026-02-05 11:19:05 | INFO | Data Link Layer    | RX: b'\x1a\x16\x10\x18\x1a\x12\n\x10send health data'
2026-02-05 11:19:06 | INFO | Data Link Layer    | TX: b'\x1a\x1d\x10\x18\x1a\x19\n\x17connected downlink mode'
2026-02-05 11:19:06 | INFO | Data Link Layer    | RX: b'\x1a\x1d\x10\x18\x1a\x19\n\x17connected downlink mode'
2026-02-05 11:19:07 | INFO | Data Link Layer    | TX: b'\x1a\x10\x10\x18\x1a\x0c\n\nexit orbit'
2026-02-05 11:19:07 | INFO | Data Link Layer    | RX: b'\x1a\x10\x10\x18\x1a\x0c\n\nexit orbit'
2026-02-05 11:19:54 | INFO | Data Link Layer    | TX: b'\x1a\x1a\x10\x18\x1a\x16\n\x14burn x = 200 y = 200'
2026-02-05 11:19:54 | INFO | Data Link Layer    | RX: b'\x1a\x1a\x10\x18\x1a\x16\n\x14burn x = 200 y = 200'
2026-02-05 11:19:55 | INFO | Data Link Layer    | TX: b'\x1a\x16\x10\x18\x1a\x12\n\x10send health data'
2026-02-05 11:19:55 | INFO | Data Link Layer    | RX: b'\x1a\x16\x10\x18\x1a\x12\n\x10send health data'
2026-02-05 11:19:56 | INFO | Data Link Layer    | TX: b'\x1a\x1b\x10\x18\x1a\x17\n\x15connected uplink mode'
2026-02-05 11:19:56 | INFO | Data Link Layer    | RX: b'\x1a\x1b\x10\x18\x1a\x17\n\x15connected uplink mode'
2026-02-05 11:19:57 | INFO | Data Link Layer    | TX: b'\x1a\x1a\x10\x18\x1a\x16\n\x14burn x = 300 y = 400'
2026-02-05 11:19:57 | INFO | Data Link Layer    | RX: b'\x1a\x1a\x10\x18\x1a\x16\n\x14burn x = 300 y = 400'
2026-02-05 11:19:58 | INFO | Data Link Layer    | TX: b'\x1a\x16\x10\x18\x1a\x12\n\x10send health data'
2026-02-05 11:19:58 | INFO | Data Link Layer    | RX: b'\x1a\x16\x10\x18\x1a\x12\n\x10send health data'
2026-02-05 11:20:00 | INFO | Data Link Layer    | TX: b'\x1a\x1d\x10\x18\x1a\x19\n\x17connected downlink mode'
2026-02-05 11:20:00 | INFO | Data Link Layer    | RX: b'\x1a\x1d\x10\x18\x1a\x19\n\x17connected downlink mode'
2026-02-05 11:20:01 | INFO | Data Link Layer    | TX: b'\x1a\x10\x10\x18\x1a\x0c\n\nexit orbit'
2026-02-05 11:20:01 | INFO | Data Link Layer    | RX: b'\x1a\x10\x10\x18\x1a\x0c\n\nexit orbit'
2026-02-05 11:20:10 | INFO | Data Link Layer    | TX: b'\x1a\x1a\x10\x18\x1a\x16\n\x14burn x = 200 y = 200'
2026-02-05 11:20:10 | INFO | Data Link Layer    | RX: b'\x1a\x1a\x10\x18\x1a\x16\n\x14burn x = 200 y = 200'
2026-02-05 11:20:11 | INFO | Data Link Layer    | TX: b'\x1a\x16\x10\x18\x1a\x12\n\x10send health data'
2026-02-05 11:20:11 | INFO | Data Link Layer    | RX: b'\x1a\x16\x10\x18\x1a\x12\n\x10send health data'
2026-02-05 11:20:12 | INFO | Data Link Layer    | TX: b'\x1a\x1b\x10\x18\x1a\x17\n\x15connected uplink mode'
2026-02-05 11:20:12 | INFO | Data Link Layer    | RX: b'\x1a\x1b\x10\x18\x1a\x17\n\x15connected uplink mode'
2026-02-05 11:20:13 | INFO | Data Link Layer    | TX: b'\x1a\x1a\x10\x18\x1a\x16\n\x14burn x = 300 y = 400'
2026-02-05 11:20:13 | INFO | Data Link Layer    | RX: b'\x1a\x1a\x10\x18\x1a\x16\n\x14burn x = 300 y = 400'
2026-02-05 11:20:14 | INFO | Data Link Layer    | TX: b'\x1a\x16\x10\x18\x1a\x12\n\x10send health data'
2026-02-05 11:20:14 | INFO | Data Link Layer    | RX: b'\x1a\x16\x10\x18\x1a\x12\n\x10send health data'
2026-02-05 11:20:15 | INFO | Data Link Layer    | TX: b'\x1a\x1d\x10\x18\x1a\x19\n\x17connected downlink mode'
2026-02-05 11:20:15 | INFO | Data Link Layer    | RX: b'\x1a\x1d\x10\x18\x1a\x19\n\x17connected downlink mode'
2026-02-05 11:20:16 | INFO | Data Link Layer    | TX: b'\x1a\x10\x10\x18\x1a\x0c\n\nexit orbit'
2026-02-05 11:20:16 | INFO | Data Link Layer    | RX: b'\x1a\x10\x10\x18\x1a\x0c\n\nexit orbit'
2026-02-06 19:22:37 | INFO | Data Link Layer    | TX: b'\x1a\x1a\x10\x18\x1a\x16\n\x14burn x = 200 y = 200'
2026-02-06 19:22:37 | INFO | Data Link Layer    | RX: b'\x1a\x1a\x10\x18\x1a\x16\n\x14burn x = 200 y = 200'
2026-02-06 19:22:38 | INFO | Data Link Layer    | TX: b'\x10\x01\x1a\x16\x10\x18\x1a\x12\n\x10send health data'
2026-02-06 19:22:38 | INFO | Data Link Layer    | RX: b'\x10\x01\x1a\x16\x10\x18\x1a\x12\n\x10send health data'
2026-02-06 19:22:39 | INFO | Data Link Layer    | TX: b'\x10\x02\x1a\x1b\x10\x18\x1a\x17\n\x15connected uplink mode'
2026-02-06 19:22:39 | INFO | Data Link Layer    | RX: b'\x10\x02\x1a\x1b\x10\x18\x1a\x17\n\x15connected uplink mode'
2026-02-06 19:22:40 | INFO | Data Link Layer    | TX: b'\x10\x03\x1a\x1a\x10\x18\x1a\x16\n\x14burn x = 300 y = 400'
2026-02-06 19:22:40 | INFO | Data Link Layer    | RX: b'\x10\x03\x1a\x1a\x10\x18\x1a\x16\n\x14burn x = 300 y = 400'
2026-02-06 19:22:41 | INFO | Data Link Layer    | TX: b'\x10\x04\x1a\x16\x10\x18\x1a\x12\n\x10send health data'
2026-02-06 19:22:41 | INFO | Data Link Layer    | RX: b'\x10\x04\x1a\x16\x10\x18\x1a\x12\n\x10send health data'
2026-02-06 19:22:42 | INFO | Data Link Layer    | TX: b'\x10\x05\x1a\x1d\x10\x18\x1a\x19\n\x17connected downlink mode'
2026-02-06 19:22:42 | INFO | Data Link Layer    | RX: b'\x10\x05\x1a\x1d\x10\x18\x1a\x19\n\x17connected downlink mode'
2026-02-06 19:22:43 | INFO | Data Link Layer    | TX: b'\x10\x06\x1a\x10\x10\x18\x1a\x0c\n\nexit orbit'
2026-02-06 19:22:43 | INFO | Data Link Layer    | RX: b'\x10\x06\x1a\x10\x10\x18\x1a\x0c\n\nexit orbit'
2026-02-06 19:26:55 | INFO | Data Link Layer    | TX: b'\x1a\x1a\x10\x18\x1a\x16\n\x14burn x = 200 y = 200'
2026-02-06 19:26:55 | INFO | Data Link Layer    | RX: b'\x1a\x1a\x10\x18\x1a\x16\n\x14burn x = 200 y = 200'
2026-02-06 19:26:56 | INFO | Data Link Layer    | TX: b'\x10\x01\x1a\x16\x10\x18\x1a\x12\n\x10send health data'
2026-02-06 19:26:56 | INFO | Data Link Layer    | RX: b'\x10\x01\x1a\x16\x10\x18\x1a\x12\n\x10send health data'
2026-02-06 19:26:57 | INFO | Data Link Layer    | TX: b'\x10\x02\x1a\x1b\x10\x18\x1a\x17\n\x15connected uplink mode'
2026-02-06 19:26:57 | INFO | Data Link Layer    | RX: b'\x10\x02\x1a\x1b\x10\x18\x1a\x17\n\x15connected uplink mode'
2026-02-06 19:26:58 | INFO | Data Link Layer    | TX: b'\x10\x03\x1a\x1a\x10\x18\x1a\x16\n\x14burn x = 300 y = 400'
2026-02-06 19:26:58 | INFO | Data Link Layer    | RX: b'\x10\x03\x1a\x1a\x10\x18\x1a\x16\n\x14burn x = 300 y = 400'
2026-02-06 19:26:59 | INFO | Data Link Layer    | TX: b'\x10\x04\x1a\x16\x10\x18\x1a\x12\n\x10send health data'
2026-02-06 19:26:59 | INFO | Data Link Layer    | RX: b'\x10\x04\x1a\x16\x10\x18\x1a\x12\n\x10send health data'
2026-02-06 19:27:00 | INFO | Data Link Layer    | TX: b'\x10\x05\x1a\x1d\x10\x18\x1a\x19\n\x17connected downlink mode'
2026-02-06 19:27:00 | INFO | Data Link Layer    | RX: b'\x10\x05\x1a\x1d\x10\x18\x1a\x19\n\x17connected downlink mode'
2026-02-06 19:27:01 | INFO | Data Link Layer    | TX: b'\x10\x06\x1a\x10\x10\x18\x1a\x0c\n\nexit orbit'
2026-02-06 19:27:01 | INFO | Data Link Layer    | RX: b'\x10\x06\x1a\x10\x10\x18\x1a\x0c\n\nexit orbit'
2026-02-06 19:28:21 | INFO | Data Link Layer    | TX: b'\x1a\x1a\x10\x18\x1a\x16\n\x14burn x = 200 y = 200'
2026-02-06 19:28:21 | INFO | Data Link Layer    | RX: b'\x1a\x1a\x10\x18\x1a\x16\n\x14burn x = 200 y = 200'
2026-02-06 19:28:22 | INFO | Data Link Layer    | TX: b'\x10\x01\x1a\x16\x10\x18\x1a\x12\n\x10send health data'
2026-02-06 19:28:22 | INFO | Data Link Layer    | RX: b'\x10\x01\x1a\x16\x10\x18\x1a\x12\n\x10send health data'
2026-02-06 19:28:23 | INFO | Data Link Layer    | TX: b'\x10\x02\x1a\x1b\x10\x18\x1a\x17\n\x15connected uplink mode'
2026-02-06 19:28:23 | INFO | Data Link Layer    | RX: b'\x10\x02\x1a\x1b\x10\x18\x1a\x17\n\x15connected uplink mode'
2026-02-06 19:28:24 | INFO | Data Link Layer    | TX: b'\x10\x03\x1a\x1a\x10\x18\x1a\x16\n\x14burn x = 300 y = 400'
2026-02-06 19:28:24 | INFO | Data Link Layer    | RX: b'\x10\x03\x1a\x1a\x10\x18\x1a\x16\n\x14burn x = 300 y = 400'
2026-02-06 19:28:25 | INFO | Data Link Layer    | TX: b'\x10\x04\x1a\x16\x10\x18\x1a\x12\n\x10send health data'
2026-02-06 19:28:25 | INFO | Data Link Layer    | RX: b'\x10\x04\x1a\x16\x10\x18\x1a\x12\n\x10send health data'
2026-02-06 19:28:26 | INFO | Data Link Layer    | TX: b'\x10\x05\x1a\x1d\x10\x18\x1a\x19\n\x17connected downlink mode'
2026-02-06 19:28:26 | INFO | Data Link Layer    | RX: b'\x10\x05\x1a\x1d\x10\x18\x1a\x19\n\x17connected downlink mode'
2026-02-06 19:28:27 | INFO | Data Link Layer    | TX: b'\x10\x06\x1a\x10\x10\x18\x1a\x0c\n\nexit orbit'
2026-02-06 19:28:27 | INFO | Data Link Layer    | RX: b'\x10\x06\x1a\x10\x10\x18\x1a\x0c\n\nexit orbit'
2026-02-06 19:34:33 | INFO | Data Link Layer    | TX: b'\x1a\x1a\x10\x18\x1a\x16\n\x14burn x = 200 y = 200'
2026-02-06 19:34:33 | INFO | Data Link Layer    | RX: b'\x1a\x1a\x10\x18\x1a\x16\n\x14burn x = 200 y = 200'
2026-02-06 19:34:34 | INFO | Data Link Layer    | TX: b'\x10\x01\x1a\x16\x10\x18\x1a\x12\n\x10send health data'
2026-02-06 19:34:34 | INFO | Data Link Layer    | RX: b'\x10\x01\x1a\x16\x10\x18\x1a\x12\n\x10send health data'
2026-02-06 19:34:35 | INFO | Data Link Layer    | TX: b'\x10\x02\x1a\x1b\x10\x18\x1a\x17\n\x15connected uplink mode'
2026-02-06 19:34:35 | INFO | Data Link Layer    | RX: b'\x10\x02\x1a\x1b\x10\x18\x1a\x17\n\x15connected uplink mode'
2026-02-06 19:34:36 | INFO | Data Link Layer    | TX: b'\x10\x03\x1a\x1a\x10\x18\x1a\x16\n\x14burn x = 300 y = 400'
2026-02-06 19:34:36 | INFO | Data Link Layer    | RX: b'\x10\x03\x1a\x1a\x10\x18\x1a\x16\n\x14burn x = 300 y = 400'
2026-02-06 19:34:37 | INFO | Data Link Layer    | TX: b'\x10\x04\x1a\x16\x10\x18\x1a\x12\n\x10send health data'
2026-02-06 19:34:37 | INFO | Data Link Layer    | RX: b'\x10\x04\x1a\x16\x10\x18\x1a\x12\n\x10send health data'
2026-02-06 19:34:38 | INFO | Data Link Layer    | TX: b'\x10\x05\x1a\x1d\x10\x18\x1a\x19\n\x17connected downlink mode'
2026-02-06 19:34:38 | INFO | Data Link Layer    | RX: b'\x10\x05\x1a\x1d\x10\x18\x1a\x19\n\x17connected downlink mode'
2026-02-06 19:34:39 | INFO | Data Link Layer    | TX: b'\x10\x06\x1a\x10\x10\x18\x1a\x0c\n\nexit orbit'
2026-02-06 19:34:39 | INFO | Data Link Layer    | RX: b'\x10\x06\x1a\x10\x10\x18\x1a\x0c\n\nexit orbit'
2026-02-06 22:51:32 | INFO | Data Link Layer    | TX: b'\x1a\x1a\x10\x18\x1a\x16\n\x14burn x = 200 y = 200'
2026-02-06 22:51:32 | INFO | Data Link Layer    | RX: b'\x1a\x1a\x10\x18\x1a\x16\n\x14burn x = 200 y = 200'
2026-02-06 22:51:33 | INFO | Data Link Layer    | TX: b'\x10\x01\x1a\x16\x10\x18\x1a\x12\n\x10send health data'
2026-02-06 22:51:33 | INFO | Data Link Layer    | RX: b'\x10\x01\x1a\x16\x10\x18\x1a\x12\n\x10send health data'
2026-02-06 22:51:34 | INFO | Data Link Layer    | TX: b'\x10\x02\x1a\x1b\x10\x18\x1a\x17\n\x15connected uplink mode'
2026-02-06 22:51:34 | INFO | Data Link Layer    | RX: b'\x10\x02\x1a\x1b\x10\x18\x1a\x17\n\x15connected uplink mode'
2026-02-06 22:51:35 | INFO | Data Link Layer    | TX: b'\x10\x03\x1a\x1a\x10\x18\x1a\x16\n\x14burn x = 300 y = 400'
2026-02-06 22:51:35 | INFO | Data Link Layer    | RX: b'\x10\x03\x1a\x1a\x10\x18\x1a\x16\n\x14burn x = 300 y = 400'
2026-02-06 22:51:36 | INFO | Data Link Layer    | TX: b'\x10\x04\x1a\x16\x10\x18\x1a\x12\n\x10send health data'
2026-02-06 22:51:36 | INFO | Data Link Layer    | RX: b'\x10\x04\x1a\x16\x10\x18\x1a\x12\n\x10send health data'
2026-02-06 22:51:37 | INFO | Data Link Layer    | TX: b'\x10\x05\x1a\x1d\x10\x18\x1a\x19\n\x17connected downlink mode'
2026-02-06 22:51:37 | INFO | Data Link Layer    | RX: b'\x10\x05\x1a\x1d\x10\x18\x1a\x19\n\x17connected downlink mode'
2026-02-06 22:51:38 | INFO | Data Link Layer    | TX: b'\x10\x06\x1a\x10\x10\x18\x1a\x0c\n\nexit orbit'
2026-02-06 22:51:38 | INFO | Data Link Layer    | RX: b'\x10\x06\x1a\x10\x10\x18\x1a\x0c\n\nexit orbit'
2026-02-06 22:58:53 | INFO | Data Link Layer    | TX: b'\x1a\x1a\x10\x18\x1a\x16\n\x14burn x = 200 y = 200'
2026-02-06 22:58:54 | INFO | Data Link Layer    | TX: b'\x10\x01\x1a\x16\x10\x18\x1a\x12\n\x10send health data'
2026-02-06 22:58:55 | INFO | Data Link Layer    | TX: b'\x10\x02\x1a\x1b\x10\x18\x1a\x17\n\x15connected uplink mode'
2026-02-06 22:58:56 | INFO | Data Link Layer    | TX: b'\x10\x03\x1a\x1a\x10\x18\x1a\x16\n\x14burn x = 300 y = 400'
2026-02-06 22:58:57 | INFO | Data Link Layer    | TX: b'\x10\x04\x1a\x16\x10\x18\x1a\x12\n\x10send health data'
2026-02-06 22:58:59 | INFO | Data Link Layer    | TX: b'\x10\x05\x1a\x1d\x10\x18\x1a\x19\n\x17connected downlink mode'
2026-02-06 22:59:00 | INFO | Data Link Layer    | TX: b'\x10\x06\x1a\x10\x10\x18\x1a\x0c\n\nexit orbit'
2026-02-06 22:59:31 | INFO | Data Link Layer    | TX: b'\x1a\x1a\x10\x18\x1a\x16\n\x14burn x = 200 y = 200'
2026-02-06 22:59:31 | INFO | Data Link Layer    | RX: b'\x1a\x1a\x10\x18\x1a\x16\n\x14burn x = 200 y = 200'
2026-02-06 22:59:32 | INFO | Data Link Layer    | TX: b'\x10\x01\x1a\x16\x10\x18\x1a\x12\n\x10send health data'
2026-02-06 22:59:32 | INFO | Data Link Layer    | RX: b'\x10\x01\x1a\x16\x10\x18\x1a\x12\n\x10send health data'
2026-02-06 22:59:33 | INFO | Data Link Layer    | TX: b'\x10\x02\x1a\x1b\x10\x18\x1a\x17\n\x15connected uplink mode'
2026-02-06 22:59:33 | INFO | Data Link Layer    | RX: b'\x10\x02\x1a\x1b\x10\x18\x1a\x17\n\x15connected uplink mode'
2026-02-06 22:59:34 | INFO | Data Link Layer    | TX: b'\x10\x03\x1a\x1a\x10\x18\x1a\x16\n\x14burn x = 300 y = 400'
2026-02-06 22:59:34 | INFO | Data Link Layer    | RX: b'\x10\x03\x1a\x1a\x10\x18\x1a\x16\n\x14burn x = 300 y = 400'
2026-02-06 22:59:35 | INFO | Data Link Layer    | TX: b'\x10\x04\x1a\x16\x10\x18\x1a\x12\n\x10send health data'
2026-02-06 22:59:35 | INFO | Data Link Layer    | RX: b'\x10\x04\x1a\x16\x10\x18\x1a\x12\n\x10send health data'
2026-02-06 22:59:36 | INFO | Data Link Layer    | TX: b'\x10\x05\x1a\x1d\x10\x18\x1a\x19\n\x17connected downlink mode'
2026-02-06 22:59:36 | INFO | Data Link Layer    | RX: b'\x10\x05\x1a\x1d\x10\x18\x1a\x19\n\x17connected downlink mode'
2026-02-06 22:59:37 | INFO | Data Link Layer    | TX: b'\x10\x06\x1a\x10\x10\x18\x1a\x0c\n\nexit orbit'
2026-02-06 22:59:37 | INFO | Data Link Layer    | RX: b'\x10\x06\x1a\x10\x10\x18\x1a\x0c\n\nexit orbit'
2026-02-06 23:06:09 | INFO | Data Link Layer    | TX: b'\x1a\x1a\x10\x18\x1a\x16\n\x14burn x = 200 y = 200'
2026-02-06 23:06:09 | INFO | Data Link Layer    | RX: b'\x1a\x1a\x10\x18\x1a\x16\n\x14burn x = 200 y = 200'
2026-02-06 23:06:10 | INFO | Data Link Layer    | TX: b'\x10\x01\x1a\x16\x10\x18\x1a\x12\n\x10send health data'
2026-02-06 23:06:10 | INFO | Data Link Layer    | RX: b'\x10\x01\x1a\x16\x10\x18\x1a\x12\n\x10send health data'
2026-02-06 23:06:11 | INFO | Data Link Layer    | TX: b'\x10\x02\x1a\x1b\x10\x18\x1a\x17\n\x15connected uplink mode'
2026-02-06 23:06:11 | INFO | Data Link Layer    | RX: b'\x10\x02\x1a\x1b\x10\x18\x1a\x17\n\x15connected uplink mode'
2026-02-06 23:06:12 | INFO | Data Link Layer    | TX: b'\x10\x03\x1a\x1a\x10\x18\x1a\x16\n\x14burn x = 300 y = 400'
2026-02-06 23:06:13 | INFO | Data Link Layer    | TX: b'\x10\x04\x1a\x16\x10\x18\x1a\x12\n\x10send health data'
2026-02-06 23:06:14 | INFO | Data Link Layer    | TX: b'\x10\x05\x1a\x1d\x10\x18\x1a\x19\n\x17connected downlink mode'
2026-02-06 23:06:15 | INFO | Data Link Layer    | TX: b'\x10\x06\x1a\x10\x10\x18\x1a\x0c\n\nexit orbit'
2026-02-06 23:06:30 | INFO | Data Link Layer    | TX: b'\x1a\x1a\x10\x18\x1a\x16\n\x14burn x = 200 y = 200'
2026-02-06 23:06:30 | INFO | Data Link Layer    | RX: b'\x1a\x1a\x10\x18\x1a\x16\n\x14burn x = 200 y = 200'
2026-02-06 23:06:31 | INFO | Data Link Layer    | TX: b'\x10\x01\x1a\x16\x10\x18\x1a\x12\n\x10send health data'
2026-02-06 23:06:31 | INFO | Data Link Layer    | RX: b'\x10\x01\x1a\x16\x10\x18\x1a\x12\n\x10send health data'
2026-02-06 23:06:32 | INFO | Data Link Layer    | TX: b'\x10\x02\x1a\x1b\x10\x18\x1a\x17\n\x15connected uplink mode'
2026-02-06 23:06:33 | INFO | Data Link Layer    | TX: b'\x10\x03\x1a\x1a\x10\x18\x1a\x16\n\x14burn x = 300 y = 400'
2026-02-06 23:06:34 | INFO | Data Link Layer    | TX: b'\x10\x04\x1a\x16\x10\x18\x1a\x12\n\x10send health data'
2026-02-06 23:06:35 | INFO | Data Link Layer    | TX: b'\x10\x05\x1a\x1d\x10\x18\x1a\x19\n\x17connected downlink mode'
2026-02-06 23:06:36 | INFO | Data Link Layer    | TX: b'\x10\x06\x1a\x10\x10\x18\x1a\x0c\n\nexit orbit'
2026-02-06 23:06:45 | INFO | Data Link Layer    | TX: b'\x1a\x1a\x10\x18\x1a\x16\n\x14burn x = 200 y = 200'
2026-02-06 23:06:46 | INFO | Data Link Layer    | TX: b'\x10\x01\x1a\x16\x10\x18\x1a\x12\n\x10send health data'
2026-02-06 23:06:46 | INFO | Data Link Layer    | RX: b'\x10\x01\x1a\x16\x10\x18\x1a\x12\n\x10send health data'
2026-02-06 23:06:47 | INFO | Data Link Layer    | TX: b'\x10\x02\x1a\x1b\x10\x18\x1a\x17\n\x15connected uplink mode'
2026-02-06 23:06:47 | INFO | Data Link Layer    | RX: b'\x10\x02\x1a\x1b\x10\x18\x1a\x17\n\x15connected uplink mode'
2026-02-06 23:06:48 | INFO | Data Link Layer    | TX: b'\x10\x03\x1a\x1a\x10\x18\x1a\x16\n\x14burn x = 300 y = 400'
2026-02-06 23:06:49 | INFO | Data Link Layer    | TX: b'\x10\x04\x1a\x16\x10\x18\x1a\x12\n\x10send health data'
2026-02-06 23:06:50 | INFO | Data Link Layer    | TX: b'\x10\x05\x1a\x1d\x10\x18\x1a\x19\n\x17connected downlink mode'
2026-02-06 23:06:50 | INFO | Data Link Layer    | RX: b'\x10\x05\x1a\x1d\x10\x18\x1a\x19\n\x17connected downlink mode'
2026-02-06 23:06:51 | INFO | Data Link Layer    | TX: b'\x10\x06\x1a\x10\x10\x18\x1a\x0c\n\nexit orbit'
2026-02-06 23:08:15 | INFO | Data Link Layer    | TX: b'\x1a\x1a\x10\x18\x1a\x16\n\x14burn x = 200 y = 200'
2026-02-06 23:08:15 | INFO | Data Link Layer    | RX: b'\x1a\x1a\x10\x18\x1a\x16\n\x14burn x = 200 y = 200'
2026-02-06 23:08:16 | INFO | Data Link Layer    | TX: b'\x10\x01\x1a\x16\x10\x18\x1a\x12\n\x10send health data'
2026-02-06 23:08:16 | INFO | Data Link Layer    | RX: b'\x10\x01\x1a\x16\x10\x18\x1a\x12\n\x10send health data'
2026-02-06 23:08:17 | INFO | Data Link Layer    | TX: b'\x10\x02\x1a\x1b\x10\x18\x1a\x17\n\x15connected uplink mode'
2026-02-06 23:08:18 | INFO | Data Link Layer    | TX: b'\x10\x03\x1a\x1a\x10\x18\x1a\x16\n\x14burn x = 300 y = 400'
2026-02-06 23:08:19 | INFO | Data Link Layer    | TX: b'\x10\x04\x1a\x16\x10\x18\x1a\x12\n\x10send health data'
2026-02-06 23:08:19 | INFO | Data Link Layer    | RX: b'\x10\x04\x1a\x16\x10\x18\x1a\x12\n\x10send health data'
2026-02-06 23:08:20 | INFO | Data Link Layer    | TX: b'\x10\x05\x1a\x1d\x10\x18\x1a\x19\n\x17connected downlink mode'
2026-02-06 23:08:21 | INFO | Data Link Layer    | TX: b'\x10\x06\x1a\x10\x10\x18\x1a\x0c\n\nexit orbit'
2026-02-06 23:08:21 | INFO | Data Link Layer    | RX: b'\x10\x06\x1a\x10\x10\x18\x1a\x0c\n\nexit orbit'
2026-02-06 23:11:34 | INFO | Data Link Layer    | TX: b'\x1a\x1a\x10\x18\x1a\x16\n\x14burn x = 200 y = 200'
2026-02-06 23:11:35 | INFO | Data Link Layer    | TX: b'\x10\x01\x1a\x16\x10\x18\x1a\x12\n\x10send health data'
2026-02-06 23:11:35 | INFO | Data Link Layer    | RX: b'\x10\x01\x1a\x16\x10\x18\x1a\x12\n\x10send health data'
2026-02-06 23:11:36 | INFO | Data Link Layer    | TX: b'\x10\x02\x1a\x1b\x10\x18\x1a\x17\n\x15connected uplink mode'
2026-02-06 23:11:37 | INFO | Data Link Layer    | TX: b'\x10\x03\x1a\x1a\x10\x18\x1a\x16\n\x14burn x = 300 y = 400'
2026-02-06 23:11:38 | INFO | Data Link Layer    | TX: b'\x10\x04\x1a\x16\x10\x18\x1a\x12\n\x10send health data'
2026-02-06 23:11:38 | INFO | Data Link Layer    | RX: b'\x10\x04\x1a\x16\x10\x18\x1a\x12\n\x10send health data'
2026-02-06 23:11:39 | INFO | Data Link Layer    | TX: b'\x10\x05\x1a\x1d\x10\x18\x1a\x19\n\x17connected downlink mode'
2026-02-06 23:11:39 | INFO | Data Link Layer    | RX: b'\x10\x05\x1a\x1d\x10\x18\x1a\x19\n\x17connected downlink mode'
2026-02-06 23:11:40 | INFO | Data Link Layer    | TX: b'\x10\x06\x1a\x10\x10\x18\x1a\x0c\n\nexit orbit'
2026-02-06 23:11:40 | INFO | Data Link Layer    | RX: b'\x10\x06\x1a\x10\x10\x18\x1a\x0c\n\nexit orbit'
2026-02-06 23:17:14 | INFO | Data Link Layer    | TX: b'\x1a\x1a\x10\x18\x1a\x16\n\x14burn x = 200 y = 200'
2026-02-06 23:17:15 | INFO | Data Link Layer    | TX: b'\x10\x01\x1a\x16\x10\x18\x1a\x12\n\x10send health data'
2026-02-06 23:17:15 | INFO | Data Link Layer    | RX: b'\x10\x01\x1a\x16\x10\x18\x1a\x12\n\x10send health data'
2026-02-06 23:17:16 | INFO | Data Link Layer    | TX: b'\x10\x02\x1a\x1b\x10\x18\x1a\x17\n\x15connected uplink mode'
2026-02-06 23:17:17 | INFO | Data Link Layer    | TX: b'\x10\x03\x1a\x1a\x10\x18\x1a\x16\n\x14burn x = 300 y = 400'
2026-02-06 23:17:17 | INFO | Data Link Layer    | RX: b'\x10\x03\x1a\x1a\x10\x18\x1a\x16\n\x14burn x = 300 y = 400'
2026-02-06 23:17:18 | INFO | Data Link Layer    | TX: b'\x10\x04\x1a\x16\x10\x18\x1a\x12\n\x10send health data'
2026-02-06 23:17:18 | INFO | Data Link Layer    | RX: b'\x10\x04\x1a\x16\x10\x18\x1a\x12\n\x10send health data'
2026-02-06 23:17:19 | INFO | Data Link Layer    | TX: b'\x10\x05\x1a\x1d\x10\x18\x1a\x19\n\x17connected downlink mode'
2026-02-06 23:17:20 | INFO | Data Link Layer    | TX: b'\x10\x06\x1a\x10\x10\x18\x1a\x0c\n\nexit orbit'
2026-02-06 23:17:31 | INFO | Data Link Layer    | TX: b'\x1a\x1a\x10\x18\x1a\x16\n\x14burn x = 200 y = 200'
2026-02-06 23:17:31 | INFO | Data Link Layer    | RX: b'\x1a\x1a\x10\x18\x1a\x16\n\x14burn x = 200 y = 200'
2026-02-06 23:17:32 | INFO | Data Link Layer    | TX: b'\x10\x01\x1a\x16\x10\x18\x1a\x12\n\x10send health data'
2026-02-06 23:17:32 | INFO | Data Link Layer    | RX: b'\x10\x01\x1a\x16\x10\x18\x1a\x12\n\x10send health data'
2026-02-06 23:17:33 | INFO | Data Link Layer    | TX: b'\x10\x02\x1a\x1b\x10\x18\x1a\x17\n\x15connected uplink mode'
2026-02-06 23:17:33 | INFO | Data Link Layer    | RX: b'\x10\x02\x1a\x1b\x10\x18\x1a\x17\n\x15connected uplink mode'
2026-02-06 23:17:34 | INFO | Data Link Layer    | TX: b'\x10\x03\x1a\x1a\x10\x18\x1a\x16\n\x14burn x = 300 y = 400'
2026-02-06 23:17:35 | INFO | Data Link Layer    | TX: b'\x10\x04\x1a\x16\x10\x18\x1a\x12\n\x10send health data'
2026-02-06 23:17:36 | INFO | Data Link Layer    | TX: b'\x10\x05\x1a\x1d\x10\x18\x1a\x19\n\x17connected downlink mode'
2026-02-06 23:17:37 | INFO | Data Link Layer    | TX: b'\x10\x06\x1a\x10\x10\x18\x1a\x0c\n\nexit orbit'
2026-02-06 23:22:51 | INFO | Data Link Layer    | TX: b'\x1a\x1a\x10\x18\x1a\x16\n\x14burn x = 200 y = 200'
2026-02-06 23:22:52 | INFO | Data Link Layer    | TX: b'\x10\x01\x1a\x16\x10\x18\x1a\x12\n\x10send health data'
2026-02-06 23:22:52 | INFO | Data Link Layer    | RX: b'\x10\x01\x1a\x16\x10\x18\x1a\x12\n\x10send health data'
2026-02-06 23:22:53 | INFO | Data Link Layer    | TX: b'\x10\x02\x1a\x1b\x10\x18\x1a\x17\n\x15connected uplink mode'
2026-02-06 23:22:54 | INFO | Data Link Layer    | TX: b'\x10\x03\x1a\x1a\x10\x18\x1a\x16\n\x14burn x = 300 y = 400'
2026-02-06 23:22:54 | INFO | Data Link Layer    | RX: b'\x10\x03\x1a\x1a\x10\x18\x1a\x16\n\x14burn x = 300 y = 400'
2026-02-06 23:22:55 | INFO | Data Link Layer    | TX: b'\x10\x04\x1a\x16\x10\x18\x1a\x12\n\x10send health data'
2026-02-06 23:22:56 | INFO | Data Link Layer    | TX: b'\x10\x05\x1a\x1d\x10\x18\x1a\x19\n\x17connected downlink mode'
2026-02-06 23:22:56 | INFO | Data Link Layer    | RX: b'\x10\x05\x1a\x1d\x10\x18\x1a\x19\n\x17connected downlink mode'
2026-02-06 23:22:57 | INFO | Data Link Layer    | TX: b'\x10\x06\x1a\x10\x10\x18\x1a\x0c\n\nexit orbit'
2026-02-06 23:22:57 | INFO | Data Link Layer    | RX: b'\x10\x06\x1a\x10\x10\x18\x1a\x0c\n\nexit orbit'
2026-02-06 23:31:20 | INFO | Data Link Layer    | TX: b'\x1a\x1a\x10\x18\x1a\x16\n\x14burn x = 200 y = 200'
2026-02-06 23:31:20 | INFO | Data Link Layer    | RX: b'\x1a\x1a\x10\x18\x1a\x16\n\x14burn x = 200 y = 200'
2026-02-06 23:31:21 | INFO | Data Link Layer    | TX: b'\x10\x01\x1a\x16\x10\x18\x1a\x12\n\x10send health data'
2026-02-06 23:31:21 | INFO | Data Link Layer    | RX: b'\x10\x01\x1a\x16\x10\x18\x1a\x12\n\x10send health data'
2026-02-06 23:31:22 | INFO | Data Link Layer    | TX: b'\x10\x02\x1a\x1b\x10\x18\x1a\x17\n\x15connected uplink mode'
2026-02-06 23:31:23 | INFO | Data Link Layer    | TX: b'\x10\x03\x1a\x1a\x10\x18\x1a\x16\n\x14burn x = 300 y = 400'
2026-02-06 23:31:24 | INFO | Data Link Layer    | TX: b'\x10\x04\x1a\x16\x10\x18\x1a\x12\n\x10send health data'
2026-02-06 23:31:24 | INFO | Data Link Layer    | RX: b'\x10\x04\x1a\x16\x10\x18\x1a\x12\n\x10send health data'
2026-02-06 23:31:25 | INFO | Data Link Layer    | TX: b'\x10\x05\x1a\x1d\x10\x18\x1a\x19\n\x17connected downlink mode'
2026-02-06 23:31:26 | INFO | Data Link Layer    | TX: b'\x10\x06\x1a\x10\x10\x18\x1a\x0c\n\nexit orbit'
2026-02-07 09:56:08 | INFO | Data Link Layer    | TX: b'\x1a\x1a\x10\x18\x1a\x16\n\x14burn x = 200 y = 200'
2026-02-07 09:56:08 | INFO | Data Link Layer    | RX: b'\x1a\x1a\x10\x18\x1a\x16\n\x14burn x = 200 y = 200'
2026-02-07 09:56:09 | INFO | Data Link Layer    | TX: b'\x10\x01\x1a\x16\x10\x18\x1a\x12\n\x10send health data'
2026-02-07 09:56:09 | INFO | Data Link Layer    | RX: b'\x10\x01\x1a\x16\x10\x18\x1a\x12\n\x10send health data'
2026-02-07 09:56:10 | INFO | Data Link Layer    | TX: b'\x10\x02\x1a\x1b\x10\x18\x1a\x17\n\x15connected uplink mode'
2026-02-07 09:56:11 | INFO | Data Link Layer    | TX: b'\x10\x03\x1a\x1a\x10\x18\x1a\x16\n\x14burn x = 300 y = 400'
2026-02-07 09:56:12 | INFO | Data Link Layer    | TX: b'\x10\x04\x1a\x16\x10\x18\x1a\x12\n\x10send health data'
2026-02-07 09:56:13 | INFO | Data Link Layer    | TX: b'\x10\x05\x1a\x1d\x10\x18\x1a\x19\n\x17connected downlink mode'
2026-02-07 09:56:14 | INFO | Data Link Layer    | TX: b'\x10\x06\x1a\x10\x10\x18\x1a\x0c\n\nexit orbit'
2026-02-07 10:36:22 | INFO | Data Link Layer    | TX: b'\x1a\x1a\x10\x18\x1a\x16\n\x14burn x = 200 y = 200'
2026-02-07 10:36:22 | INFO | Data Link Layer    | RX: b'\x1a\x1a\x10\x18\x1a\x16\n\x14burn x = 200 y = 200'
2026-02-07 10:36:23 | INFO | Data Link Layer    | TX: b'\x10\x01\x1a\x16\x10\x18\x1a\x12\n\x10send health data'
2026-02-07 10:36:23 | INFO | Data Link Layer    | RX: b'\x10\x01\x1a\x16\x10\x18\x1a\x12\n\x10send health data'
2026-02-07 10:36:24 | INFO | Data Link Layer    | TX: b'\x10\x02\x1a\x1b\x10\x18\x1a\x17\n\x15connected uplink mode'
2026-02-07 10:36:25 | INFO | Data Link Layer    | TX: b'\x10\x03\x1a\x1a\x10\x18\x1a\x16\n\x14burn x = 300 y = 400'
2026-02-07 10:36:26 | INFO | Data Link Layer    | TX: b'\x10\x04\x1a\x16\x10\x18\x1a\x12\n\x10send health data'
2026-02-07 10:36:27 | INFO | Data Link Layer    | TX: b'\x10\x05\x1a\x1d\x10\x18\x1a\x19\n\x17connected downlink mode'
2026-02-07 10:36:27 | INFO | Data Link Layer    | RX: b'\x10\x05\x1a\x1d\x10\x18\x1a\x19\n\x17connected downlink mode'
2026-02-07 10:36:28 | INFO | Data Link Layer    | TX: b'\x10\x06\x1a\x10\x10\x18\x1a\x0c\n\nexit orbit'
2026-02-07 10:39:34 | INFO | Data Link Layer    | TX: b'\x1a\x1a\x10\x18\x1a\x16\n\x14burn x = 200 y = 200'
2026-02-07 10:39:35 | INFO | Data Link Layer    | TX: b'\x10\x01\x1a\x16\x10\x18\x1a\x12\n\x10send health data'
2026-02-07 10:39:35 | INFO | Data Link Layer    | RX: b'\x10\x01\x1a\x16\x10\x18\x1a\x12\n\x10send health data'
2026-02-07 10:39:36 | INFO | Data Link Layer    | TX: b'\x10\x02\x1a\x1b\x10\x18\x1a\x17\n\x15connected uplink mode'
2026-02-07 10:39:37 | INFO | Data Link Layer    | TX: b'\x10\x03\x1a\x1a\x10\x18\x1a\x16\n\x14burn x = 300 y = 400'
2026-02-07 10:39:37 | INFO | Data Link Layer    | RX: b'\x10\x03\x1a\x1a\x10\x18\x1a\x16\n\x14burn x = 300 y = 400'
2026-02-07 10:39:38 | INFO | Data Link Layer    | TX: b'\x10\x04\x1a\x16\x10\x18\x1a\x12\n\x10send health data'
2026-02-07 10:39:39 | INFO | Data Link Layer    | TX: b'\x10\x05\x1a\x1d\x10\x18\x1a\x19\n\x17connected downlink mode'
2026-02-07 10:39:40 | INFO | Data Link Layer    | TX: b'\x10\x06\x1a\x10\x10\x18\x1a\x0c\n\nexit orbit'
2026-02-07 10:39:46 | INFO | Data Link Layer    | TX: b'\x1a\x1a\x10\x18\x1a\x16\n\x14burn x = 200 y = 200'
2026-02-07 10:39:46 | INFO | Data Link Layer    | RX: b'\x1a\x1a\x10\x18\x1a\x16\n\x14burn x = 200 y = 200'
2026-02-07 10:39:47 | INFO | Data Link Layer    | TX: b'\x10\x01\x1a\x16\x10\x18\x1a\x12\n\x10send health data'
2026-02-07 10:39:48 | INFO | Data Link Layer    | TX: b'\x10\x02\x1a\x1b\x10\x18\x1a\x17\n\x15connected uplink mode'
2026-02-07 10:39:48 | INFO | Data Link Layer    | RX: b'\x10\x02\x1a\x1b\x10\x18\x1a\x17\n\x15connected uplink mode'
2026-02-07 10:39:49 | INFO | Data Link Layer    | TX: b'\x10\x03\x1a\x1a\x10\x18\x1a\x16\n\x14burn x = 300 y = 400'
2026-02-07 10:39:50 | INFO | Data Link Layer    | TX: b'\x10\x04\x1a\x16\x10\x18\x1a\x12\n\x10send health data'
2026-02-07 10:39:50 | INFO | Data Link Layer    | RX: b'\x10\x04\x1a\x16\x10\x18\x1a\x12\n\x10send health data'
2026-02-07 10:39:51 | INFO | Data Link Layer    | TX: b'\x10\x05\x1a\x1d\x10\x18\x1a\x19\n\x17connected downlink mode'
2026-02-07 10:39:52 | INFO | Data Link Layer    | TX: b'\x10\x06\x1a\x10\x10\x18\x1a\x0c\n\nexit orbit'
2026-02-07 10:40:18 | INFO | Data Link Layer    | TX: b'\x1a\x1a\x10\x18\x1a\x16\n\x14burn x = 200 y = 200'
2026-02-07 10:40:19 | INFO | Data Link Layer    | TX: b'\x10\x01\x1a\x16\x10\x18\x1a\x12\n\x10send health data'
2026-02-07 10:40:20 | INFO | Data Link Layer    | TX: b'\x10\x02\x1a\x1b\x10\x18\x1a\x17\n\x15connected uplink mode'
2026-02-07 10:40:21 | INFO | Data Link Layer    | TX: b'\x10\x03\x1a\x1a\x10\x18\x1a\x16\n\x14burn x = 300 y = 400'
2026-02-07 10:40:21 | INFO | Data Link Layer    | RX: b'\x10\x03\x1a\x1a\x10\x18\x1a\x16\n\x14burn x = 300 y = 400'
2026-02-07 10:40:22 | INFO | Data Link Layer    | TX: b'\x10\x04\x1a\x16\x10\x18\x1a\x12\n\x10send health data'
2026-02-07 10:40:22 | INFO | Data Link Layer    | RX: b'\x10\x04\x1a\x16\x10\x18\x1a\x12\n\x10send health data'
2026-02-07 10:40:23 | INFO | Data Link Layer    | TX: b'\x10\x05\x1a\x1d\x10\x18\x1a\x19\n\x17connected downlink mode'
2026-02-07 10:40:23 | INFO | Data Link Layer    | RX: b'\x10\x05\x1a\x1d\x10\x18\x1a\x19\n\x17connected downlink mode'
2026-02-07 10:40:24 | INFO | Data Link Layer    | TX: b'\x10\x06\x1a\x10\x10\x18\x1a\x0c\n\nexit orbit'
2026-02-07 10:40:24 | INFO | Data Link Layer    | RX: b'\x10\x06\x1a\x10\x10\x18\x1a\x0c\n\nexit orbit'
2026-02-07 10:43:12 | INFO | Data Link Layer    | TX: b'\x1a\x1a\x10\x18\x1a\x16\n\x14burn x = 200 y = 200'
2026-02-07 10:43:12 | INFO | Data Link Layer    | RX: b'\x1a\x1a\x10\x18\x1a\x16\n\x14burn x = 200 y = 200'
2026-02-07 10:43:13 | INFO | Data Link Layer    | TX: b'\x10\x01\x1a\x16\x10\x18\x1a\x12\n\x10send health data'
2026-02-07 10:43:14 | INFO | Data Link Layer    | TX: b'\x10\x02\x1a\x1b\x10\x18\x1a\x17\n\x15connected uplink mode'
2026-02-07 10:43:15 | INFO | Data Link Layer    | TX: b'\x10\x03\x1a\x1a\x10\x18\x1a\x16\n\x14burn x = 300 y = 400'
2026-02-07 10:43:16 | INFO | Data Link Layer    | TX: b'\x10\x04\x1a\x16\x10\x18\x1a\x12\n\x10send health data'
2026-02-07 10:43:17 | INFO | Data Link Layer    | TX: b'\x10\x05\x1a\x1d\x10\x18\x1a\x19\n\x17connected downlink mode'
2026-02-07 10:43:18 | INFO | Data Link Layer    | TX: b'\x10\x06\x1a\x10\x10\x18\x1a\x0c\n\nexit orbit'
2026-02-07 10:43:24 | INFO | Data Link Layer    | TX: b'\x1a\x1a\x10\x18\x1a\x16\n\x14burn x = 200 y = 200'
2026-02-07 10:43:25 | INFO | Data Link Layer    | TX: b'\x10\x01\x1a\x16\x10\x18\x1a\x12\n\x10send health data'
2026-02-07 10:43:25 | INFO | Data Link Layer    | RX: b'\x10\x01\x1a\x16\x10\x18\x1a\x12\n\x10send health data'
2026-02-07 10:43:26 | INFO | Data Link Layer    | TX: b'\x10\x02\x1a\x1b\x10\x18\x1a\x17\n\x15connected uplink mode'
2026-02-07 10:43:26 | INFO | Data Link Layer    | RX: b'\x10\x02\x1a\x1b\x10\x18\x1a\x17\n\x15connected uplink mode'
2026-02-07 10:43:27 | INFO | Data Link Layer    | TX: b'\x10\x03\x1a\x1a\x10\x18\x1a\x16\n\x14burn x = 300 y = 400'
2026-02-07 10:43:27 | INFO | Data Link Layer    | RX: b'\x10\x03\x1a\x1a\x10\x18\x1a\x16\n\x14burn x = 300 y = 400'
2026-02-07 10:43:28 | INFO | Data Link Layer    | TX: b'\x10\x04\x1a\x16\x10\x18\x1a\x12\n\x10send health data'
2026-02-07 10:43:29 | INFO | Data Link Layer    | TX: b'\x10\x05\x1a\x1d\x10\x18\x1a\x19\n\x17connected downlink mode'
2026-02-07 10:43:29 | INFO | Data Link Layer    | RX: b'\x10\x05\x1a\x1d\x10\x18\x1a\x19\n\x17connected downlink mode'
2026-02-07 10:43:30 | INFO | Data Link Layer    | TX: b'\x10\x06\x1a\x10\x10\x18\x1a\x0c\n\nexit orbit'
2026-02-07 10:43:30 | INFO | Data Link Layer    | RX: b'\x10\x06\x1a\x10\x10\x18\x1a\x0c\n\nexit orbit'
2026-02-07 10:45:30 | INFO | Data Link Layer    | TX: b'\x1a\x1a\x10\x18\x1a\x16\n\x14burn x = 200 y = 200'
2026-02-07 10:45:31 | INFO | Data Link Layer    | TX: b'\x10\x01\x1a\x16\x10\x18\x1a\x12\n\x10send health data'
2026-02-07 10:45:32 | INFO | Data Link Layer    | TX: b'\x10\x02\x1a\x1b\x10\x18\x1a\x17\n\x15connected uplink mode'
2026-02-07 10:45:32 | INFO | Data Link Layer    | RX: b'\x10\x02\x1a\x1b\x10\x18\x1a\x17\n\x15connected uplink mode'
2026-02-07 10:45:33 | INFO | Data Link Layer    | TX: b'\x10\x03\x1a\x1a\x10\x18\x1a\x16\n\x14burn x = 300 y = 400'
2026-02-07 10:45:33 | INFO | Data Link Layer    | RX: b'\x10\x03\x1a\x1a\x10\x18\x1a\x16\n\x14burn x = 300 y = 400'
2026-02-07 10:45:34 | INFO | Data Link Layer    | TX: b'\x10\x04\x1a\x16\x10\x18\x1a\x12\n\x10send health data'
2026-02-07 10:45:35 | INFO | Data Link Layer    | TX: b'\x10\x05\x1a\x1d\x10\x18\x1a\x19\n\x17connected downlink mode'
2026-02-07 10:45:36 | INFO | Data Link Layer    | TX: b'\x10\x06\x1a\x10\x10\x18\x1a\x0c\n\nexit orbit'
2026-02-07 10:46:08 | INFO | Data Link Layer    | TX: b'\x1a\x1a\x10\x18\x1a\x16\n\x14burn x = 200 y = 200'
2026-02-07 10:46:09 | INFO | Data Link Layer    | TX: b'\x10\x01\x1a\x16\x10\x18\x1a\x12\n\x10send health data'
2026-02-07 10:46:10 | INFO | Data Link Layer    | TX: b'\x10\x02\x1a\x1b\x10\x18\x1a\x17\n\x15connected uplink mode'
2026-02-07 10:46:10 | INFO | Data Link Layer    | RX: b'\x10\x02\x1a\x1b\x10\x18\x1a\x17\n\x15connected uplink mode'
2026-02-07 10:46:11 | INFO | Data Link Layer    | TX: b'\x10\x03\x1a\x1a\x10\x18\x1a\x16\n\x14burn x = 300 y = 400'
2026-02-07 10:46:12 | INFO | Data Link Layer    | TX: b'\x10\x04\x1a\x16\x10\x18\x1a\x12\n\x10send health data'
2026-02-07 10:46:12 | INFO | Data Link Layer    | RX: b'\x10\x04\x1a\x16\x10\x18\x1a\x12\n\x10send health data'
2026-02-07 10:46:13 | INFO | Data Link Layer    | TX: b'\x10\x05\x1a\x1d\x10\x18\x1a\x19\n\x17connected downlink mode'
2026-02-07 10:46:13 | INFO | Data Link Layer    | RX: b'\x10\x05\x1a\x1d\x10\x18\x1a\x19\n\x17connected downlink mode'
2026-02-07 10:46:14 | INFO | Data Link Layer    | TX: b'\x10\x06\x1a\x10\x10\x18\x1a\x0c\n\nexit orbit'
2026-02-07 10:48:32 | INFO | Data Link Layer    | TX: b'\x1a\x1a\x10\x18\x1a\x16\n\x14burn x = 200 y = 200'
2026-02-07 10:48:32 | INFO | Data Link Layer    | RX: b'\x1a\x1a\x10\x18\x1a\x16\n\x14burn x = 200 y = 200'
2026-02-07 10:48:33 | INFO | Data Link Layer    | TX: b'\x10\x01\x1a\x16\x10\x18\x1a\x12\n\x10send health data'
2026-02-07 10:48:33 | INFO | Data Link Layer    | RX: b'\x10\x01\x1a\x16\x10\x18\x1a\x12\n\x10send health data'
2026-02-07 10:48:34 | INFO | Data Link Layer    | TX: b'\x10\x02\x1a\x1b\x10\x18\x1a\x17\n\x15connected uplink mode'
2026-02-07 10:48:34 | INFO | Data Link Layer    | RX: b'\x10\x02\x1a\x1b\x10\x18\x1a\x17\n\x15connected uplink mode'
2026-02-07 10:48:35 | INFO | Data Link Layer    | TX: b'\x10\x03\x1a\x1a\x10\x18\x1a\x16\n\x14burn x = 300 y = 400'
2026-02-07 10:48:35 | INFO | Data Link Layer    | RX: b'\x10\x03\x1a\x1a\x10\x18\x1a\x16\n\x14burn x = 300 y = 400'
2026-02-07 10:48:36 | INFO | Data Link Layer    | TX: b'\x10\x04\x1a\x16\x10\x18\x1a\x12\n\x10send health data'
2026-02-07 10:48:36 | INFO | Data Link Layer    | RX: b'\x10\x04\x1a\x16\x10\x18\x1a\x12\n\x10send health data'
2026-02-07 10:48:37 | INFO | Data Link Layer    | TX: b'\x10\x05\x1a\x1d\x10\x18\x1a\x19\n\x17connected downlink mode'
2026-02-07 10:48:37 | INFO | Data Link Layer    | RX: b'\x10\x05\x1a\x1d\x10\x18\x1a\x19\n\x17connected downlink mode'
2026-02-07 10:48:38 | INFO | Data Link Layer    | TX: b'\x10\x06\x1a\x10\x10\x18\x1a\x0c\n\nexit orbit'
2026-02-07 10:48:38 | INFO | Data Link Layer    | RX: b'\x10\x06\x1a\x10\x10\x18\x1a\x0c\n\nexit orbit'
2026-02-07 10:49:22 | INFO | Data Link Layer    | TX: b'\x1a\x1a\x10\x18\x1a\x16\n\x14burn x = 200 y = 200'
2026-02-07 10:49:22 | INFO | Data Link Layer    | RX: b'\x1a\x1a\x10\x18\x1a\x16\n\x14burn x = 200 y = 200'
2026-02-07 10:49:23 | INFO | Data Link Layer    | TX: b'\x10\x01\x1a\x16\x10\x18\x1a\x12\n\x10send health data'
2026-02-07 10:49:23 | INFO | Data Link Layer    | RX: b'\x10\x01\x1a\x16\x10\x18\x1a\x12\n\x10send health data'
2026-02-07 10:49:24 | INFO | Data Link Layer    | TX: b'\x10\x02\x1a\x1b\x10\x18\x1a\x17\n\x15connected uplink mode'
2026-02-07 10:49:24 | INFO | Data Link Layer    | RX: b'\x10\x02\x1a\x1b\x10\x18\x1a\x17\n\x15connected uplink mode'
2026-02-07 10:49:25 | INFO | Data Link Layer    | TX: b'\x10\x03\x1a\x1a\x10\x18\x1a\x16\n\x14burn x = 300 y = 400'
2026-02-07 10:49:25 | INFO | Data Link Layer    | RX: b'\x10\x03\x1a\x1a\x10\x18\x1a\x16\n\x14burn x = 300 y = 400'
2026-02-07 10:49:26 | INFO | Data Link Layer    | TX: b'\x10\x04\x1a\x16\x10\x18\x1a\x12\n\x10send health data'
2026-02-07 10:49:26 | INFO | Data Link Layer    | RX: b'\x10\x04\x1a\x16\x10\x18\x1a\x12\n\x10send health data'
2026-02-07 10:49:27 | INFO | Data Link Layer    | TX: b'\x10\x05\x1a\x1d\x10\x18\x1a\x19\n\x17connected downlink mode'
2026-02-07 10:49:27 | INFO | Data Link Layer    | RX: b'\x10\x05\x1a\x1d\x10\x18\x1a\x19\n\x17connected downlink mode'
2026-02-07 10:49:28 | INFO | Data Link Layer    | TX: b'\x10\x06\x1a\x10\x10\x18\x1a\x0c\n\nexit orbit'
2026-02-07 10:49:28 | INFO | Data Link Layer    | RX: b'\x10\x06\x1a\x10\x10\x18\x1a\x0c\n\nexit orbit'
2026-02-07 10:52:29 | INFO | Data Link Layer    | TX: b'\x1a\x1a\x10\x18\x1a\x16\n\x14burn x = 200 y = 200'
2026-02-07 10:52:30 | INFO | Data Link Layer    | TX: b'\x10\x01\x1a\x16\x10\x18\x1a\x12\n\x10send health data'
2026-02-07 10:52:30 | INFO | Data Link Layer    | RX: b'\x10\x01\x1a\x16\x10\x18\x1a\x12\n\x10send health data'
2026-02-07 10:52:31 | INFO | Data Link Layer    | TX: b'\x10\x02\x1a\x1b\x10\x18\x1a\x17\n\x15connected uplink mode'
2026-02-07 10:52:32 | INFO | Data Link Layer    | TX: b'\x10\x03\x1a\x1a\x10\x18\x1a\x16\n\x14burn x = 300 y = 400'
2026-02-07 10:52:33 | INFO | Data Link Layer    | TX: b'\x10\x04\x1a\x16\x10\x18\x1a\x12\n\x10send health data'
2026-02-07 10:52:33 | INFO | Data Link Layer    | RX: b'\x10\x04\x1a\x16\x10\x18\x1a\x12\n\x10send health data'
2026-02-07 10:52:34 | INFO | Data Link Layer    | TX: b'\x10\x05\x1a\x1d\x10\x18\x1a\x19\n\x17connected downlink mode'
2026-02-07 10:52:35 | INFO | Data Link Layer    | TX: b'\x10\x06\x1a\x10\x10\x18\x1a\x0c\n\nexit orbit'
2026-02-07 10:52:35 | INFO | Data Link Layer    | RX: b'\x10\x06\x1a\x10\x10\x18\x1a\x0c\n\nexit orbit'
2026-02-07 10:53:24 | INFO | Data Link Layer    | TX: b'\x1a\x1a\x10\x18\x1a\x16\n\x14burn x = 200 y = 200'
2026-02-07 10:53:25 | INFO | Data Link Layer    | TX: b'\x10\x01\x1a\x16\x10\x18\x1a\x12\n\x10send health data'
2026-02-07 10:53:27 | INFO | Data Link Layer    | TX: b'\x10\x02\x1a\x1b\x10\x18\x1a\x17\n\x15connected uplink mode'
2026-02-07 10:53:27 | INFO | Data Link Layer    | RX: b'\x10\x02\x1a\x1b\x10\x18\x1a\x17\n\x15connected uplink mode'
2026-02-07 10:53:28 | INFO | Data Link Layer    | TX: b'\x10\x03\x1a\x1a\x10\x18\x1a\x16\n\x14burn x = 300 y = 400'
2026-02-07 10:53:29 | INFO | Data Link Layer    | TX: b'\x10\x04\x1a\x16\x10\x18\x1a\x12\n\x10send health data'
2026-02-07 10:54:04 | INFO | Data Link Layer    | TX: b'\x1a\x1a\x10\x18\x1a\x16\n\x14burn x = 200 y = 200'
2026-02-07 10:54:05 | INFO | Data Link Layer    | TX: b'\x10\x01\x1a\x16\x10\x18\x1a\x12\n\x10send health data'
2026-02-07 10:54:06 | INFO | Data Link Layer    | TX: b'\x10\x02\x1a\x1b\x10\x18\x1a\x17\n\x15connected uplink mode'
2026-02-07 10:54:07 | INFO | Data Link Layer    | TX: b'\x10\x03\x1a\x1a\x10\x18\x1a\x16\n\x14burn x = 300 y = 400'
2026-02-07 10:54:07 | INFO | Data Link Layer    | RX: b'\x10\x03\x1a\x1a\x10\x18\x1a\x16\n\x14burn x = 300 y = 400'
2026-02-07 10:54:08 | INFO | Data Link Layer    | TX: b'\x10\x04\x1a\x16\x10\x18\x1a\x12\n\x10send health data'
2026-02-07 10:54:09 | INFO | Data Link Layer    | TX: b'\x10\x05\x1a\x1d\x10\x18\x1a\x19\n\x17connected downlink mode'
2026-02-07 10:54:09 | INFO | Data Link Layer    | RX: b'\x10\x05\x1a\x1d\x10\x18\x1a\x19\n\x17connected downlink mode'
2026-02-07 10:54:10 | INFO | Data Link Layer    | TX: b'\x10\x06\x1a\x10\x10\x18\x1a\x0c\n\nexit orbit'
2026-02-07 10:54:25 | INFO | Data Link Layer    | TX: b'\x1a\x1a\x10\x18\x1a\x16\n\x14burn x = 200 y = 200'
2026-02-07 10:54:26 | INFO | Data Link Layer    | TX: b'\x10\x01\x1a\x16\x10\x18\x1a\x12\n\x10send health data'
2026-02-07 10:54:27 | INFO | Data Link Layer    | TX: b'\x10\x02\x1a\x1b\x10\x18\x1a\x17\n\x15connected uplink mode'
2026-02-07 10:54:28 | INFO | Data Link Layer    | TX: b'\x10\x03\x1a\x1a\x10\x18\x1a\x16\n\x14burn x = 300 y = 400'
2026-02-07 10:54:29 | INFO | Data Link Layer    | TX: b'\x10\x04\x1a\x16\x10\x18\x1a\x12\n\x10send health data'
2026-02-07 10:54:30 | INFO | Data Link Layer    | TX: b'\x10\x05\x1a\x1d\x10\x18\x1a\x19\n\x17connected downlink mode'
2026-02-07 10:54:31 | INFO | Data Link Layer    | TX: b'\x10\x06\x1a\x10\x10\x18\x1a\x0c\n\nexit orbit'
2026-02-07 10:54:48 | INFO | Data Link Layer    | TX: b'\x1a\x1a\x10\x18\x1a\x16\n\x14burn x = 200 y = 200'
2026-02-07 10:54:48 | INFO | Data Link Layer    | RX: b'\x1a\x1a\x10\x18\x1a\x16\n\x14burn x = 200 y = 200'
2026-02-07 10:54:49 | INFO | Data Link Layer    | TX: b'\x10\x01\x1a\x16\x10\x18\x1a\x12\n\x10send health data'
2026-02-07 10:54:50 | INFO | Data Link Layer    | TX: b'\x10\x02\x1a\x1b\x10\x18\x1a\x17\n\x15connected uplink mode'
2026-02-07 10:54:51 | INFO | Data Link Layer    | TX: b'\x10\x03\x1a\x1a\x10\x18\x1a\x16\n\x14burn x = 300 y = 400'
2026-02-07 10:54:52 | INFO | Data Link Layer    | TX: b'\x10\x04\x1a\x16\x10\x18\x1a\x12\n\x10send health data'
2026-02-07 10:54:53 | INFO | Data Link Layer    | TX: b'\x10\x05\x1a\x1d\x10\x18\x1a\x19\n\x17connected downlink mode'
2026-02-07 10:54:54 | INFO | Data Link Layer    | TX: b'\x10\x06\x1a\x10\x10\x18\x1a\x0c\n\nexit orbit'
2026-02-07 10:55:02 | INFO | Data Link Layer    | TX: b'\x1a\x1a\x10\x18\x1a\x16\n\x14burn x = 200 y = 200'
2026-02-07 10:55:02 | INFO | Data Link Layer    | RX: b'\x1a\x1a\x10\x18\x1a\x16\n\x14burn x = 200 y = 200'
2026-02-07 10:55:03 | INFO | Data Link Layer    | TX: b'\x10\x01\x1a\x16\x10\x18\x1a\x12\n\x10send health data'
2026-02-07 10:55:04 | INFO | Data Link Layer    | TX: b'\x10\x02\x1a\x1b\x10\x18\x1a\x17\n\x15connected uplink mode'
2026-02-07 10:55:04 | INFO | Data Link Layer    | RX: b'\x10\x02\x1a\x1b\x10\x18\x1a\x17\n\x15connected uplink mode'
2026-02-07 10:55:05 | INFO | Data Link Layer    | TX: b'\x10\x03\x1a\x1a\x10\x18\x1a\x16\n\x14burn x = 300 y = 400'
2026-02-07 10:55:05 | INFO | Data Link Layer    | RX: b'\x10\x03\x1a\x1a\x10\x18\x1a\x16\n\x14burn x = 300 y = 400'
2026-02-07 10:55:06 | INFO | Data Link Layer    | TX: b'\x10\x04\x1a\x16\x10\x18\x1a\x12\n\x10send health data'
2026-02-07 10:55:06 | INFO | Data Link Layer    | RX: b'\x10\x04\x1a\x16\x10\x18\x1a\x12\n\x10send health data'
2026-02-07 10:55:07 | INFO | Data Link Layer    | TX: b'\x10\x05\x1a\x1d\x10\x18\x1a\x19\n\x17connected downlink mode'
2026-02-07 10:55:07 | INFO | Data Link Layer    | RX: b'\x10\x05\x1a\x1d\x10\x18\x1a\x19\n\x17connected downlink mode'
2026-02-07 10:55:08 | INFO | Data Link Layer    | TX: b'\x10\x06\x1a\x10\x10\x18\x1a\x0c\n\nexit orbit'
2026-02-07 10:55:28 | INFO | Data Link Layer    | TX: b'\x1a\x1a\x10\x18\x1a\x16\n\x14burn x = 200 y = 200'
2026-02-07 10:55:28 | INFO | Data Link Layer    | RX: b'\x1a\x1a\x10\x18\x1a\x16\n\x14burn x = 200 y = 200'
2026-02-07 10:55:29 | INFO | Data Link Layer    | TX: b'\x10\x01\x1a\x16\x10\x18\x1a\x12\n\x10send health data'
2026-02-07 10:55:29 | INFO | Data Link Layer    | RX: b'\x10\x01\x1a\x16\x10\x18\x1a\x12\n\x10send health data'
2026-02-07 10:55:30 | INFO | Data Link Layer    | TX: b'\x10\x02\x1a\x1b\x10\x18\x1a\x17\n\x15connected uplink mode'
2026-02-07 10:55:30 | INFO | Data Link Layer    | RX: b'\x10\x02\x1a\x1b\x10\x18\x1a\x17\n\x15connected uplink mode'
2026-02-07 10:55:31 | INFO | Data Link Layer    | TX: b'\x10\x03\x1a\x1a\x10\x18\x1a\x16\n\x14burn x = 300 y = 400'
2026-02-07 10:55:31 | INFO | Data Link Layer    | RX: b'\x10\x03\x1a\x1a\x10\x18\x1a\x16\n\x14burn x = 300 y = 400'
2026-02-07 10:55:32 | INFO | Data Link Layer    | TX: b'\x10\x04\x1a\x16\x10\x18\x1a\x12\n\x10send health data'
2026-02-07 10:55:32 | INFO | Data Link Layer    | RX: b'\x10\x04\x1a\x16\x10\x18\x1a\x12\n\x10send health data'
2026-02-07 10:55:33 | INFO | Data Link Layer    | TX: b'\x10\x05\x1a\x1d\x10\x18\x1a\x19\n\x17connected downlink mode'
2026-02-07 10:55:33 | INFO | Data Link Layer    | RX: b'\x10\x05\x1a\x1d\x10\x18\x1a\x19\n\x17connected downlink mode'
2026-02-07 10:55:34 | INFO | Data Link Layer    | TX: b'\x10\x06\x1a\x10\x10\x18\x1a\x0c\n\nexit orbit'
2026-02-07 10:55:34 | INFO | Data Link Layer    | RX: b'\x10\x06\x1a\x10\x10\x18\x1a\x0c\n\nexit orbit'
2026-02-07 10:56:12 | INFO | Data Link Layer    | TX: b'\x1a\x1a\x10\x18\x1a\x16\n\x14burn x = 200 y = 200'
2026-02-07 10:56:12 | INFO | Data Link Layer    | RX: b'\x1a\x1a\x10\x18\x1a\x16\n\x14burn x = 200 y = 200'
2026-02-07 10:56:13 | INFO | Data Link Layer    | TX: b'\x10\x01\x1a\x16\x10\x18\x1a\x12\n\x10send health data'
2026-02-07 10:56:13 | INFO | Data Link Layer    | RX: b'\x10\x01\x1a\x16\x10\x18\x1a\x12\n\x10send health data'
2026-02-07 10:56:14 | INFO | Data Link Layer    | TX: b'\x10\x02\x1a\x1b\x10\x18\x1a\x17\n\x15connected uplink mode'
2026-02-07 10:56:14 | INFO | Data Link Layer    | RX: b'\x10\x02\x1a\x1b\x10\x18\x1a\x17\n\x15connected uplink mode'
2026-02-07 10:56:15 | INFO | Data Link Layer    | TX: b'\x10\x03\x1a\x1a\x10\x18\x1a\x16\n\x14burn x = 300 y = 400'
2026-02-07 10:56:15 | INFO | Data Link Layer    | RX: b'\x10\x03\x1a\x1a\x10\x18\x1a\x16\n\x14burn x = 300 y = 400'
2026-02-07 10:56:16 | INFO | Data Link Layer    | TX: b'\x10\x04\x1a\x16\x10\x18\x1a\x12\n\x10send health data'
2026-02-07 10:56:16 | INFO | Data Link Layer    | RX: b'\x10\x04\x1a\x16\x10\x18\x1a\x12\n\x10send health data'
2026-02-07 10:56:17 | INFO | Data Link Layer    | TX: b'\x10\x05\x1a\x1d\x10\x18\x1a\x19\n\x17connected downlink mode'
2026-02-07 10:56:18 | INFO | Data Link Layer    | TX: b'\x10\x06\x1a\x10\x10\x18\x1a\x0c\n\nexit orbit'
2026-02-07 10:56:18 | INFO | Data Link Layer    | RX: b'\x10\x06\x1a\x10\x10\x18\x1a\x0c\n\nexit orbit'
2026-02-07 10:56:36 | INFO | Data Link Layer    | TX: b'\x10\x07\x1a\x1a\x10\x18\x1a\x16\n\x14burn x = 200 y = 200'
2026-02-07 10:56:36 | INFO | Data Link Layer    | RX: b'\x10\x07\x1a\x1a\x10\x18\x1a\x16\n\x14burn x = 200 y = 200'
2026-02-07 10:56:37 | INFO | Data Link Layer    | TX: b'\x10\x08\x1a\x16\x10\x18\x1a\x12\n\x10send health data'
2026-02-07 10:56:37 | INFO | Data Link Layer    | RX: b'\x10\x08\x1a\x16\x10\x18\x1a\x12\n\x10send health data'
2026-02-07 10:56:38 | INFO | Data Link Layer    | TX: b'\x10\t\x1a\x1b\x10\x18\x1a\x17\n\x15connected uplink mode'
2026-02-07 10:56:38 | INFO | Data Link Layer    | RX: b'\x10\t\x1a\x1b\x10\x18\x1a\x17\n\x15connected uplink mode'
2026-02-07 10:56:39 | INFO | Data Link Layer    | TX: b'\x10\n\x1a\x1a\x10\x18\x1a\x16\n\x14burn x = 300 y = 400'
2026-02-07 10:56:40 | INFO | Data Link Layer    | TX: b'\x10\x0b\x1a\x16\x10\x18\x1a\x12\n\x10send health data'
2026-02-07 10:56:40 | INFO | Data Link Layer    | RX: b'\x10\x0b\x1a\x16\x10\x18\x1a\x12\n\x10send health data'
2026-02-07 10:56:41 | INFO | Data Link Layer    | TX: b'\x10\x0c\x1a\x1d\x10\x18\x1a\x19\n\x17connected downlink mode'
2026-02-07 10:56:41 | INFO | Data Link Layer    | RX: b'\x10\x0c\x1a\x1d\x10\x18\x1a\x19\n\x17connected downlink mode'
2026-02-07 10:56:42 | INFO | Data Link Layer    | TX: b'\x10\r\x1a\x10\x10\x18\x1a\x0c\n\nexit orbit'
2026-02-07 10:56:42 | INFO | Data Link Layer    | RX: b'\x10\r\x1a\x10\x10\x18\x1a\x0c\n\nexit orbit'
2026-02-07 12:00:31 | INFO | Data Link Layer    | TX: b'\x10\x0e\x1a\x1a\x10\x18\x1a\x16\n\x14burn x = 200 y = 200'
2026-02-07 12:00:31 | INFO | Data Link Layer    | RX: b'\x10\x0e\x1a\x1a\x10\x18\x1a\x16\n\x14burn x = 200 y = 200'
2026-02-08 13:10:08 | INFO | Data Link Layer    | TX: b'\x10\x0f\x1a\x1a\x10\x18\x1a\x16\n\x14burn x = 200 y = 200'
2026-02-08 13:10:09 | INFO | Data Link Layer    | TX: b'\x10\x10\x1a\x16\x10\x18\x1a\x12\n\x10send health data'
2026-02-08 13:10:09 | INFO | Data Link Layer    | RX: b'\x10\x10\x1a\x16\x10\x18\x1a\x12\n\x10send health data'
2026-02-08 13:10:10 | INFO | Data Link Layer    | TX: b'\x10\x11\x1a\x1b\x10\x18\x1a\x17\n\x15connected uplink mode'
2026-02-08 13:10:10 | INFO | Data Link Layer    | RX: b'\x10\x11\x1a\x1b\x10\x18\x1a\x17\n\x15connected uplink mode'
2026-02-08 13:10:11 | INFO | Data Link Layer    | TX: b'\x10\x12\x1a\x1a\x10\x18\x1a\x16\n\x14burn x = 300 y = 400'
2026-02-08 13:10:11 | INFO | Data Link Layer    | RX: b'\x10\x12\x1a\x1a\x10\x18\x1a\x16\n\x14burn x = 300 y = 400'
2026-02-08 13:10:12 | INFO | Data Link Layer    | TX: b'\x10\x13\x1a\x16\x10\x18\x1a\x12\n\x10send health data'
2026-02-08 13:10:12 | INFO | Data Link Layer    | RX: b'\x10\x13\x1a\x16\x10\x18\x1a\x12\n\x10send health data'
2026-02-08 13:10:13 | INFO | Data Link Layer    | TX: b'\x10\x14\x1a\x1d\x10\x18\x1a\x19\n\x17connected downlink mode'
2026-02-08 13:10:14 | INFO | Data Link Layer    | TX: b'\x10\x15\x1a\x10\x10\x18\x1a\x0c\n\nexit orbit'
2026-02-08 13:10:14 | INFO | Data Link Layer    | RX: b'\x10\x15\x1a\x10\x10\x18\x1a\x0c\n\nexit orbit'
2026-02-08 13:33:05 | INFO | Data Link Layer    | TX: b'\x10\x16\x1a\x1a\x10\x18\x1a\x16\n\x14burn x = 200 y = 200'
2026-02-08 13:33:05 | INFO | Data Link Layer    | RX: b'\x10\x16\x1a\x1a\x10\x18\x1a\x16\n\x14burn x = 200 y = 200'
2026-02-08 13:33:06 | INFO | Data Link Layer    | TX: b'\x10\x17\x1a\x16\x10\x18\x1a\x12\n\x10send health data'
2026-02-08 13:33:06 | INFO | Data Link Layer    | RX: b'\x10\x17\x1a\x16\x10\x18\x1a\x12\n\x10send health data'
2026-02-08 13:33:07 | INFO | Data Link Layer    | TX: b'\x10\x18\x1a\x1b\x10\x18\x1a\x17\n\x15connected uplink mode'
2026-02-08 13:33:07 | INFO | Data Link Layer    | RX: b'\x10\x18\x1a\x1b\x10\x18\x1a\x17\n\x15connected uplink mode'
2026-02-08 13:33:08 | INFO | Data Link Layer    | TX: b'\x10\x19\x1a\x1a\x10\x18\x1a\x16\n\x14burn x = 300 y = 400'
2026-02-08 13:33:08 | INFO | Data Link Layer    | RX: b'\x10\x19\x1a\x1a\x10\x18\x1a\x16\n\x14burn x = 300 y = 400'
2026-02-08 13:33:09 | INFO | Data Link Layer    | TX: b'\x10\x1a\x1a\x16\x10\x18\x1a\x12\n\x10send health data'
2026-02-08 13:33:09 | INFO | Data Link Layer    | RX: b'\x10\x1a\x1a\x16\x10\x18\x1a\x12\n\x10send health data'
2026-02-08 13:33:10 | INFO | Data Link Layer    | TX: b'\x10\x1b\x1a\x1d\x10\x18\x1a\x19\n\x17connected downlink mode'
2026-02-08 13:33:10 | INFO | Data Link Layer    | RX: b'\x10\x1b\x1a\x1d\x10\x18\x1a\x19\n\x17connected downlink mode'
2026-02-08 13:33:11 | INFO | Data Link Layer    | TX: b'\x10\x1c\x1a\x10\x10\x18\x1a\x0c\n\nexit orbit'
2026-02-08 13:33:11 | INFO | Data Link Layer    | RX: b'\x10\x1c\x1a\x10\x10\x18\x1a\x0c\n\nexit orbit'
2026-02-08 13:34:15 | INFO | Data Link Layer    | TX: b'\x10\x1d\x1a\x1a\x10\x18\x1a\x16\n\x14burn x = 200 y = 200'
2026-02-08 13:34:15 | INFO | Data Link Layer    | RX: b'\x10\x1d\x1a\x1a\x10\x18\x1a\x16\n\x14burn x = 200 y = 200'
2026-02-08 13:34:16 | INFO | Data Link Layer    | TX: b'\x10\x1e\x1a\x16\x10\x18\x1a\x12\n\x10send health data'
2026-02-08 13:34:16 | INFO | Data Link Layer    | RX: b'\x10\x1e\x1a\x16\x10\x18\x1a\x12\n\x10send health data'
2026-02-08 13:34:17 | INFO | Data Link Layer    | TX: b'\x10\x1f\x1a\x1b\x10\x18\x1a\x17\n\x15connected uplink mode'
2026-02-08 13:34:17 | INFO | Data Link Layer    | RX: b'\x10\x1f\x1a\x1b\x10\x18\x1a\x17\n\x15connected uplink mode'
2026-02-08 13:34:18 | INFO | Data Link Layer    | TX: b'\x10 \x1a\x1a\x10\x18\x1a\x16\n\x14burn x = 300 y = 400'
2026-02-08 13:34:18 | INFO | Data Link Layer    | RX: b'\x10 \x1a\x1a\x10\x18\x1a\x16\n\x14burn x = 300 y = 400'
2026-02-08 13:34:19 | INFO | Data Link Layer    | TX: b'\x10!\x1a\x16\x10\x18\x1a\x12\n\x10send health data'
2026-02-08 13:34:19 | INFO | Data Link Layer    | RX: b'\x10!\x1a\x16\x10\x18\x1a\x12\n\x10send health data'
2026-02-08 13:34:20 | INFO | Data Link Layer    | TX: b'\x10"\x1a\x1d\x10\x18\x1a\x19\n\x17connected downlink mode'
2026-02-08 13:34:20 | INFO | Data Link Layer    | RX: b'\x10"\x1a\x1d\x10\x18\x1a\x19\n\x17connected downlink mode'
2026-02-08 13:34:21 | INFO | Data Link Layer    | TX: b'\x10#\x1a\x10\x10\x18\x1a\x0c\n\nexit orbit'
2026-02-08 13:34:21 | INFO | Data Link Layer    | RX: b'\x10#\x1a\x10\x10\x18\x1a\x0c\n\nexit orbit'
2026-02-08 13:53:14 | INFO | Data Link Layer    | TX: b'\x10\x18\x1a\x16\n\x14burn x = 200 y = 200'
2026-02-08 13:53:15 | INFO | Data Link Layer    | TX: b'\x10\x18\x1a\x12\n\x10send health data'
2026-02-08 13:53:15 | INFO | Data Link Layer    | RX: b'\x10\x18\x1a\x12\n\x10send health data'
2026-02-08 13:53:16 | INFO | Data Link Layer    | TX: b'\x10\x18\x1a\x17\n\x15connected uplink mode'
2026-02-08 13:53:16 | INFO | Data Link Layer    | RX: b'\x10\x18\x1a\x17\n\x15connected uplink mode'
2026-02-08 13:53:17 | INFO | Data Link Layer    | TX: b'\x10\x18\x1a\x16\n\x14burn x = 300 y = 400'
2026-02-08 13:53:17 | INFO | Data Link Layer    | RX: b'\x10\x18\x1a\x16\n\x14burn x = 300 y = 400'
2026-02-08 13:53:18 | INFO | Data Link Layer    | TX: b'\x10\x18\x1a\x12\n\x10send health data'
2026-02-08 13:53:19 | INFO | Data Link Layer    | TX: b'\x10\x18\x1a\x19\n\x17connected downlink mode'
2026-02-08 13:53:19 | INFO | Data Link Layer    | RX: b'\x10\x18\x1a\x19\n\x17connected downlink mode'
2026-02-08 13:53:20 | INFO | Data Link Layer    | TX: b'\x10\x18\x1a\x0c\n\nexit orbit'
2026-02-08 13:53:20 | INFO | Data Link Layer    | RX: b'\x10\x18\x1a\x0c\n\nexit orbit'
2026-02-08 13:59:12 | INFO | Data Link Layer    | TX: b'\x10\x18\x1a\x16\n\x14burn x = 200 y = 200'
2026-02-08 13:59:12 | INFO | Data Link Layer    | RX: b'\x10\x18\x1a\x16\n\x14burn x = 200 y = 200'
2026-02-08 13:59:13 | INFO | Data Link Layer    | TX: b'\x10\x18\x1a\x12\n\x10send health data'
2026-02-08 13:59:13 | INFO | Data Link Layer    | RX: b'\x10\x18\x1a\x12\n\x10send health data'
2026-02-08 13:59:14 | INFO | Data Link Layer    | TX: b'\x10\x18\x1a\x17\n\x15connected uplink mode'
2026-02-08 13:59:14 | INFO | Data Link Layer    | RX: b'\x10\x18\x1a\x17\n\x15connected uplink mode'
2026-02-08 13:59:15 | INFO | Data Link Layer    | TX: b'\x10\x18\x1a\x16\n\x14burn x = 300 y = 400'
2026-02-08 13:59:16 | INFO | Data Link Layer    | TX: b'\x10\x18\x1a\x12\n\x10send health data'
2026-02-08 13:59:16 | INFO | Data Link Layer    | RX: b'\x10\x18\x1a\x12\n\x10send health data'
2026-02-08 13:59:17 | INFO | Data Link Layer    | TX: b'\x10\x18\x1a\x19\n\x17connected downlink mode'
2026-02-08 13:59:17 | INFO | Data Link Layer    | RX: b'\x10\x18\x1a\x19\n\x17connected downlink mode'
2026-02-08 13:59:18 | INFO | Data Link Layer    | TX: b'\x10\x18\x1a\x0c\n\nexit orbit'
2026-02-08 13:59:18 | INFO | Data Link Layer    | RX: b'\x10\x18\x1a\x0c\n\nexit orbit'
2026-02-08 14:00:42 | INFO | Data Link Layer    | TX: b'\x10\x18\x1a\x16\n\x14burn x = 200 y = 200'
2026-02-08 14:00:42 | INFO | Data Link Layer    | RX: b'\x10\x18\x1a\x16\n\x14burn x = 200 y = 200'
2026-02-08 14:00:43 | INFO | Data Link Layer    | TX: b'\x10\x18\x1a\x12\n\x10send health data'
2026-02-08 14:00:43 | INFO | Data Link Layer    | RX: b'\x10\x18\x1a\x12\n\x10send health data'
2026-02-08 14:00:44 | INFO | Data Link Layer    | TX: b'\x10\x18\x1a\x17\n\x15connected uplink mode'
2026-02-08 14:00:44 | INFO | Data Link Layer    | RX: b'\x10\x18\x1a\x17\n\x15connected uplink mode'
2026-02-08 14:00:45 | INFO | Data Link Layer    | TX: b'\x10\x18\x1a\x16\n\x14burn x = 300 y = 400'
2026-02-08 14:00:45 | INFO | Data Link Layer    | RX: b'\x10\x18\x1a\x16\n\x14burn x = 300 y = 400'
2026-02-08 14:00:46 | INFO | Data Link Layer    | TX: b'\x10\x18\x1a\x12\n\x10send health data'
2026-02-08 14:00:46 | INFO | Data Link Layer    | RX: b'\x10\x18\x1a\x12\n\x10send health data'
2026-02-08 14:00:47 | INFO | Data Link Layer    | TX: b'\x10\x18\x1a\x19\n\x17connected downlink mode'
2026-02-08 14:00:47 | INFO | Data Link Layer    | RX: b'\x10\x18\x1a\x19\n\x17connected downlink mode'
2026-02-08 14:00:48 | INFO | Data Link Layer    | TX: b'\x10\x18\x1a\x0c\n\nexit orbit'
2026-02-08 14:00:48 | INFO | Data Link Layer    | RX: b'\x10\x18\x1a\x0c\n\nexit orbit'
2026-02-08 14:01:01 | INFO | Data Link Layer    | TX: b'\x10\x18\x1a\x16\n\x14burn x = 200 y = 200'
2026-02-08 14:01:01 | INFO | Data Link Layer    | RX: b'\x10\x18\x1a\x16\n\x14burn x = 200 y = 200'
2026-02-08 14:01:02 | INFO | Data Link Layer    | TX: b'\x10\x18\x1a\x12\n\x10send health data'
2026-02-08 14:01:03 | INFO | Data Link Layer    | TX: b'\x10\x18\x1a\x17\n\x15connected uplink mode'
2026-02-08 14:01:03 | INFO | Data Link Layer    | RX: b'\x10\x18\x1a\x17\n\x15connected uplink mode'
2026-02-08 14:01:04 | INFO | Data Link Layer    | TX: b'\x10\x18\x1a\x16\n\x14burn x = 300 y = 400'
2026-02-08 14:01:04 | INFO | Data Link Layer    | RX: b'\x10\x18\x1a\x16\n\x14burn x = 300 y = 400'
2026-02-08 14:01:05 | INFO | Data Link Layer    | TX: b'\x10\x18\x1a\x12\n\x10send health data'
2026-02-08 14:01:05 | INFO | Data Link Layer    | RX: b'\x10\x18\x1a\x12\n\x10send health data'
2026-02-08 14:01:06 | INFO | Data Link Layer    | TX: b'\x10\x18\x1a\x19\n\x17connected downlink mode'
2026-02-08 14:01:06 | INFO | Data Link Layer    | RX: b'\x10\x18\x1a\x19\n\x17connected downlink mode'
2026-02-08 14:02:16 | INFO | Data Link Layer    | TX: b'\x10\x18\x1a\x16\n\x14burn x = 200 y = 200'
2026-02-08 14:02:16 | INFO | Data Link Layer    | RX: b'\x10\x18\x1a\x16\n\x14burn x = 200 y = 200'
2026-02-08 14:02:17 | INFO | Data Link Layer    | TX: b'\x10\x18\x1a\x12\n\x10send health data'
2026-02-08 14:02:17 | INFO | Data Link Layer    | RX: b'\x10\x18\x1a\x12\n\x10send health data'
2026-02-08 14:02:18 | INFO | Data Link Layer    | TX: b'\x10\x18\x1a\x17\n\x15connected uplink mode'
2026-02-08 14:02:18 | INFO | Data Link Layer    | RX: b'\x10\x18\x1a\x17\n\x15connected uplink mode'
2026-02-08 14:02:19 | INFO | Data Link Layer    | TX: b'\x10\x18\x1a\x16\n\x14burn x = 300 y = 400'
2026-02-08 14:02:19 | INFO | Data Link Layer    | RX: b'\x10\x18\x1a\x16\n\x14burn x = 300 y = 400'
2026-02-08 14:02:20 | INFO | Data Link Layer    | TX: b'\x10\x18\x1a\x12\n\x10send health data'
2026-02-08 14:02:21 | INFO | Data Link Layer    | TX: b'\x10\x18\x1a\x19\n\x17connected downlink mode'
2026-02-08 14:02:21 | INFO | Data Link Layer    | RX: b'\x10\x18\x1a\x19\n\x17connected downlink mode'
2026-02-08 14:02:22 | INFO | Data Link Layer    | TX: b'\x10\x18\x1a\x0c\n\nexit orbit'
2026-02-08 14:02:22 | INFO | Data Link Layer    | RX: b'\x10\x18\x1a\x0c\n\nexit orbit'
2026-02-08 14:02:31 | INFO | Data Link Layer    | TX: b'\x10\x18\x1a\x16\n\x14burn x = 200 y = 200'
2026-02-08 14:02:31 | INFO | Data Link Layer    | RX: b'\x10\x18\x1a\x16\n\x14burn x = 200 y = 200'
2026-02-08 14:02:32 | INFO | Data Link Layer    | TX: b'\x10\x18\x1a\x12\n\x10send health data'
2026-02-08 14:02:32 | INFO | Data Link Layer    | RX: b'\x10\x18\x1a\x12\n\x10send health data'
2026-02-08 14:02:33 | INFO | Data Link Layer    | TX: b'\x10\x18\x1a\x17\n\x15connected uplink mode'
2026-02-08 14:02:33 | INFO | Data Link Layer    | RX: b'\x10\x18\x1a\x17\n\x15connected uplink mode'
2026-02-08 14:02:34 | INFO | Data Link Layer    | TX: b'\x10\x18\x1a\x16\n\x14burn x = 300 y = 400'
2026-02-08 14:02:34 | INFO | Data Link Layer    | RX: b'\x10\x18\x1a\x16\n\x14burn x = 300 y = 400'
2026-02-08 14:02:44 | INFO | Data Link Layer    | TX: b'\x10\x18\x1a\x16\n\x14burn x = 200 y = 200'
2026-02-08 14:02:44 | INFO | Data Link Layer    | RX: b'\x10\x18\x1a\x16\n\x14burn x = 200 y = 200'
2026-02-08 14:02:45 | INFO | Data Link Layer    | TX: b'\x10\x18\x1a\x12\n\x10send health data'
2026-02-08 14:02:45 | INFO | Data Link Layer    | RX: b'\x10\x18\x1a\x12\n\x10send health data'
2026-02-08 14:02:46 | INFO | Data Link Layer    | TX: b'\x10\x18\x1a\x17\n\x15connected uplink mode'
2026-02-08 14:02:46 | INFO | Data Link Layer    | RX: b'\x10\x18\x1a\x17\n\x15connected uplink mode'
2026-02-08 14:02:47 | INFO | Data Link Layer    | TX: b'\x10\x18\x1a\x16\n\x14burn x = 300 y = 400'
2026-02-08 14:02:48 | INFO | Data Link Layer    | TX: b'\x10\x18\x1a\x12\n\x10send health data'
2026-02-08 14:02:48 | INFO | Data Link Layer    | RX: b'\x10\x18\x1a\x12\n\x10send health data'
2026-02-08 14:02:49 | INFO | Data Link Layer    | TX: b'\x10\x18\x1a\x19\n\x17connected downlink mode'
2026-02-08 14:02:49 | INFO | Data Link Layer    | RX: b'\x10\x18\x1a\x19\n\x17connected downlink mode'
2026-02-08 14:03:19 | INFO | Data Link Layer    | TX: b'\x10$\x1a\x1a\x10\x18\x1a\x16\n\x14burn x = 200 y = 200'
2026-02-08 14:03:19 | INFO | Data Link Layer    | RX: b'\x10$\x1a\x1a\x10\x18\x1a\x16\n\x14burn x = 200 y = 200'
2026-02-08 14:03:20 | INFO | Data Link Layer    | TX: b'\x10%\x1a\x16\x10\x18\x1a\x12\n\x10send health data'
2026-02-08 14:03:20 | INFO | Data Link Layer    | RX: b'\x10%\x1a\x16\x10\x18\x1a\x12\n\x10send health data'
2026-02-08 14:03:21 | INFO | Data Link Layer    | TX: b'\x10&\x1a\x1b\x10\x18\x1a\x17\n\x15connected uplink mode'
2026-02-08 14:03:21 | INFO | Data Link Layer    | RX: b'\x10&\x1a\x1b\x10\x18\x1a\x17\n\x15connected uplink mode'
2026-02-08 14:03:22 | INFO | Data Link Layer    | TX: b"\x10'\x1a\x1a\x10\x18\x1a\x16\n\x14burn x = 300 y = 400"
2026-02-08 14:03:22 | INFO | Data Link Layer    | RX: b"\x10'\x1a\x1a\x10\x18\x1a\x16\n\x14burn x = 300 y = 400"
2026-02-08 14:03:23 | INFO | Data Link Layer    | TX: b'\x10(\x1a\x16\x10\x18\x1a\x12\n\x10send health data'
2026-02-08 14:03:23 | INFO | Data Link Layer    | RX: b'\x10(\x1a\x16\x10\x18\x1a\x12\n\x10send health data'
2026-02-08 14:03:24 | INFO | Data Link Layer    | TX: b'\x10)\x1a\x1d\x10\x18\x1a\x19\n\x17connected downlink mode'
2026-02-08 14:03:25 | INFO | Data Link Layer    | TX: b'\x10*\x1a\x10\x10\x18\x1a\x0c\n\nexit orbit'
2026-02-08 14:03:32 | INFO | Data Link Layer    | TX: b'\x10+\x1a\x1a\x10\x18\x1a\x16\n\x14burn x = 200 y = 200'
2026-02-08 14:03:32 | INFO | Data Link Layer    | RX: b'\x10+\x1a\x1a\x10\x18\x1a\x16\n\x14burn x = 200 y = 200'
2026-02-08 14:03:33 | INFO | Data Link Layer    | TX: b'\x10,\x1a\x16\x10\x18\x1a\x12\n\x10send health data'
2026-02-08 14:03:33 | INFO | Data Link Layer    | RX: b'\x10,\x1a\x16\x10\x18\x1a\x12\n\x10send health data'
2026-02-08 14:03:34 | INFO | Data Link Layer    | TX: b'\x10-\x1a\x1b\x10\x18\x1a\x17\n\x15connected uplink mode'
2026-02-08 14:03:34 | INFO | Data Link Layer    | RX: b'\x10-\x1a\x1b\x10\x18\x1a\x17\n\x15connected uplink mode'
2026-02-08 14:03:35 | INFO | Data Link Layer    | TX: b'\x10.\x1a\x1a\x10\x18\x1a\x16\n\x14burn x = 300 y = 400'
2026-02-08 14:03:35 | INFO | Data Link Layer    | RX: b'\x10.\x1a\x1a\x10\x18\x1a\x16\n\x14burn x = 300 y = 400'
2026-02-08 14:03:36 | INFO | Data Link Layer    | TX: b'\x10/\x1a\x16\x10\x18\x1a\x12\n\x10send health data'
2026-02-08 14:03:36 | INFO | Data Link Layer    | RX: b'\x10/\x1a\x16\x10\x18\x1a\x12\n\x10send health data'
2026-02-08 14:03:37 | INFO | Data Link Layer    | TX: b'\x100\x1a\x1d\x10\x18\x1a\x19\n\x17connected downlink mode'
2026-02-08 14:03:37 | INFO | Data Link Layer    | RX: b'\x100\x1a\x1d\x10\x18\x1a\x19\n\x17connected downlink mode'
2026-02-08 14:03:38 | INFO | Data Link Layer    | TX: b'\x101\x1a\x10\x10\x18\x1a\x0c\n\nexit orbit'
2026-02-08 14:03:38 | INFO | Data Link Layer    | RX: b'\x101\x1a\x10\x10\x18\x1a\x0c\n\nexit orbit'
2026-02-08 14:56:46 | INFO | Data Link Layer    | TX: b'\x102\x1a\x1a\x10\x18\x1a\x16\n\x14burn x = 200 y = 200'
2026-02-08 14:56:46 | INFO | Data Link Layer    | RX: b'\x102\x1a\x1a\x10\x18\x1a\x16\n\x14burn x = 200 y = 200'
2026-02-08 14:56:47 | INFO | Data Link Layer    | TX: b'\x103\x1a\x16\x10\x18\x1a\x12\n\x10send health data'
2026-02-08 14:56:47 | INFO | Data Link Layer    | RX: b'\x103\x1a\x16\x10\x18\x1a\x12\n\x10send health data'
2026-02-08 14:56:48 | INFO | Data Link Layer    | TX: b'\x104\x1a\x1b\x10\x18\x1a\x17\n\x15connected uplink mode'
2026-02-08 14:56:48 | INFO | Data Link Layer    | RX: b'\x104\x1a\x1b\x10\x18\x1a\x17\n\x15connected uplink mode'
2026-02-08 14:56:49 | INFO | Data Link Layer    | TX: b'\x105\x1a\x1a\x10\x18\x1a\x16\n\x14burn x = 300 y = 400'
2026-02-08 14:56:49 | INFO | Data Link Layer    | RX: b'\x105\x1a\x1a\x10\x18\x1a\x16\n\x14burn x = 300 y = 400'
2026-02-08 14:56:50 | INFO | Data Link Layer    | TX: b'\x106\x1a\x16\x10\x18\x1a\x12\n\x10send health data'
2026-02-08 14:56:50 | INFO | Data Link Layer    | RX: b'\x106\x1a\x16\x10\x18\x1a\x12\n\x10send health data'
2026-02-08 14:56:51 | INFO | Data Link Layer    | TX: b'\x107\x1a\x1d\x10\x18\x1a\x19\n\x17connected downlink mode'
2026-02-08 14:56:51 | INFO | Data Link Layer    | RX: b'\x107\x1a\x1d\x10\x18\x1a\x19\n\x17connected downlink mode'
2026-02-08 14:56:52 | INFO | Data Link Layer    | TX: b'\x108\x1a\x10\x10\x18\x1a\x0c\n\nexit orbit'
2026-02-08 14:56:52 | INFO | Data Link Layer    | RX: b'\x108\x1a\x10\x10\x18\x1a\x0c\n\nexit orbit'
2026-02-08 14:57:38 | INFO | Data Link Layer    | TX: b'\x109\x1a\x1a\x10\x18\x1a\x16\n\x14burn x = 200 y = 200'
2026-02-08 14:57:38 | INFO | Data Link Layer    | RX: b'\x109\x1a\x1a\x10\x18\x1a\x16\n\x14burn x = 200 y = 200'
2026-02-08 14:57:39 | INFO | Data Link Layer    | TX: b'\x10:\x1a\x16\x10\x18\x1a\x12\n\x10send health data'
2026-02-08 14:57:39 | INFO | Data Link Layer    | RX: b'\x10:\x1a\x16\x10\x18\x1a\x12\n\x10send health data'
2026-02-08 14:57:40 | INFO | Data Link Layer    | TX: b'\x10;\x1a\x1b\x10\x18\x1a\x17\n\x15connected uplink mode'
2026-02-08 14:57:40 | INFO | Data Link Layer    | RX: b'\x10;\x1a\x1b\x10\x18\x1a\x17\n\x15connected uplink mode'
2026-02-08 14:57:41 | INFO | Data Link Layer    | TX: b'\x10<\x1a\x1a\x10\x18\x1a\x16\n\x14burn x = 300 y = 400'
2026-02-08 14:57:41 | INFO | Data Link Layer    | RX: b'\x10<\x1a\x1a\x10\x18\x1a\x16\n\x14burn x = 300 y = 400'
2026-02-08 14:58:43 | INFO | Data Link Layer    | TX: b'\x10=\x1a\x1a\x10\x18\x1a\x16\n\x14burn x = 200 y = 200'
2026-02-08 14:58:43 | INFO | Data Link Layer    | RX: b'\x10=\x1a\x1a\x10\x18\x1a\x16\n\x14burn x = 200 y = 200'
2026-02-08 14:58:44 | INFO | Data Link Layer    | TX: b'\x10>\x1a\x16\x10\x18\x1a\x12\n\x10send health data'
2026-02-08 14:58:44 | INFO | Data Link Layer    | RX: b'\x10>\x1a\x16\x10\x18\x1a\x12\n\x10send health data'
2026-02-08 14:58:45 | INFO | Data Link Layer    | TX: b'\x10?\x1a\x1b\x10\x18\x1a\x17\n\x15connected uplink mode'
2026-02-08 14:58:45 | INFO | Data Link Layer    | RX: b'\x10?\x1a\x1b\x10\x18\x1a\x17\n\x15connected uplink mode'
2026-02-08 14:58:46 | INFO | Data Link Layer    | TX: b'\x10@\x1a\x1a\x10\x18\x1a\x16\n\x14burn x = 300 y = 400'
2026-02-08 14:58:46 | INFO | Data Link Layer    | RX: b'\x10@\x1a\x1a\x10\x18\x1a\x16\n\x14burn x = 300 y = 400'
2026-02-08 14:58:48 | INFO | Data Link Layer    | TX: b'\x10A\x1a\x16\x10\x18\x1a\x12\n\x10send health data'
2026-02-08 14:58:48 | INFO | Data Link Layer    | RX: b'\x10A\x1a\x16\x10\x18\x1a\x12\n\x10send health data'
2026-02-08 14:58:49 | INFO | Data Link Layer    | TX: b'\x10B\x1a\x1d\x10\x18\x1a\x19\n\x17connected downlink mode'
2026-02-08 14:58:49 | INFO | Data Link Layer    | RX: b'\x10B\x1a\x1d\x10\x18\x1a\x19\n\x17connected downlink mode'
2026-02-08 14:58:50 | INFO | Data Link Layer    | TX: b'\x10C\x1a\x10\x10\x18\x1a\x0c\n\nexit orbit'
2026-02-08 14:58:50 | INFO | Data Link Layer    | RX: b'\x10C\x1a\x10\x10\x18\x1a\x0c\n\nexit orbit'
2026-02-08 14:58:53 | INFO | Data Link Layer    | TX: b'\x10D\x1a\x1a\x10\x18\x1a\x16\n\x14burn x = 200 y = 200'
2026-02-08 14:58:53 | INFO | Data Link Layer    | RX: b'\x10D\x1a\x1a\x10\x18\x1a\x16\n\x14burn x = 200 y = 200'
2026-02-08 14:58:54 | INFO | Data Link Layer    | TX: b'\x10E\x1a\x16\x10\x18\x1a\x12\n\x10send health data'
2026-02-08 14:58:54 | INFO | Data Link Layer    | RX: b'\x10E\x1a\x16\x10\x18\x1a\x12\n\x10send health data'
2026-02-08 14:58:55 | INFO | Data Link Layer    | TX: b'\x10F\x1a\x1b\x10\x18\x1a\x17\n\x15connected uplink mode'
2026-02-08 14:58:55 | INFO | Data Link Layer    | RX: b'\x10F\x1a\x1b\x10\x18\x1a\x17\n\x15connected uplink mode'
2026-02-08 14:58:56 | INFO | Data Link Layer    | TX: b'\x10G\x1a\x1a\x10\x18\x1a\x16\n\x14burn x = 300 y = 400'
2026-02-08 14:58:56 | INFO | Data Link Layer    | RX: b'\x10G\x1a\x1a\x10\x18\x1a\x16\n\x14burn x = 300 y = 400'
2026-02-08 14:58:57 | INFO | Data Link Layer    | TX: b'\x10H\x1a\x16\x10\x18\x1a\x12\n\x10send health data'
2026-02-08 14:58:57 | INFO | Data Link Layer    | RX: b'\x10H\x1a\x16\x10\x18\x1a\x12\n\x10send health data'
2026-02-08 14:58:58 | INFO | Data Link Layer    | TX: b'\x10I\x1a\x1d\x10\x18\x1a\x19\n\x17connected downlink mode'
2026-02-08 14:58:58 | INFO | Data Link Layer    | RX: b'\x10I\x1a\x1d\x10\x18\x1a\x19\n\x17connected downlink mode'
2026-02-08 14:58:59 | INFO | Data Link Layer    | TX: b'\x10J\x1a\x10\x10\x18\x1a\x0c\n\nexit orbit'
2026-02-08 14:58:59 | INFO | Data Link Layer    | RX: b'\x10J\x1a\x10\x10\x18\x1a\x0c\n\nexit orbit'
2026-02-08 14:59:56 | INFO | Data Link Layer    | TX: b'\x10K\x1a\x1a\x10\x18\x1a\x16\n\x14burn x = 200 y = 200'
2026-02-08 14:59:56 | INFO | Data Link Layer    | RX: b'\x10K\x1a\x1a\x10\x18\x1a\x16\n\x14burn x = 200 y = 200'
2026-02-08 14:59:57 | INFO | Data Link Layer    | TX: b'\x10L\x1a\x16\x10\x18\x1a\x12\n\x10send health data'
2026-02-08 14:59:57 | INFO | Data Link Layer    | RX: b'\x10L\x1a\x16\x10\x18\x1a\x12\n\x10send health data'
2026-02-08 14:59:58 | INFO | Data Link Layer    | TX: b'\x10M\x1a\x1b\x10\x18\x1a\x17\n\x15connected uplink mode'
2026-02-08 14:59:58 | INFO | Data Link Layer    | RX: b'\x10M\x1a\x1b\x10\x18\x1a\x17\n\x15connected uplink mode'
2026-02-08 14:59:59 | INFO | Data Link Layer    | TX: b'\x10N\x1a\x1a\x10\x18\x1a\x16\n\x14burn x = 300 y = 400'
2026-02-08 14:59:59 | INFO | Data Link Layer    | RX: b'\x10N\x1a\x1a\x10\x18\x1a\x16\n\x14burn x = 300 y = 400'
2026-02-08 15:00:00 | INFO | Data Link Layer    | TX: b'\x10O\x1a\x16\x10\x18\x1a\x12\n\x10send health data'
2026-02-08 15:00:00 | INFO | Data Link Layer    | RX: b'\x10O\x1a\x16\x10\x18\x1a\x12\n\x10send health data'
2026-02-08 15:00:01 | INFO | Data Link Layer    | TX: b'\x10P\x1a\x1d\x10\x18\x1a\x19\n\x17connected downlink mode'
2026-02-08 15:00:01 | INFO | Data Link Layer    | RX: b'\x10P\x1a\x1d\x10\x18\x1a\x19\n\x17connected downlink mode'
2026-02-08 15:03:37 | INFO | Data Link Layer    | TX: b'\x10Q\x1a\x1a\x10\x18\x1a\x16\n\x14burn x = 200 y = 200'
2026-02-08 15:03:37 | INFO | Data Link Layer    | RX: b'\x10Q\x1a\x1a\x10\x18\x1a\x16\n\x14burn x = 200 y = 200'
2026-02-08 15:03:38 | INFO | Data Link Layer    | TX: b'\x10R\x1a\x16\x10\x18\x1a\x12\n\x10send health data'
2026-02-08 15:03:38 | INFO | Data Link Layer    | RX: b'\x10R\x1a\x16\x10\x18\x1a\x12\n\x10send health data'
2026-02-08 15:03:39 | INFO | Data Link Layer    | TX: b'\x10S\x1a\x1b\x10\x18\x1a\x17\n\x15connected uplink mode'
2026-02-08 15:03:39 | INFO | Data Link Layer    | RX: b'\x10S\x1a\x1b\x10\x18\x1a\x17\n\x15connected uplink mode'
2026-02-08 15:03:40 | INFO | Data Link Layer    | TX: b'\x10T\x1a\x1a\x10\x18\x1a\x16\n\x14burn x = 300 y = 400'
2026-02-08 15:03:40 | INFO | Data Link Layer    | RX: b'\x10T\x1a\x1a\x10\x18\x1a\x16\n\x14burn x = 300 y = 400'
2026-02-08 15:03:41 | INFO | Data Link Layer    | TX: b'\x10U\x1a\x16\x10\x18\x1a\x12\n\x10send health data'
2026-02-08 15:03:41 | INFO | Data Link Layer    | RX: b'\x10U\x1a\x16\x10\x18\x1a\x12\n\x10send health data'
2026-02-08 15:03:42 | INFO | Data Link Layer    | TX: b'\x10V\x1a\x1d\x10\x18\x1a\x19\n\x17connected downlink mode'
2026-02-08 15:03:42 | INFO | Data Link Layer    | RX: b'\x10V\x1a\x1d\x10\x18\x1a\x19\n\x17connected downlink mode'
2026-02-08 15:03:43 | INFO | Data Link Layer    | TX: b'\x10W\x1a\x10\x10\x18\x1a\x0c\n\nexit orbit'
2026-02-08 15:03:43 | INFO | Data Link Layer    | RX: b'\x10W\x1a\x10\x10\x18\x1a\x0c\n\nexit orbit'
2026-02-08 16:08:57 | INFO | Data Link Layer    | TX: b'\x10X\x1a\x1a\x10\x18\x1a\x16\n\x14burn x = 200 y = 200'
2026-02-08 16:08:57 | INFO | Data Link Layer    | RX: b'\x10X\x1a\x1a\x10\x18\x1a\x16\n\x14burn x = 200 y = 200'
2026-02-08 16:08:58 | INFO | Data Link Layer    | TX: b'\x10Y\x1a\x16\x10\x18\x1a\x12\n\x10send health data'
2026-02-08 16:08:58 | INFO | Data Link Layer    | RX: b'\x10Y\x1a\x16\x10\x18\x1a\x12\n\x10send health data'
2026-02-08 16:08:59 | INFO | Data Link Layer    | TX: b'\x10Z\x1a\x1b\x10\x18\x1a\x17\n\x15connected uplink mode'
2026-02-08 16:09:00 | INFO | Data Link Layer    | TX: b'\x10[\x1a\x1a\x10\x18\x1a\x16\n\x14burn x = 300 y = 400'
2026-02-08 16:09:00 | INFO | Data Link Layer    | RX: b'\x10[\x1a\x1a\x10\x18\x1a\x16\n\x14burn x = 300 y = 400'
2026-02-08 16:09:01 | INFO | Data Link Layer    | TX: b'\x10\\\x1a\x16\x10\x18\x1a\x12\n\x10send health data'
2026-02-08 16:09:01 | INFO | Data Link Layer    | RX: b'\x10\\\x1a\x16\x10\x18\x1a\x12\n\x10send health data'
2026-02-08 16:09:02 | INFO | Data Link Layer    | TX: b'\x10]\x1a\x1d\x10\x18\x1a\x19\n\x17connected downlink mode'
2026-02-08 16:09:03 | INFO | Data Link Layer    | TX: b'\x10^\x1a\x10\x10\x18\x1a\x0c\n\nexit orbit'
2026-02-08 16:09:03 | INFO | Data Link Layer    | RX: b'\x10^\x1a\x10\x10\x18\x1a\x0c\n\nexit orbit'
2026-02-08 16:09:34 | INFO | Data Link Layer    | TX: b'\x10_\x1a\x1a\x10\x18\x1a\x16\n\x14burn x = 200 y = 200'
2026-02-08 16:09:34 | INFO | Data Link Layer    | RX: b'\x10_\x1a\x1a\x10\x18\x1a\x16\n\x14burn x = 200 y = 200'
2026-02-08 16:09:35 | INFO | Data Link Layer    | TX: b'\x10`\x1a\x16\x10\x18\x1a\x12\n\x10send health data'
2026-02-08 16:09:35 | INFO | Data Link Layer    | RX: b'\x10`\x1a\x16\x10\x18\x1a\x12\n\x10send health data'
2026-02-08 16:09:36 | INFO | Data Link Layer    | TX: b'\x10a\x1a\x1b\x10\x18\x1a\x17\n\x15connected uplink mode'
2026-02-08 16:09:36 | INFO | Data Link Layer    | RX: b'\x10a\x1a\x1b\x10\x18\x1a\x17\n\x15connected uplink mode'
2026-02-08 16:09:37 | INFO | Data Link Layer    | TX: b'\x10b\x1a\x1a\x10\x18\x1a\x16\n\x14burn x = 300 y = 400'
2026-02-08 16:09:37 | INFO | Data Link Layer    | RX: b'\x10b\x1a\x1a\x10\x18\x1a\x16\n\x14burn x = 300 y = 400'
2026-02-08 16:09:38 | INFO | Data Link Layer    | TX: b'\x10c\x1a\x16\x10\x18\x1a\x12\n\x10send health data'
2026-02-08 16:09:39 | INFO | Data Link Layer    | TX: b'\x10d\x1a\x1d\x10\x18\x1a\x19\n\x17connected downlink mode'
2026-02-08 16:09:39 | INFO | Data Link Layer    | RX: b'\x10d\x1a\x1d\x10\x18\x1a\x19\n\x17connected downlink mode'
2026-02-08 16:09:40 | INFO | Data Link Layer    | TX: b'\x10e\x1a\x10\x10\x18\x1a\x0c\n\nexit orbit'
2026-02-08 16:09:40 | INFO | Data Link Layer    | RX: b'\x10e\x1a\x10\x10\x18\x1a\x0c\n\nexit orbit'
2026-02-08 16:10:29 | INFO | Data Link Layer    | TX: b'\x10f\x1a\x1a\x10\x18\x1a\x16\n\x14burn x = 200 y = 200'
2026-02-08 16:10:29 | INFO | Data Link Layer    | RX: b'\x10f\x1a\x1a\x10\x18\x1a\x16\n\x14burn x = 200 y = 200'
2026-02-08 16:10:30 | INFO | Data Link Layer    | TX: b'\x10g\x1a\x16\x10\x18\x1a\x12\n\x10send health data'
2026-02-08 16:10:30 | INFO | Data Link Layer    | RX: b'\x10g\x1a\x16\x10\x18\x1a\x12\n\x10send health data'
2026-02-08 16:11:49 | INFO | Data Link Layer    | TX: b'\x10h\x1a\x1a\x10\x18\x1a\x16\n\x14burn x = 200 y = 200'
2026-02-08 16:11:49 | INFO | Data Link Layer    | RX: b'\x10h\x1a\x1a\x10\x18\x1a\x16\n\x14burn x = 200 y = 200'
2026-02-08 16:11:50 | INFO | Data Link Layer    | TX: b'\x10i\x1a\x16\x10\x18\x1a\x12\n\x10send health data'
2026-02-08 16:11:50 | INFO | Data Link Layer    | RX: b'\x10i\x1a\x16\x10\x18\x1a\x12\n\x10send health data'
2026-02-08 16:11:51 | INFO | Data Link Layer    | TX: b'\x10j\x1a\x1b\x10\x18\x1a\x17\n\x15connected uplink mode'
2026-02-08 16:11:51 | INFO | Data Link Layer    | RX: b'\x10j\x1a\x1b\x10\x18\x1a\x17\n\x15connected uplink mode'
2026-02-08 16:11:52 | INFO | Data Link Layer    | TX: b'\x10k\x1a\x1a\x10\x18\x1a\x16\n\x14burn x = 300 y = 400'
2026-02-08 16:11:52 | INFO | Data Link Layer    | RX: b'\x10k\x1a\x1a\x10\x18\x1a\x16\n\x14burn x = 300 y = 400'
2026-02-08 16:11:53 | INFO | Data Link Layer    | TX: b'\x10l\x1a\x16\x10\x18\x1a\x12\n\x10send health data'
2026-02-08 16:11:53 | INFO | Data Link Layer    | RX: b'\x10l\x1a\x16\x10\x18\x1a\x12\n\x10send health data'
2026-02-08 16:11:54 | INFO | Data Link Layer    | TX: b'\x10m\x1a\x1d\x10\x18\x1a\x19\n\x17connected downlink mode'
2026-02-08 16:11:55 | INFO | Data Link Layer    | TX: b'\x10n\x1a\x10\x10\x18\x1a\x0c\n\nexit orbit'
2026-02-08 16:11:55 | INFO | Data Link Layer    | RX: b'\x10n\x1a\x10\x10\x18\x1a\x0c\n\nexit orbit'
2026-02-08 16:14:24 | INFO | Data Link Layer    | TX: b'\x10o\x1a\x1a\x10\x18\x1a\x16\n\x14burn x = 200 y = 200'
2026-02-08 16:14:24 | INFO | Data Link Layer    | RX: b'\x10o\x1a\x1a\x10\x18\x1a\x16\n\x14burn x = 200 y = 200'
2026-02-08 16:14:25 | INFO | Data Link Layer    | TX: b'\x10p\x1a\x16\x10\x18\x1a\x12\n\x10send health data'
2026-02-08 16:14:25 | INFO | Data Link Layer    | RX: b'\x10p\x1a\x16\x10\x18\x1a\x12\n\x10send health data'
2026-02-08 16:14:26 | INFO | Data Link Layer    | TX: b'\x10q\x1a\x1b\x10\x18\x1a\x17\n\x15connected uplink mode'
2026-02-08 16:14:26 | INFO | Data Link Layer    | RX: b'\x10q\x1a\x1b\x10\x18\x1a\x17\n\x15connected uplink mode'
2026-02-08 16:14:27 | INFO | Data Link Layer    | TX: b'\x10r\x1a\x1a\x10\x18\x1a\x16\n\x14burn x = 300 y = 400'
2026-02-08 16:14:27 | INFO | Data Link Layer    | RX: b'\x10r\x1a\x1a\x10\x18\x1a\x16\n\x14burn x = 300 y = 400'
2026-02-08 16:14:28 | INFO | Data Link Layer    | TX: b'\x10s\x1a\x16\x10\x18\x1a\x12\n\x10send health data'
2026-02-08 16:14:28 | INFO | Data Link Layer    | RX: b'\x10s\x1a\x16\x10\x18\x1a\x12\n\x10send health data'
2026-02-08 16:14:29 | INFO | Data Link Layer    | TX: b'\x10t\x1a\x1d\x10\x18\x1a\x19\n\x17connected downlink mode'
2026-02-08 16:14:29 | INFO | Data Link Layer    | RX: b'\x10t\x1a\x1d\x10\x18\x1a\x19\n\x17connected downlink mode'
2026-02-08 16:14:30 | INFO | Data Link Layer    | TX: b'\x10u\x1a\x10\x10\x18\x1a\x0c\n\nexit orbit'
2026-02-08 16:14:30 | INFO | Data Link Layer    | RX: b'\x10u\x1a\x10\x10\x18\x1a\x0c\n\nexit orbit'
2026-02-08 16:16:36 | INFO | Data Link Layer    | TX: b'\x10v\x1a\x1a\x10\x18\x1a\x16\n\x14burn x = 200 y = 200'
2026-02-08 16:16:36 | INFO | Data Link Layer    | RX: b'\x10v\x1a\x1a\x10\x18\x1a\x16\n\x14burn x = 200 y = 200'
2026-02-08 16:16:37 | INFO | Data Link Layer    | TX: b'\x10w\x1a\x16\x10\x18\x1a\x12\n\x10send health data'
2026-02-08 16:16:37 | INFO | Data Link Layer    | RX: b'\x10w\x1a\x16\x10\x18\x1a\x12\n\x10send health data'
2026-02-08 16:16:38 | INFO | Data Link Layer    | TX: b'\x10x\x1a\x1b\x10\x18\x1a\x17\n\x15connected uplink mode'
2026-02-08 16:16:38 | INFO | Data Link Layer    | RX: b'\x10x\x1a\x1b\x10\x18\x1a\x17\n\x15connected uplink mode'
2026-02-08 16:16:39 | INFO | Data Link Layer    | TX: b'\x10y\x1a\x1a\x10\x18\x1a\x16\n\x14burn x = 300 y = 400'
2026-02-08 16:16:39 | INFO | Data Link Layer    | RX: b'\x10y\x1a\x1a\x10\x18\x1a\x16\n\x14burn x = 300 y = 400'
2026-02-08 16:16:40 | INFO | Data Link Layer    | TX: b'\x10z\x1a\x16\x10\x18\x1a\x12\n\x10send health data'
2026-02-08 16:16:40 | INFO | Data Link Layer    | RX: b'\x10z\x1a\x16\x10\x18\x1a\x12\n\x10send health data'
2026-02-08 16:16:41 | INFO | Data Link Layer    | TX: b'\x10{\x1a\x1d\x10\x18\x1a\x19\n\x17connected downlink mode'
2026-02-08 16:16:41 | INFO | Data Link Layer    | RX: b'\x10{\x1a\x1d\x10\x18\x1a\x19\n\x17connected downlink mode'
2026-02-08 16:16:42 | INFO | Data Link Layer    | TX: b'\x10|\x1a\x10\x10\x18\x1a\x0c\n\nexit orbit'
2026-02-08 16:16:42 | INFO | Data Link Layer    | RX: b'\x10|\x1a\x10\x10\x18\x1a\x0c\n\nexit orbit'
2026-02-08 16:18:46 | INFO | Data Link Layer    | TX: b'\x10}\x1a\x1a\x10\x18\x1a\x16\n\x14burn x = 200 y = 200'
2026-02-08 16:18:46 | INFO | Data Link Layer    | RX: b'\x10}\x1a\x1a\x10\x18\x1a\x16\n\x14burn x = 200 y = 200'
2026-02-08 16:18:47 | INFO | Data Link Layer    | TX: b'\x10~\x1a\x16\x10\x18\x1a\x12\n\x10send health data'
2026-02-08 16:18:47 | INFO | Data Link Layer    | RX: b'\x10~\x1a\x16\x10\x18\x1a\x12\n\x10send health data'
2026-02-08 16:18:48 | INFO | Data Link Layer    | TX: b'\x10\x7f\x1a\x1b\x10\x18\x1a\x17\n\x15connected uplink mode'
2026-02-08 16:18:48 | INFO | Data Link Layer    | RX: b'\x10\x7f\x1a\x1b\x10\x18\x1a\x17\n\x15connected uplink mode'
2026-02-08 16:18:49 | INFO | Data Link Layer    | TX: b'\x10\x80\x01\x1a\x1a\x10\x18\x1a\x16\n\x14burn x = 300 y = 400'
2026-02-08 16:18:49 | INFO | Data Link Layer    | RX: b'\x10\x80\x01\x1a\x1a\x10\x18\x1a\x16\n\x14burn x = 300 y = 400'
2026-02-08 16:18:50 | INFO | Data Link Layer    | TX: b'\x10\x81\x01\x1a\x16\x10\x18\x1a\x12\n\x10send health data'
2026-02-08 16:18:50 | INFO | Data Link Layer    | RX: b'\x10\x81\x01\x1a\x16\x10\x18\x1a\x12\n\x10send health data'
2026-02-08 16:18:51 | INFO | Data Link Layer    | TX: b'\x10\x82\x01\x1a\x1d\x10\x18\x1a\x19\n\x17connected downlink mode'
2026-02-08 16:18:52 | INFO | Data Link Layer    | TX: b'\x10\x83\x01\x1a\x10\x10\x18\x1a\x0c\n\nexit orbit'
2026-02-08 16:18:52 | INFO | Data Link Layer    | RX: b'\x10\x83\x01\x1a\x10\x10\x18\x1a\x0c\n\nexit orbit'
2026-02-08 16:20:39 | INFO | Data Link Layer    | TX: b'\x10\x84\x01\x1a\x1a\x10\x18\x1a\x16\n\x14burn x = 200 y = 200'
2026-02-08 16:20:39 | INFO | Data Link Layer    | RX: b'\x10\x84\x01\x1a\x1a\x10\x18\x1a\x16\n\x14burn x = 200 y = 200'
2026-02-08 16:20:40 | INFO | Data Link Layer    | TX: b'\x10\x85\x01\x1a\x16\x10\x18\x1a\x12\n\x10send health data'
2026-02-08 16:20:40 | INFO | Data Link Layer    | RX: b'\x10\x85\x01\x1a\x16\x10\x18\x1a\x12\n\x10send health data'
2026-02-08 16:20:41 | INFO | Data Link Layer    | TX: b'\x10\x86\x01\x1a\x1b\x10\x18\x1a\x17\n\x15connected uplink mode'
2026-02-08 16:20:41 | INFO | Data Link Layer    | RX: b'\x10\x86\x01\x1a\x1b\x10\x18\x1a\x17\n\x15connected uplink mode'
2026-02-08 16:20:42 | INFO | Data Link Layer    | TX: b'\x10\x87\x01\x1a\x1a\x10\x18\x1a\x16\n\x14burn x = 300 y = 400'
2026-02-08 16:20:42 | INFO | Data Link Layer    | RX: b'\x10\x87\x01\x1a\x1a\x10\x18\x1a\x16\n\x14burn x = 300 y = 400'
2026-02-08 16:20:43 | INFO | Data Link Layer    | TX: b'\x10\x88\x01\x1a\x16\x10\x18\x1a\x12\n\x10send health data'
2026-02-08 16:20:43 | INFO | Data Link Layer    | RX: b'\x10\x88\x01\x1a\x16\x10\x18\x1a\x12\n\x10send health data'
2026-02-08 16:20:44 | INFO | Data Link Layer    | TX: b'\x10\x89\x01\x1a\x1d\x10\x18\x1a\x19\n\x17connected downlink mode'
2026-02-08 16:20:45 | INFO | Data Link Layer    | TX: b'\x10\x8a\x01\x1a\x10\x10\x18\x1a\x0c\n\nexit orbit'
2026-02-08 16:20:45 | INFO | Data Link Layer    | RX: b'\x10\x8a\x01\x1a\x10\x10\x18\x1a\x0c\n\nexit orbit'
2026-02-08 16:22:56 | INFO | Data Link Layer    | TX: b'\x10\x8b\x01\x1a\x1a\x10\x18\x1a\x16\n\x14burn x = 200 y = 200'
2026-02-08 16:22:56 | INFO | Data Link Layer    | RX: b'\x10\x8b\x01\x1a\x1a\x10\x18\x1a\x16\n\x14burn x = 200 y = 200'
2026-02-08 16:22:57 | INFO | Data Link Layer    | TX: b'\x10\x8c\x01\x1a\x16\x10\x18\x1a\x12\n\x10send health data'
2026-02-08 16:22:57 | INFO | Data Link Layer    | RX: b'\x10\x8c\x01\x1a\x16\x10\x18\x1a\x12\n\x10send health data'
2026-02-08 16:22:58 | INFO | Data Link Layer    | TX: b'\x10\x8d\x01\x1a\x1b\x10\x18\x1a\x17\n\x15connected uplink mode'
2026-02-08 16:22:59 | INFO | Data Link Layer    | TX: b'\x10\x8e\x01\x1a\x1a\x10\x18\x1a\x16\n\x14burn x = 300 y = 400'
2026-02-08 16:22:59 | INFO | Data Link Layer    | RX: b'\x10\x8e\x01\x1a\x1a\x10\x18\x1a\x16\n\x14burn x = 300 y = 400'
2026-02-08 16:23:00 | INFO | Data Link Layer    | TX: b'\x10\x8f\x01\x1a\x16\x10\x18\x1a\x12\n\x10send health data'
2026-02-08 16:23:00 | INFO | Data Link Layer    | RX: b'\x10\x8f\x01\x1a\x16\x10\x18\x1a\x12\n\x10send health data'
2026-02-08 16:23:01 | INFO | Data Link Layer    | TX: b'\x10\x90\x01\x1a\x1d\x10\x18\x1a\x19\n\x17connected downlink mode'
2026-02-08 16:23:01 | INFO | Data Link Layer    | RX: b'\x10\x90\x01\x1a\x1d\x10\x18\x1a\x19\n\x17connected downlink mode'
2026-02-08 16:23:02 | INFO | Data Link Layer    | TX: b'\x10\x91\x01\x1a\x10\x10\x18\x1a\x0c\n\nexit orbit'
2026-02-08 16:23:02 | INFO | Data Link Layer    | RX: b'\x10\x91\x01\x1a\x10\x10\x18\x1a\x0c\n\nexit orbit'
2026-02-08 16:24:23 | INFO | Data Link Layer    | TX: b'\x10\x92\x01\x1a\x1a\x10\x18\x1a\x16\n\x14burn x = 200 y = 200'
2026-02-08 16:24:23 | INFO | Data Link Layer    | RX: b'\x10\x92\x01\x1a\x1a\x10\x18\x1a\x16\n\x14burn x = 200 y = 200'
2026-02-08 16:24:24 | INFO | Data Link Layer    | TX: b'\x10\x93\x01\x1a\x16\x10\x18\x1a\x12\n\x10send health data'
2026-02-08 16:24:24 | INFO | Data Link Layer    | RX: b'\x10\x93\x01\x1a\x16\x10\x18\x1a\x12\n\x10send health data'
2026-02-08 16:24:25 | INFO | Data Link Layer    | TX: b'\x10\x94\x01\x1a\x1b\x10\x18\x1a\x17\n\x15connected uplink mode'
2026-02-08 16:24:25 | INFO | Data Link Layer    | RX: b'\x10\x94\x01\x1a\x1b\x10\x18\x1a\x17\n\x15connected uplink mode'
2026-02-08 16:24:26 | INFO | Data Link Layer    | TX: b'\x10\x95\x01\x1a\x1a\x10\x18\x1a\x16\n\x14burn x = 300 y = 400'
2026-02-08 16:24:27 | INFO | Data Link Layer    | TX: b'\x10\x96\x01\x1a\x16\x10\x18\x1a\x12\n\x10send health data'
2026-02-08 16:24:28 | INFO | Data Link Layer    | TX: b'\x10\x97\x01\x1a\x1d\x10\x18\x1a\x19\n\x17connected downlink mode'
2026-02-08 16:24:28 | INFO | Data Link Layer    | RX: b'\x10\x97\x01\x1a\x1d\x10\x18\x1a\x19\n\x17connected downlink mode'
2026-02-08 16:24:29 | INFO | Data Link Layer    | TX: b'\x10\x98\x01\x1a\x10\x10\x18\x1a\x0c\n\nexit orbit'
2026-02-08 16:24:29 | INFO | Data Link Layer    | RX: b'\x10\x98\x01\x1a\x10\x10\x18\x1a\x0c\n\nexit orbit'
2026-02-08 16:44:53 | INFO | Data Link Layer    | TX: b'\x10\x9a\x01\x1a\x1a\x10\x18\x1a\x16\n\x14burn x = 200 y = 200'
2026-02-08 16:44:53 | INFO | Data Link Layer    | RX: b'\x10\x9a\x01\x1a\x1a\x10\x18\x1a\x16\n\x14burn x = 200 y = 200'
2026-02-08 16:44:54 | INFO | Data Link Layer    | TX: b'\x10\x9b\x01\x1a\x16\x10\x18\x1a\x12\n\x10send health data'
2026-02-08 16:44:55 | INFO | Data Link Layer    | TX: b'\x10\x9c\x01\x1a\x1b\x10\x18\x1a\x17\n\x15connected uplink mode'
2026-02-08 16:44:55 | INFO | Data Link Layer    | RX: b'\x10\x9c\x01\x1a\x1b\x10\x18\x1a\x17\n\x15connected uplink mode'
2026-02-08 16:44:56 | INFO | Data Link Layer    | TX: b'\x10\x9d\x01\x1a\x1a\x10\x18\x1a\x16\n\x14burn x = 300 y = 400'
2026-02-08 16:44:56 | INFO | Data Link Layer    | RX: b'\x10\x9d\x01\x1a\x1a\x10\x18\x1a\x16\n\x14burn x = 300 y = 400'
2026-02-08 16:44:57 | INFO | Data Link Layer    | TX: b'\x10\x9e\x01\x1a\x16\x10\x18\x1a\x12\n\x10send health data'
2026-02-08 16:44:57 | INFO | Data Link Layer    | RX: b'\x10\x9e\x01\x1a\x16\x10\x18\x1a\x12\n\x10send health data'
2026-02-08 16:45:19 | INFO | Data Link Layer    | TX: b'\x10\x9f\x01\x1a\x1a\x10\x18\x1a\x16\n\x14burn x = 200 y = 200'
2026-02-08 16:45:19 | INFO | Data Link Layer    | RX: b'\x10\x9f\x01\x1a\x1a\x10\x18\x1a\x16\n\x14burn x = 200 y = 200'
2026-02-08 16:45:20 | INFO | Data Link Layer    | TX: b'\x10\xa0\x01\x1a\x16\x10\x18\x1a\x12\n\x10send health data'
2026-02-08 16:45:20 | INFO | Data Link Layer    | RX: b'\x10\xa0\x01\x1a\x16\x10\x18\x1a\x12\n\x10send health data'
2026-02-08 16:45:21 | INFO | Data Link Layer    | TX: b'\x10\xa1\x01\x1a\x1b\x10\x18\x1a\x17\n\x15connected uplink mode'
2026-02-08 16:45:21 | INFO | Data Link Layer    | RX: b'\x10\xa1\x01\x1a\x1b\x10\x18\x1a\x17\n\x15connected uplink mode'
2026-02-08 16:45:22 | INFO | Data Link Layer    | TX: b'\x10\xa2\x01\x1a\x1a\x10\x18\x1a\x16\n\x14burn x = 300 y = 400'
2026-02-08 16:45:22 | INFO | Data Link Layer    | RX: b'\x10\xa2\x01\x1a\x1a\x10\x18\x1a\x16\n\x14burn x = 300 y = 400'
2026-02-08 16:45:23 | INFO | Data Link Layer    | TX: b'\x10\xa3\x01\x1a\x16\x10\x18\x1a\x12\n\x10send health data'
2026-02-08 16:45:24 | INFO | Data Link Layer    | TX: b'\x10\xa4\x01\x1a\x1d\x10\x18\x1a\x19\n\x17connected downlink mode'
2026-02-08 16:45:24 | INFO | Data Link Layer    | RX: b'\x10\xa4\x01\x1a\x1d\x10\x18\x1a\x19\n\x17connected downlink mode'
2026-02-08 16:45:25 | INFO | Data Link Layer    | TX: b'\x10\xa5\x01\x1a\x10\x10\x18\x1a\x0c\n\nexit orbit'
2026-02-08 16:45:25 | INFO | Data Link Layer    | RX: b'\x10\xa5\x01\x1a\x10\x10\x18\x1a\x0c\n\nexit orbit'
2026-02-08 16:48:00 | INFO | Data Link Layer    | TX: b'\x1a\x1a\x10\x18\x1a\x16\n\x14burn x = 200 y = 200'
2026-02-08 16:48:00 | INFO | Data Link Layer    | RX: b'\x1a\x1a\x10\x18\x1a\x16\n\x14burn x = 200 y = 200'
2026-02-08 16:48:01 | INFO | Data Link Layer    | TX: b'\x10\x01\x1a\x16\x10\x18\x1a\x12\n\x10send health data'
2026-02-08 16:48:01 | INFO | Data Link Layer    | RX: b'\x10\x01\x1a\x16\x10\x18\x1a\x12\n\x10send health data'
2026-02-08 16:48:02 | INFO | Data Link Layer    | TX: b'\x10\x02\x1a\x1b\x10\x18\x1a\x17\n\x15connected uplink mode'
2026-02-08 16:48:02 | INFO | Data Link Layer    | RX: b'\x10\x02\x1a\x1b\x10\x18\x1a\x17\n\x15connected uplink mode'
2026-02-08 16:48:03 | INFO | Data Link Layer    | TX: b'\x10\x03\x1a\x1a\x10\x18\x1a\x16\n\x14burn x = 300 y = 400'
2026-02-08 16:48:05 | INFO | Data Link Layer    | TX: b'\x10\x04\x1a\x16\x10\x18\x1a\x12\n\x10send health data'
2026-02-08 16:48:05 | INFO | Data Link Layer    | RX: b'\x10\x04\x1a\x16\x10\x18\x1a\x12\n\x10send health data'
2026-02-08 16:48:06 | INFO | Data Link Layer    | TX: b'\x10\x05\x1a\x1d\x10\x18\x1a\x19\n\x17connected downlink mode'
2026-02-08 16:48:06 | INFO | Data Link Layer    | RX: b'\x10\x05\x1a\x1d\x10\x18\x1a\x19\n\x17connected downlink mode'
2026-02-08 16:48:07 | INFO | Data Link Layer    | TX: b'\x10\x06\x1a\x10\x10\x18\x1a\x0c\n\nexit orbit'
2026-02-08 16:48:07 | INFO | Data Link Layer    | RX: b'\x10\x06\x1a\x10\x10\x18\x1a\x0c\n\nexit orbit'
2026-02-08 16:48:30 | INFO | Data Link Layer    | TX: b'\x10\x07\x1a\x1a\x10\x18\x1a\x16\n\x14burn x = 200 y = 200'
2026-02-08 16:48:30 | INFO | Data Link Layer    | RX: b'\x10\x07\x1a\x1a\x10\x18\x1a\x16\n\x14burn x = 200 y = 200'
2026-02-08 16:48:31 | INFO | Data Link Layer    | TX: b'\x10\x08\x1a\x16\x10\x18\x1a\x12\n\x10send health data'
2026-02-08 16:48:31 | INFO | Data Link Layer    | RX: b'\x10\x08\x1a\x16\x10\x18\x1a\x12\n\x10send health data'
2026-02-08 16:48:32 | INFO | Data Link Layer    | TX: b'\x10\t\x1a\x1b\x10\x18\x1a\x17\n\x15connected uplink mode'
2026-02-08 16:48:32 | INFO | Data Link Layer    | RX: b'\x10\t\x1a\x1b\x10\x18\x1a\x17\n\x15connected uplink mode'
2026-02-08 16:48:33 | INFO | Data Link Layer    | TX: b'\x10\n\x1a\x1a\x10\x18\x1a\x16\n\x14burn x = 300 y = 400'
2026-02-08 16:48:33 | INFO | Data Link Layer    | RX: b'\x10\n\x1a\x1a\x10\x18\x1a\x16\n\x14burn x = 300 y = 400'
2026-02-08 16:48:34 | INFO | Data Link Layer    | TX: b'\x10\x0b\x1a\x16\x10\x18\x1a\x12\n\x10send health data'
2026-02-08 16:48:34 | INFO | Data Link Layer    | RX: b'\x10\x0b\x1a\x16\x10\x18\x1a\x12\n\x10send health data'
2026-02-08 16:59:31 | INFO | Data Link Layer    | TX: b'\x10\x0c\x1a\x1a\x10\x18\x1a\x16\n\x14burn x = 200 y = 200'
2026-02-08 16:59:31 | INFO | Data Link Layer    | RX: b'\x10\x0c\x1a\x1a\x10\x18\x1a\x16\n\x14burn x = 200 y = 200'
2026-02-08 16:59:32 | INFO | Data Link Layer    | TX: b'\x10\r\x1a\x16\x10\x18\x1a\x12\n\x10send health data'
2026-02-08 16:59:32 | INFO | Data Link Layer    | RX: b'\x10\r\x1a\x16\x10\x18\x1a\x12\n\x10send health data'
2026-02-08 16:59:33 | INFO | Data Link Layer    | TX: b'\x10\x0e\x1a\x1b\x10\x18\x1a\x17\n\x15connected uplink mode'
2026-02-08 16:59:33 | INFO | Data Link Layer    | RX: b'\x10\x0e\x1a\x1b\x10\x18\x1a\x17\n\x15connected uplink mode'
2026-02-08 16:59:34 | INFO | Data Link Layer    | TX: b'\x10\x0f\x1a\x1a\x10\x18\x1a\x16\n\x14burn x = 300 y = 400'
2026-02-08 16:59:34 | INFO | Data Link Layer    | RX: b'\x10\x0f\x1a\x1a\x10\x18\x1a\x16\n\x14burn x = 300 y = 400'
2026-02-08 16:59:35 | INFO | Data Link Layer    | TX: b'\x10\x10\x1a\x16\x10\x18\x1a\x12\n\x10send health data'
2026-02-08 16:59:35 | INFO | Data Link Layer    | RX: b'\x10\x10\x1a\x16\x10\x18\x1a\x12\n\x10send health data'
2026-02-08 16:59:36 | INFO | Data Link Layer    | TX: b'\x10\x11\x1a\x1d\x10\x18\x1a\x19\n\x17connected downlink mode'
2026-02-08 16:59:36 | INFO | Data Link Layer    | RX: b'\x10\x11\x1a\x1d\x10\x18\x1a\x19\n\x17connected downlink mode'
2026-02-08 16:59:37 | INFO | Data Link Layer    | TX: b'\x10\x12\x1a\x10\x10\x18\x1a\x0c\n\nexit orbit'
2026-02-08 16:59:37 | INFO | Data Link Layer    | RX: b'\x10\x12\x1a\x10\x10\x18\x1a\x0c\n\nexit orbit'
2026-02-08 17:06:12 | INFO | Data Link Layer    | TX: b'\x10\x12\x1a\x1a\x10\x18\x1a\x16\n\x14burn x = 200 y = 200'
2026-02-08 17:06:12 | INFO | Data Link Layer    | RX: b'\x10\x12\x1a\x1a\x10\x18\x1a\x16\n\x14burn x = 200 y = 200'
2026-02-08 17:06:13 | INFO | Data Link Layer    | TX: b'\x10\x13\x1a\x16\x10\x18\x1a\x12\n\x10send health data'
2026-02-08 17:06:13 | INFO | Data Link Layer    | RX: b'\x10\x13\x1a\x16\x10\x18\x1a\x12\n\x10send health data'
2026-02-08 17:06:14 | INFO | Data Link Layer    | TX: b'\x10\x14\x1a\x1b\x10\x18\x1a\x17\n\x15connected uplink mode'
2026-02-08 17:06:14 | INFO | Data Link Layer    | RX: b'\x10\x14\x1a\x1b\x10\x18\x1a\x17\n\x15connected uplink mode'
2026-02-08 17:06:15 | INFO | Data Link Layer    | TX: b'\x10\x15\x1a\x1a\x10\x18\x1a\x16\n\x14burn x = 300 y = 400'
2026-02-08 17:06:15 | INFO | Data Link Layer    | RX: b'\x10\x15\x1a\x1a\x10\x18\x1a\x16\n\x14burn x = 300 y = 400'
2026-02-08 17:06:16 | INFO | Data Link Layer    | TX: b'\x10\x16\x1a\x16\x10\x18\x1a\x12\n\x10send health data'
2026-02-08 17:06:16 | INFO | Data Link Layer    | RX: b'\x10\x16\x1a\x16\x10\x18\x1a\x12\n\x10send health data'
2026-02-10 13:59:43 | INFO | Data Link Layer    | TX: b'\x10\x16\x1a\x1a\x10\x18\x1a\x16\n\x14burn x = 200 y = 200'
2026-02-10 13:59:43 | INFO | Data Link Layer    | RX: b'\x10\x16\x1a\x1a\x10\x18\x1a\x16\n\x14burn x = 200 y = 200'
2026-02-10 13:59:44 | INFO | Data Link Layer    | TX: b'\x10\x17\x1a\x16\x10\x18\x1a\x12\n\x10send health data'
2026-02-10 13:59:44 | INFO | Data Link Layer    | RX: b'\x10\x17\x1a\x16\x10\x18\x1a\x12\n\x10send health data'
2026-02-10 13:59:45 | INFO | Data Link Layer    | TX: b'\x10\x18\x1a\x1b\x10\x18\x1a\x17\n\x15connected uplink mode'
2026-02-10 13:59:45 | INFO | Data Link Layer    | RX: b'\x10\x18\x1a\x1b\x10\x18\x1a\x17\n\x15connected uplink mode'
2026-02-10 13:59:46 | INFO | Data Link Layer    | TX: b'\x10\x19\x1a\x1a\x10\x18\x1a\x16\n\x14burn x = 300 y = 400'
2026-02-10 13:59:46 | INFO | Data Link Layer    | RX: b'\x10\x19\x1a\x1a\x10\x18\x1a\x16\n\x14burn x = 300 y = 400'
2026-02-10 13:59:47 | INFO | Data Link Layer    | TX: b'\x10\x1a\x1a\x16\x10\x18\x1a\x12\n\x10send health data'
2026-02-10 13:59:47 | INFO | Data Link Layer    | RX: b'\x10\x1a\x1a\x16\x10\x18\x1a\x12\n\x10send health data'
2026-02-10 13:59:48 | INFO | Data Link Layer    | TX: b'\x10\x1b\x1a\x1d\x10\x18\x1a\x19\n\x17connected downlink mode'
2026-02-10 13:59:48 | INFO | Data Link Layer    | RX: b'\x10\x1b\x1a\x1d\x10\x18\x1a\x19\n\x17connected downlink mode'
2026-02-10 13:59:49 | INFO | Data Link Layer    | TX: b'\x10\x1c\x1a\x10\x10\x18\x1a\x0c\n\nexit orbit'
2026-02-10 13:59:49 | INFO | Data Link Layer    | RX: b'\x10\x1c\x1a\x10\x10\x18\x1a\x0c\n\nexit orbit'
2026-02-10 14:03:58 | INFO | Data Link Layer    | TX: b'\x10\x1c\x1a\x1a\x10\x18\x1a\x16\n\x14burn x = 200 y = 200'
2026-02-10 14:03:58 | INFO | Data Link Layer    | RX: b'\x10\x1c\x1a\x1a\x10\x18\x1a\x16\n\x14burn x = 200 y = 200'
2026-02-10 14:03:59 | INFO | Data Link Layer    | TX: b'\x10\x1d\x1a\x16\x10\x18\x1a\x12\n\x10send health data'
2026-02-10 14:03:59 | INFO | Data Link Layer    | RX: b'\x10\x1d\x1a\x16\x10\x18\x1a\x12\n\x10send health data'
2026-02-10 14:04:00 | INFO | Data Link Layer    | TX: b'\x10\x1e\x1a\x1b\x10\x18\x1a\x17\n\x15connected uplink mode'
2026-02-10 14:04:00 | INFO | Data Link Layer    | RX: b'\x10\x1e\x1a\x1b\x10\x18\x1a\x17\n\x15connected uplink mode'
2026-02-10 14:04:01 | INFO | Data Link Layer    | TX: b'\x10\x1f\x1a\x1a\x10\x18\x1a\x16\n\x14burn x = 300 y = 400'
2026-02-10 14:04:01 | INFO | Data Link Layer    | RX: b'\x10\x1f\x1a\x1a\x10\x18\x1a\x16\n\x14burn x = 300 y = 400'
2026-02-10 14:04:02 | INFO | Data Link Layer    | TX: b'\x10 \x1a\x16\x10\x18\x1a\x12\n\x10send health data'
2026-02-10 14:04:02 | INFO | Data Link Layer    | RX: b'\x10 \x1a\x16\x10\x18\x1a\x12\n\x10send health data'
2026-02-10 14:04:03 | INFO | Data Link Layer    | TX: b'\x10!\x1a\x1d\x10\x18\x1a\x19\n\x17connected downlink mode'
2026-02-10 14:04:03 | INFO | Data Link Layer    | RX: b'\x10!\x1a\x1d\x10\x18\x1a\x19\n\x17connected downlink mode'
2026-02-10 14:04:04 | INFO | Data Link Layer    | TX: b'\x10"\x1a\x10\x10\x18\x1a\x0c\n\nexit orbit'
2026-02-10 14:04:04 | INFO | Data Link Layer    | RX: b'\x10"\x1a\x10\x10\x18\x1a\x0c\n\nexit orbit'
2026-02-10 14:18:12 | INFO | Data Link Layer    | TX: b'\x10"\x1a\x1a\x10\x18\x1a\x16\n\x14burn x = 200 y = 200'
2026-02-10 14:18:12 | INFO | Data Link Layer    | RX: b'\x10"\x1a\x1a\x10\x18\x1a\x16\n\x14burn x = 200 y = 200'
2026-02-10 14:18:14 | INFO | Data Link Layer    | TX: b'\x10#\x1a\x16\x10\x18\x1a\x12\n\x10send health data'
2026-02-10 14:18:14 | INFO | Data Link Layer    | RX: b'\x10#\x1a\x16\x10\x18\x1a\x12\n\x10send health data'
2026-02-10 14:18:14 | INFO | Data Link Layer    | TX: b'\x10$\x1a\x1b\x10\x18\x1a\x17\n\x15connected uplink mode'
2026-02-10 14:18:15 | INFO | Data Link Layer    | TX: b'\x10%\x1a\x1a\x10\x18\x1a\x16\n\x14burn x = 300 y = 400'
2026-02-10 14:18:15 | INFO | Data Link Layer    | RX: b'\x10%\x1a\x1a\x10\x18\x1a\x16\n\x14burn x = 300 y = 400'
2026-02-10 14:18:16 | INFO | Data Link Layer    | TX: b'\x10&\x1a\x16\x10\x18\x1a\x12\n\x10send health data'
2026-02-10 14:18:16 | INFO | Data Link Layer    | RX: b'\x10&\x1a\x16\x10\x18\x1a\x12\n\x10send health data'
2026-02-10 14:18:17 | INFO | Data Link Layer    | TX: b"\x10'\x1a\x1d\x10\x18\x1a\x19\n\x17connected downlink mode"
2026-02-10 14:18:17 | INFO | Data Link Layer    | RX: b"\x10'\x1a\x1d\x10\x18\x1a\x19\n\x17connected downlink mode"
2026-02-10 14:18:18 | INFO | Data Link Layer    | TX: b'\x10(\x1a\x10\x10\x18\x1a\x0c\n\nexit orbit'
2026-02-10 14:18:18 | INFO | Data Link Layer    | RX: b'\x10(\x1a\x10\x10\x18\x1a\x0c\n\nexit orbit'
2026-02-10 14:19:35 | INFO | Data Link Layer    | TX: b'\x10(\x1a\x1a\x10\x18\x1a\x16\n\x14burn x = 200 y = 200'
2026-02-10 14:19:35 | INFO | Data Link Layer    | RX: b'\x10(\x1a\x1a\x10\x18\x1a\x16\n\x14burn x = 200 y = 200'
2026-02-10 14:19:36 | INFO | Data Link Layer    | TX: b'\x10)\x1a\x16\x10\x18\x1a\x12\n\x10send health data'
2026-02-10 14:19:36 | INFO | Data Link Layer    | RX: b'\x10)\x1a\x16\x10\x18\x1a\x12\n\x10send health data'
2026-02-10 14:19:37 | INFO | Data Link Layer    | TX: b'\x10*\x1a\x1b\x10\x18\x1a\x17\n\x15connected uplink mode'
2026-02-10 14:19:37 | INFO | Data Link Layer    | RX: b'\x10*\x1a\x1b\x10\x18\x1a\x17\n\x15connected uplink mode'
2026-02-10 14:19:38 | INFO | Data Link Layer    | TX: b'\x10+\x1a\x1a\x10\x18\x1a\x16\n\x14burn x = 300 y = 400'
2026-02-10 14:19:38 | INFO | Data Link Layer    | RX: b'\x10+\x1a\x1a\x10\x18\x1a\x16\n\x14burn x = 300 y = 400'
2026-02-10 14:19:39 | INFO | Data Link Layer    | TX: b'\x10,\x1a\x16\x10\x18\x1a\x12\n\x10send health data'
2026-02-10 14:19:39 | INFO | Data Link Layer    | RX: b'\x10,\x1a\x16\x10\x18\x1a\x12\n\x10send health data'
2026-02-10 14:19:40 | INFO | Data Link Layer    | TX: b'\x10-\x1a\x1d\x10\x18\x1a\x19\n\x17connected downlink mode'
2026-02-10 14:19:40 | INFO | Data Link Layer    | RX: b'\x10-\x1a\x1d\x10\x18\x1a\x19\n\x17connected downlink mode'
2026-02-10 14:19:41 | INFO | Data Link Layer    | TX: b'\x10.\x1a\x10\x10\x18\x1a\x0c\n\nexit orbit'
2026-02-10 14:19:41 | INFO | Data Link Layer    | RX: b'\x10.\x1a\x10\x10\x18\x1a\x0c\n\nexit orbit'
2026-02-10 14:20:59 | INFO | Data Link Layer    | TX: b'\x10.\x1a\x1a\x10\x18\x1a\x16\n\x14burn x = 200 y = 200'
2026-02-10 14:20:59 | INFO | Data Link Layer    | RX: b'\x10.\x1a\x1a\x10\x18\x1a\x16\n\x14burn x = 200 y = 200'
2026-02-10 14:21:00 | INFO | Data Link Layer    | TX: b'\x10/\x1a\x16\x10\x18\x1a\x12\n\x10send health data'
2026-02-10 14:21:00 | INFO | Data Link Layer    | RX: b'\x10/\x1a\x16\x10\x18\x1a\x12\n\x10send health data'
2026-02-10 14:21:01 | INFO | Data Link Layer    | TX: b'\x100\x1a\x1b\x10\x18\x1a\x17\n\x15connected uplink mode'
2026-02-10 14:21:01 | INFO | Data Link Layer    | RX: b'\x100\x1a\x1b\x10\x18\x1a\x17\n\x15connected uplink mode'
2026-02-10 14:21:02 | INFO | Data Link Layer    | TX: b'\x101\x1a\x1a\x10\x18\x1a\x16\n\x14burn x = 300 y = 400'
2026-02-10 14:21:02 | INFO | Data Link Layer    | RX: b'\x101\x1a\x1a\x10\x18\x1a\x16\n\x14burn x = 300 y = 400'
2026-02-10 14:21:03 | INFO | Data Link Layer    | TX: b'\x102\x1a\x16\x10\x18\x1a\x12\n\x10send health data'
2026-02-10 14:21:03 | INFO | Data Link Layer    | RX: b'\x102\x1a\x16\x10\x18\x1a\x12\n\x10send health data'
2026-02-10 14:21:04 | INFO | Data Link Layer    | TX: b'\x103\x1a\x1d\x10\x18\x1a\x19\n\x17connected downlink mode'
2026-02-10 14:21:04 | INFO | Data Link Layer    | RX: b'\x103\x1a\x1d\x10\x18\x1a\x19\n\x17connected downlink mode'
2026-02-10 14:21:05 | INFO | Data Link Layer    | TX: b'\x104\x1a\x10\x10\x18\x1a\x0c\n\nexit orbit'
2026-02-10 14:21:05 | INFO | Data Link Layer    | RX: b'\x104\x1a\x10\x10\x18\x1a\x0c\n\nexit orbit'
2026-02-10 14:21:17 | INFO | Data Link Layer    | TX: b'\x104\x1a\x1a\x10\x18\x1a\x16\n\x14burn x = 200 y = 200'
2026-02-10 14:21:17 | INFO | Data Link Layer    | RX: b'\x104\x1a\x1a\x10\x18\x1a\x16\n\x14burn x = 200 y = 200'
2026-02-10 14:21:18 | INFO | Data Link Layer    | TX: b'\x105\x1a\x16\x10\x18\x1a\x12\n\x10send health data'
2026-02-10 14:21:18 | INFO | Data Link Layer    | RX: b'\x105\x1a\x16\x10\x18\x1a\x12\n\x10send health data'
2026-02-10 14:21:19 | INFO | Data Link Layer    | TX: b'\x106\x1a\x1b\x10\x18\x1a\x17\n\x15connected uplink mode'
2026-02-10 14:21:19 | INFO | Data Link Layer    | RX: b'\x106\x1a\x1b\x10\x18\x1a\x17\n\x15connected uplink mode'
2026-02-10 14:21:20 | INFO | Data Link Layer    | TX: b'\x107\x1a\x1a\x10\x18\x1a\x16\n\x14burn x = 300 y = 400'
2026-02-10 14:21:20 | INFO | Data Link Layer    | RX: b'\x107\x1a\x1a\x10\x18\x1a\x16\n\x14burn x = 300 y = 400'
2026-02-10 14:21:21 | INFO | Data Link Layer    | TX: b'\x108\x1a\x16\x10\x18\x1a\x12\n\x10send health data'
2026-02-10 14:21:21 | INFO | Data Link Layer    | RX: b'\x108\x1a\x16\x10\x18\x1a\x12\n\x10send health data'
2026-02-10 14:21:22 | INFO | Data Link Layer    | TX: b'\x109\x1a\x1d\x10\x18\x1a\x19\n\x17connected downlink mode'
2026-02-10 14:21:22 | INFO | Data Link Layer    | RX: b'\x109\x1a\x1d\x10\x18\x1a\x19\n\x17connected downlink mode'
2026-02-10 14:21:23 | INFO | Data Link Layer    | TX: b'\x10:\x1a\x10\x10\x18\x1a\x0c\n\nexit orbit'
2026-02-10 14:21:23 | INFO | Data Link Layer    | RX: b'\x10:\x1a\x10\x10\x18\x1a\x0c\n\nexit orbit'
2026-02-10 14:36:26 | INFO | Data Link Layer    | TX: b'\x10:\x1a\x1a\x10\x18\x1a\x16\n\x14burn x = 200 y = 200'
2026-02-10 14:36:26 | INFO | Data Link Layer    | RX: b'\x10:\x1a\x1a\x10\x18\x1a\x16\n\x14burn x = 200 y = 200'
2026-02-10 14:36:27 | INFO | Data Link Layer    | TX: b'\x10;\x1a\x16\x10\x18\x1a\x12\n\x10send health data'
2026-02-10 14:36:27 | INFO | Data Link Layer    | RX: b'\x10;\x1a\x16\x10\x18\x1a\x12\n\x10send health data'
2026-02-10 14:36:28 | INFO | Data Link Layer    | TX: b'\x10<\x1a\x1b\x10\x18\x1a\x17\n\x15connected uplink mode'
2026-02-10 14:36:28 | INFO | Data Link Layer    | RX: b'\x10<\x1a\x1b\x10\x18\x1a\x17\n\x15connected uplink mode'
2026-02-10 14:36:29 | INFO | Data Link Layer    | TX: b'\x10=\x1a\x1a\x10\x18\x1a\x16\n\x14burn x = 300 y = 400'
2026-02-10 14:36:29 | INFO | Data Link Layer    | RX: b'\x10=\x1a\x1a\x10\x18\x1a\x16\n\x14burn x = 300 y = 400'
2026-02-10 14:36:30 | INFO | Data Link Layer    | TX: b'\x10>\x1a\x16\x10\x18\x1a\x12\n\x10send health data'
2026-02-10 14:36:30 | INFO | Data Link Layer    | RX: b'\x10>\x1a\x16\x10\x18\x1a\x12\n\x10send health data'
2026-02-10 14:36:31 | INFO | Data Link Layer    | TX: b'\x10?\x1a\x1d\x10\x18\x1a\x19\n\x17connected downlink mode'
2026-02-10 14:36:31 | INFO | Data Link Layer    | RX: b'\x10?\x1a\x1d\x10\x18\x1a\x19\n\x17connected downlink mode'
2026-02-10 14:36:32 | INFO | Data Link Layer    | TX: b'\x10@\x1a\x10\x10\x18\x1a\x0c\n\nexit orbit'
2026-02-10 14:36:32 | INFO | Data Link Layer    | RX: b'\x10@\x1a\x10\x10\x18\x1a\x0c\n\nexit orbit'
2026-02-10 14:36:48 | INFO | Data Link Layer    | TX: b'\x10@\x1a\x1a\x10\x18\x1a\x16\n\x14burn x = 200 y = 200'
2026-02-10 14:36:48 | INFO | Data Link Layer    | RX: b'\x10@\x1a\x1a\x10\x18\x1a\x16\n\x14burn x = 200 y = 200'
2026-02-10 14:36:49 | INFO | Data Link Layer    | TX: b'\x10A\x1a\x16\x10\x18\x1a\x12\n\x10send health data'
2026-02-10 14:36:50 | INFO | Data Link Layer    | TX: b'\x10B\x1a\x1b\x10\x18\x1a\x17\n\x15connected uplink mode'
2026-02-10 14:36:50 | INFO | Data Link Layer    | RX: b'\x10B\x1a\x1b\x10\x18\x1a\x17\n\x15connected uplink mode'
2026-02-10 14:36:51 | INFO | Data Link Layer    | TX: b'\x10C\x1a\x1a\x10\x18\x1a\x16\n\x14burn x = 300 y = 400'
2026-02-10 14:36:51 | INFO | Data Link Layer    | RX: b'\x10C\x1a\x1a\x10\x18\x1a\x16\n\x14burn x = 300 y = 400'
2026-02-10 14:36:52 | INFO | Data Link Layer    | TX: b'\x10D\x1a\x16\x10\x18\x1a\x12\n\x10send health data'
2026-02-10 14:36:52 | INFO | Data Link Layer    | RX: b'\x10D\x1a\x16\x10\x18\x1a\x12\n\x10send health data'
2026-02-10 14:36:53 | INFO | Data Link Layer    | TX: b'\x10E\x1a\x1d\x10\x18\x1a\x19\n\x17connected downlink mode'
2026-02-10 14:36:53 | INFO | Data Link Layer    | RX: b'\x10E\x1a\x1d\x10\x18\x1a\x19\n\x17connected downlink mode'
2026-02-10 14:36:54 | INFO | Data Link Layer    | TX: b'\x10F\x1a\x10\x10\x18\x1a\x0c\n\nexit orbit'
2026-02-10 14:36:54 | INFO | Data Link Layer    | RX: b'\x10F\x1a\x10\x10\x18\x1a\x0c\n\nexit orbit'
2026-02-10 14:47:30 | INFO | Data Link Layer    | TX: b'\x10F\x1a\x1a\x10\x18\x1a\x16\n\x14burn x = 200 y = 200'
2026-02-10 14:47:30 | INFO | Data Link Layer    | RX: b'\x10F\x1a\x1a\x10\x18\x1a\x16\n\x14burn x = 200 y = 200'
2026-02-10 14:47:31 | INFO | Data Link Layer    | TX: b'\x10G\x1a\x16\x10\x18\x1a\x12\n\x10send health data'
2026-02-10 14:47:32 | INFO | Data Link Layer    | TX: b'\x10H\x1a\x1b\x10\x18\x1a\x17\n\x15connected uplink mode'
2026-02-10 14:47:32 | INFO | Data Link Layer    | RX: b'\x10H\x1a\x1b\x10\x18\x1a\x17\n\x15connected uplink mode'
2026-02-10 14:47:33 | INFO | Data Link Layer    | TX: b'\x10I\x1a\x1a\x10\x18\x1a\x16\n\x14burn x = 300 y = 400'
2026-02-10 14:47:33 | INFO | Data Link Layer    | RX: b'\x10I\x1a\x1a\x10\x18\x1a\x16\n\x14burn x = 300 y = 400'
2026-02-10 14:47:34 | INFO | Data Link Layer    | TX: b'\x10J\x1a\x16\x10\x18\x1a\x12\n\x10send health data'
2026-02-10 14:47:34 | INFO | Data Link Layer    | RX: b'\x10J\x1a\x16\x10\x18\x1a\x12\n\x10send health data'
2026-02-10 14:47:35 | INFO | Data Link Layer    | TX: b'\x10K\x1a\x1d\x10\x18\x1a\x19\n\x17connected downlink mode'
2026-02-10 14:47:35 | INFO | Data Link Layer    | RX: b'\x10K\x1a\x1d\x10\x18\x1a\x19\n\x17connected downlink mode'
2026-02-10 14:47:36 | INFO | Data Link Layer    | TX: b'\x10L\x1a\x10\x10\x18\x1a\x0c\n\nexit orbit'
2026-02-10 14:47:36 | INFO | Data Link Layer    | RX: b'\x10L\x1a\x10\x10\x18\x1a\x0c\n\nexit orbit'
2026-02-10 14:47:56 | INFO | Data Link Layer    | TX: b'\x10L\x1a\x1a\x10\x18\x1a\x16\n\x14burn x = 200 y = 200'
2026-02-10 14:47:56 | INFO | Data Link Layer    | RX: b'\x10L\x1a\x1a\x10\x18\x1a\x16\n\x14burn x = 200 y = 200'
2026-02-10 14:47:57 | INFO | Data Link Layer    | TX: b'\x10M\x1a\x16\x10\x18\x1a\x12\n\x10send health data'
2026-02-10 14:47:57 | INFO | Data Link Layer    | RX: b'\x10M\x1a\x16\x10\x18\x1a\x12\n\x10send health data'
2026-02-10 14:47:58 | INFO | Data Link Layer    | TX: b'\x10N\x1a\x1b\x10\x18\x1a\x17\n\x15connected uplink mode'
2026-02-10 14:47:58 | INFO | Data Link Layer    | RX: b'\x10N\x1a\x1b\x10\x18\x1a\x17\n\x15connected uplink mode'
2026-02-10 14:47:59 | INFO | Data Link Layer    | TX: b'\x10O\x1a\x1a\x10\x18\x1a\x16\n\x14burn x = 300 y = 400'
2026-02-10 14:48:00 | INFO | Data Link Layer    | TX: b'\x10P\x1a\x16\x10\x18\x1a\x12\n\x10send health data'
2026-02-10 14:48:00 | INFO | Data Link Layer    | RX: b'\x10P\x1a\x16\x10\x18\x1a\x12\n\x10send health data'
2026-02-10 14:48:01 | INFO | Data Link Layer    | TX: b'\x10Q\x1a\x1d\x10\x18\x1a\x19\n\x17connected downlink mode'
2026-02-10 14:48:01 | INFO | Data Link Layer    | RX: b'\x10Q\x1a\x1d\x10\x18\x1a\x19\n\x17connected downlink mode'
2026-02-10 14:48:02 | INFO | Data Link Layer    | TX: b'\x10R\x1a\x10\x10\x18\x1a\x0c\n\nexit orbit'
2026-02-10 14:48:02 | INFO | Data Link Layer    | RX: b'\x10R\x1a\x10\x10\x18\x1a\x0c\n\nexit orbit'
2026-02-10 14:48:23 | INFO | Data Link Layer    | TX: b'\x10R\x1a\x1a\x10\x18\x1a\x16\n\x14burn x = 200 y = 200'
2026-02-10 14:48:23 | INFO | Data Link Layer    | RX: b'\x10R\x1a\x1a\x10\x18\x1a\x16\n\x14burn x = 200 y = 200'
2026-02-10 14:48:24 | INFO | Data Link Layer    | TX: b'\x10S\x1a\x16\x10\x18\x1a\x12\n\x10send health data'
2026-02-10 14:48:25 | INFO | Data Link Layer    | TX: b'\x10T\x1a\x1b\x10\x18\x1a\x17\n\x15connected uplink mode'
2026-02-10 14:48:25 | INFO | Data Link Layer    | RX: b'\x10T\x1a\x1b\x10\x18\x1a\x17\n\x15connected uplink mode'
2026-02-10 14:48:26 | INFO | Data Link Layer    | TX: b'\x10U\x1a\x1a\x10\x18\x1a\x16\n\x14burn x = 300 y = 400'
2026-02-10 14:48:26 | INFO | Data Link Layer    | RX: b'\x10U\x1a\x1a\x10\x18\x1a\x16\n\x14burn x = 300 y = 400'
2026-02-10 14:48:27 | INFO | Data Link Layer    | TX: b'\x10V\x1a\x16\x10\x18\x1a\x12\n\x10send health data'
2026-02-10 14:48:27 | INFO | Data Link Layer    | RX: b'\x10V\x1a\x16\x10\x18\x1a\x12\n\x10send health data'
2026-02-10 14:48:28 | INFO | Data Link Layer    | TX: b'\x10W\x1a\x1d\x10\x18\x1a\x19\n\x17connected downlink mode'
2026-02-10 14:48:28 | INFO | Data Link Layer    | RX: b'\x10W\x1a\x1d\x10\x18\x1a\x19\n\x17connected downlink mode'
2026-02-10 14:48:29 | INFO | Data Link Layer    | TX: b'\x10X\x1a\x10\x10\x18\x1a\x0c\n\nexit orbit'
2026-02-10 14:48:29 | INFO | Data Link Layer    | RX: b'\x10X\x1a\x10\x10\x18\x1a\x0c\n\nexit orbit'
2026-02-10 14:48:42 | INFO | Data Link Layer    | TX: b'\x10X\x1a\x1a\x10\x18\x1a\x16\n\x14burn x = 200 y = 200'
2026-02-10 14:48:42 | INFO | Data Link Layer    | RX: b'\x10X\x1a\x1a\x10\x18\x1a\x16\n\x14burn x = 200 y = 200'
2026-02-10 14:48:43 | INFO | Data Link Layer    | TX: b'\x10Y\x1a\x16\x10\x18\x1a\x12\n\x10send health data'
2026-02-10 14:48:43 | INFO | Data Link Layer    | RX: b'\x10Y\x1a\x16\x10\x18\x1a\x12\n\x10send health data'
2026-02-10 14:48:44 | INFO | Data Link Layer    | TX: b'\x10Z\x1a\x1b\x10\x18\x1a\x17\n\x15connected uplink mode'
2026-02-10 14:48:44 | INFO | Data Link Layer    | RX: b'\x10Z\x1a\x1b\x10\x18\x1a\x17\n\x15connected uplink mode'
2026-02-10 14:48:45 | INFO | Data Link Layer    | TX: b'\x10[\x1a\x1a\x10\x18\x1a\x16\n\x14burn x = 300 y = 400'
2026-02-10 14:48:45 | INFO | Data Link Layer    | RX: b'\x10[\x1a\x1a\x10\x18\x1a\x16\n\x14burn x = 300 y = 400'
2026-02-10 14:48:46 | INFO | Data Link Layer    | TX: b'\x10\\\x1a\x16\x10\x18\x1a\x12\n\x10send health data'
2026-02-10 14:48:46 | INFO | Data Link Layer    | RX: b'\x10\\\x1a\x16\x10\x18\x1a\x12\n\x10send health data'
2026-02-10 14:48:47 | INFO | Data Link Layer    | TX: b'\x10]\x1a\x1d\x10\x18\x1a\x19\n\x17connected downlink mode'
2026-02-10 14:48:47 | INFO | Data Link Layer    | RX: b'\x10]\x1a\x1d\x10\x18\x1a\x19\n\x17connected downlink mode'
2026-02-10 14:48:48 | INFO | Data Link Layer    | TX: b'\x10^\x1a\x10\x10\x18\x1a\x0c\n\nexit orbit'
2026-02-10 14:48:48 | INFO | Data Link Layer    | RX: b'\x10^\x1a\x10\x10\x18\x1a\x0c\n\nexit orbit'
2026-02-10 14:49:32 | INFO | Data Link Layer    | TX: b'\x10^\x1a\x1a\x10\x18\x1a\x16\n\x14burn x = 200 y = 200'
2026-02-10 14:49:32 | INFO | Data Link Layer    | RX: b'\x10^\x1a\x1a\x10\x18\x1a\x16\n\x14burn x = 200 y = 200'
2026-02-10 14:49:33 | INFO | Data Link Layer    | TX: b'\x10_\x1a\x16\x10\x18\x1a\x12\n\x10send health data'
2026-02-10 14:49:33 | INFO | Data Link Layer    | RX: b'\x10_\x1a\x16\x10\x18\x1a\x12\n\x10send health data'
2026-02-10 14:49:34 | INFO | Data Link Layer    | TX: b'\x10`\x1a\x1b\x10\x18\x1a\x17\n\x15connected uplink mode'
2026-02-10 14:49:34 | INFO | Data Link Layer    | RX: b'\x10`\x1a\x1b\x10\x18\x1a\x17\n\x15connected uplink mode'
2026-02-10 14:49:35 | INFO | Data Link Layer    | TX: b'\x10a\x1a\x1a\x10\x18\x1a\x16\n\x14burn x = 300 y = 400'
2026-02-10 14:49:35 | INFO | Data Link Layer    | RX: b'\x10a\x1a\x1a\x10\x18\x1a\x16\n\x14burn x = 300 y = 400'
2026-02-10 14:49:36 | INFO | Data Link Layer    | TX: b'\x10b\x1a\x16\x10\x18\x1a\x12\n\x10send health data'
2026-02-10 14:49:36 | INFO | Data Link Layer    | RX: b'\x10b\x1a\x16\x10\x18\x1a\x12\n\x10send health data'
2026-02-10 14:49:37 | INFO | Data Link Layer    | TX: b'\x10c\x1a\x1d\x10\x18\x1a\x19\n\x17connected downlink mode'
2026-02-10 14:49:37 | INFO | Data Link Layer    | RX: b'\x10c\x1a\x1d\x10\x18\x1a\x19\n\x17connected downlink mode'
2026-02-10 14:49:38 | INFO | Data Link Layer    | TX: b'\x10d\x1a\x10\x10\x18\x1a\x0c\n\nexit orbit'
2026-02-10 14:49:38 | INFO | Data Link Layer    | RX: b'\x10d\x1a\x10\x10\x18\x1a\x0c\n\nexit orbit'
2026-02-10 14:49:52 | INFO | Data Link Layer    | TX: b'\x10e\x1a\x1a\x10\x18\x1a\x16\n\x14burn x = 200 y = 200'
2026-02-10 14:49:52 | INFO | Data Link Layer    | RX: b'\x10e\x1a\x1a\x10\x18\x1a\x16\n\x14burn x = 200 y = 200'
2026-02-10 14:49:53 | INFO | Data Link Layer    | TX: b'\x10f\x1a\x16\x10\x18\x1a\x12\n\x10send health data'
2026-02-10 14:49:53 | INFO | Data Link Layer    | RX: b'\x10f\x1a\x16\x10\x18\x1a\x12\n\x10send health data'
2026-02-10 14:49:54 | INFO | Data Link Layer    | TX: b'\x10g\x1a\x1b\x10\x18\x1a\x17\n\x15connected uplink mode'
2026-02-10 14:49:54 | INFO | Data Link Layer    | RX: b'\x10g\x1a\x1b\x10\x18\x1a\x17\n\x15connected uplink mode'
2026-02-10 14:49:55 | INFO | Data Link Layer    | TX: b'\x10h\x1a\x1a\x10\x18\x1a\x16\n\x14burn x = 300 y = 400'
2026-02-10 14:49:55 | INFO | Data Link Layer    | RX: b'\x10h\x1a\x1a\x10\x18\x1a\x16\n\x14burn x = 300 y = 400'
2026-02-10 14:49:56 | INFO | Data Link Layer    | TX: b'\x10i\x1a\x16\x10\x18\x1a\x12\n\x10send health data'
2026-02-10 14:49:57 | INFO | Data Link Layer    | TX: b'\x10j\x1a\x1d\x10\x18\x1a\x19\n\x17connected downlink mode'
2026-02-10 14:49:57 | INFO | Data Link Layer    | RX: b'\x10j\x1a\x1d\x10\x18\x1a\x19\n\x17connected downlink mode'
2026-02-10 14:49:58 | INFO | Data Link Layer    | TX: b'\x10k\x1a\x10\x10\x18\x1a\x0c\n\nexit orbit'
2026-02-10 14:49:58 | INFO | Data Link Layer    | RX: b'\x10k\x1a\x10\x10\x18\x1a\x0c\n\nexit orbit'
2026-02-10 14:50:19 | INFO | Data Link Layer    | TX: b'\x10l\x1a\x1a\x10\x18\x1a\x16\n\x14burn x = 200 y = 200'
2026-02-10 14:50:19 | INFO | Data Link Layer    | RX: b'\x10l\x1a\x1a\x10\x18\x1a\x16\n\x14burn x = 200 y = 200'
2026-02-10 14:50:20 | INFO | Data Link Layer    | TX: b'\x10m\x1a\x16\x10\x18\x1a\x12\n\x10send health data'
2026-02-10 14:50:21 | INFO | Data Link Layer    | TX: b'\x10n\x1a\x1b\x10\x18\x1a\x17\n\x15connected uplink mode'
2026-02-10 14:50:21 | INFO | Data Link Layer    | RX: b'\x10n\x1a\x1b\x10\x18\x1a\x17\n\x15connected uplink mode'
2026-02-10 14:50:22 | INFO | Data Link Layer    | TX: b'\x10o\x1a\x1a\x10\x18\x1a\x16\n\x14burn x = 300 y = 400'
2026-02-10 14:50:22 | INFO | Data Link Layer    | RX: b'\x10o\x1a\x1a\x10\x18\x1a\x16\n\x14burn x = 300 y = 400'
2026-02-10 14:50:23 | INFO | Data Link Layer    | TX: b'\x10p\x1a\x16\x10\x18\x1a\x12\n\x10send health data'
2026-02-10 14:50:23 | INFO | Data Link Layer    | RX: b'\x10p\x1a\x16\x10\x18\x1a\x12\n\x10send health data'
2026-02-10 14:50:24 | INFO | Data Link Layer    | TX: b'\x10q\x1a\x1d\x10\x18\x1a\x19\n\x17connected downlink mode'
2026-02-10 14:50:24 | INFO | Data Link Layer    | RX: b'\x10q\x1a\x1d\x10\x18\x1a\x19\n\x17connected downlink mode'
2026-02-10 14:50:25 | INFO | Data Link Layer    | TX: b'\x10r\x1a\x10\x10\x18\x1a\x0c\n\nexit orbit'
2026-02-10 14:50:25 | INFO | Data Link Layer    | RX: b'\x10r\x1a\x10\x10\x18\x1a\x0c\n\nexit orbit'
2026-02-10 15:00:30 | INFO | Data Link Layer    | TX: b'\x10s\x1a\x1a\x10\x18\x1a\x16\n\x14burn x = 200 y = 200'
2026-02-10 15:00:30 | INFO | Data Link Layer    | RX: b'\x10s\x1a\x1a\x10\x18\x1a\x16\n\x14burn x = 200 y = 200'
2026-02-10 15:00:31 | INFO | Data Link Layer    | TX: b'\x10t\x1a\x16\x10\x18\x1a\x12\n\x10send health data'
2026-02-10 15:00:31 | INFO | Data Link Layer    | RX: b'\x10t\x1a\x16\x10\x18\x1a\x12\n\x10send health data'
2026-02-10 15:00:32 | INFO | Data Link Layer    | TX: b'\x10u\x1a\x1b\x10\x18\x1a\x17\n\x15connected uplink mode'
2026-02-10 15:00:32 | INFO | Data Link Layer    | RX: b'\x10u\x1a\x1b\x10\x18\x1a\x17\n\x15connected uplink mode'
2026-02-10 15:00:33 | INFO | Data Link Layer    | TX: b'\x10v\x1a\x1a\x10\x18\x1a\x16\n\x14burn x = 300 y = 400'
2026-02-10 15:00:33 | INFO | Data Link Layer    | RX: b'\x10v\x1a\x1a\x10\x18\x1a\x16\n\x14burn x = 300 y = 400'
2026-02-10 15:00:34 | INFO | Data Link Layer    | TX: b'\x10w\x1a\x16\x10\x18\x1a\x12\n\x10send health data'
2026-02-10 15:00:35 | INFO | Data Link Layer    | TX: b'\x10x\x1a\x1d\x10\x18\x1a\x19\n\x17connected downlink mode'
2026-02-10 15:00:35 | INFO | Data Link Layer    | RX: b'\x10x\x1a\x1d\x10\x18\x1a\x19\n\x17connected downlink mode'
2026-02-10 15:00:36 | INFO | Data Link Layer    | TX: b'\x10y\x1a\x10\x10\x18\x1a\x0c\n\nexit orbit'
2026-02-10 15:00:36 | INFO | Data Link Layer    | RX: b'\x10y\x1a\x10\x10\x18\x1a\x0c\n\nexit orbit'
2026-02-10 15:20:01 | INFO | Data Link Layer    | TX: b'\x10z\x1a\x1a\x10\x18\x1a\x16\n\x14burn x = 200 y = 200'
2026-02-10 15:20:01 | INFO | Data Link Layer    | RX: b'\x10z\x1a\x1a\x10\x18\x1a\x16\n\x14burn x = 200 y = 200'
2026-02-10 15:20:02 | INFO | Data Link Layer    | TX: b'\x10{\x1a\x1a\x10\x18\x1a\x16\n\x14burn x = 300 y = 400'
2026-02-10 15:20:02 | INFO | Data Link Layer    | RX: b'\x10{\x1a\x1a\x10\x18\x1a\x16\n\x14burn x = 300 y = 400'
2026-02-10 15:20:03 | INFO | Data Link Layer    | TX: b'\x10|\x1a\x16\x10\x18\x1a\x12\n\x10send health data'
2026-02-10 15:20:03 | INFO | Data Link Layer    | RX: b'\x10|\x1a\x16\x10\x18\x1a\x12\n\x10send health data'
2026-02-10 15:20:04 | INFO | Data Link Layer    | TX: b'\x10}\x1a\x10\x10\x18\x1a\x0c\n\nexit orbit'
2026-02-10 15:20:45 | INFO | Data Link Layer    | TX: b'\x10~\x1a\x1a\x10\x18\x1a\x16\n\x14burn x = 200 y = 200'
2026-02-10 15:20:45 | INFO | Data Link Layer    | RX: b'\x10~\x1a\x1a\x10\x18\x1a\x16\n\x14burn x = 200 y = 200'
2026-02-10 15:20:46 | INFO | Data Link Layer    | TX: b'\x10\x7f\x1a\x1a\x10\x18\x1a\x16\n\x14burn x = 300 y = 400'
2026-02-10 15:20:46 | INFO | Data Link Layer    | RX: b'\x10\x7f\x1a\x1a\x10\x18\x1a\x16\n\x14burn x = 300 y = 400'
2026-02-10 15:20:47 | INFO | Data Link Layer    | TX: b'\x10\x80\x01\x1a\x16\x10\x18\x1a\x12\n\x10send health data'
2026-02-10 15:20:48 | INFO | Data Link Layer    | TX: b'\x10\x81\x01\x1a\x10\x10\x18\x1a\x0c\n\nexit orbit'
2026-02-10 15:20:48 | INFO | Data Link Layer    | RX: b'\x10\x81\x01\x1a\x10\x10\x18\x1a\x0c\n\nexit orbit'
2026-02-10 15:21:22 | INFO | Data Link Layer    | TX: b'\x10\x82\x01\x1a\x1a\x10\x18\x1a\x16\n\x14burn x = 200 y = 200'
2026-02-10 15:21:23 | INFO | Data Link Layer    | TX: b'\x10\x83\x01\x1a\x1a\x10\x18\x1a\x16\n\x14burn x = 300 y = 400'
2026-02-10 15:21:23 | INFO | Data Link Layer    | RX: b'\x10\x83\x01\x1a\x1a\x10\x18\x1a\x16\n\x14burn x = 300 y = 400'
2026-02-10 15:21:24 | INFO | Data Link Layer    | TX: b'\x10\x84\x01\x1a\x16\x10\x18\x1a\x12\n\x10send health data'
2026-02-10 15:21:24 | INFO | Data Link Layer    | RX: b'\x10\x84\x01\x1a\x16\x10\x18\x1a\x12\n\x10send health data'
2026-02-10 15:21:25 | INFO | Data Link Layer    | TX: b'\x10\x85\x01\x1a\x10\x10\x18\x1a\x0c\n\nexit orbit'
2026-02-10 15:21:25 | INFO | Data Link Layer    | RX: b'\x10\x85\x01\x1a\x10\x10\x18\x1a\x0c\n\nexit orbit'
2026-02-10 15:23:00 | INFO | Data Link Layer    | TX: b'\x10\x86\x01\x1a\x1a\x10\x18\x1a\x16\n\x14burn x = 200 y = 200'
2026-02-10 15:23:00 | INFO | Data Link Layer    | RX: b'\x10\x86\x01\x1a\x1a\x10\x18\x1a\x16\n\x14burn x = 200 y = 200'
2026-02-10 15:23:01 | INFO | Data Link Layer    | TX: b'\x10\x87\x01\x1a\x1a\x10\x18\x1a\x16\n\x14burn x = 300 y = 400'
2026-02-10 15:23:01 | INFO | Data Link Layer    | RX: b'\x10\x87\x01\x1a\x1a\x10\x18\x1a\x16\n\x14burn x = 300 y = 400'
2026-02-10 15:23:02 | INFO | Data Link Layer    | TX: b'\x10\x86\x01\x1a\x16\n\x14burn x = 200 y = 200'
2026-02-10 15:23:02 | INFO | Data Link Layer    | RX: b'\x10\x86\x01\x1a\x16\n\x14burn x = 200 y = 200'
2026-02-10 15:23:02 | INFO | Data Link Layer    | TX: b'\x10\x88\x01\x1a\x16\x10\x18\x1a\x12\n\x10send health data'
2026-02-10 15:23:02 | INFO | Data Link Layer    | RX: b'\x10\x88\x01\x1a\x16\x10\x18\x1a\x12\n\x10send health data'
2026-02-10 15:23:03 | INFO | Data Link Layer    | TX: b'\x10\x86\x01\x1a\x12\n\x10send health data'
2026-02-10 15:23:03 | INFO | Data Link Layer    | RX: b'\x10\x86\x01\x1a\x12\n\x10send health data'
2026-02-10 15:23:03 | INFO | Data Link Layer    | TX: b'\x10\x89\x01\x1a\x10\x10\x18\x1a\x0c\n\nexit orbit'
2026-02-10 15:23:03 | INFO | Data Link Layer    | RX: b'\x10\x89\x01\x1a\x10\x10\x18\x1a\x0c\n\nexit orbit'
2026-02-10 15:23:04 | INFO | Data Link Layer    | TX: b'\x10\x89\x01\x1a\x16\n\x14burn x = 300 y = 400'
2026-02-10 15:23:04 | INFO | Data Link Layer    | RX: b'\x10\x89\x01\x1a\x16\n\x14burn x = 300 y = 400'
2026-02-10 15:23:05 | INFO | Data Link Layer    | TX: b'\x10\x89\x01\x1a\x12\n\x10send health data'
2026-02-10 15:23:05 | INFO | Data Link Layer    | RX: b'\x10\x89\x01\x1a\x12\n\x10send health data'
2026-02-10 15:23:06 | INFO | Data Link Layer    | TX: b'\x10\x89\x01\x1a\x0c\n\nexit orbit'
2026-02-10 15:23:06 | INFO | Data Link Layer    | RX: b'\x10\x89\x01\x1a\x0c\n\nexit orbit'
2026-02-23 05:36:49 | INFO | Data Link Layer    | TX: b'\x10\x8a\x01\x1a\x1a\x10\x18\x1a\x16\n\x14burn x = 200 y = 200'
2026-02-23 05:36:49 | INFO | Data Link Layer    | RX: b'\x10\x8a\x01\x1a\x1a\x10\x18\x1a\x16\n\x14burn x = 200 y = 200'
2026-02-23 05:36:51 | INFO | Data Link Layer    | TX: b'\x10\x8b\x01\x1a\x1a\x10\x18\x1a\x16\n\x14burn x = 300 y = 400'
2026-02-23 05:36:51 | INFO | Data Link Layer    | RX: b'\x10\x8b\x01\x1a\x1a\x10\x18\x1a\x16\n\x14burn x = 300 y = 400'
2026-02-23 05:36:51 | INFO | Data Link Layer    | TX: b'\x10\x8a\x01\x1a\x16\n\x14burn x = 200 y = 200'
2026-02-23 05:36:51 | INFO | Data Link Layer    | RX: b'\x10\x8a\x01\x1a\x16\n\x14burn x = 200 y = 200'
2026-02-23 05:36:51 | INFO | Data Link Layer    | TX: b'\x10\x8c\x01\x1a\x16\x10\x18\x1a\x12\n\x10send health data'
2026-02-23 05:36:52 | INFO | Data Link Layer    | TX: b'\x10\x8a\x01\x1a\x12\n\x10send health data'
2026-02-23 05:36:52 | INFO | Data Link Layer    | RX: b'\x10\x8a\x01\x1a\x12\n\x10send health data'
2026-02-23 05:36:53 | INFO | Data Link Layer    | TX: b'\x10\x8d\x01\x1a\x10\x10\x18\x1a\x0c\n\nexit orbit'
2026-02-23 05:36:53 | INFO | Data Link Layer    | RX: b'\x10\x8d\x01\x1a\x10\x10\x18\x1a\x0c\n\nexit orbit'
2026-02-23 05:36:53 | INFO | Data Link Layer    | TX: b'\x10\x8a\x01\x1a\x16\n\x14burn x = 300 y = 400'
2026-02-23 05:36:53 | INFO | Data Link Layer    | RX: b'\x10\x8a\x01\x1a\x16\n\x14burn x = 300 y = 400'
2026-02-23 05:36:54 | INFO | Data Link Layer    | TX: b'\x10\x8a\x01\x1a\x12\n\x10send health data'
2026-02-23 05:36:54 | INFO | Data Link Layer    | RX: b'\x10\x8a\x01\x1a\x12\n\x10send health data'
2026-02-23 05:36:55 | INFO | Data Link Layer    | TX: b'\x10\x8a\x01\x1a\x0c\n\nexit orbit'
2026-02-23 05:36:55 | INFO | Data Link Layer    | RX: b'\x10\x8a\x01\x1a\x0c\n\nexit orbit'
2026-02-23 06:24:31 | INFO | Data Link Layer    | b'tx\x10\x90\x02\x1a\'\x10\x18\x1a#\n!sonar data: "0000 0000 0000 0000"'
2026-02-23 06:24:32 | INFO | Data Link Layer    | b'tx\x10\x91\x02\x1a\'\x10\x18\x1a#\n!sonar data: "0000 0000 0000 0001"'
2026-02-23 06:24:33 | INFO | Data Link Layer    | b'tx\x10\x92\x02\x1a\'\x10\x18\x1a#\n!sonar data: "0000 0000 0000 0002"'
2026-02-23 06:24:34 | INFO | Data Link Layer    | b'tx\x10\x93\x02\x1a\'\x10\x18\x1a#\n!sonar data: "0000 0000 0000 0003"'
2026-02-23 06:24:35 | INFO | Data Link Layer    | b'tx\x10\x94\x02\x1a\'\x10\x18\x1a#\n!sonar data: "0000 0000 0000 0004"'
2026-02-23 06:24:36 | INFO | Data Link Layer    | b'tx\x10\x95\x02\x1a\'\x10\x18\x1a#\n!sonar data: "0000 0000 0000 0005"'
2026-02-23 06:25:10 | INFO | Data Link Layer    | b'rx \x10\x96\x02\x1a\'\x10\x18\x1a#\n!sonar data: "0000 0000 0000 0000"'
2026-02-23 06:25:22 | INFO | Data Link Layer    | b'rx \x10\x97\x02\x1a\'\x10\x18\x1a#\n!sonar data: "0000 0000 0000 0001"\x10\x98\x02\x1a\'\x10\x18\x1a#\n!sonar data: "0000 0000 0000 0002"\x10\x99\x02\x1a\'\x10\x18\x1a#\n!sonar data: "0000 0000 0000 0003"\x10\x9a\x02\x1a\'\x10\x18\x1a#\n!sonar data: "0000 0000 0000 0004"\x10\x9b\x02\x1a\'\x10\x18\x1a#\n!sonar data: "0000 0000 0000 0005"'
2026-02-23 06:30:46 | INFO | Data Link Layer    | b'rx \x10\x9c\x02\x1a\'\x10\x18\x1a#\n!sonar data: "0000 0000 0000 0000"'
2026-02-23 06:30:47 | INFO | Data Link Layer    | b'rx \x10\x9d\x02\x1a\'\x10\x18\x1a#\n!sonar data: "0000 0000 0000 0001"'
2026-02-23 06:30:48 | INFO | Data Link Layer    | b'rx \x10\x9e\x02\x1a\'\x10\x18\x1a#\n!sonar data: "0000 0000 0000 0002"'
2026-02-23 06:30:49 | INFO | Data Link Layer    | b'rx \x10\x9f\x02\x1a\'\x10\x18\x1a#\n!sonar data: "0000 0000 0000 0003"'
2026-02-23 06:30:50 | INFO | Data Link Layer    | b'rx \x10\xa0\x02\x1a\'\x10\x18\x1a#\n!sonar data: "0000 0000 0000 0004"'
2026-02-23 06:30:51 | INFO | Data Link Layer    | b'rx \x10\xa1\x02\x1a\'\x10\x18\x1a#\n!sonar data: "0000 0000 0000 0005"'
2026-02-23 06:42:40 | INFO | Data Link Layer    | b'rx: \x10\xc0\x02\x1a\'\x10\x18\x1a#\n!sonar data: "0000 0000 0000 0000"'
2026-02-23 06:42:41 | INFO | Data Link Layer    | b'rx: \x10\xc1\x02\x1a\'\x10\x18\x1a#\n!sonar data: "0000 0000 0000 0001"'
2026-02-23 06:42:42 | INFO | Data Link Layer    | b'rx: \x10\xc2\x02\x1a\'\x10\x18\x1a#\n!sonar data: "0000 0000 0000 0002"'
2026-02-23 06:42:43 | INFO | Data Link Layer    | b'rx: \x10\xc3\x02\x1a\'\x10\x18\x1a#\n!sonar data: "0000 0000 0000 0003"'
2026-02-23 06:42:44 | INFO | Data Link Layer    | b'rx: \x10\xc4\x02\x1a\'\x10\x18\x1a#\n!sonar data: "0000 0000 0000 0004"'
2026-02-23 06:42:45 | INFO | Data Link Layer    | b'rx: \x10\xc5\x02\x1a\'\x10\x18\x1a#\n!sonar data: "0000 0000 0000 0005"'
2026-02-23 06:43:01 | INFO | Data Link Layer    | b'rx: \x10\xc8\x01\x1a\t\n\x07burn 10'
