2026-01-11 16:01:12 | INFO | Session Layer      | b'\x10\x16\x1a\x16\n\x14burn x = 200 y = 200'
2026-01-11 16:01:12 | INFO | Session Layer      | b'\x10\x15\x1a\x16\n\x14burn x = 200 y = 200'
2026-01-11 16:01:13 | INFO | Session Layer      | b'\x10\x16\x1a\x12\n\x10send health data'
2026-01-11 16:01:13 | INFO | Session Layer      | b'\x10\x16\x1a\x12\n\x10send health data'
2026-01-11 16:01:14 | INFO | Session Layer      | b'\x10\x16\x1a\x16\n\x14burn x = 300 y = 400'
2026-01-11 16:01:15 | INFO | Session Layer      | b'\x10\x16\x1a\x12\n\x10send health data'
2026-01-11 16:01:16 | INFO | Session Layer      | b'\x10\x16\x1a\x0c\n\nexit orbit'
2026-01-11 16:01:17 | INFO | Session Layer      | state changing to: SessionMode.CONNECTED_UPLINK
2026-01-11 16:01:17 | INFO | Session Layer      | b'\x10\x16\x1a\x16\n\x14burn x = 300 y = 400'
2026-01-11 16:01:18 | INFO | Session Layer      | state changing to: SessionMode.CONNECTED_DOWNLINK
2026-01-11 16:01:18 | INFO | Session Layer      | b'\x10\x16\x1a\x12\n\x10send health data'
2026-01-11 16:01:19 | INFO | Session Layer      | state changing to: SessionMode.CONNECTIONLESS_DOWNLINK
2026-01-11 16:01:19 | INFO | Session Layer      | b'\x10\x16\x1a\x0c\n\nexit orbit'
2026-01-11 16:15:53 | INFO | Session Layer      | b'\x10\x16\x1a\x16\n\x14burn x = 200 y = 200'
2026-01-11 16:15:54 | INFO | Session Layer      | b'\x10\x17\x1a\x12\n\x10send health data'
2026-01-11 16:15:54 | INFO | Session Layer      | b'\x10\x17\x1a\x12\n\x10send health data'
2026-01-11 16:15:55 | INFO | Session Layer      | b'\x10\x17\x1a\x16\n\x14burn x = 300 y = 400'
2026-01-11 16:15:56 | INFO | Session Layer      | b'\x10\x17\x1a\x12\n\x10send health data'
2026-01-11 16:15:57 | INFO | Session Layer      | b'\x10\x17\x1a\x0c\n\nexit orbit'
2026-01-11 16:15:58 | INFO | Session Layer      | state changing to: SessionMode.CONNECTED_UPLINK
2026-01-11 16:15:58 | INFO | Session Layer      | b'\x10\x17\x1a\x16\n\x14burn x = 300 y = 400'
2026-01-11 16:15:59 | INFO | Session Layer      | state changing to: SessionMode.CONNECTED_DOWNLINK
2026-01-11 16:15:59 | INFO | Session Layer      | b'\x10\x17\x1a\x12\n\x10send health data'
2026-01-11 16:16:00 | INFO | Session Layer      | state changing to: SessionMode.CONNECTIONLESS_DOWNLINK
2026-01-11 16:16:00 | INFO | Session Layer      | b'\x10\x17\x1a\x0c\n\nexit orbit'
2026-01-11 16:21:27 | INFO | Session Layer      | b'\x10\x17\x1a\x16\n\x14burn x = 200 y = 200'
2026-01-11 16:21:27 | INFO | Session Layer      | b'\x10\x18\x1a\x16\n\x14burn x = 200 y = 200'
2026-01-11 16:21:28 | INFO | Session Layer      | b'\x10\x18\x1a\x12\n\x10send health data'
2026-01-11 16:21:28 | INFO | Session Layer      | b'\x10\x18\x1a\x12\n\x10send health data'
2026-01-11 16:21:29 | INFO | Session Layer      | b'\x10\x18\x1a\x16\n\x14burn x = 300 y = 400'
2026-01-11 16:21:30 | INFO | Session Layer      | b'\x10\x18\x1a\x12\n\x10send health data'
2026-01-11 16:21:31 | INFO | Session Layer      | b'\x10\x18\x1a\x0c\n\nexit orbit'
2026-01-11 16:21:32 | INFO | Session Layer      | state changing to: SessionMode.CONNECTED_UPLINK
2026-01-11 16:21:32 | INFO | Session Layer      | b'\x10\x18\x1a\x16\n\x14burn x = 300 y = 400'
2026-01-11 16:21:33 | INFO | Session Layer      | state changing to: SessionMode.CONNECTED_DOWNLINK
2026-01-11 16:21:33 | INFO | Session Layer      | b'\x10\x18\x1a\x12\n\x10send health data'
2026-01-11 16:21:34 | INFO | Session Layer      | state changing to: SessionMode.CONNECTIONLESS_DOWNLINK
2026-01-11 16:21:34 | INFO | Session Layer      | b'\x10\x18\x1a\x0c\n\nexit orbit'
2026-01-11 16:26:32 | INFO | Session Layer      | b'\x10\x18\x1a\x16\n\x14burn x = 200 y = 200'
2026-01-11 16:26:32 | INFO | Session Layer      | b'\x10\x19\x1a\x16\n\x14burn x = 200 y = 200'
2026-01-11 16:26:33 | INFO | Session Layer      | b'\x10\x19\x1a\x12\n\x10send health data'
2026-01-11 16:26:33 | INFO | Session Layer      | b'\x10\x19\x1a\x12\n\x10send health data'
2026-01-11 16:26:34 | INFO | Session Layer      | b'\x10\x19\x1a\x16\n\x14burn x = 300 y = 400'
2026-01-11 16:26:35 | INFO | Session Layer      | b'\x10\x19\x1a\x12\n\x10send health data'
2026-01-11 16:26:36 | INFO | Session Layer      | b'\x10\x19\x1a\x0c\n\nexit orbit'
2026-01-11 16:26:37 | INFO | Session Layer      | state changing to: SessionMode.CONNECTED_UPLINK
2026-01-11 16:26:37 | INFO | Session Layer      | b'\x10\x19\x1a\x16\n\x14burn x = 300 y = 400'
2026-01-11 16:26:38 | INFO | Session Layer      | state changing to: SessionMode.CONNECTED_DOWNLINK
2026-01-11 16:26:38 | INFO | Session Layer      | b'\x10\x19\x1a\x12\n\x10send health data'
2026-01-11 16:26:39 | INFO | Session Layer      | state changing to: SessionMode.CONNECTIONLESS_DOWNLINK
2026-01-11 16:26:39 | INFO | Session Layer      | b'\x10\x19\x1a\x0c\n\nexit orbit'
2026-01-11 16:27:17 | INFO | Session Layer      | b'\x10\x19\x1a\x16\n\x14burn x = 200 y = 200'
2026-01-11 16:27:17 | INFO | Session Layer      | b'\x10\x1a\x1a\x16\n\x14burn x = 200 y = 200'
2026-01-11 16:27:18 | INFO | Session Layer      | b'\x10\x1a\x1a\x12\n\x10send health data'
2026-01-11 16:27:18 | INFO | Session Layer      | b'\x10\x1a\x1a\x12\n\x10send health data'
2026-01-11 16:27:19 | INFO | Session Layer      | b'\x10\x1a\x1a\x16\n\x14burn x = 300 y = 400'
2026-01-11 16:27:20 | INFO | Session Layer      | b'\x10\x1a\x1a\x12\n\x10send health data'
2026-01-11 16:27:21 | INFO | Session Layer      | b'\x10\x1a\x1a\x0c\n\nexit orbit'
2026-01-11 16:27:23 | INFO | Session Layer      | state changing to: SessionMode.CONNECTED_UPLINK
2026-01-11 16:27:23 | INFO | Session Layer      | b'\x10\x1a\x1a\x16\n\x14burn x = 300 y = 400'
2026-01-11 16:27:24 | INFO | Session Layer      | state changing to: SessionMode.CONNECTED_DOWNLINK
2026-01-11 16:27:24 | INFO | Session Layer      | b'\x10\x1a\x1a\x12\n\x10send health data'
2026-01-11 16:27:25 | INFO | Session Layer      | state changing to: SessionMode.CONNECTIONLESS_DOWNLINK
2026-01-11 16:27:25 | INFO | Session Layer      | b'\x10\x1a\x1a\x0c\n\nexit orbit'
2026-01-13 18:38:34 | INFO | Session Layer      | b'\x10\x16\x1a\x16\n\x14burn x = 200 y = 200'
2026-01-13 18:38:34 | INFO | Session Layer      | b'\x10\x15\x1a\x16\n\x14burn x = 200 y = 200'
2026-01-13 18:38:35 | INFO | Session Layer      | b'\x10\x16\x1a\x12\n\x10send health data'
2026-01-13 18:38:35 | INFO | Session Layer      | b'\x10\x16\x1a\x12\n\x10send health data'
2026-01-13 18:38:36 | INFO | Session Layer      | b'\x10\x16\x1a\x16\n\x14burn x = 300 y = 400'
2026-01-13 18:38:37 | INFO | Session Layer      | b'\x10\x16\x1a\x12\n\x10send health data'
2026-01-13 18:38:38 | INFO | Session Layer      | b'\x10\x16\x1a\x0c\n\nexit orbit'
2026-01-13 18:38:39 | INFO | Session Layer      | state changing to: SessionMode.CONNECTED_UPLINK
2026-01-13 18:38:39 | INFO | Session Layer      | b'\x10\x16\x1a\x16\n\x14burn x = 300 y = 400'
2026-01-13 18:38:40 | INFO | Session Layer      | state changing to: SessionMode.CONNECTED_DOWNLINK
2026-01-13 18:38:40 | INFO | Session Layer      | b'\x10\x16\x1a\x12\n\x10send health data'
2026-01-13 18:38:41 | INFO | Session Layer      | state changing to: SessionMode.CONNECTIONLESS_DOWNLINK
2026-01-13 18:38:41 | INFO | Session Layer      | b'\x10\x16\x1a\x0c\n\nexit orbit'
2026-01-20 19:07:27 | INFO | Session Layer      | b'\x10\x17\x1a\x16\n\x14burn x = 200 y = 200'
2026-01-20 19:07:28 | INFO | Session Layer      | b'\x10\x17\x1a\x12\n\x10send health data'
2026-01-20 19:07:28 | INFO | Session Layer      | b'\x10\x17\x1a\x12\n\x10send health data'
2026-01-20 19:07:29 | INFO | Session Layer      | b'\x10\x17\x1a\x16\n\x14burn x = 300 y = 400'
2026-01-20 19:07:30 | INFO | Session Layer      | b'\x10\x17\x1a\x12\n\x10send health data'
2026-01-20 19:07:31 | INFO | Session Layer      | b'\x10\x17\x1a\x0c\n\nexit orbit'
2026-01-20 19:07:32 | INFO | Session Layer      | state changing to: SessionMode.CONNECTED_UPLINK
2026-01-20 19:07:32 | INFO | Session Layer      | b'\x10\x17\x1a\x16\n\x14burn x = 300 y = 400'
2026-01-20 19:07:33 | INFO | Session Layer      | state changing to: SessionMode.CONNECTED_DOWNLINK
2026-01-20 19:07:33 | INFO | Session Layer      | b'\x10\x17\x1a\x12\n\x10send health data'
2026-01-20 19:07:34 | INFO | Session Layer      | state changing to: SessionMode.CONNECTIONLESS_DOWNLINK
2026-01-20 19:07:34 | INFO | Session Layer      | b'\x10\x17\x1a\x0c\n\nexit orbit'
2026-01-20 19:08:22 | INFO | Session Layer      | b'\x10\x17\x1a\x16\n\x14burn x = 200 y = 200'
2026-01-20 19:08:22 | INFO | Session Layer      | b'\x10\x18\x1a\x16\n\x14burn x = 200 y = 200'
2026-01-20 19:08:23 | INFO | Session Layer      | b'\x10\x18\x1a\x12\n\x10send health data'
2026-01-20 19:08:23 | INFO | Session Layer      | b'\x10\x18\x1a\x12\n\x10send health data'
2026-01-20 19:08:24 | INFO | Session Layer      | b'\x10\x18\x1a\x16\n\x14burn x = 300 y = 400'
2026-01-20 19:08:25 | INFO | Session Layer      | b'\x10\x18\x1a\x12\n\x10send health data'
2026-01-20 19:08:26 | INFO | Session Layer      | b'\x10\x18\x1a\x0c\n\nexit orbit'
2026-01-20 19:08:27 | INFO | Session Layer      | state changing to: SessionMode.CONNECTED_UPLINK
2026-01-20 19:08:27 | INFO | Session Layer      | b'\x10\x18\x1a\x16\n\x14burn x = 300 y = 400'
2026-01-20 19:08:28 | INFO | Session Layer      | state changing to: SessionMode.CONNECTED_DOWNLINK
2026-01-20 19:08:28 | INFO | Session Layer      | b'\x10\x18\x1a\x12\n\x10send health data'
2026-01-20 19:08:29 | INFO | Session Layer      | state changing to: SessionMode.CONNECTIONLESS_DOWNLINK
2026-01-20 19:08:29 | INFO | Session Layer      | b'\x10\x18\x1a\x0c\n\nexit orbit'
2026-01-20 19:25:25 | INFO | Session Layer      | b'\x10\x19\x1a\x16\n\x14burn x = 200 y = 200'
2026-01-20 19:25:25 | INFO | Session Layer      | b'\x10\x18\x1a\x16\n\x14burn x = 200 y = 200'
2026-01-20 19:27:17 | INFO | Session Layer      | b'\x10\x18\x1a\x16\n\x14burn x = 200 y = 200'
2026-01-20 19:27:17 | INFO | Session Layer      | b'\x10\x19\x1a\x16\n\x14burn x = 200 y = 200'
2026-01-20 19:27:28 | INFO | Session Layer      | b'\x10\x19\x1a\x16\n\x14burn x = 200 y = 200'
2026-01-20 19:27:28 | INFO | Session Layer      | b'\x10\x18\x1a\x16\n\x14burn x = 200 y = 200'
2026-01-20 19:29:15 | INFO | Session Layer      | b'\x10\x18\x1a\x16\n\x14burn x = 200 y = 200'
2026-01-20 19:29:15 | INFO | Session Layer      | b'\x10\x19\x1a\x16\n\x14burn x = 200 y = 200'
2026-01-20 19:29:16 | INFO | Session Layer      | b'\x10\x19\x1a\x12\n\x10send health data'
2026-01-20 19:29:16 | INFO | Session Layer      | b'\x10\x18\x1a\x12\n\x10send health data'
2026-01-20 19:29:17 | INFO | Session Layer      | b'\x10\x18\x1a\x16\n\x14burn x = 300 y = 400'
2026-01-20 19:29:18 | INFO | Session Layer      | b'\x10\x18\x1a\x12\n\x10send health data'
2026-01-20 19:29:19 | INFO | Session Layer      | b'\x10\x18\x1a\x0c\n\nexit orbit'
2026-01-20 19:29:21 | INFO | Session Layer      | state changing to: SessionMode.CONNECTED_UPLINK
2026-01-20 19:29:21 | INFO | Session Layer      | b'\x10\x19\x1a\x16\n\x14burn x = 300 y = 400'
2026-01-20 19:29:22 | INFO | Session Layer      | state changing to: SessionMode.CONNECTED_DOWNLINK
2026-01-20 19:29:22 | INFO | Session Layer      | b'\x10\x19\x1a\x12\n\x10send health data'
2026-01-20 19:29:23 | INFO | Session Layer      | state changing to: SessionMode.CONNECTIONLESS_DOWNLINK
2026-01-20 19:29:23 | INFO | Session Layer      | b'\x10\x19\x1a\x0c\n\nexit orbit'
2026-01-20 19:29:39 | INFO | Session Layer      | b'\x10\x18\x1a\x16\n\x14burn x = 200 y = 200'
2026-01-20 19:29:39 | INFO | Session Layer      | b'\x10\x19\x1a\x16\n\x14burn x = 200 y = 200'
2026-01-20 19:29:40 | INFO | Session Layer      | b'\x10\x19\x1a\x12\n\x10send health data'
2026-01-20 19:29:40 | INFO | Session Layer      | b'\x10\x18\x1a\x12\n\x10send health data'
2026-01-20 19:29:41 | INFO | Session Layer      | b'\x10\x18\x1a\x16\n\x14burn x = 300 y = 400'
2026-01-20 19:29:42 | INFO | Session Layer      | b'\x10\x18\x1a\x12\n\x10send health data'
2026-01-20 19:29:43 | INFO | Session Layer      | b'\x10\x18\x1a\x0c\n\nexit orbit'
2026-01-20 19:29:44 | INFO | Session Layer      | state changing to: SessionMode.CONNECTED_UPLINK
2026-01-20 19:29:44 | INFO | Session Layer      | b'\x10\x19\x1a\x16\n\x14burn x = 300 y = 400'
2026-01-20 19:29:45 | INFO | Session Layer      | state changing to: SessionMode.CONNECTED_DOWNLINK
2026-01-20 19:29:45 | INFO | Session Layer      | b'\x10\x19\x1a\x12\n\x10send health data'
2026-01-20 19:29:46 | INFO | Session Layer      | state changing to: SessionMode.CONNECTIONLESS_DOWNLINK
2026-01-20 19:29:46 | INFO | Session Layer      | b'\x10\x19\x1a\x0c\n\nexit orbit'
2026-01-21 17:45:22 | INFO | Session Layer      | b'\x10\x19\x1a\x16\n\x14burn x = 200 y = 200'
2026-01-21 17:45:23 | INFO | Session Layer      | b'\x10\x18\x1a\x12\n\x10send health data'
2026-01-21 17:45:23 | INFO | Session Layer      | b'\x10\x19\x1a\x12\n\x10send health data'
2026-01-21 17:45:24 | INFO | Session Layer      | b'\x10\x18\x1a\x16\n\x14burn x = 300 y = 400'
2026-01-21 17:45:25 | INFO | Session Layer      | b'\x10\x18\x1a\x12\n\x10send health data'
2026-01-21 17:45:26 | INFO | Session Layer      | b'\x10\x18\x1a\x0c\n\nexit orbit'
2026-01-21 17:45:27 | INFO | Session Layer      | state changing to: SessionMode.CONNECTED_UPLINK
2026-01-21 17:45:27 | INFO | Session Layer      | b'\x10\x19\x1a\x16\n\x14burn x = 300 y = 400'
2026-01-21 17:45:28 | INFO | Session Layer      | state changing to: SessionMode.CONNECTED_DOWNLINK
2026-01-21 17:45:28 | INFO | Session Layer      | b'\x10\x19\x1a\x12\n\x10send health data'
2026-01-21 17:45:29 | INFO | Session Layer      | state changing to: SessionMode.CONNECTIONLESS_DOWNLINK
2026-01-21 17:45:29 | INFO | Session Layer      | b'\x10\x19\x1a\x0c\n\nexit orbit'
2026-01-21 17:45:59 | INFO | Session Layer      | b'\x10\x18\x1a\x16\n\x14burn x = 200 y = 200'
2026-01-21 17:45:59 | INFO | Session Layer      | b'\x10\x19\x1a\x16\n\x14burn x = 200 y = 200'
2026-01-21 17:46:00 | INFO | Session Layer      | b'\x10\x18\x1a\x12\n\x10send health data'
2026-01-21 17:46:00 | INFO | Session Layer      | b'\x10\x19\x1a\x12\n\x10send health data'
2026-01-21 17:46:01 | INFO | Session Layer      | b'\x10\x18\x1a\x16\n\x14burn x = 300 y = 400'
2026-01-21 17:46:02 | INFO | Session Layer      | b'\x10\x18\x1a\x12\n\x10send health data'
2026-01-21 17:46:03 | INFO | Session Layer      | b'\x10\x18\x1a\x0c\n\nexit orbit'
2026-01-21 17:46:04 | INFO | Session Layer      | state changing to: SessionMode.CONNECTED_UPLINK
2026-01-21 17:46:04 | INFO | Session Layer      | b'\x10\x19\x1a\x16\n\x14burn x = 300 y = 400'
2026-01-21 17:46:05 | INFO | Session Layer      | state changing to: SessionMode.CONNECTED_DOWNLINK
2026-01-21 17:46:05 | INFO | Session Layer      | b'\x10\x19\x1a\x12\n\x10send health data'
2026-01-21 17:46:06 | INFO | Session Layer      | state changing to: SessionMode.CONNECTIONLESS_DOWNLINK
2026-01-21 17:46:06 | INFO | Session Layer      | b'\x10\x19\x1a\x0c\n\nexit orbit'
2026-01-21 17:52:19 | INFO | Session Layer      | b'\x10\x18\x1a\x16\n\x14burn x = 200 y = 200'
2026-01-21 17:52:19 | INFO | Session Layer      | b'\x10\x19\x1a\x16\n\x14burn x = 200 y = 200'
2026-01-21 17:52:20 | INFO | Session Layer      | b'\x10\x19\x1a\x12\n\x10send health data'
2026-01-21 17:52:20 | INFO | Session Layer      | b'\x10\x18\x1a\x12\n\x10send health data'
2026-01-21 17:52:22 | INFO | Session Layer      | b'\x10\x18\x1a\x16\n\x14burn x = 300 y = 400'
2026-01-21 17:52:23 | INFO | Session Layer      | b'\x10\x18\x1a\x12\n\x10send health data'
2026-01-21 17:52:24 | INFO | Session Layer      | b'\x10\x18\x1a\x0c\n\nexit orbit'
2026-01-21 17:52:25 | INFO | Session Layer      | state changing to: SessionMode.CONNECTED_UPLINK
2026-01-21 17:53:56 | INFO | Session Layer      | b'\x10\x18\x1a\x16\n\x14burn x = 200 y = 200'
2026-01-21 17:53:56 | INFO | Session Layer      | b'\x10\x19\x1a\x16\n\x14burn x = 200 y = 200'
2026-01-21 17:53:57 | INFO | Session Layer      | b'\x10\x18\x1a\x12\n\x10send health data'
2026-01-21 17:53:57 | INFO | Session Layer      | b'\x10\x19\x1a\x12\n\x10send health data'
2026-01-21 17:53:58 | INFO | Session Layer      | b'\x10\x18\x1a\x16\n\x14burn x = 300 y = 400'
2026-01-21 17:53:59 | INFO | Session Layer      | b'\x10\x18\x1a\x12\n\x10send health data'
2026-01-21 17:54:00 | INFO | Session Layer      | b'\x10\x18\x1a\x0c\n\nexit orbit'
2026-01-21 17:54:01 | INFO | Session Layer      | state changing to: SessionMode.CONNECTED_UPLINK
2026-01-21 17:59:38 | INFO | Session Layer      | b'\x10\x18\x1a\x16\n\x14burn x = 200 y = 200'
2026-01-21 17:59:38 | INFO | Session Layer      | b'\x10\x19\x1a\x16\n\x14burn x = 200 y = 200'
2026-01-21 17:59:39 | INFO | Session Layer      | b'\x10\x18\x1a\x12\n\x10send health data'
2026-01-21 17:59:39 | INFO | Session Layer      | b'\x10\x19\x1a\x12\n\x10send health data'
2026-01-21 17:59:40 | INFO | Session Layer      | b'\x10\x18\x1a\x16\n\x14burn x = 300 y = 400'
2026-01-21 17:59:41 | INFO | Session Layer      | b'\x10\x18\x1a\x12\n\x10send health data'
2026-01-21 17:59:42 | INFO | Session Layer      | b'\x10\x18\x1a\x0c\n\nexit orbit'
2026-01-21 17:59:43 | INFO | Session Layer      | state changing to: SessionMode.CONNECTED_UPLINK
2026-01-21 18:00:04 | INFO | Session Layer      | b'\x10\x18\x1a\x16\n\x14burn x = 200 y = 200'
2026-01-21 18:00:04 | INFO | Session Layer      | b'\x10\x19\x1a\x16\n\x14burn x = 200 y = 200'
2026-01-21 18:00:05 | INFO | Session Layer      | b'\x10\x18\x1a\x12\n\x10send health data'
2026-01-21 18:00:05 | INFO | Session Layer      | b'\x10\x19\x1a\x12\n\x10send health data'
2026-01-21 18:00:06 | INFO | Session Layer      | b'\x10\x18\x1a\x16\n\x14burn x = 300 y = 400'
2026-01-21 18:00:07 | INFO | Session Layer      | b'\x10\x18\x1a\x12\n\x10send health data'
2026-01-21 18:00:08 | INFO | Session Layer      | b'\x10\x18\x1a\x0c\n\nexit orbit'
2026-01-21 18:00:09 | INFO | Session Layer      | state changing to: SessionMode.CONNECTED_UPLINK
2026-01-21 18:00:09 | INFO | Session Layer      | b'\x10\x19\x1a\x16\n\x14burn x = 300 y = 400'
2026-01-21 18:00:10 | INFO | Session Layer      | state changing to: SessionMode.CONNECTED_DOWNLINK
2026-01-21 18:00:10 | INFO | Session Layer      | b'\x10\x19\x1a\x12\n\x10send health data'
2026-01-21 18:00:11 | INFO | Session Layer      | state changing to: SessionMode.CONNECTIONLESS_DOWNLINK
2026-01-21 18:00:11 | INFO | Session Layer      | b'\x10\x19\x1a\x0c\n\nexit orbit'
2026-01-21 18:00:37 | INFO | Session Layer      | b'\x10\x19\x1a\x16\n\x14burn x = 200 y = 200'
2026-01-21 18:00:37 | INFO | Session Layer      | b'\x10\x18\x1a\x16\n\x14burn x = 200 y = 200'
2026-01-21 18:00:38 | INFO | Session Layer      | b'\x10\x18\x1a\x12\n\x10send health data'
2026-01-21 18:00:38 | INFO | Session Layer      | b'\x10\x19\x1a\x12\n\x10send health data'
2026-01-21 18:00:39 | INFO | Session Layer      | b'\x10\x18\x1a\x16\n\x14burn x = 300 y = 400'
2026-01-21 18:00:40 | INFO | Session Layer      | b'\x10\x18\x1a\x12\n\x10send health data'
2026-01-21 18:00:42 | INFO | Session Layer      | state changing to: SessionMode.CONNECTED_UPLINK
2026-01-21 18:00:42 | INFO | Session Layer      | b'\x10\x19\x1a\x16\n\x14burn x = 300 y = 400'
2026-01-21 18:00:43 | INFO | Session Layer      | state changing to: SessionMode.CONNECTED_DOWNLINK
2026-01-21 18:00:43 | INFO | Session Layer      | b'\x10\x19\x1a\x12\n\x10send health data'
2026-01-21 18:00:44 | INFO | Session Layer      | state changing to: SessionMode.CONNECTIONLESS_DOWNLINK
2026-01-21 18:00:44 | INFO | Session Layer      | b'\x10\x19\x1a\x0c\n\nexit orbit'
2026-01-21 18:02:54 | INFO | Session Layer      | b'\x10\x18\x1a\x16\n\x14burn x = 200 y = 200'
2026-01-21 18:02:55 | INFO | Session Layer      | b'\x10\x18\x1a\x12\n\x10send health data'
2026-01-21 18:02:56 | INFO | Session Layer      | b'\x10\x18\x1a\x16\n\x14burn x = 300 y = 400'
2026-01-21 18:02:57 | INFO | Session Layer      | b'\x10\x18\x1a\x12\n\x10send health data'
2026-01-21 18:02:58 | INFO | Session Layer      | b'\x10\x18\x1a\x0c\n\nexit orbit'
2026-01-21 18:03:06 | INFO | Session Layer      | b'\x10\x18\x1a\x16\n\x14burn x = 200 y = 200'
2026-01-21 18:03:07 | INFO | Session Layer      | b'\x10\x18\x1a\x12\n\x10send health data'
2026-01-21 18:03:08 | INFO | Session Layer      | b'\x10\x18\x1a\x16\n\x14burn x = 300 y = 400'
2026-01-21 18:03:09 | INFO | Session Layer      | b'\x10\x18\x1a\x12\n\x10send health data'
2026-01-21 18:03:15 | INFO | Session Layer      | b'\x10\x18\x1a\x16\n\x14burn x = 200 y = 200'
2026-01-21 18:03:16 | INFO | Session Layer      | b'\x10\x18\x1a\x12\n\x10send health data'
2026-01-21 18:03:17 | INFO | Session Layer      | b'\x10\x18\x1a\x16\n\x14burn x = 300 y = 400'
2026-01-21 18:03:18 | INFO | Session Layer      | b'\x10\x18\x1a\x12\n\x10send health data'
2026-01-21 18:03:19 | INFO | Session Layer      | b'\x10\x18\x1a\x0c\n\nexit orbit'
2026-01-21 18:25:15 | INFO | Session Layer      | b'\x10\x19\x1a\x16\n\x14burn x = 200 y = 200'
2026-01-21 18:25:16 | INFO | Session Layer      | b'\x10\x19\x1a\x12\n\x10send health data'
2026-01-21 18:25:18 | INFO | Session Layer      | state changing to: SessionMode.CONNECTED_UPLINK
2026-01-21 18:25:18 | INFO | Session Layer      | b'\x10\x19\x1a\x16\n\x14burn x = 300 y = 400'
2026-01-21 18:25:19 | INFO | Session Layer      | b'\x10\x19\x1a\x12\n\x10send health data'
2026-01-21 18:25:21 | INFO | Session Layer      | state changing to: SessionMode.CONNECTED_DOWNLINK
2026-01-21 18:25:21 | INFO | Session Layer      | b'\x10\x19\x1a\x0c\n\nexit orbit'
2026-01-21 18:26:41 | INFO | Session Layer      | b'\x10\x18\x1a\x16\n\x14burn x = 200 y = 200'
2026-01-21 18:26:41 | INFO | Session Layer      | b'\x10\x19\x1a\x16\n\x14burn x = 200 y = 200'
2026-01-21 18:26:42 | INFO | Session Layer      | b'\x10\x19\x1a\x12\n\x10send health data'
2026-01-21 18:26:42 | INFO | Session Layer      | b'\x10\x18\x1a\x12\n\x10send health data'
2026-01-21 18:26:43 | INFO | Session Layer      | b'\x10\x18\x1a\x17\n\x15connected uplink mode'
2026-01-21 18:26:44 | INFO | Session Layer      | state changing to: SessionMode.CONNECTED_UPLINK
2026-01-21 18:26:44 | INFO | Session Layer      | b'\x10\x18\x1a\x16\n\x14burn x = 300 y = 400'
2026-01-21 18:26:44 | INFO | Session Layer      | b'\x10\x19\x1a\x16\n\x14burn x = 300 y = 400'
2026-01-21 18:26:45 | INFO | Session Layer      | b'\x10\x19\x1a\x12\n\x10send health data'
2026-01-21 18:26:45 | INFO | Session Layer      | b'\x10\x18\x1a\x12\n\x10send health data'
2026-01-21 18:26:46 | INFO | Session Layer      | b'\x10\x18\x1a\x19\n\x17connected downlink mode'
2026-01-21 18:26:47 | INFO | Session Layer      | b'\x10\x18\x1a\x0c\n\nexit orbit'
2026-01-21 18:26:47 | INFO | Session Layer      | state changing to: SessionMode.CONNECTED_DOWNLINK
2026-01-21 18:26:47 | INFO | Session Layer      | b'\x10\x19\x1a\x0c\n\nexit orbit'
2026-02-05 07:38:04 | INFO | Session Layer      | b'\x10\x18\x1a\x16\n\x14burn x = 200 y = 200'
2026-02-05 07:38:22 | INFO | Session Layer      | b'\x10\x19\x1a\x16\n\x14burn x = 200 y = 200'
2026-02-05 07:38:22 | INFO | Session Layer      | b'\x10\x18\x1a\x16\n\x14burn x = 200 y = 200'
2026-02-05 07:38:33 | INFO | Session Layer      | b'\x10\x19\x1a\x16\n\x14burn x = 200 y = 200'
2026-02-05 07:38:33 | INFO | Session Layer      | b'\x10\x18\x1a\x16\n\x14burn x = 200 y = 200'
2026-02-05 07:39:01 | INFO | Session Layer      | b'\x10\x19\x1a\x16\n\x14burn x = 200 y = 200'
2026-02-05 07:39:01 | INFO | Session Layer      | b'\x10\x18\x1a\x16\n\x14burn x = 200 y = 200'
2026-02-05 07:39:05 | INFO | Session Layer      | b'\x10\x19\x1a\x16\n\x14burn x = 200 y = 200'
2026-02-05 07:39:05 | INFO | Session Layer      | b'\x10\x18\x1a\x16\n\x14burn x = 200 y = 200'
2026-02-05 07:39:12 | INFO | Session Layer      | b'\x10\x19\x1a\x16\n\x14burn x = 200 y = 200'
2026-02-05 07:39:12 | INFO | Session Layer      | b'\x10\x18\x1a\x16\n\x14burn x = 200 y = 200'
2026-02-05 07:39:51 | INFO | Session Layer      | b'\x10\x19\x1a\x16\n\x14burn x = 200 y = 200'
2026-02-05 07:39:51 | INFO | Session Layer      | b'\x10\x18\x1a\x16\n\x14burn x = 200 y = 200'
2026-02-05 07:40:01 | INFO | Session Layer      | b'\x10\x19\x1a\x16\n\x14burn x = 200 y = 200'
2026-02-05 07:40:01 | INFO | Session Layer      | b'\x10\x18\x1a\x16\n\x14burn x = 200 y = 200'
2026-02-05 07:42:36 | INFO | Session Layer      | b'\x10\x19\x1a\x16\n\x14burn x = 200 y = 200'
2026-02-05 07:42:36 | INFO | Session Layer      | b'\x10\x18\x1a\x16\n\x14burn x = 200 y = 200'
2026-02-05 07:50:15 | INFO | Session Layer      | b'\x10\x19\x1a\x16\n\x14burn x = 200 y = 200'
2026-02-05 07:50:15 | INFO | Session Layer      | b'\x10\x18\x1a\x16\n\x14burn x = 200 y = 200'
2026-02-05 07:51:21 | INFO | Session Layer      | b'\x10\x18\x1a\x16\n\x14burn x = 200 y = 200'
2026-02-05 07:51:21 | INFO | Session Layer      | b'\x10\x19\x1a\x16\n\x14burn x = 200 y = 200'
2026-02-05 07:53:35 | INFO | Session Layer      | b'\x10\x19\x1a\x16\n\x14burn x = 200 y = 200'
2026-02-05 07:53:35 | INFO | Session Layer      | b'\x10\x18\x1a\x16\n\x14burn x = 200 y = 200'
2026-02-05 07:53:52 | INFO | Session Layer      | b'\x10\x19\x1a\x16\n\x14burn x = 200 y = 200'
2026-02-05 07:53:52 | INFO | Session Layer      | b'\x10\x18\x1a\x16\n\x14burn x = 200 y = 200'
2026-02-05 08:02:01 | INFO | Session Layer      | b'\x10\x18\x1a\x16\n\x14burn x = 200 y = 200'
2026-02-05 08:02:01 | INFO | Session Layer      | b'\x10\x19\x1a\x16\n\x14burn x = 200 y = 200'
2026-02-05 08:09:40 | INFO | Session Layer      | b'\x10\x19\x1a\x16\n\x14burn x = 200 y = 200'
2026-02-05 08:10:25 | INFO | Session Layer      | b'\x10\x19\x1a\x16\n\x14burn x = 200 y = 200'
2026-02-05 08:10:25 | INFO | Session Layer      | b'\x10\x18\x1a\x16\n\x14burn x = 200 y = 200'
2026-02-05 08:21:33 | INFO | Session Layer      | b'\x10\x19\x1a\x16\n\x14burn x = 200 y = 200'
2026-02-05 08:21:33 | INFO | Session Layer      | b'\x10\x18\x1a\x16\n\x14burn x = 200 y = 200'
2026-02-05 08:23:12 | INFO | Session Layer      | b'\x10\x19\x1a\x16\n\x14burn x = 200 y = 200'
2026-02-05 08:23:12 | INFO | Session Layer      | b'\x10\x18\x1a\x16\n\x14burn x = 200 y = 200'
2026-02-05 08:29:03 | INFO | Session Layer      | b'\x10\x18\x1a\x16\n\x14burn x = 200 y = 200'
2026-02-05 08:29:53 | INFO | Session Layer      | b'\x10\x18\x1a\x16\n\x14burn x = 200 y = 200'
2026-02-05 08:29:53 | INFO | Session Layer      | b'\x10\x19\x1a\x16\n\x14burn x = 200 y = 200'
2026-02-05 08:32:14 | INFO | Session Layer      | b'\x10\x18\x1a\x16\n\x14burn x = 200 y = 200'
2026-02-05 08:32:14 | INFO | Session Layer      | b'\x10\x19\x1a\x16\n\x14burn x = 200 y = 200'
2026-02-05 08:32:22 | INFO | Session Layer      | b'\x10\x18\x1a\x16\n\x14burn x = 200 y = 200'
2026-02-05 08:32:22 | INFO | Session Layer      | b'\x10\x19\x1a\x16\n\x14burn x = 200 y = 200'
2026-02-05 08:32:47 | INFO | Session Layer      | b'\x10\x19\x1a\x16\n\x14burn x = 200 y = 200'
2026-02-05 08:32:47 | INFO | Session Layer      | b'\x10\x18\x1a\x16\n\x14burn x = 200 y = 200'
2026-02-05 08:32:58 | INFO | Session Layer      | b'\x10\x19\x1a\x16\n\x14burn x = 200 y = 200'
2026-02-05 08:32:58 | INFO | Session Layer      | b'\x10\x18\x1a\x16\n\x14burn x = 200 y = 200'
2026-02-05 08:33:10 | INFO | Session Layer      | b'\x10\x19\x1a\x16\n\x14burn x = 200 y = 200'
2026-02-05 08:33:10 | INFO | Session Layer      | b'\x10\x18\x1a\x16\n\x14burn x = 200 y = 200'
2026-02-05 08:34:13 | INFO | Session Layer      | b'\x10\x19\x1a\x16\n\x14burn x = 200 y = 200'
2026-02-05 08:34:13 | INFO | Session Layer      | b'\x10\x18\x1a\x16\n\x14burn x = 200 y = 200'
2026-02-05 08:34:30 | INFO | Session Layer      | b'\x10\x19\x1a\x16\n\x14burn x = 200 y = 200'
2026-02-05 08:36:57 | INFO | Session Layer      | b'\x10\x19\x1a\x16\n\x14burn x = 200 y = 200'
2026-02-05 08:36:57 | INFO | Session Layer      | b'\x10\x18\x1a\x16\n\x14burn x = 200 y = 200'
2026-02-05 08:40:45 | INFO | Session Layer      | b'\x10\x19\x1a\x16\n\x14burn x = 200 y = 200'
2026-02-05 08:40:45 | INFO | Session Layer      | b'\x10\x18\x1a\x16\n\x14burn x = 200 y = 200'
2026-02-05 08:41:35 | INFO | Session Layer      | b'\x10\x19\x1a\x16\n\x14burn x = 200 y = 200'
2026-02-05 08:41:35 | INFO | Session Layer      | b'\x10\x18\x1a\x16\n\x14burn x = 200 y = 200'
2026-02-05 08:41:36 | INFO | Session Layer      | b'\x10\x18\x1a\x12\n\x10send health data'
2026-02-05 08:41:37 | INFO | Session Layer      | b'\x10\x18\x1a\x17\n\x15connected uplink mode'
2026-02-05 08:41:38 | INFO | Session Layer      | b'\x10\x18\x1a\x16\n\x14burn x = 300 y = 400'
2026-02-05 08:41:39 | INFO | Session Layer      | b'\x10\x18\x1a\x12\n\x10send health data'
2026-02-05 08:41:40 | INFO | Session Layer      | b'\x10\x18\x1a\x19\n\x17connected downlink mode'
2026-02-05 08:41:41 | INFO | Session Layer      | b'\x10\x18\x1a\x0c\n\nexit orbit'
2026-02-05 08:42:21 | INFO | Session Layer      | b'\x10\x19\x1a\x16\n\x14burn x = 200 y = 200'
2026-02-05 08:42:21 | INFO | Session Layer      | b'\x10\x18\x1a\x16\n\x14burn x = 200 y = 200'
2026-02-05 08:42:22 | INFO | Session Layer      | b'\x10\x18\x1a\x12\n\x10send health data'
2026-02-05 08:42:23 | INFO | Session Layer      | b'\x10\x18\x1a\x17\n\x15connected uplink mode'
2026-02-05 08:42:24 | INFO | Session Layer      | b'\x10\x18\x1a\x16\n\x14burn x = 300 y = 400'
2026-02-05 08:42:25 | INFO | Session Layer      | b'\x10\x18\x1a\x12\n\x10send health data'
2026-02-05 08:42:26 | INFO | Session Layer      | b'\x10\x18\x1a\x19\n\x17connected downlink mode'
2026-02-05 08:42:27 | INFO | Session Layer      | b'\x10\x18\x1a\x0c\n\nexit orbit'
2026-02-05 08:47:52 | INFO | Session Layer      | Tx: b'\x10\x18\x1a\x16\n\x14burn x = 200 y = 200'
2026-02-05 08:47:52 | INFO | Session Layer      | b'\x10\x19\x1a\x16\n\x14burn x = 200 y = 200'
2026-02-05 08:47:53 | INFO | Session Layer      | Tx: b'\x10\x18\x1a\x12\n\x10send health data'
2026-02-05 08:47:54 | INFO | Session Layer      | Tx: b'\x10\x18\x1a\x17\n\x15connected uplink mode'
2026-02-05 08:47:55 | INFO | Session Layer      | Tx: b'\x10\x18\x1a\x16\n\x14burn x = 300 y = 400'
2026-02-05 08:47:56 | INFO | Session Layer      | Tx: b'\x10\x18\x1a\x12\n\x10send health data'
2026-02-05 08:47:57 | INFO | Session Layer      | Tx: b'\x10\x18\x1a\x19\n\x17connected downlink mode'
2026-02-05 08:47:58 | INFO | Session Layer      | Tx: b'\x10\x18\x1a\x0c\n\nexit orbit'
2026-02-05 08:48:10 | INFO | Session Layer      | Tx: b'\x10\x18\x1a\x16\n\x14burn x = 200 y = 200'
2026-02-05 08:48:11 | INFO | Session Layer      | Tx: b'\x10\x18\x1a\x12\n\x10send health data'
2026-02-05 08:48:12 | INFO | Session Layer      | Tx: b'\x10\x18\x1a\x17\n\x15connected uplink mode'
2026-02-05 08:48:13 | INFO | Session Layer      | Tx: b'\x10\x18\x1a\x16\n\x14burn x = 300 y = 400'
2026-02-05 08:48:15 | INFO | Session Layer      | Tx: b'\x10\x18\x1a\x12\n\x10send health data'
2026-02-05 08:48:16 | INFO | Session Layer      | Tx: b'\x10\x18\x1a\x19\n\x17connected downlink mode'
2026-02-05 08:48:17 | INFO | Session Layer      | Tx: b'\x10\x18\x1a\x0c\n\nexit orbit'
2026-02-05 08:50:30 | INFO | Session Layer      | Tx: b'\x10\x18\x1a\x16\n\x14burn x = 200 y = 200'
2026-02-05 08:50:31 | INFO | Session Layer      | Tx: b'\x10\x18\x1a\x12\n\x10send health data'
2026-02-05 08:50:32 | INFO | Session Layer      | Tx: b'\x10\x18\x1a\x17\n\x15connected uplink mode'
2026-02-05 08:50:33 | INFO | Session Layer      | Tx: b'\x10\x18\x1a\x16\n\x14burn x = 300 y = 400'
2026-02-05 08:50:34 | INFO | Session Layer      | Tx: b'\x10\x18\x1a\x12\n\x10send health data'
2026-02-05 08:50:35 | INFO | Session Layer      | Tx: b'\x10\x18\x1a\x19\n\x17connected downlink mode'
2026-02-05 08:50:36 | INFO | Session Layer      | Tx: b'\x10\x18\x1a\x0c\n\nexit orbit'
2026-02-05 08:51:19 | INFO | Session Layer      | Tx: b'\x10\x18\x1a\x16\n\x14burn x = 200 y = 200'
2026-02-05 08:51:20 | INFO | Session Layer      | Tx: b'\x10\x18\x1a\x12\n\x10send health data'
2026-02-05 08:51:21 | INFO | Session Layer      | Tx: b'\x10\x18\x1a\x17\n\x15connected uplink mode'
2026-02-05 08:51:22 | INFO | Session Layer      | Tx: b'\x10\x18\x1a\x16\n\x14burn x = 300 y = 400'
2026-02-05 08:51:23 | INFO | Session Layer      | Tx: b'\x10\x18\x1a\x12\n\x10send health data'
2026-02-05 08:51:24 | INFO | Session Layer      | Tx: b'\x10\x18\x1a\x19\n\x17connected downlink mode'
2026-02-05 08:51:25 | INFO | Session Layer      | Tx: b'\x10\x18\x1a\x0c\n\nexit orbit'
2026-02-05 08:52:24 | INFO | Session Layer      | Tx: b'\x10\x18\x1a\x16\n\x14burn x = 200 y = 200'
2026-02-05 08:52:25 | INFO | Session Layer      | Tx: b'\x10\x18\x1a\x12\n\x10send health data'
2026-02-05 08:52:26 | INFO | Session Layer      | Tx: b'\x10\x18\x1a\x17\n\x15connected uplink mode'
2026-02-05 08:52:27 | INFO | Session Layer      | Tx: b'\x10\x18\x1a\x16\n\x14burn x = 300 y = 400'
2026-02-05 08:52:28 | INFO | Session Layer      | Tx: b'\x10\x18\x1a\x12\n\x10send health data'
2026-02-05 08:52:29 | INFO | Session Layer      | Tx: b'\x10\x18\x1a\x19\n\x17connected downlink mode'
2026-02-05 08:52:30 | INFO | Session Layer      | Tx: b'\x10\x18\x1a\x0c\n\nexit orbit'
2026-02-05 08:52:58 | INFO | Session Layer      | Tx: b'\x10\x18\x1a\x16\n\x14burn x = 200 y = 200'
2026-02-05 08:52:59 | INFO | Session Layer      | Tx: b'\x10\x18\x1a\x12\n\x10send health data'
2026-02-05 08:53:00 | INFO | Session Layer      | Tx: b'\x10\x18\x1a\x17\n\x15connected uplink mode'
2026-02-05 08:53:01 | INFO | Session Layer      | Tx: b'\x10\x18\x1a\x16\n\x14burn x = 300 y = 400'
2026-02-05 08:53:02 | INFO | Session Layer      | Tx: b'\x10\x18\x1a\x12\n\x10send health data'
2026-02-05 08:53:03 | INFO | Session Layer      | Tx: b'\x10\x18\x1a\x19\n\x17connected downlink mode'
2026-02-05 08:53:04 | INFO | Session Layer      | Tx: b'\x10\x18\x1a\x0c\n\nexit orbit'
2026-02-05 08:53:28 | INFO | Session Layer      | Tx: b'\x10\x18\x1a\x16\n\x14burn x = 200 y = 200'
2026-02-05 08:53:29 | INFO | Session Layer      | Tx: b'\x10\x18\x1a\x12\n\x10send health data'
2026-02-05 08:53:30 | INFO | Session Layer      | Tx: b'\x10\x18\x1a\x17\n\x15connected uplink mode'
2026-02-05 08:53:32 | INFO | Session Layer      | Tx: b'\x10\x18\x1a\x16\n\x14burn x = 300 y = 400'
2026-02-05 08:53:33 | INFO | Session Layer      | Tx: b'\x10\x18\x1a\x12\n\x10send health data'
2026-02-05 08:54:20 | INFO | Session Layer      | Tx: b'\x10\x18\x1a\x16\n\x14burn x = 200 y = 200'
2026-02-05 08:54:21 | INFO | Session Layer      | Tx: b'\x10\x18\x1a\x12\n\x10send health data'
2026-02-05 08:54:22 | INFO | Session Layer      | Tx: b'\x10\x18\x1a\x17\n\x15connected uplink mode'
2026-02-05 08:54:23 | INFO | Session Layer      | Tx: b'\x10\x18\x1a\x16\n\x14burn x = 300 y = 400'
2026-02-05 08:54:24 | INFO | Session Layer      | Tx: b'\x10\x18\x1a\x12\n\x10send health data'
2026-02-05 08:54:25 | INFO | Session Layer      | Tx: b'\x10\x18\x1a\x19\n\x17connected downlink mode'
2026-02-05 08:54:26 | INFO | Session Layer      | Tx: b'\x10\x18\x1a\x0c\n\nexit orbit'
2026-02-05 08:55:10 | INFO | Session Layer      | Tx: b'\x10\x18\x1a\x16\n\x14burn x = 200 y = 200'
2026-02-05 08:55:11 | INFO | Session Layer      | Tx: b'\x10\x18\x1a\x12\n\x10send health data'
2026-02-05 08:55:12 | INFO | Session Layer      | Tx: b'\x10\x18\x1a\x17\n\x15connected uplink mode'
2026-02-05 08:55:13 | INFO | Session Layer      | Tx: b'\x10\x18\x1a\x16\n\x14burn x = 300 y = 400'
2026-02-05 08:55:14 | INFO | Session Layer      | Tx: b'\x10\x18\x1a\x12\n\x10send health data'
2026-02-05 08:55:15 | INFO | Session Layer      | Tx: b'\x10\x18\x1a\x19\n\x17connected downlink mode'
2026-02-05 11:02:38 | INFO | Session Layer      | Tx: b'\x10\x18\x1a\x16\n\x14burn x = 200 y = 200'
2026-02-05 11:02:39 | INFO | Session Layer      | Tx: b'\x10\x18\x1a\x12\n\x10send health data'
2026-02-05 11:02:40 | INFO | Session Layer      | Tx: b'\x10\x18\x1a\x17\n\x15connected uplink mode'
2026-02-05 11:02:41 | INFO | Session Layer      | Tx: b'\x10\x18\x1a\x16\n\x14burn x = 300 y = 400'
2026-02-05 11:02:42 | INFO | Session Layer      | Tx: b'\x10\x18\x1a\x12\n\x10send health data'
2026-02-05 11:02:43 | INFO | Session Layer      | Tx: b'\x10\x18\x1a\x19\n\x17connected downlink mode'
2026-02-05 11:02:44 | INFO | Session Layer      | Tx: b'\x10\x18\x1a\x0c\n\nexit orbit'
2026-02-05 11:05:56 | INFO | Session Layer      | Tx: b'\x10\x18\x1a\x16\n\x14burn x = 200 y = 200'
2026-02-05 11:05:57 | INFO | Session Layer      | Tx: b'\x10\x18\x1a\x12\n\x10send health data'
2026-02-05 11:05:58 | INFO | Session Layer      | Tx: b'\x10\x18\x1a\x17\n\x15connected uplink mode'
2026-02-05 11:05:59 | INFO | Session Layer      | Tx: b'\x10\x18\x1a\x16\n\x14burn x = 300 y = 400'
2026-02-05 11:06:00 | INFO | Session Layer      | Tx: b'\x10\x18\x1a\x12\n\x10send health data'
2026-02-05 11:06:01 | INFO | Session Layer      | Tx: b'\x10\x18\x1a\x19\n\x17connected downlink mode'
2026-02-05 11:06:02 | INFO | Session Layer      | Tx: b'\x10\x18\x1a\x0c\n\nexit orbit'
2026-02-05 11:06:59 | INFO | Session Layer      | Rx: b'\x10\x18\x1a\x16\n\x14burn x = 200 y = 200'
2026-02-05 11:06:59 | INFO | Session Layer      | Tx: b'\x10\x18\x1a\x16\n\x14burn x = 200 y = 200'
2026-02-05 11:06:59 | INFO | Session Layer      | Tx: b'\x10\x18\x1a\x16\n\x14burn x = 200 y = 200'
2026-02-05 11:07:00 | INFO | Session Layer      | Rx: b'\x10\x18\x1a\x12\n\x10send health data'
2026-02-05 11:07:00 | INFO | Session Layer      | Tx: b'\x10\x18\x1a\x12\n\x10send health data'
2026-02-05 11:07:00 | INFO | Session Layer      | Tx: b'\x10\x18\x1a\x12\n\x10send health data'
2026-02-05 11:07:01 | INFO | Session Layer      | Rx: b'\x10\x18\x1a\x17\n\x15connected uplink mode'
2026-02-05 11:07:01 | INFO | Session Layer      | Tx: b'\x10\x18\x1a\x17\n\x15connected uplink mode'
2026-02-05 11:07:01 | INFO | Session Layer      | Tx: b'\x10\x18\x1a\x17\n\x15connected uplink mode'
2026-02-05 11:07:02 | INFO | Session Layer      | Rx: b'\x10\x18\x1a\x16\n\x14burn x = 300 y = 400'
2026-02-05 11:07:02 | INFO | Session Layer      | Tx: b'\x10\x18\x1a\x16\n\x14burn x = 300 y = 400'
2026-02-05 11:07:02 | INFO | Session Layer      | Tx: b'\x10\x18\x1a\x16\n\x14burn x = 300 y = 400'
2026-02-05 11:07:03 | INFO | Session Layer      | Rx: b'\x10\x18\x1a\x12\n\x10send health data'
2026-02-05 11:07:03 | INFO | Session Layer      | Tx: b'\x10\x18\x1a\x12\n\x10send health data'
2026-02-05 11:07:03 | INFO | Session Layer      | Tx: b'\x10\x18\x1a\x12\n\x10send health data'
2026-02-05 11:07:04 | INFO | Session Layer      | Rx: b'\x10\x18\x1a\x19\n\x17connected downlink mode'
2026-02-05 11:07:04 | INFO | Session Layer      | Tx: b'\x10\x18\x1a\x19\n\x17connected downlink mode'
2026-02-05 11:07:04 | INFO | Session Layer      | Tx: b'\x10\x18\x1a\x19\n\x17connected downlink mode'
2026-02-05 11:07:05 | INFO | Session Layer      | Rx: b'\x10\x18\x1a\x0c\n\nexit orbit'
2026-02-05 11:07:05 | INFO | Session Layer      | Tx: b'\x10\x18\x1a\x0c\n\nexit orbit'
2026-02-05 11:07:05 | INFO | Session Layer      | Tx: b'\x10\x18\x1a\x0c\n\nexit orbit'
2026-02-05 11:09:08 | INFO | Session Layer      | Rx: b'\x10\x18\x1a\x16\n\x14burn x = 200 y = 200'
2026-02-05 11:09:08 | INFO | Session Layer      | Tx: b'\x10\x18\x1a\x16\n\x14burn x = 200 y = 200'
2026-02-05 11:09:31 | INFO | Session Layer      | Rx: b'\x10\x18\x1a\x16\n\x14burn x = 200 y = 200'
2026-02-05 11:09:31 | INFO | Session Layer      | Tx: b'\x10\x18\x1a\x16\n\x14burn x = 200 y = 200'
2026-02-05 11:12:44 | INFO | Session Layer      | Rx: b'\x10\x18\x1a\x16\n\x14burn x = 200 y = 200'
2026-02-05 11:12:44 | INFO | Session Layer      | Tx: b'\x10\x18\x1a\x16\n\x14burn x = 200 y = 200'
2026-02-05 11:14:56 | INFO | Session Layer      | Rx: b'\x10\x18\x1a\x16\n\x14burn x = 200 y = 200'
2026-02-05 11:14:56 | INFO | Session Layer      | Tx: b'\x10\x18\x1a\x16\n\x14burn x = 200 y = 200'
2026-02-05 11:15:18 | INFO | Session Layer      | Rx: b'\x10\x18\x1a\x16\n\x14burn x = 200 y = 200'
2026-02-05 11:15:18 | INFO | Session Layer      | Tx: b'\x10\x18\x1a\x16\n\x14burn x = 200 y = 200'
2026-02-05 11:17:30 | INFO | Session Layer      | Rx: b'\x10\x18\x1a\x16\n\x14burn x = 200 y = 200'
2026-02-05 11:17:30 | INFO | Session Layer      | Tx: b'\x10\x18\x1a\x16\n\x14burn x = 200 y = 200'
2026-02-05 11:17:44 | INFO | Session Layer      | Rx: b'\x10\x18\x1a\x16\n\x14burn x = 200 y = 200'
2026-02-05 11:17:44 | INFO | Session Layer      | Tx: b'\x10\x18\x1a\x16\n\x14burn x = 200 y = 200'
2026-02-05 11:19:01 | INFO | Session Layer      | Rx: b'\x10\x18\x1a\x16\n\x14burn x = 200 y = 200'
2026-02-05 11:19:01 | INFO | Session Layer      | Tx: b'\x10\x18\x1a\x16\n\x14burn x = 200 y = 200'
2026-02-05 11:19:01 | INFO | Session Layer      | Tx: b'\x1a\x1a\x10\x18\x1a\x16\n\x14burn x = 200 y = 200'
2026-02-05 11:19:02 | INFO | Session Layer      | Rx: b'\x10\x18\x1a\x12\n\x10send health data'
2026-02-05 11:19:02 | INFO | Session Layer      | Tx: b'\x10\x18\x1a\x12\n\x10send health data'
2026-02-05 11:19:02 | INFO | Session Layer      | Tx: b'\x1a\x16\x10\x18\x1a\x12\n\x10send health data'
2026-02-05 11:19:03 | INFO | Session Layer      | Rx: b'\x10\x18\x1a\x17\n\x15connected uplink mode'
2026-02-05 11:19:03 | INFO | Session Layer      | Tx: b'\x10\x18\x1a\x17\n\x15connected uplink mode'
2026-02-05 11:19:03 | INFO | Session Layer      | Tx: b'\x1a\x1b\x10\x18\x1a\x17\n\x15connected uplink mode'
2026-02-05 11:19:04 | INFO | Session Layer      | Rx: b'\x10\x18\x1a\x16\n\x14burn x = 300 y = 400'
2026-02-05 11:19:04 | INFO | Session Layer      | Tx: b'\x10\x18\x1a\x16\n\x14burn x = 300 y = 400'
2026-02-05 11:19:04 | INFO | Session Layer      | Tx: b'\x1a\x1a\x10\x18\x1a\x16\n\x14burn x = 300 y = 400'
2026-02-05 11:19:05 | INFO | Session Layer      | Rx: b'\x10\x18\x1a\x12\n\x10send health data'
2026-02-05 11:19:05 | INFO | Session Layer      | Tx: b'\x10\x18\x1a\x12\n\x10send health data'
2026-02-05 11:19:05 | INFO | Session Layer      | Tx: b'\x1a\x16\x10\x18\x1a\x12\n\x10send health data'
2026-02-05 11:19:06 | INFO | Session Layer      | Rx: b'\x10\x18\x1a\x19\n\x17connected downlink mode'
2026-02-05 11:19:06 | INFO | Session Layer      | Tx: b'\x10\x18\x1a\x19\n\x17connected downlink mode'
2026-02-05 11:19:06 | INFO | Session Layer      | Tx: b'\x1a\x1d\x10\x18\x1a\x19\n\x17connected downlink mode'
2026-02-05 11:19:07 | INFO | Session Layer      | Rx: b'\x10\x18\x1a\x0c\n\nexit orbit'
2026-02-05 11:19:07 | INFO | Session Layer      | Tx: b'\x10\x18\x1a\x0c\n\nexit orbit'
2026-02-05 11:19:07 | INFO | Session Layer      | Tx: b'\x1a\x10\x10\x18\x1a\x0c\n\nexit orbit'
2026-02-05 11:19:54 | INFO | Session Layer      | Tx: b'\x10\x18\x1a\x16\n\x14burn x = 200 y = 200'
2026-02-05 11:19:54 | INFO | Session Layer      | Tx: b'\x10\x18\x1a\x16\n\x14burn x = 200 y = 200'
2026-02-05 11:19:54 | INFO | Session Layer      | Rx: b'\x1a\x1a\x10\x18\x1a\x16\n\x14burn x = 200 y = 200'
2026-02-05 11:19:55 | INFO | Session Layer      | Tx: b'\x10\x18\x1a\x12\n\x10send health data'
2026-02-05 11:19:55 | INFO | Session Layer      | Tx: b'\x10\x18\x1a\x12\n\x10send health data'
2026-02-05 11:19:55 | INFO | Session Layer      | Rx: b'\x1a\x16\x10\x18\x1a\x12\n\x10send health data'
2026-02-05 11:19:56 | INFO | Session Layer      | Tx: b'\x10\x18\x1a\x17\n\x15connected uplink mode'
2026-02-05 11:19:56 | INFO | Session Layer      | Tx: b'\x10\x18\x1a\x17\n\x15connected uplink mode'
2026-02-05 11:19:56 | INFO | Session Layer      | Rx: b'\x1a\x1b\x10\x18\x1a\x17\n\x15connected uplink mode'
2026-02-05 11:19:57 | INFO | Session Layer      | Tx: b'\x10\x18\x1a\x16\n\x14burn x = 300 y = 400'
2026-02-05 11:19:57 | INFO | Session Layer      | Tx: b'\x10\x18\x1a\x16\n\x14burn x = 300 y = 400'
2026-02-05 11:19:57 | INFO | Session Layer      | Rx: b'\x1a\x1a\x10\x18\x1a\x16\n\x14burn x = 300 y = 400'
2026-02-05 11:19:58 | INFO | Session Layer      | Tx: b'\x10\x18\x1a\x12\n\x10send health data'
2026-02-05 11:19:58 | INFO | Session Layer      | Tx: b'\x10\x18\x1a\x12\n\x10send health data'
2026-02-05 11:19:58 | INFO | Session Layer      | Rx: b'\x1a\x16\x10\x18\x1a\x12\n\x10send health data'
2026-02-05 11:20:00 | INFO | Session Layer      | Tx: b'\x10\x18\x1a\x19\n\x17connected downlink mode'
2026-02-05 11:20:00 | INFO | Session Layer      | Tx: b'\x10\x18\x1a\x19\n\x17connected downlink mode'
2026-02-05 11:20:00 | INFO | Session Layer      | Rx: b'\x1a\x1d\x10\x18\x1a\x19\n\x17connected downlink mode'
2026-02-05 11:20:01 | INFO | Session Layer      | Tx: b'\x10\x18\x1a\x0c\n\nexit orbit'
2026-02-05 11:20:01 | INFO | Session Layer      | Tx: b'\x10\x18\x1a\x0c\n\nexit orbit'
2026-02-05 11:20:01 | INFO | Session Layer      | Rx: b'\x1a\x10\x10\x18\x1a\x0c\n\nexit orbit'
2026-02-05 11:20:10 | INFO | Session Layer      | Tx: b'\x10\x18\x1a\x16\n\x14burn x = 200 y = 200'
2026-02-05 11:20:10 | INFO | Session Layer      | Tx: b'\x10\x18\x1a\x16\n\x14burn x = 200 y = 200'
2026-02-05 11:20:10 | INFO | Session Layer      | Rx: b'\x1a\x1a\x10\x18\x1a\x16\n\x14burn x = 200 y = 200'
2026-02-05 11:20:11 | INFO | Session Layer      | Tx: b'\x10\x18\x1a\x12\n\x10send health data'
2026-02-05 11:20:11 | INFO | Session Layer      | Tx: b'\x10\x18\x1a\x12\n\x10send health data'
2026-02-05 11:20:11 | INFO | Session Layer      | Rx: b'\x1a\x16\x10\x18\x1a\x12\n\x10send health data'
2026-02-05 11:20:12 | INFO | Session Layer      | Tx: b'\x10\x18\x1a\x17\n\x15connected uplink mode'
2026-02-05 11:20:12 | INFO | Session Layer      | Tx: b'\x10\x18\x1a\x17\n\x15connected uplink mode'
2026-02-05 11:20:12 | INFO | Session Layer      | Rx: b'\x1a\x1b\x10\x18\x1a\x17\n\x15connected uplink mode'
2026-02-05 11:20:13 | INFO | Session Layer      | Tx: b'\x10\x18\x1a\x16\n\x14burn x = 300 y = 400'
2026-02-05 11:20:13 | INFO | Session Layer      | Tx: b'\x10\x18\x1a\x16\n\x14burn x = 300 y = 400'
2026-02-05 11:20:13 | INFO | Session Layer      | Rx: b'\x1a\x1a\x10\x18\x1a\x16\n\x14burn x = 300 y = 400'
2026-02-05 11:20:14 | INFO | Session Layer      | Tx: b'\x10\x18\x1a\x12\n\x10send health data'
2026-02-05 11:20:14 | INFO | Session Layer      | Tx: b'\x10\x18\x1a\x12\n\x10send health data'
2026-02-05 11:20:14 | INFO | Session Layer      | Rx: b'\x1a\x16\x10\x18\x1a\x12\n\x10send health data'
2026-02-05 11:20:15 | INFO | Session Layer      | Tx: b'\x10\x18\x1a\x19\n\x17connected downlink mode'
2026-02-05 11:20:15 | INFO | Session Layer      | Tx: b'\x10\x18\x1a\x19\n\x17connected downlink mode'
2026-02-05 11:20:15 | INFO | Session Layer      | Rx: b'\x1a\x1d\x10\x18\x1a\x19\n\x17connected downlink mode'
2026-02-05 11:20:16 | INFO | Session Layer      | Tx: b'\x10\x18\x1a\x0c\n\nexit orbit'
2026-02-05 11:20:16 | INFO | Session Layer      | Tx: b'\x10\x18\x1a\x0c\n\nexit orbit'
2026-02-05 11:20:16 | INFO | Session Layer      | Rx: b'\x1a\x10\x10\x18\x1a\x0c\n\nexit orbit'
2026-02-06 19:22:37 | INFO | Session Layer      | Tx: b'\x10\x18\x1a\x16\n\x14burn x = 200 y = 200'
2026-02-06 19:22:37 | INFO | Session Layer      | Tx: b'\x10\x18\x1a\x16\n\x14burn x = 200 y = 200'
2026-02-06 19:22:37 | INFO | Session Layer      | Rx: None
2026-02-06 19:22:38 | INFO | Session Layer      | Tx: b'\x10\x18\x1a\x12\n\x10send health data'
2026-02-06 19:22:38 | INFO | Session Layer      | Tx: b'\x10\x18\x1a\x12\n\x10send health data'
2026-02-06 19:22:38 | INFO | Session Layer      | Rx: None
2026-02-06 19:22:39 | INFO | Session Layer      | Tx: b'\x10\x18\x1a\x17\n\x15connected uplink mode'
2026-02-06 19:22:39 | INFO | Session Layer      | Tx: b'\x10\x18\x1a\x17\n\x15connected uplink mode'
2026-02-06 19:22:39 | INFO | Session Layer      | Rx: None
2026-02-06 19:22:40 | INFO | Session Layer      | Tx: b'\x10\x18\x1a\x16\n\x14burn x = 300 y = 400'
2026-02-06 19:22:40 | INFO | Session Layer      | Tx: b'\x10\x18\x1a\x16\n\x14burn x = 300 y = 400'
2026-02-06 19:22:40 | INFO | Session Layer      | Rx: None
2026-02-06 19:22:41 | INFO | Session Layer      | Tx: b'\x10\x18\x1a\x12\n\x10send health data'
2026-02-06 19:22:41 | INFO | Session Layer      | Tx: b'\x10\x18\x1a\x12\n\x10send health data'
2026-02-06 19:22:41 | INFO | Session Layer      | Rx: None
2026-02-06 19:22:42 | INFO | Session Layer      | Tx: b'\x10\x18\x1a\x19\n\x17connected downlink mode'
2026-02-06 19:22:42 | INFO | Session Layer      | Tx: b'\x10\x18\x1a\x19\n\x17connected downlink mode'
2026-02-06 19:22:42 | INFO | Session Layer      | Rx: None
2026-02-06 19:22:43 | INFO | Session Layer      | Tx: b'\x10\x18\x1a\x0c\n\nexit orbit'
2026-02-06 19:22:43 | INFO | Session Layer      | Tx: b'\x10\x18\x1a\x0c\n\nexit orbit'
2026-02-06 19:22:43 | INFO | Session Layer      | Rx: None
2026-02-06 19:26:55 | INFO | Session Layer      | Tx: b'\x10\x18\x1a\x16\n\x14burn x = 200 y = 200'
2026-02-06 19:26:55 | INFO | Session Layer      | Tx: b'\x10\x18\x1a\x16\n\x14burn x = 200 y = 200'
2026-02-06 19:26:55 | INFO | Session Layer      | Rx: 
2026-02-06 19:26:56 | INFO | Session Layer      | Tx: b'\x10\x18\x1a\x12\n\x10send health data'
2026-02-06 19:26:56 | INFO | Session Layer      | Tx: b'\x10\x18\x1a\x12\n\x10send health data'
2026-02-06 19:26:56 | INFO | Session Layer      | Rx: 
2026-02-06 19:26:57 | INFO | Session Layer      | Tx: b'\x10\x18\x1a\x17\n\x15connected uplink mode'
2026-02-06 19:26:57 | INFO | Session Layer      | Tx: b'\x10\x18\x1a\x17\n\x15connected uplink mode'
2026-02-06 19:26:57 | INFO | Session Layer      | Rx: 
2026-02-06 19:26:58 | INFO | Session Layer      | Tx: b'\x10\x18\x1a\x16\n\x14burn x = 300 y = 400'
2026-02-06 19:26:58 | INFO | Session Layer      | Tx: b'\x10\x18\x1a\x16\n\x14burn x = 300 y = 400'
2026-02-06 19:26:58 | INFO | Session Layer      | Rx: 
2026-02-06 19:26:59 | INFO | Session Layer      | Tx: b'\x10\x18\x1a\x12\n\x10send health data'
2026-02-06 19:26:59 | INFO | Session Layer      | Tx: b'\x10\x18\x1a\x12\n\x10send health data'
2026-02-06 19:26:59 | INFO | Session Layer      | Rx: 
2026-02-06 19:27:00 | INFO | Session Layer      | Tx: b'\x10\x18\x1a\x19\n\x17connected downlink mode'
2026-02-06 19:27:00 | INFO | Session Layer      | Tx: b'\x10\x18\x1a\x19\n\x17connected downlink mode'
2026-02-06 19:27:00 | INFO | Session Layer      | Rx: 
2026-02-06 19:27:01 | INFO | Session Layer      | Tx: b'\x10\x18\x1a\x0c\n\nexit orbit'
2026-02-06 19:27:01 | INFO | Session Layer      | Tx: b'\x10\x18\x1a\x0c\n\nexit orbit'
2026-02-06 19:27:01 | INFO | Session Layer      | Rx: 
2026-02-06 19:28:21 | INFO | Session Layer      | Tx: b'\x10\x18\x1a\x16\n\x14burn x = 200 y = 200'
2026-02-06 19:28:21 | INFO | Session Layer      | Tx: b'\x10\x18\x1a\x16\n\x14burn x = 200 y = 200'
2026-02-06 19:28:21 | INFO | Session Layer      | Rx: b'\x10\x18\x1a\x16\n\x14burn x = 200 y = 200'
2026-02-06 19:28:22 | INFO | Session Layer      | Tx: b'\x10\x18\x1a\x12\n\x10send health data'
2026-02-06 19:28:22 | INFO | Session Layer      | Tx: b'\x10\x18\x1a\x12\n\x10send health data'
2026-02-06 19:28:22 | INFO | Session Layer      | Rx: b'\x10\x18\x1a\x12\n\x10send health data'
2026-02-06 19:28:23 | INFO | Session Layer      | Tx: b'\x10\x18\x1a\x17\n\x15connected uplink mode'
2026-02-06 19:28:23 | INFO | Session Layer      | Tx: b'\x10\x18\x1a\x17\n\x15connected uplink mode'
2026-02-06 19:28:23 | INFO | Session Layer      | Rx: b'\x10\x18\x1a\x17\n\x15connected uplink mode'
2026-02-06 19:28:24 | INFO | Session Layer      | Tx: b'\x10\x18\x1a\x16\n\x14burn x = 300 y = 400'
2026-02-06 19:28:24 | INFO | Session Layer      | Tx: b'\x10\x18\x1a\x16\n\x14burn x = 300 y = 400'
2026-02-06 19:28:24 | INFO | Session Layer      | Rx: b'\x10\x18\x1a\x16\n\x14burn x = 300 y = 400'
2026-02-06 19:28:25 | INFO | Session Layer      | Tx: b'\x10\x18\x1a\x12\n\x10send health data'
2026-02-06 19:28:25 | INFO | Session Layer      | Tx: b'\x10\x18\x1a\x12\n\x10send health data'
2026-02-06 19:28:25 | INFO | Session Layer      | Rx: b'\x10\x18\x1a\x12\n\x10send health data'
2026-02-06 19:28:26 | INFO | Session Layer      | Tx: b'\x10\x18\x1a\x19\n\x17connected downlink mode'
2026-02-06 19:28:26 | INFO | Session Layer      | Tx: b'\x10\x18\x1a\x19\n\x17connected downlink mode'
2026-02-06 19:28:26 | INFO | Session Layer      | Rx: b'\x10\x18\x1a\x19\n\x17connected downlink mode'
2026-02-06 19:28:27 | INFO | Session Layer      | Tx: b'\x10\x18\x1a\x0c\n\nexit orbit'
2026-02-06 19:28:27 | INFO | Session Layer      | Tx: b'\x10\x18\x1a\x0c\n\nexit orbit'
2026-02-06 19:28:27 | INFO | Session Layer      | Rx: b'\x10\x18\x1a\x0c\n\nexit orbit'
2026-02-06 19:34:33 | INFO | Session Layer      | Tx: b'\x10\x18\x1a\x16\n\x14burn x = 200 y = 200'
2026-02-06 19:34:33 | INFO | Session Layer      | Tx: b'\x10\x18\x1a\x16\n\x14burn x = 200 y = 200'
2026-02-06 19:34:33 | INFO | Session Layer      | Rx: b'\x10\x18\x1a\x16\n\x14burn x = 200 y = 200'
2026-02-06 19:34:34 | INFO | Session Layer      | Tx: b'\x10\x18\x1a\x12\n\x10send health data'
2026-02-06 19:34:34 | INFO | Session Layer      | Tx: b'\x10\x18\x1a\x12\n\x10send health data'
2026-02-06 19:34:34 | INFO | Session Layer      | Rx: b'\x10\x18\x1a\x12\n\x10send health data'
2026-02-06 19:34:35 | INFO | Session Layer      | Tx: b'\x10\x18\x1a\x17\n\x15connected uplink mode'
2026-02-06 19:34:35 | INFO | Session Layer      | Tx: b'\x10\x18\x1a\x17\n\x15connected uplink mode'
2026-02-06 19:34:35 | INFO | Session Layer      | Rx: b'\x10\x18\x1a\x17\n\x15connected uplink mode'
2026-02-06 19:34:36 | INFO | Session Layer      | Tx: b'\x10\x18\x1a\x16\n\x14burn x = 300 y = 400'
2026-02-06 19:34:36 | INFO | Session Layer      | Tx: b'\x10\x18\x1a\x16\n\x14burn x = 300 y = 400'
2026-02-06 19:34:36 | INFO | Session Layer      | Rx: b'\x10\x18\x1a\x16\n\x14burn x = 300 y = 400'
2026-02-06 19:34:37 | INFO | Session Layer      | Tx: b'\x10\x18\x1a\x12\n\x10send health data'
2026-02-06 19:34:37 | INFO | Session Layer      | Tx: b'\x10\x18\x1a\x12\n\x10send health data'
2026-02-06 19:34:37 | INFO | Session Layer      | Rx: b'\x10\x18\x1a\x12\n\x10send health data'
2026-02-06 19:34:38 | INFO | Session Layer      | Tx: b'\x10\x18\x1a\x19\n\x17connected downlink mode'
2026-02-06 19:34:38 | INFO | Session Layer      | Tx: b'\x10\x18\x1a\x19\n\x17connected downlink mode'
2026-02-06 19:34:38 | INFO | Session Layer      | Rx: b'\x10\x18\x1a\x19\n\x17connected downlink mode'
2026-02-06 19:34:39 | INFO | Session Layer      | Tx: b'\x10\x18\x1a\x0c\n\nexit orbit'
2026-02-06 19:34:39 | INFO | Session Layer      | Tx: b'\x10\x18\x1a\x0c\n\nexit orbit'
2026-02-06 19:34:39 | INFO | Session Layer      | Rx: b'\x10\x18\x1a\x0c\n\nexit orbit'
2026-02-06 22:51:32 | INFO | Session Layer      | Tx: b'\x10\x18\x1a\x16\n\x14burn x = 200 y = 200'
2026-02-06 22:51:32 | INFO | Session Layer      | Tx: b'\x10\x18\x1a\x16\n\x14burn x = 200 y = 200'
2026-02-06 22:51:32 | INFO | Session Layer      | Rx: b'\x10\x18\x1a\x16\n\x14burn x = 200 y = 200'
2026-02-06 22:51:33 | INFO | Session Layer      | Tx: b'\x10\x18\x1a\x12\n\x10send health data'
2026-02-06 22:51:33 | INFO | Session Layer      | Tx: b'\x10\x18\x1a\x12\n\x10send health data'
2026-02-06 22:51:33 | INFO | Session Layer      | Rx: b'\x10\x18\x1a\x12\n\x10send health data'
2026-02-06 22:51:34 | INFO | Session Layer      | Tx: b'\x10\x18\x1a\x17\n\x15connected uplink mode'
2026-02-06 22:51:34 | INFO | Session Layer      | Tx: b'\x10\x18\x1a\x17\n\x15connected uplink mode'
2026-02-06 22:51:34 | INFO | Session Layer      | Rx: b'\x10\x18\x1a\x17\n\x15connected uplink mode'
2026-02-06 22:51:35 | INFO | Session Layer      | Tx: b'\x10\x18\x1a\x16\n\x14burn x = 300 y = 400'
2026-02-06 22:51:35 | INFO | Session Layer      | Tx: b'\x10\x18\x1a\x16\n\x14burn x = 300 y = 400'
2026-02-06 22:51:35 | INFO | Session Layer      | Rx: b'\x10\x18\x1a\x16\n\x14burn x = 300 y = 400'
2026-02-06 22:51:36 | INFO | Session Layer      | Tx: b'\x10\x18\x1a\x12\n\x10send health data'
2026-02-06 22:51:36 | INFO | Session Layer      | Tx: b'\x10\x18\x1a\x12\n\x10send health data'
2026-02-06 22:51:36 | INFO | Session Layer      | Rx: b'\x10\x18\x1a\x12\n\x10send health data'
2026-02-06 22:51:37 | INFO | Session Layer      | Tx: b'\x10\x18\x1a\x19\n\x17connected downlink mode'
2026-02-06 22:51:37 | INFO | Session Layer      | Tx: b'\x10\x18\x1a\x19\n\x17connected downlink mode'
2026-02-06 22:51:37 | INFO | Session Layer      | Rx: b'\x10\x18\x1a\x19\n\x17connected downlink mode'
2026-02-06 22:51:38 | INFO | Session Layer      | Tx: b'\x10\x18\x1a\x0c\n\nexit orbit'
2026-02-06 22:51:38 | INFO | Session Layer      | Tx: b'\x10\x18\x1a\x0c\n\nexit orbit'
2026-02-06 22:51:38 | INFO | Session Layer      | Rx: b'\x10\x18\x1a\x0c\n\nexit orbit'
2026-02-06 22:58:53 | INFO | Session Layer      | Tx: b'\x10\x18\x1a\x16\n\x14burn x = 200 y = 200'
2026-02-06 22:58:53 | INFO | Session Layer      | Tx: b'\x10\x18\x1a\x16\n\x14burn x = 200 y = 200'
2026-02-06 22:58:54 | INFO | Session Layer      | Tx: b'\x10\x18\x1a\x12\n\x10send health data'
2026-02-06 22:58:54 | INFO | Session Layer      | Tx: b'\x10\x18\x1a\x12\n\x10send health data'
2026-02-06 22:58:55 | INFO | Session Layer      | Tx: b'\x10\x18\x1a\x17\n\x15connected uplink mode'
2026-02-06 22:58:55 | INFO | Session Layer      | Tx: b'\x10\x18\x1a\x17\n\x15connected uplink mode'
2026-02-06 22:58:56 | INFO | Session Layer      | Tx: b'\x10\x18\x1a\x16\n\x14burn x = 300 y = 400'
2026-02-06 22:58:56 | INFO | Session Layer      | Tx: b'\x10\x18\x1a\x16\n\x14burn x = 300 y = 400'
2026-02-06 22:58:57 | INFO | Session Layer      | Tx: b'\x10\x18\x1a\x12\n\x10send health data'
2026-02-06 22:58:57 | INFO | Session Layer      | Tx: b'\x10\x18\x1a\x12\n\x10send health data'
2026-02-06 22:58:59 | INFO | Session Layer      | Tx: b'\x10\x18\x1a\x19\n\x17connected downlink mode'
2026-02-06 22:58:59 | INFO | Session Layer      | Tx: b'\x10\x18\x1a\x19\n\x17connected downlink mode'
2026-02-06 22:59:00 | INFO | Session Layer      | Tx: b'\x10\x18\x1a\x0c\n\nexit orbit'
2026-02-06 22:59:00 | INFO | Session Layer      | Tx: b'\x10\x18\x1a\x0c\n\nexit orbit'
2026-02-06 22:59:31 | INFO | Session Layer      | Tx: b'\x10\x18\x1a\x16\n\x14burn x = 200 y = 200'
2026-02-06 22:59:31 | INFO | Session Layer      | Tx: b'\x10\x18\x1a\x16\n\x14burn x = 200 y = 200'
2026-02-06 22:59:31 | INFO | Session Layer      | Rx: b'\x10\x18\x1a\x16\n\x14burn x = 200 y = 200'
2026-02-06 22:59:32 | INFO | Session Layer      | Tx: b'\x10\x18\x1a\x12\n\x10send health data'
2026-02-06 22:59:32 | INFO | Session Layer      | Tx: b'\x10\x18\x1a\x12\n\x10send health data'
2026-02-06 22:59:32 | INFO | Session Layer      | Rx: b'\x10\x18\x1a\x12\n\x10send health data'
2026-02-06 22:59:33 | INFO | Session Layer      | Tx: b'\x10\x18\x1a\x17\n\x15connected uplink mode'
2026-02-06 22:59:33 | INFO | Session Layer      | Tx: b'\x10\x18\x1a\x17\n\x15connected uplink mode'
2026-02-06 22:59:33 | INFO | Session Layer      | Rx: b'\x10\x18\x1a\x17\n\x15connected uplink mode'
2026-02-06 22:59:34 | INFO | Session Layer      | Tx: b'\x10\x18\x1a\x16\n\x14burn x = 300 y = 400'
2026-02-06 22:59:34 | INFO | Session Layer      | Tx: b'\x10\x18\x1a\x16\n\x14burn x = 300 y = 400'
2026-02-06 22:59:34 | INFO | Session Layer      | Rx: b'\x10\x18\x1a\x16\n\x14burn x = 300 y = 400'
2026-02-06 22:59:35 | INFO | Session Layer      | Tx: b'\x10\x18\x1a\x12\n\x10send health data'
2026-02-06 22:59:35 | INFO | Session Layer      | Tx: b'\x10\x18\x1a\x12\n\x10send health data'
2026-02-06 22:59:35 | INFO | Session Layer      | Rx: b'\x10\x18\x1a\x12\n\x10send health data'
2026-02-06 22:59:36 | INFO | Session Layer      | Tx: b'\x10\x18\x1a\x19\n\x17connected downlink mode'
2026-02-06 22:59:36 | INFO | Session Layer      | Tx: b'\x10\x18\x1a\x19\n\x17connected downlink mode'
2026-02-06 22:59:36 | INFO | Session Layer      | Rx: b'\x10\x18\x1a\x19\n\x17connected downlink mode'
2026-02-06 22:59:37 | INFO | Session Layer      | Tx: b'\x10\x18\x1a\x0c\n\nexit orbit'
2026-02-06 22:59:37 | INFO | Session Layer      | Tx: b'\x10\x18\x1a\x0c\n\nexit orbit'
2026-02-06 22:59:37 | INFO | Session Layer      | Rx: b'\x10\x18\x1a\x0c\n\nexit orbit'
2026-02-06 23:06:09 | INFO | Session Layer      | Tx: b'\x10\x18\x1a\x16\n\x14burn x = 200 y = 200'
2026-02-06 23:06:09 | INFO | Session Layer      | Tx: b'\x10\x18\x1a\x16\n\x14burn x = 200 y = 200'
2026-02-06 23:06:09 | INFO | Session Layer      | Rx: b'\x10\x18\x1a\x16\n\x14burn x = 200 y = 200'
2026-02-06 23:06:10 | INFO | Session Layer      | Tx: b'\x10\x18\x1a\x12\n\x10send health data'
2026-02-06 23:06:10 | INFO | Session Layer      | Tx: b'\x10\x18\x1a\x12\n\x10send health data'
2026-02-06 23:06:10 | INFO | Session Layer      | Rx: b'\x10\x18\x1a\x12\n\x10send health data'
2026-02-06 23:06:11 | INFO | Session Layer      | Tx: b'\x10\x18\x1a\x17\n\x15connected uplink mode'
2026-02-06 23:06:11 | INFO | Session Layer      | Tx: b'\x10\x18\x1a\x17\n\x15connected uplink mode'
2026-02-06 23:06:11 | INFO | Session Layer      | Rx: b'\x10\x18\x1a\x17\n\x15connected uplink mode'
2026-02-06 23:06:12 | INFO | Session Layer      | Tx: b'\x10\x18\x1a\x16\n\x14burn x = 300 y = 400'
2026-02-06 23:06:12 | INFO | Session Layer      | Tx: b'\x10\x18\x1a\x16\n\x14burn x = 300 y = 400'
2026-02-06 23:06:13 | INFO | Session Layer      | Tx: b'\x10\x18\x1a\x12\n\x10send health data'
2026-02-06 23:06:13 | INFO | Session Layer      | Tx: b'\x10\x18\x1a\x12\n\x10send health data'
2026-02-06 23:06:14 | INFO | Session Layer      | Tx: b'\x10\x18\x1a\x19\n\x17connected downlink mode'
2026-02-06 23:06:14 | INFO | Session Layer      | Tx: b'\x10\x18\x1a\x19\n\x17connected downlink mode'
2026-02-06 23:06:15 | INFO | Session Layer      | Tx: b'\x10\x18\x1a\x0c\n\nexit orbit'
2026-02-06 23:06:15 | INFO | Session Layer      | Tx: b'\x10\x18\x1a\x0c\n\nexit orbit'
2026-02-06 23:06:30 | INFO | Session Layer      | Tx: b'\x10\x18\x1a\x16\n\x14burn x = 200 y = 200'
2026-02-06 23:06:30 | INFO | Session Layer      | Tx: b'\x10\x18\x1a\x16\n\x14burn x = 200 y = 200'
2026-02-06 23:06:30 | INFO | Session Layer      | Rx: b'\x10\x18\x1a\x16\n\x14burn x = 200 y = 200'
2026-02-06 23:06:31 | INFO | Session Layer      | Tx: b'\x10\x18\x1a\x12\n\x10send health data'
2026-02-06 23:06:31 | INFO | Session Layer      | Tx: b'\x10\x18\x1a\x12\n\x10send health data'
2026-02-06 23:06:31 | INFO | Session Layer      | Rx: b'\x10\x18\x1a\x12\n\x10send health data'
2026-02-06 23:06:32 | INFO | Session Layer      | Tx: b'\x10\x18\x1a\x17\n\x15connected uplink mode'
2026-02-06 23:06:32 | INFO | Session Layer      | Tx: b'\x10\x18\x1a\x17\n\x15connected uplink mode'
2026-02-06 23:06:33 | INFO | Session Layer      | Tx: b'\x10\x18\x1a\x16\n\x14burn x = 300 y = 400'
2026-02-06 23:06:33 | INFO | Session Layer      | Tx: b'\x10\x18\x1a\x16\n\x14burn x = 300 y = 400'
2026-02-06 23:06:34 | INFO | Session Layer      | Tx: b'\x10\x18\x1a\x12\n\x10send health data'
2026-02-06 23:06:34 | INFO | Session Layer      | Tx: b'\x10\x18\x1a\x12\n\x10send health data'
2026-02-06 23:06:35 | INFO | Session Layer      | Tx: b'\x10\x18\x1a\x19\n\x17connected downlink mode'
2026-02-06 23:06:35 | INFO | Session Layer      | Tx: b'\x10\x18\x1a\x19\n\x17connected downlink mode'
2026-02-06 23:06:36 | INFO | Session Layer      | Tx: b'\x10\x18\x1a\x0c\n\nexit orbit'
2026-02-06 23:06:36 | INFO | Session Layer      | Tx: b'\x10\x18\x1a\x0c\n\nexit orbit'
2026-02-06 23:06:45 | INFO | Session Layer      | Tx: b'\x10\x18\x1a\x16\n\x14burn x = 200 y = 200'
2026-02-06 23:06:45 | INFO | Session Layer      | Tx: b'\x10\x18\x1a\x16\n\x14burn x = 200 y = 200'
2026-02-06 23:06:46 | INFO | Session Layer      | Tx: b'\x10\x18\x1a\x12\n\x10send health data'
2026-02-06 23:06:46 | INFO | Session Layer      | Tx: b'\x10\x18\x1a\x12\n\x10send health data'
2026-02-06 23:06:46 | INFO | Session Layer      | Rx: b'\x10\x18\x1a\x12\n\x10send health data'
2026-02-06 23:06:47 | INFO | Session Layer      | Tx: b'\x10\x18\x1a\x17\n\x15connected uplink mode'
2026-02-06 23:06:47 | INFO | Session Layer      | Tx: b'\x10\x18\x1a\x17\n\x15connected uplink mode'
2026-02-06 23:06:47 | INFO | Session Layer      | Rx: b'\x10\x18\x1a\x17\n\x15connected uplink mode'
2026-02-06 23:06:48 | INFO | Session Layer      | Tx: b'\x10\x18\x1a\x16\n\x14burn x = 300 y = 400'
2026-02-06 23:06:48 | INFO | Session Layer      | Tx: b'\x10\x18\x1a\x16\n\x14burn x = 300 y = 400'
2026-02-06 23:06:49 | INFO | Session Layer      | Tx: b'\x10\x18\x1a\x12\n\x10send health data'
2026-02-06 23:06:49 | INFO | Session Layer      | Tx: b'\x10\x18\x1a\x12\n\x10send health data'
2026-02-06 23:06:50 | INFO | Session Layer      | Tx: b'\x10\x18\x1a\x19\n\x17connected downlink mode'
2026-02-06 23:06:50 | INFO | Session Layer      | Tx: b'\x10\x18\x1a\x19\n\x17connected downlink mode'
2026-02-06 23:06:50 | INFO | Session Layer      | Rx: b'\x10\x18\x1a\x19\n\x17connected downlink mode'
2026-02-06 23:06:51 | INFO | Session Layer      | Tx: b'\x10\x18\x1a\x0c\n\nexit orbit'
2026-02-06 23:06:51 | INFO | Session Layer      | Tx: b'\x10\x18\x1a\x0c\n\nexit orbit'
2026-02-06 23:08:15 | INFO | Session Layer      | Tx: b'\x10\x18\x1a\x16\n\x14burn x = 200 y = 200'
2026-02-06 23:08:15 | INFO | Session Layer      | Tx: b'\x10\x18\x1a\x16\n\x14burn x = 200 y = 200'
2026-02-06 23:08:15 | INFO | Session Layer      | Rx: b'\x10\x18\x1a\x16\n\x14burn x = 200 y = 200'
2026-02-06 23:08:16 | INFO | Session Layer      | Tx: b'\x10\x18\x1a\x12\n\x10send health data'
2026-02-06 23:08:16 | INFO | Session Layer      | Tx: b'\x10\x18\x1a\x12\n\x10send health data'
2026-02-06 23:08:16 | INFO | Session Layer      | Rx: b'\x10\x18\x1a\x12\n\x10send health data'
2026-02-06 23:08:17 | INFO | Session Layer      | Tx: b'\x10\x18\x1a\x17\n\x15connected uplink mode'
2026-02-06 23:08:17 | INFO | Session Layer      | Tx: b'\x10\x18\x1a\x17\n\x15connected uplink mode'
2026-02-06 23:08:18 | INFO | Session Layer      | Tx: b'\x10\x18\x1a\x16\n\x14burn x = 300 y = 400'
2026-02-06 23:08:18 | INFO | Session Layer      | Tx: b'\x10\x18\x1a\x16\n\x14burn x = 300 y = 400'
2026-02-06 23:08:19 | INFO | Session Layer      | Tx: b'\x10\x18\x1a\x12\n\x10send health data'
2026-02-06 23:08:19 | INFO | Session Layer      | Tx: b'\x10\x18\x1a\x12\n\x10send health data'
2026-02-06 23:08:19 | INFO | Session Layer      | Rx: b'\x10\x18\x1a\x12\n\x10send health data'
2026-02-06 23:08:20 | INFO | Session Layer      | Tx: b'\x10\x18\x1a\x19\n\x17connected downlink mode'
2026-02-06 23:08:20 | INFO | Session Layer      | Tx: b'\x10\x18\x1a\x19\n\x17connected downlink mode'
2026-02-06 23:08:21 | INFO | Session Layer      | Tx: b'\x10\x18\x1a\x0c\n\nexit orbit'
2026-02-06 23:08:21 | INFO | Session Layer      | Tx: b'\x10\x18\x1a\x0c\n\nexit orbit'
2026-02-06 23:08:21 | INFO | Session Layer      | Rx: b'\x10\x18\x1a\x0c\n\nexit orbit'
2026-02-06 23:11:34 | INFO | Session Layer      | Tx: b'\x10\x18\x1a\x16\n\x14burn x = 200 y = 200'
2026-02-06 23:11:34 | INFO | Session Layer      | Tx: b'\x10\x18\x1a\x16\n\x14burn x = 200 y = 200'
2026-02-06 23:11:35 | INFO | Session Layer      | Tx: b'\x10\x18\x1a\x12\n\x10send health data'
2026-02-06 23:11:35 | INFO | Session Layer      | Tx: b'\x10\x18\x1a\x12\n\x10send health data'
2026-02-06 23:11:35 | INFO | Session Layer      | Rx: b'\x10\x18\x1a\x12\n\x10send health data'
2026-02-06 23:11:36 | INFO | Session Layer      | Tx: b'\x10\x18\x1a\x17\n\x15connected uplink mode'
2026-02-06 23:11:36 | INFO | Session Layer      | Tx: b'\x10\x18\x1a\x17\n\x15connected uplink mode'
2026-02-06 23:11:37 | INFO | Session Layer      | Tx: b'\x10\x18\x1a\x16\n\x14burn x = 300 y = 400'
2026-02-06 23:11:37 | INFO | Session Layer      | Tx: b'\x10\x18\x1a\x16\n\x14burn x = 300 y = 400'
2026-02-06 23:11:38 | INFO | Session Layer      | Tx: b'\x10\x18\x1a\x12\n\x10send health data'
2026-02-06 23:11:38 | INFO | Session Layer      | Tx: b'\x10\x18\x1a\x12\n\x10send health data'
2026-02-06 23:11:38 | INFO | Session Layer      | Rx: b'\x10\x18\x1a\x12\n\x10send health data'
2026-02-06 23:11:39 | INFO | Session Layer      | Tx: b'\x10\x18\x1a\x19\n\x17connected downlink mode'
2026-02-06 23:11:39 | INFO | Session Layer      | Tx: b'\x10\x18\x1a\x19\n\x17connected downlink mode'
2026-02-06 23:11:39 | INFO | Session Layer      | Rx: b'\x10\x18\x1a\x19\n\x17connected downlink mode'
2026-02-06 23:11:40 | INFO | Session Layer      | Tx: b'\x10\x18\x1a\x0c\n\nexit orbit'
2026-02-06 23:11:40 | INFO | Session Layer      | Tx: b'\x10\x18\x1a\x0c\n\nexit orbit'
2026-02-06 23:11:40 | INFO | Session Layer      | Rx: b'\x10\x18\x1a\x0c\n\nexit orbit'
2026-02-06 23:17:14 | INFO | Session Layer      | Tx: b'\x10\x18\x1a\x16\n\x14burn x = 200 y = 200'
2026-02-06 23:17:14 | INFO | Session Layer      | Tx: b'\x10\x18\x1a\x16\n\x14burn x = 200 y = 200'
2026-02-06 23:17:15 | INFO | Session Layer      | Tx: b'\x10\x18\x1a\x12\n\x10send health data'
2026-02-06 23:17:15 | INFO | Session Layer      | Tx: b'\x10\x18\x1a\x12\n\x10send health data'
2026-02-06 23:17:15 | INFO | Session Layer      | Rx: b'\x10\x18\x1a\x12\n\x10send health data'
2026-02-06 23:17:16 | INFO | Session Layer      | Tx: b'\x10\x18\x1a\x17\n\x15connected uplink mode'
2026-02-06 23:17:16 | INFO | Session Layer      | Tx: b'\x10\x18\x1a\x17\n\x15connected uplink mode'
2026-02-06 23:17:17 | INFO | Session Layer      | Tx: b'\x10\x18\x1a\x16\n\x14burn x = 300 y = 400'
2026-02-06 23:17:17 | INFO | Session Layer      | Tx: b'\x10\x18\x1a\x16\n\x14burn x = 300 y = 400'
2026-02-06 23:17:17 | INFO | Session Layer      | Rx: b'\x10\x18\x1a\x16\n\x14burn x = 300 y = 400'
2026-02-06 23:17:18 | INFO | Session Layer      | Tx: b'\x10\x18\x1a\x12\n\x10send health data'
2026-02-06 23:17:18 | INFO | Session Layer      | Tx: b'\x10\x18\x1a\x12\n\x10send health data'
2026-02-06 23:17:18 | INFO | Session Layer      | Rx: b'\x10\x18\x1a\x12\n\x10send health data'
2026-02-06 23:17:19 | INFO | Session Layer      | Tx: b'\x10\x18\x1a\x19\n\x17connected downlink mode'
2026-02-06 23:17:19 | INFO | Session Layer      | Tx: b'\x10\x18\x1a\x19\n\x17connected downlink mode'
2026-02-06 23:17:20 | INFO | Session Layer      | Tx: b'\x10\x18\x1a\x0c\n\nexit orbit'
2026-02-06 23:17:20 | INFO | Session Layer      | Tx: b'\x10\x18\x1a\x0c\n\nexit orbit'
2026-02-06 23:17:31 | INFO | Session Layer      | Tx: b'\x10\x18\x1a\x16\n\x14burn x = 200 y = 200'
2026-02-06 23:17:31 | INFO | Session Layer      | Tx: b'\x10\x18\x1a\x16\n\x14burn x = 200 y = 200'
2026-02-06 23:17:31 | INFO | Session Layer      | Rx: b'\x10\x18\x1a\x16\n\x14burn x = 200 y = 200'
2026-02-06 23:17:32 | INFO | Session Layer      | Tx: b'\x10\x18\x1a\x12\n\x10send health data'
2026-02-06 23:17:32 | INFO | Session Layer      | Tx: b'\x10\x18\x1a\x12\n\x10send health data'
2026-02-06 23:17:32 | INFO | Session Layer      | Rx: b'\x10\x18\x1a\x12\n\x10send health data'
2026-02-06 23:17:33 | INFO | Session Layer      | Tx: b'\x10\x18\x1a\x17\n\x15connected uplink mode'
2026-02-06 23:17:33 | INFO | Session Layer      | Tx: b'\x10\x18\x1a\x17\n\x15connected uplink mode'
2026-02-06 23:17:33 | INFO | Session Layer      | Rx: b'\x10\x18\x1a\x17\n\x15connected uplink mode'
2026-02-06 23:17:34 | INFO | Session Layer      | Tx: b'\x10\x18\x1a\x16\n\x14burn x = 300 y = 400'
2026-02-06 23:17:34 | INFO | Session Layer      | Tx: b'\x10\x18\x1a\x16\n\x14burn x = 300 y = 400'
2026-02-06 23:17:35 | INFO | Session Layer      | Tx: b'\x10\x18\x1a\x12\n\x10send health data'
2026-02-06 23:17:35 | INFO | Session Layer      | Tx: b'\x10\x18\x1a\x12\n\x10send health data'
2026-02-06 23:17:36 | INFO | Session Layer      | Tx: b'\x10\x18\x1a\x19\n\x17connected downlink mode'
2026-02-06 23:17:36 | INFO | Session Layer      | Tx: b'\x10\x18\x1a\x19\n\x17connected downlink mode'
2026-02-06 23:17:37 | INFO | Session Layer      | Tx: b'\x10\x18\x1a\x0c\n\nexit orbit'
2026-02-06 23:17:37 | INFO | Session Layer      | Tx: b'\x10\x18\x1a\x0c\n\nexit orbit'
2026-02-06 23:22:51 | INFO | Session Layer      | Tx: b'\x10\x18\x1a\x16\n\x14burn x = 200 y = 200'
2026-02-06 23:22:51 | INFO | Session Layer      | Tx: b'\x10\x18\x1a\x16\n\x14burn x = 200 y = 200'
2026-02-06 23:22:52 | INFO | Session Layer      | Tx: b'\x10\x18\x1a\x12\n\x10send health data'
2026-02-06 23:22:52 | INFO | Session Layer      | Tx: b'\x10\x18\x1a\x12\n\x10send health data'
2026-02-06 23:22:52 | INFO | Session Layer      | Rx: b'\x10\x18\x1a\x12\n\x10send health data'
2026-02-06 23:22:53 | INFO | Session Layer      | Tx: b'\x10\x18\x1a\x17\n\x15connected uplink mode'
2026-02-06 23:22:53 | INFO | Session Layer      | Tx: b'\x10\x18\x1a\x17\n\x15connected uplink mode'
2026-02-06 23:22:54 | INFO | Session Layer      | Tx: b'\x10\x18\x1a\x16\n\x14burn x = 300 y = 400'
2026-02-06 23:22:54 | INFO | Session Layer      | Tx: b'\x10\x18\x1a\x16\n\x14burn x = 300 y = 400'
2026-02-06 23:22:54 | INFO | Session Layer      | Rx: b'\x10\x18\x1a\x16\n\x14burn x = 300 y = 400'
2026-02-06 23:22:55 | INFO | Session Layer      | Tx: b'\x10\x18\x1a\x12\n\x10send health data'
2026-02-06 23:22:55 | INFO | Session Layer      | Tx: b'\x10\x18\x1a\x12\n\x10send health data'
2026-02-06 23:22:56 | INFO | Session Layer      | Tx: b'\x10\x18\x1a\x19\n\x17connected downlink mode'
2026-02-06 23:22:56 | INFO | Session Layer      | Tx: b'\x10\x18\x1a\x19\n\x17connected downlink mode'
2026-02-06 23:22:56 | INFO | Session Layer      | Rx: b'\x10\x18\x1a\x19\n\x17connected downlink mode'
2026-02-06 23:22:57 | INFO | Session Layer      | Tx: b'\x10\x18\x1a\x0c\n\nexit orbit'
2026-02-06 23:22:57 | INFO | Session Layer      | Tx: b'\x10\x18\x1a\x0c\n\nexit orbit'
2026-02-06 23:22:57 | INFO | Session Layer      | Rx: b'\x10\x18\x1a\x0c\n\nexit orbit'
2026-02-06 23:31:20 | INFO | Session Layer      | Tx: b'\x10\x18\x1a\x16\n\x14burn x = 200 y = 200'
2026-02-06 23:31:20 | INFO | Session Layer      | Tx: b'\x10\x18\x1a\x16\n\x14burn x = 200 y = 200'
2026-02-06 23:31:20 | INFO | Session Layer      | Rx: b'\x10\x18\x1a\x16\n\x14burn x = 200 y = 200'
2026-02-06 23:31:21 | INFO | Session Layer      | Tx: b'\x10\x18\x1a\x12\n\x10send health data'
2026-02-06 23:31:21 | INFO | Session Layer      | Tx: b'\x10\x18\x1a\x12\n\x10send health data'
2026-02-06 23:31:21 | INFO | Session Layer      | Rx: b'\x10\x18\x1a\x12\n\x10send health data'
2026-02-06 23:31:22 | INFO | Session Layer      | Tx: b'\x10\x18\x1a\x17\n\x15connected uplink mode'
2026-02-06 23:31:22 | INFO | Session Layer      | Tx: b'\x10\x18\x1a\x17\n\x15connected uplink mode'
2026-02-06 23:31:23 | INFO | Session Layer      | Tx: b'\x10\x18\x1a\x16\n\x14burn x = 300 y = 400'
2026-02-06 23:31:23 | INFO | Session Layer      | Tx: b'\x10\x18\x1a\x16\n\x14burn x = 300 y = 400'
2026-02-06 23:31:24 | INFO | Session Layer      | Tx: b'\x10\x18\x1a\x12\n\x10send health data'
2026-02-06 23:31:24 | INFO | Session Layer      | Tx: b'\x10\x18\x1a\x12\n\x10send health data'
2026-02-06 23:31:24 | INFO | Session Layer      | Rx: b'\x10\x18\x1a\x12\n\x10send health data'
2026-02-06 23:31:25 | INFO | Session Layer      | Tx: b'\x10\x18\x1a\x19\n\x17connected downlink mode'
2026-02-06 23:31:25 | INFO | Session Layer      | Tx: b'\x10\x18\x1a\x19\n\x17connected downlink mode'
2026-02-06 23:31:26 | INFO | Session Layer      | Tx: b'\x10\x18\x1a\x0c\n\nexit orbit'
2026-02-06 23:31:26 | INFO | Session Layer      | Tx: b'\x10\x18\x1a\x0c\n\nexit orbit'
2026-02-07 09:56:08 | INFO | Session Layer      | Tx: b'\x10\x18\x1a\x16\n\x14burn x = 200 y = 200'
2026-02-07 09:56:08 | INFO | Session Layer      | Tx: b'\x10\x18\x1a\x16\n\x14burn x = 200 y = 200'
2026-02-07 09:56:08 | INFO | Session Layer      | Rx: b'\x10\x18\x1a\x16\n\x14burn x = 200 y = 200'
2026-02-07 09:56:09 | INFO | Session Layer      | Tx: b'\x10\x18\x1a\x12\n\x10send health data'
2026-02-07 09:56:09 | INFO | Session Layer      | Tx: b'\x10\x18\x1a\x12\n\x10send health data'
2026-02-07 09:56:09 | INFO | Session Layer      | Rx: b'\x10\x18\x1a\x12\n\x10send health data'
2026-02-07 09:56:10 | INFO | Session Layer      | Tx: b'\x10\x18\x1a\x17\n\x15connected uplink mode'
2026-02-07 09:56:10 | INFO | Session Layer      | Tx: b'\x10\x18\x1a\x17\n\x15connected uplink mode'
2026-02-07 09:56:11 | INFO | Session Layer      | Tx: b'\x10\x18\x1a\x16\n\x14burn x = 300 y = 400'
2026-02-07 09:56:11 | INFO | Session Layer      | Tx: b'\x10\x18\x1a\x16\n\x14burn x = 300 y = 400'
2026-02-07 09:56:12 | INFO | Session Layer      | Tx: b'\x10\x18\x1a\x12\n\x10send health data'
2026-02-07 09:56:12 | INFO | Session Layer      | Tx: b'\x10\x18\x1a\x12\n\x10send health data'
2026-02-07 09:56:13 | INFO | Session Layer      | Tx: b'\x10\x18\x1a\x19\n\x17connected downlink mode'
2026-02-07 09:56:13 | INFO | Session Layer      | Tx: b'\x10\x18\x1a\x19\n\x17connected downlink mode'
2026-02-07 09:56:14 | INFO | Session Layer      | Tx: b'\x10\x18\x1a\x0c\n\nexit orbit'
2026-02-07 09:56:14 | INFO | Session Layer      | Tx: b'\x10\x18\x1a\x0c\n\nexit orbit'
2026-02-07 10:36:22 | INFO | Session Layer      | Tx: b'\x10\x18\x1a\x16\n\x14burn x = 200 y = 200'
2026-02-07 10:36:22 | INFO | Session Layer      | Tx: b'\x10\x18\x1a\x16\n\x14burn x = 200 y = 200'
2026-02-07 10:36:22 | INFO | Session Layer      | Rx: b'\x10\x18\x1a\x16\n\x14burn x = 200 y = 200'
2026-02-07 10:36:23 | INFO | Session Layer      | Tx: b'\x10\x18\x1a\x12\n\x10send health data'
2026-02-07 10:36:23 | INFO | Session Layer      | Tx: b'\x10\x18\x1a\x12\n\x10send health data'
2026-02-07 10:36:23 | INFO | Session Layer      | Rx: b'\x10\x18\x1a\x12\n\x10send health data'
2026-02-07 10:36:24 | INFO | Session Layer      | Tx: b'\x10\x18\x1a\x17\n\x15connected uplink mode'
2026-02-07 10:36:24 | INFO | Session Layer      | Tx: b'\x10\x18\x1a\x17\n\x15connected uplink mode'
2026-02-07 10:36:25 | INFO | Session Layer      | Tx: b'\x10\x18\x1a\x16\n\x14burn x = 300 y = 400'
2026-02-07 10:36:25 | INFO | Session Layer      | Tx: b'\x10\x18\x1a\x16\n\x14burn x = 300 y = 400'
2026-02-07 10:36:26 | INFO | Session Layer      | Tx: b'\x10\x18\x1a\x12\n\x10send health data'
2026-02-07 10:36:26 | INFO | Session Layer      | Tx: b'\x10\x18\x1a\x12\n\x10send health data'
2026-02-07 10:36:27 | INFO | Session Layer      | Tx: b'\x10\x18\x1a\x19\n\x17connected downlink mode'
2026-02-07 10:36:27 | INFO | Session Layer      | Tx: b'\x10\x18\x1a\x19\n\x17connected downlink mode'
2026-02-07 10:36:27 | INFO | Session Layer      | Rx: b'\x10\x18\x1a\x19\n\x17connected downlink mode'
2026-02-07 10:36:28 | INFO | Session Layer      | Tx: b'\x10\x18\x1a\x0c\n\nexit orbit'
2026-02-07 10:36:28 | INFO | Session Layer      | Tx: b'\x10\x18\x1a\x0c\n\nexit orbit'
2026-02-07 10:39:34 | INFO | Session Layer      | Tx: b'\x10\x18\x1a\x16\n\x14burn x = 200 y = 200'
2026-02-07 10:39:34 | INFO | Session Layer      | Tx: b'\x10\x18\x1a\x16\n\x14burn x = 200 y = 200'
2026-02-07 10:39:35 | INFO | Session Layer      | Tx: b'\x10\x18\x1a\x12\n\x10send health data'
2026-02-07 10:39:35 | INFO | Session Layer      | Tx: b'\x10\x18\x1a\x12\n\x10send health data'
2026-02-07 10:39:35 | INFO | Session Layer      | Rx: b'\x10\x18\x1a\x12\n\x10send health data'
2026-02-07 10:39:36 | INFO | Session Layer      | Tx: b'\x10\x18\x1a\x17\n\x15connected uplink mode'
2026-02-07 10:39:36 | INFO | Session Layer      | Tx: b'\x10\x18\x1a\x17\n\x15connected uplink mode'
2026-02-07 10:39:37 | INFO | Session Layer      | Tx: b'\x10\x18\x1a\x16\n\x14burn x = 300 y = 400'
2026-02-07 10:39:37 | INFO | Session Layer      | Tx: b'\x10\x18\x1a\x16\n\x14burn x = 300 y = 400'
2026-02-07 10:39:37 | INFO | Session Layer      | Rx: b'\x10\x18\x1a\x16\n\x14burn x = 300 y = 400'
2026-02-07 10:39:38 | INFO | Session Layer      | Tx: b'\x10\x18\x1a\x12\n\x10send health data'
2026-02-07 10:39:38 | INFO | Session Layer      | Tx: b'\x10\x18\x1a\x12\n\x10send health data'
2026-02-07 10:39:39 | INFO | Session Layer      | Tx: b'\x10\x18\x1a\x19\n\x17connected downlink mode'
2026-02-07 10:39:39 | INFO | Session Layer      | Tx: b'\x10\x18\x1a\x19\n\x17connected downlink mode'
2026-02-07 10:39:40 | INFO | Session Layer      | Tx: b'\x10\x18\x1a\x0c\n\nexit orbit'
2026-02-07 10:39:40 | INFO | Session Layer      | Tx: b'\x10\x18\x1a\x0c\n\nexit orbit'
2026-02-07 10:39:46 | INFO | Session Layer      | Tx: b'\x10\x18\x1a\x16\n\x14burn x = 200 y = 200'
2026-02-07 10:39:46 | INFO | Session Layer      | Tx: b'\x10\x18\x1a\x16\n\x14burn x = 200 y = 200'
2026-02-07 10:39:46 | INFO | Session Layer      | Rx: b'\x10\x18\x1a\x16\n\x14burn x = 200 y = 200'
2026-02-07 10:39:47 | INFO | Session Layer      | Tx: b'\x10\x18\x1a\x12\n\x10send health data'
2026-02-07 10:39:47 | INFO | Session Layer      | Tx: b'\x10\x18\x1a\x12\n\x10send health data'
2026-02-07 10:39:48 | INFO | Session Layer      | Tx: b'\x10\x18\x1a\x17\n\x15connected uplink mode'
2026-02-07 10:39:48 | INFO | Session Layer      | Tx: b'\x10\x18\x1a\x17\n\x15connected uplink mode'
2026-02-07 10:39:48 | INFO | Session Layer      | Rx: b'\x10\x18\x1a\x17\n\x15connected uplink mode'
2026-02-07 10:39:49 | INFO | Session Layer      | Tx: b'\x10\x18\x1a\x16\n\x14burn x = 300 y = 400'
2026-02-07 10:39:49 | INFO | Session Layer      | Tx: b'\x10\x18\x1a\x16\n\x14burn x = 300 y = 400'
2026-02-07 10:39:50 | INFO | Session Layer      | Tx: b'\x10\x18\x1a\x12\n\x10send health data'
2026-02-07 10:39:50 | INFO | Session Layer      | Tx: b'\x10\x18\x1a\x12\n\x10send health data'
2026-02-07 10:39:50 | INFO | Session Layer      | Rx: b'\x10\x18\x1a\x12\n\x10send health data'
2026-02-07 10:39:51 | INFO | Session Layer      | Tx: b'\x10\x18\x1a\x19\n\x17connected downlink mode'
2026-02-07 10:39:51 | INFO | Session Layer      | Tx: b'\x10\x18\x1a\x19\n\x17connected downlink mode'
2026-02-07 10:39:52 | INFO | Session Layer      | Tx: b'\x10\x18\x1a\x0c\n\nexit orbit'
2026-02-07 10:39:52 | INFO | Session Layer      | Tx: b'\x10\x18\x1a\x0c\n\nexit orbit'
2026-02-07 10:40:18 | INFO | Session Layer      | Tx: b'\x10\x18\x1a\x16\n\x14burn x = 200 y = 200'
2026-02-07 10:40:18 | INFO | Session Layer      | Tx: b'\x10\x18\x1a\x16\n\x14burn x = 200 y = 200'
2026-02-07 10:40:19 | INFO | Session Layer      | Tx: b'\x10\x18\x1a\x12\n\x10send health data'
2026-02-07 10:40:19 | INFO | Session Layer      | Tx: b'\x10\x18\x1a\x12\n\x10send health data'
2026-02-07 10:40:20 | INFO | Session Layer      | Tx: b'\x10\x18\x1a\x17\n\x15connected uplink mode'
2026-02-07 10:40:20 | INFO | Session Layer      | Tx: b'\x10\x18\x1a\x17\n\x15connected uplink mode'
2026-02-07 10:40:21 | INFO | Session Layer      | Tx: b'\x10\x18\x1a\x16\n\x14burn x = 300 y = 400'
2026-02-07 10:40:21 | INFO | Session Layer      | Tx: b'\x10\x18\x1a\x16\n\x14burn x = 300 y = 400'
2026-02-07 10:40:21 | INFO | Session Layer      | Rx: b'\x10\x18\x1a\x16\n\x14burn x = 300 y = 400'
2026-02-07 10:40:22 | INFO | Session Layer      | Tx: b'\x10\x18\x1a\x12\n\x10send health data'
2026-02-07 10:40:22 | INFO | Session Layer      | Tx: b'\x10\x18\x1a\x12\n\x10send health data'
2026-02-07 10:40:22 | INFO | Session Layer      | Rx: b'\x10\x18\x1a\x12\n\x10send health data'
2026-02-07 10:40:23 | INFO | Session Layer      | Tx: b'\x10\x18\x1a\x19\n\x17connected downlink mode'
2026-02-07 10:40:23 | INFO | Session Layer      | Tx: b'\x10\x18\x1a\x19\n\x17connected downlink mode'
2026-02-07 10:40:23 | INFO | Session Layer      | Rx: b'\x10\x18\x1a\x19\n\x17connected downlink mode'
2026-02-07 10:40:24 | INFO | Session Layer      | Tx: b'\x10\x18\x1a\x0c\n\nexit orbit'
2026-02-07 10:40:24 | INFO | Session Layer      | Tx: b'\x10\x18\x1a\x0c\n\nexit orbit'
2026-02-07 10:40:24 | INFO | Session Layer      | Rx: b'\x10\x18\x1a\x0c\n\nexit orbit'
2026-02-07 10:43:12 | INFO | Session Layer      | Tx: b'\x10\x18\x1a\x16\n\x14burn x = 200 y = 200'
2026-02-07 10:43:12 | INFO | Session Layer      | Tx: b'\x10\x18\x1a\x16\n\x14burn x = 200 y = 200'
2026-02-07 10:43:12 | INFO | Session Layer      | Rx: b'\x10\x18\x1a\x16\n\x14burn x = 200 y = 200'
2026-02-07 10:43:13 | INFO | Session Layer      | Tx: b'\x10\x18\x1a\x12\n\x10send health data'
2026-02-07 10:43:13 | INFO | Session Layer      | Tx: b'\x10\x18\x1a\x12\n\x10send health data'
2026-02-07 10:43:14 | INFO | Session Layer      | Tx: b'\x10\x18\x1a\x17\n\x15connected uplink mode'
2026-02-07 10:43:14 | INFO | Session Layer      | Tx: b'\x10\x18\x1a\x17\n\x15connected uplink mode'
2026-02-07 10:43:15 | INFO | Session Layer      | Tx: b'\x10\x18\x1a\x16\n\x14burn x = 300 y = 400'
2026-02-07 10:43:15 | INFO | Session Layer      | Tx: b'\x10\x18\x1a\x16\n\x14burn x = 300 y = 400'
2026-02-07 10:43:16 | INFO | Session Layer      | Tx: b'\x10\x18\x1a\x12\n\x10send health data'
2026-02-07 10:43:16 | INFO | Session Layer      | Tx: b'\x10\x18\x1a\x12\n\x10send health data'
2026-02-07 10:43:17 | INFO | Session Layer      | Tx: b'\x10\x18\x1a\x19\n\x17connected downlink mode'
2026-02-07 10:43:17 | INFO | Session Layer      | Tx: b'\x10\x18\x1a\x19\n\x17connected downlink mode'
2026-02-07 10:43:18 | INFO | Session Layer      | Tx: b'\x10\x18\x1a\x0c\n\nexit orbit'
2026-02-07 10:43:18 | INFO | Session Layer      | Tx: b'\x10\x18\x1a\x0c\n\nexit orbit'
2026-02-07 10:43:24 | INFO | Session Layer      | Tx: b'\x10\x18\x1a\x16\n\x14burn x = 200 y = 200'
2026-02-07 10:43:24 | INFO | Session Layer      | Tx: b'\x10\x18\x1a\x16\n\x14burn x = 200 y = 200'
2026-02-07 10:43:25 | INFO | Session Layer      | Tx: b'\x10\x18\x1a\x12\n\x10send health data'
2026-02-07 10:43:25 | INFO | Session Layer      | Tx: b'\x10\x18\x1a\x12\n\x10send health data'
2026-02-07 10:43:25 | INFO | Session Layer      | Rx: b'\x10\x18\x1a\x12\n\x10send health data'
2026-02-07 10:43:26 | INFO | Session Layer      | Tx: b'\x10\x18\x1a\x17\n\x15connected uplink mode'
2026-02-07 10:43:26 | INFO | Session Layer      | Tx: b'\x10\x18\x1a\x17\n\x15connected uplink mode'
2026-02-07 10:43:26 | INFO | Session Layer      | Rx: b'\x10\x18\x1a\x17\n\x15connected uplink mode'
2026-02-07 10:43:27 | INFO | Session Layer      | Tx: b'\x10\x18\x1a\x16\n\x14burn x = 300 y = 400'
2026-02-07 10:43:27 | INFO | Session Layer      | Tx: b'\x10\x18\x1a\x16\n\x14burn x = 300 y = 400'
2026-02-07 10:43:27 | INFO | Session Layer      | Rx: b'\x10\x18\x1a\x16\n\x14burn x = 300 y = 400'
2026-02-07 10:43:28 | INFO | Session Layer      | Tx: b'\x10\x18\x1a\x12\n\x10send health data'
2026-02-07 10:43:28 | INFO | Session Layer      | Tx: b'\x10\x18\x1a\x12\n\x10send health data'
2026-02-07 10:43:29 | INFO | Session Layer      | Tx: b'\x10\x18\x1a\x19\n\x17connected downlink mode'
2026-02-07 10:43:29 | INFO | Session Layer      | Tx: b'\x10\x18\x1a\x19\n\x17connected downlink mode'
2026-02-07 10:43:29 | INFO | Session Layer      | Rx: b'\x10\x18\x1a\x19\n\x17connected downlink mode'
2026-02-07 10:43:30 | INFO | Session Layer      | Tx: b'\x10\x18\x1a\x0c\n\nexit orbit'
2026-02-07 10:43:30 | INFO | Session Layer      | Tx: b'\x10\x18\x1a\x0c\n\nexit orbit'
2026-02-07 10:43:30 | INFO | Session Layer      | Rx: b'\x10\x18\x1a\x0c\n\nexit orbit'
2026-02-07 10:45:30 | INFO | Session Layer      | Tx: b'\x10\x18\x1a\x16\n\x14burn x = 200 y = 200'
2026-02-07 10:45:30 | INFO | Session Layer      | Tx: b'\x10\x18\x1a\x16\n\x14burn x = 200 y = 200'
2026-02-07 10:45:31 | INFO | Session Layer      | Tx: b'\x10\x18\x1a\x12\n\x10send health data'
2026-02-07 10:45:31 | INFO | Session Layer      | Tx: b'\x10\x18\x1a\x12\n\x10send health data'
2026-02-07 10:45:32 | INFO | Session Layer      | Tx: b'\x10\x18\x1a\x17\n\x15connected uplink mode'
2026-02-07 10:45:32 | INFO | Session Layer      | Tx: b'\x10\x18\x1a\x17\n\x15connected uplink mode'
2026-02-07 10:45:32 | INFO | Session Layer      | Rx: b'\x10\x18\x1a\x17\n\x15connected uplink mode'
2026-02-07 10:45:33 | INFO | Session Layer      | Tx: b'\x10\x18\x1a\x16\n\x14burn x = 300 y = 400'
2026-02-07 10:45:33 | INFO | Session Layer      | Tx: b'\x10\x18\x1a\x16\n\x14burn x = 300 y = 400'
2026-02-07 10:45:33 | INFO | Session Layer      | Rx: b'\x10\x18\x1a\x16\n\x14burn x = 300 y = 400'
2026-02-07 10:45:34 | INFO | Session Layer      | Tx: b'\x10\x18\x1a\x12\n\x10send health data'
2026-02-07 10:45:34 | INFO | Session Layer      | Tx: b'\x10\x18\x1a\x12\n\x10send health data'
2026-02-07 10:45:35 | INFO | Session Layer      | Tx: b'\x10\x18\x1a\x19\n\x17connected downlink mode'
2026-02-07 10:45:35 | INFO | Session Layer      | Tx: b'\x10\x18\x1a\x19\n\x17connected downlink mode'
2026-02-07 10:45:36 | INFO | Session Layer      | Tx: b'\x10\x18\x1a\x0c\n\nexit orbit'
2026-02-07 10:45:36 | INFO | Session Layer      | Tx: b'\x10\x18\x1a\x0c\n\nexit orbit'
2026-02-07 10:46:08 | INFO | Session Layer      | Tx: b'\x10\x18\x1a\x16\n\x14burn x = 200 y = 200'
2026-02-07 10:46:08 | INFO | Session Layer      | Tx: b'\x10\x18\x1a\x16\n\x14burn x = 200 y = 200'
2026-02-07 10:46:09 | INFO | Session Layer      | Tx: b'\x10\x18\x1a\x12\n\x10send health data'
2026-02-07 10:46:09 | INFO | Session Layer      | Tx: b'\x10\x18\x1a\x12\n\x10send health data'
2026-02-07 10:46:10 | INFO | Session Layer      | Tx: b'\x10\x18\x1a\x17\n\x15connected uplink mode'
2026-02-07 10:46:10 | INFO | Session Layer      | Tx: b'\x10\x18\x1a\x17\n\x15connected uplink mode'
2026-02-07 10:46:10 | INFO | Session Layer      | Rx: b'\x10\x18\x1a\x17\n\x15connected uplink mode'
2026-02-07 10:46:11 | INFO | Session Layer      | Tx: b'\x10\x18\x1a\x16\n\x14burn x = 300 y = 400'
2026-02-07 10:46:11 | INFO | Session Layer      | Tx: b'\x10\x18\x1a\x16\n\x14burn x = 300 y = 400'
2026-02-07 10:46:12 | INFO | Session Layer      | Tx: b'\x10\x18\x1a\x12\n\x10send health data'
2026-02-07 10:46:12 | INFO | Session Layer      | Tx: b'\x10\x18\x1a\x12\n\x10send health data'
2026-02-07 10:46:12 | INFO | Session Layer      | Rx: b'\x10\x18\x1a\x12\n\x10send health data'
2026-02-07 10:46:13 | INFO | Session Layer      | Tx: b'\x10\x18\x1a\x19\n\x17connected downlink mode'
2026-02-07 10:46:13 | INFO | Session Layer      | Tx: b'\x10\x18\x1a\x19\n\x17connected downlink mode'
2026-02-07 10:46:13 | INFO | Session Layer      | Rx: b'\x10\x18\x1a\x19\n\x17connected downlink mode'
2026-02-07 10:46:14 | INFO | Session Layer      | Tx: b'\x10\x18\x1a\x0c\n\nexit orbit'
2026-02-07 10:46:14 | INFO | Session Layer      | Tx: b'\x10\x18\x1a\x0c\n\nexit orbit'
2026-02-07 10:48:32 | INFO | Session Layer      | Tx: b'\x10\x18\x1a\x16\n\x14burn x = 200 y = 200'
2026-02-07 10:48:32 | INFO | Session Layer      | Tx: b'\x10\x18\x1a\x16\n\x14burn x = 200 y = 200'
2026-02-07 10:48:32 | INFO | Session Layer      | Rx: b'\x10\x18\x1a\x16\n\x14burn x = 200 y = 200'
2026-02-07 10:48:33 | INFO | Session Layer      | Tx: b'\x10\x18\x1a\x12\n\x10send health data'
2026-02-07 10:48:33 | INFO | Session Layer      | Tx: b'\x10\x18\x1a\x12\n\x10send health data'
2026-02-07 10:48:33 | INFO | Session Layer      | Rx: b'\x10\x18\x1a\x12\n\x10send health data'
2026-02-07 10:48:34 | INFO | Session Layer      | Tx: b'\x10\x18\x1a\x17\n\x15connected uplink mode'
2026-02-07 10:48:34 | INFO | Session Layer      | Tx: b'\x10\x18\x1a\x17\n\x15connected uplink mode'
2026-02-07 10:48:34 | INFO | Session Layer      | Rx: b'\x10\x18\x1a\x17\n\x15connected uplink mode'
2026-02-07 10:48:35 | INFO | Session Layer      | Tx: b'\x10\x18\x1a\x16\n\x14burn x = 300 y = 400'
2026-02-07 10:48:35 | INFO | Session Layer      | Tx: b'\x10\x18\x1a\x16\n\x14burn x = 300 y = 400'
2026-02-07 10:48:35 | INFO | Session Layer      | Rx: b'\x10\x18\x1a\x16\n\x14burn x = 300 y = 400'
2026-02-07 10:48:36 | INFO | Session Layer      | Tx: b'\x10\x18\x1a\x12\n\x10send health data'
2026-02-07 10:48:36 | INFO | Session Layer      | Tx: b'\x10\x18\x1a\x12\n\x10send health data'
2026-02-07 10:48:36 | INFO | Session Layer      | Rx: b'\x10\x18\x1a\x12\n\x10send health data'
2026-02-07 10:48:37 | INFO | Session Layer      | Tx: b'\x10\x18\x1a\x19\n\x17connected downlink mode'
2026-02-07 10:48:37 | INFO | Session Layer      | Tx: b'\x10\x18\x1a\x19\n\x17connected downlink mode'
2026-02-07 10:48:37 | INFO | Session Layer      | Rx: b'\x10\x18\x1a\x19\n\x17connected downlink mode'
2026-02-07 10:48:38 | INFO | Session Layer      | Tx: b'\x10\x18\x1a\x0c\n\nexit orbit'
2026-02-07 10:48:38 | INFO | Session Layer      | Tx: b'\x10\x18\x1a\x0c\n\nexit orbit'
2026-02-07 10:48:38 | INFO | Session Layer      | Rx: b'\x10\x18\x1a\x0c\n\nexit orbit'
2026-02-07 10:49:22 | INFO | Session Layer      | Tx: b'\x10\x18\x1a\x16\n\x14burn x = 200 y = 200'
2026-02-07 10:49:22 | INFO | Session Layer      | Tx: b'\x10\x18\x1a\x16\n\x14burn x = 200 y = 200'
2026-02-07 10:49:22 | INFO | Session Layer      | Rx: b'\x10\x18\x1a\x16\n\x14burn x = 200 y = 200'
2026-02-07 10:49:23 | INFO | Session Layer      | Tx: b'\x10\x18\x1a\x12\n\x10send health data'
2026-02-07 10:49:23 | INFO | Session Layer      | Tx: b'\x10\x18\x1a\x12\n\x10send health data'
2026-02-07 10:49:23 | INFO | Session Layer      | Rx: b'\x10\x18\x1a\x12\n\x10send health data'
2026-02-07 10:49:24 | INFO | Session Layer      | Tx: b'\x10\x18\x1a\x17\n\x15connected uplink mode'
2026-02-07 10:49:24 | INFO | Session Layer      | Tx: b'\x10\x18\x1a\x17\n\x15connected uplink mode'
2026-02-07 10:49:24 | INFO | Session Layer      | Rx: b'\x10\x18\x1a\x17\n\x15connected uplink mode'
2026-02-07 10:49:25 | INFO | Session Layer      | Tx: b'\x10\x18\x1a\x16\n\x14burn x = 300 y = 400'
2026-02-07 10:49:25 | INFO | Session Layer      | Tx: b'\x10\x18\x1a\x16\n\x14burn x = 300 y = 400'
2026-02-07 10:49:25 | INFO | Session Layer      | Rx: b'\x10\x18\x1a\x16\n\x14burn x = 300 y = 400'
2026-02-07 10:49:26 | INFO | Session Layer      | Tx: b'\x10\x18\x1a\x12\n\x10send health data'
2026-02-07 10:49:26 | INFO | Session Layer      | Tx: b'\x10\x18\x1a\x12\n\x10send health data'
2026-02-07 10:49:26 | INFO | Session Layer      | Rx: b'\x10\x18\x1a\x12\n\x10send health data'
2026-02-07 10:49:27 | INFO | Session Layer      | Tx: b'\x10\x18\x1a\x19\n\x17connected downlink mode'
2026-02-07 10:49:27 | INFO | Session Layer      | Tx: b'\x10\x18\x1a\x19\n\x17connected downlink mode'
2026-02-07 10:49:27 | INFO | Session Layer      | Rx: b'\x10\x18\x1a\x19\n\x17connected downlink mode'
2026-02-07 10:49:28 | INFO | Session Layer      | Tx: b'\x10\x18\x1a\x0c\n\nexit orbit'
2026-02-07 10:49:28 | INFO | Session Layer      | Tx: b'\x10\x18\x1a\x0c\n\nexit orbit'
2026-02-07 10:49:28 | INFO | Session Layer      | Rx: b'\x10\x18\x1a\x0c\n\nexit orbit'
2026-02-07 10:50:49 | INFO | Session Layer      | Tx: b'\x10\x18\x1a\x16\n\x14burn x = 200 y = 200'
2026-02-07 10:50:49 | INFO | Session Layer      | Tx: b'\x10\x18\x1a\x16\n\x14burn x = 200 y = 200'
2026-02-07 10:51:51 | INFO | Session Layer      | Tx: b'\x10\x18\x1a\x16\n\x14burn x = 200 y = 200'
2026-02-07 10:51:51 | INFO | Session Layer      | Tx: b'\x10\x18\x1a\x16\n\x14burn x = 200 y = 200'
2026-02-07 10:52:15 | INFO | Session Layer      | Tx: b'\x10\x18\x1a\x16\n\x14burn x = 200 y = 200'
2026-02-07 10:52:15 | INFO | Session Layer      | Tx: b'\x10\x18\x1a\x16\n\x14burn x = 200 y = 200'
2026-02-07 10:52:29 | INFO | Session Layer      | Tx: b'\x10\x18\x1a\x16\n\x14burn x = 200 y = 200'
2026-02-07 10:52:29 | INFO | Session Layer      | Tx: b'\x10\x18\x1a\x16\n\x14burn x = 200 y = 200'
2026-02-07 10:52:30 | INFO | Session Layer      | Tx: b'\x10\x18\x1a\x12\n\x10send health data'
2026-02-07 10:52:30 | INFO | Session Layer      | Tx: b'\x10\x18\x1a\x12\n\x10send health data'
2026-02-07 10:52:30 | INFO | Session Layer      | Rx: b'\x10\x18\x1a\x12\n\x10send health data'
2026-02-07 10:52:31 | INFO | Session Layer      | Tx: b'\x10\x18\x1a\x17\n\x15connected uplink mode'
2026-02-07 10:52:31 | INFO | Session Layer      | Tx: b'\x10\x18\x1a\x17\n\x15connected uplink mode'
2026-02-07 10:52:32 | INFO | Session Layer      | Tx: b'\x10\x18\x1a\x16\n\x14burn x = 300 y = 400'
2026-02-07 10:52:32 | INFO | Session Layer      | Tx: b'\x10\x18\x1a\x16\n\x14burn x = 300 y = 400'
2026-02-07 10:52:33 | INFO | Session Layer      | Tx: b'\x10\x18\x1a\x12\n\x10send health data'
2026-02-07 10:52:33 | INFO | Session Layer      | Tx: b'\x10\x18\x1a\x12\n\x10send health data'
2026-02-07 10:52:33 | INFO | Session Layer      | Rx: b'\x10\x18\x1a\x12\n\x10send health data'
2026-02-07 10:52:34 | INFO | Session Layer      | Tx: b'\x10\x18\x1a\x19\n\x17connected downlink mode'
2026-02-07 10:52:34 | INFO | Session Layer      | Tx: b'\x10\x18\x1a\x19\n\x17connected downlink mode'
2026-02-07 10:52:35 | INFO | Session Layer      | Tx: b'\x10\x18\x1a\x0c\n\nexit orbit'
2026-02-07 10:52:35 | INFO | Session Layer      | Tx: b'\x10\x18\x1a\x0c\n\nexit orbit'
2026-02-07 10:52:35 | INFO | Session Layer      | Rx: b'\x10\x18\x1a\x0c\n\nexit orbit'
2026-02-07 10:52:49 | INFO | Session Layer      | Tx: b'\x10\x18\x1a\x16\n\x14burn x = 200 y = 200'
2026-02-07 10:52:49 | INFO | Session Layer      | Tx: b'\x10\x18\x1a\x16\n\x14burn x = 200 y = 200'
2026-02-07 10:53:24 | INFO | Session Layer      | Tx: b'\x10\x18\x1a\x16\n\x14burn x = 200 y = 200'
2026-02-07 10:53:24 | INFO | Session Layer      | Tx: b'\x10\x18\x1a\x16\n\x14burn x = 200 y = 200'
2026-02-07 10:53:25 | INFO | Session Layer      | Tx: b'\x10\x18\x1a\x12\n\x10send health data'
2026-02-07 10:53:25 | INFO | Session Layer      | Tx: b'\x10\x18\x1a\x12\n\x10send health data'
2026-02-07 10:53:27 | INFO | Session Layer      | Tx: b'\x10\x18\x1a\x17\n\x15connected uplink mode'
2026-02-07 10:53:27 | INFO | Session Layer      | Tx: b'\x10\x18\x1a\x17\n\x15connected uplink mode'
2026-02-07 10:53:27 | INFO | Session Layer      | Rx: b'\x10\x18\x1a\x17\n\x15connected uplink mode'
2026-02-07 10:53:28 | INFO | Session Layer      | Tx: b'\x10\x18\x1a\x16\n\x14burn x = 300 y = 400'
2026-02-07 10:53:28 | INFO | Session Layer      | Tx: b'\x10\x18\x1a\x16\n\x14burn x = 300 y = 400'
2026-02-07 10:53:29 | INFO | Session Layer      | Tx: b'\x10\x18\x1a\x12\n\x10send health data'
2026-02-07 10:53:29 | INFO | Session Layer      | Tx: b'\x10\x18\x1a\x12\n\x10send health data'
2026-02-07 10:54:04 | INFO | Session Layer      | Tx: b'\x10\x18\x1a\x16\n\x14burn x = 200 y = 200'
2026-02-07 10:54:04 | INFO | Session Layer      | Tx: b'\x10\x18\x1a\x16\n\x14burn x = 200 y = 200'
2026-02-07 10:54:05 | INFO | Session Layer      | Tx: b'\x10\x18\x1a\x12\n\x10send health data'
2026-02-07 10:54:05 | INFO | Session Layer      | Tx: b'\x10\x18\x1a\x12\n\x10send health data'
2026-02-07 10:54:06 | INFO | Session Layer      | Tx: b'\x10\x18\x1a\x17\n\x15connected uplink mode'
2026-02-07 10:54:06 | INFO | Session Layer      | Tx: b'\x10\x18\x1a\x17\n\x15connected uplink mode'
2026-02-07 10:54:07 | INFO | Session Layer      | Tx: b'\x10\x18\x1a\x16\n\x14burn x = 300 y = 400'
2026-02-07 10:54:07 | INFO | Session Layer      | Tx: b'\x10\x18\x1a\x16\n\x14burn x = 300 y = 400'
2026-02-07 10:54:07 | INFO | Session Layer      | Rx: b'\x10\x18\x1a\x16\n\x14burn x = 300 y = 400'
2026-02-07 10:54:08 | INFO | Session Layer      | Tx: b'\x10\x18\x1a\x12\n\x10send health data'
2026-02-07 10:54:08 | INFO | Session Layer      | Tx: b'\x10\x18\x1a\x12\n\x10send health data'
2026-02-07 10:54:09 | INFO | Session Layer      | Tx: b'\x10\x18\x1a\x19\n\x17connected downlink mode'
2026-02-07 10:54:09 | INFO | Session Layer      | Tx: b'\x10\x18\x1a\x19\n\x17connected downlink mode'
2026-02-07 10:54:09 | INFO | Session Layer      | Rx: b'\x10\x18\x1a\x19\n\x17connected downlink mode'
2026-02-07 10:54:10 | INFO | Session Layer      | Tx: b'\x10\x18\x1a\x0c\n\nexit orbit'
2026-02-07 10:54:10 | INFO | Session Layer      | Tx: b'\x10\x18\x1a\x0c\n\nexit orbit'
2026-02-07 10:54:25 | INFO | Session Layer      | Tx: b'\x10\x18\x1a\x16\n\x14burn x = 200 y = 200'
2026-02-07 10:54:25 | INFO | Session Layer      | Tx: b'\x10\x18\x1a\x16\n\x14burn x = 200 y = 200'
2026-02-07 10:54:26 | INFO | Session Layer      | Tx: b'\x10\x18\x1a\x12\n\x10send health data'
2026-02-07 10:54:26 | INFO | Session Layer      | Tx: b'\x10\x18\x1a\x12\n\x10send health data'
2026-02-07 10:54:27 | INFO | Session Layer      | Tx: b'\x10\x18\x1a\x17\n\x15connected uplink mode'
2026-02-07 10:54:27 | INFO | Session Layer      | Tx: b'\x10\x18\x1a\x17\n\x15connected uplink mode'
2026-02-07 10:54:28 | INFO | Session Layer      | Tx: b'\x10\x18\x1a\x16\n\x14burn x = 300 y = 400'
2026-02-07 10:54:28 | INFO | Session Layer      | Tx: b'\x10\x18\x1a\x16\n\x14burn x = 300 y = 400'
2026-02-07 10:54:29 | INFO | Session Layer      | Tx: b'\x10\x18\x1a\x12\n\x10send health data'
2026-02-07 10:54:29 | INFO | Session Layer      | Tx: b'\x10\x18\x1a\x12\n\x10send health data'
2026-02-07 10:54:30 | INFO | Session Layer      | Tx: b'\x10\x18\x1a\x19\n\x17connected downlink mode'
2026-02-07 10:54:30 | INFO | Session Layer      | Tx: b'\x10\x18\x1a\x19\n\x17connected downlink mode'
2026-02-07 10:54:31 | INFO | Session Layer      | Tx: b'\x10\x18\x1a\x0c\n\nexit orbit'
2026-02-07 10:54:31 | INFO | Session Layer      | Tx: b'\x10\x18\x1a\x0c\n\nexit orbit'
2026-02-07 10:54:48 | INFO | Session Layer      | Tx: b'\x10\x18\x1a\x16\n\x14burn x = 200 y = 200'
2026-02-07 10:54:48 | INFO | Session Layer      | Tx: b'\x10\x18\x1a\x16\n\x14burn x = 200 y = 200'
2026-02-07 10:54:48 | INFO | Session Layer      | Rx: b'\x10\x18\x1a\x16\n\x14burn x = 200 y = 200'
2026-02-07 10:54:49 | INFO | Session Layer      | Tx: b'\x10\x18\x1a\x12\n\x10send health data'
2026-02-07 10:54:49 | INFO | Session Layer      | Tx: b'\x10\x18\x1a\x12\n\x10send health data'
2026-02-07 10:54:50 | INFO | Session Layer      | Tx: b'\x10\x18\x1a\x17\n\x15connected uplink mode'
2026-02-07 10:54:50 | INFO | Session Layer      | Tx: b'\x10\x18\x1a\x17\n\x15connected uplink mode'
2026-02-07 10:54:51 | INFO | Session Layer      | Tx: b'\x10\x18\x1a\x16\n\x14burn x = 300 y = 400'
2026-02-07 10:54:51 | INFO | Session Layer      | Tx: b'\x10\x18\x1a\x16\n\x14burn x = 300 y = 400'
2026-02-07 10:54:52 | INFO | Session Layer      | Tx: b'\x10\x18\x1a\x12\n\x10send health data'
2026-02-07 10:54:52 | INFO | Session Layer      | Tx: b'\x10\x18\x1a\x12\n\x10send health data'
2026-02-07 10:54:53 | INFO | Session Layer      | Tx: b'\x10\x18\x1a\x19\n\x17connected downlink mode'
2026-02-07 10:54:53 | INFO | Session Layer      | Tx: b'\x10\x18\x1a\x19\n\x17connected downlink mode'
2026-02-07 10:54:54 | INFO | Session Layer      | Tx: b'\x10\x18\x1a\x0c\n\nexit orbit'
2026-02-07 10:54:54 | INFO | Session Layer      | Tx: b'\x10\x18\x1a\x0c\n\nexit orbit'
2026-02-07 10:55:02 | INFO | Session Layer      | Tx: b'\x10\x18\x1a\x16\n\x14burn x = 200 y = 200'
2026-02-07 10:55:02 | INFO | Session Layer      | Tx: b'\x10\x18\x1a\x16\n\x14burn x = 200 y = 200'
2026-02-07 10:55:02 | INFO | Session Layer      | Rx: b'\x10\x18\x1a\x16\n\x14burn x = 200 y = 200'
2026-02-07 10:55:03 | INFO | Session Layer      | Tx: b'\x10\x18\x1a\x12\n\x10send health data'
2026-02-07 10:55:03 | INFO | Session Layer      | Tx: b'\x10\x18\x1a\x12\n\x10send health data'
2026-02-07 10:55:04 | INFO | Session Layer      | Tx: b'\x10\x18\x1a\x17\n\x15connected uplink mode'
2026-02-07 10:55:04 | INFO | Session Layer      | Tx: b'\x10\x18\x1a\x17\n\x15connected uplink mode'
2026-02-07 10:55:04 | INFO | Session Layer      | Rx: b'\x10\x18\x1a\x17\n\x15connected uplink mode'
2026-02-07 10:55:05 | INFO | Session Layer      | Tx: b'\x10\x18\x1a\x16\n\x14burn x = 300 y = 400'
2026-02-07 10:55:05 | INFO | Session Layer      | Tx: b'\x10\x18\x1a\x16\n\x14burn x = 300 y = 400'
2026-02-07 10:55:05 | INFO | Session Layer      | Rx: b'\x10\x18\x1a\x16\n\x14burn x = 300 y = 400'
2026-02-07 10:55:06 | INFO | Session Layer      | Tx: b'\x10\x18\x1a\x12\n\x10send health data'
2026-02-07 10:55:06 | INFO | Session Layer      | Tx: b'\x10\x18\x1a\x12\n\x10send health data'
2026-02-07 10:55:06 | INFO | Session Layer      | Rx: b'\x10\x18\x1a\x12\n\x10send health data'
2026-02-07 10:55:07 | INFO | Session Layer      | Tx: b'\x10\x18\x1a\x19\n\x17connected downlink mode'
2026-02-07 10:55:07 | INFO | Session Layer      | Tx: b'\x10\x18\x1a\x19\n\x17connected downlink mode'
2026-02-07 10:55:07 | INFO | Session Layer      | Rx: b'\x10\x18\x1a\x19\n\x17connected downlink mode'
2026-02-07 10:55:08 | INFO | Session Layer      | Tx: b'\x10\x18\x1a\x0c\n\nexit orbit'
2026-02-07 10:55:08 | INFO | Session Layer      | Tx: b'\x10\x18\x1a\x0c\n\nexit orbit'
2026-02-07 10:55:28 | INFO | Session Layer      | Tx: b'\x10\x18\x1a\x16\n\x14burn x = 200 y = 200'
2026-02-07 10:55:28 | INFO | Session Layer      | Tx: b'\x10\x18\x1a\x16\n\x14burn x = 200 y = 200'
2026-02-07 10:55:28 | INFO | Session Layer      | Rx: b'\x10\x18\x1a\x16\n\x14burn x = 200 y = 200'
2026-02-07 10:55:29 | INFO | Session Layer      | Tx: b'\x10\x18\x1a\x12\n\x10send health data'
2026-02-07 10:55:29 | INFO | Session Layer      | Tx: b'\x10\x18\x1a\x12\n\x10send health data'
2026-02-07 10:55:29 | INFO | Session Layer      | Rx: b'\x10\x18\x1a\x12\n\x10send health data'
2026-02-07 10:55:30 | INFO | Session Layer      | Tx: b'\x10\x18\x1a\x17\n\x15connected uplink mode'
2026-02-07 10:55:30 | INFO | Session Layer      | Tx: b'\x10\x18\x1a\x17\n\x15connected uplink mode'
2026-02-07 10:55:30 | INFO | Session Layer      | Rx: b'\x10\x18\x1a\x17\n\x15connected uplink mode'
2026-02-07 10:55:31 | INFO | Session Layer      | Tx: b'\x10\x18\x1a\x16\n\x14burn x = 300 y = 400'
2026-02-07 10:55:31 | INFO | Session Layer      | Tx: b'\x10\x18\x1a\x16\n\x14burn x = 300 y = 400'
2026-02-07 10:55:31 | INFO | Session Layer      | Rx: b'\x10\x18\x1a\x16\n\x14burn x = 300 y = 400'
2026-02-07 10:55:32 | INFO | Session Layer      | Tx: b'\x10\x18\x1a\x12\n\x10send health data'
2026-02-07 10:55:32 | INFO | Session Layer      | Tx: b'\x10\x18\x1a\x12\n\x10send health data'
2026-02-07 10:55:32 | INFO | Session Layer      | Rx: b'\x10\x18\x1a\x12\n\x10send health data'
2026-02-07 10:55:33 | INFO | Session Layer      | Tx: b'\x10\x18\x1a\x19\n\x17connected downlink mode'
2026-02-07 10:55:33 | INFO | Session Layer      | Tx: b'\x10\x18\x1a\x19\n\x17connected downlink mode'
2026-02-07 10:55:33 | INFO | Session Layer      | Rx: b'\x10\x18\x1a\x19\n\x17connected downlink mode'
2026-02-07 10:55:34 | INFO | Session Layer      | Tx: b'\x10\x18\x1a\x0c\n\nexit orbit'
2026-02-07 10:55:34 | INFO | Session Layer      | Tx: b'\x10\x18\x1a\x0c\n\nexit orbit'
2026-02-07 10:55:34 | INFO | Session Layer      | Rx: b'\x10\x18\x1a\x0c\n\nexit orbit'
2026-02-07 10:56:12 | INFO | Session Layer      | Tx: b'\x10\x18\x1a\x16\n\x14burn x = 200 y = 200'
2026-02-07 10:56:12 | INFO | Session Layer      | Tx: b'\x10\x18\x1a\x16\n\x14burn x = 200 y = 200'
2026-02-07 10:56:12 | INFO | Session Layer      | Rx: b'\x10\x18\x1a\x16\n\x14burn x = 200 y = 200'
2026-02-07 10:56:13 | INFO | Session Layer      | Tx: b'\x10\x18\x1a\x12\n\x10send health data'
2026-02-07 10:56:13 | INFO | Session Layer      | Tx: b'\x10\x18\x1a\x12\n\x10send health data'
2026-02-07 10:56:13 | INFO | Session Layer      | Rx: b'\x10\x18\x1a\x12\n\x10send health data'
2026-02-07 10:56:14 | INFO | Session Layer      | Tx: b'\x10\x18\x1a\x17\n\x15connected uplink mode'
2026-02-07 10:56:14 | INFO | Session Layer      | Tx: b'\x10\x18\x1a\x17\n\x15connected uplink mode'
2026-02-07 10:56:14 | INFO | Session Layer      | Rx: b'\x10\x18\x1a\x17\n\x15connected uplink mode'
2026-02-07 10:56:15 | INFO | Session Layer      | Tx: b'\x10\x18\x1a\x16\n\x14burn x = 300 y = 400'
2026-02-07 10:56:15 | INFO | Session Layer      | Tx: b'\x10\x18\x1a\x16\n\x14burn x = 300 y = 400'
2026-02-07 10:56:15 | INFO | Session Layer      | Rx: b'\x10\x18\x1a\x16\n\x14burn x = 300 y = 400'
2026-02-07 10:56:16 | INFO | Session Layer      | Tx: b'\x10\x18\x1a\x12\n\x10send health data'
2026-02-07 10:56:16 | INFO | Session Layer      | Tx: b'\x10\x18\x1a\x12\n\x10send health data'
2026-02-07 10:56:16 | INFO | Session Layer      | Rx: b'\x10\x18\x1a\x12\n\x10send health data'
2026-02-07 10:56:17 | INFO | Session Layer      | Tx: b'\x10\x18\x1a\x19\n\x17connected downlink mode'
2026-02-07 10:56:17 | INFO | Session Layer      | Tx: b'\x10\x18\x1a\x19\n\x17connected downlink mode'
2026-02-07 10:56:18 | INFO | Session Layer      | Tx: b'\x10\x18\x1a\x0c\n\nexit orbit'
2026-02-07 10:56:18 | INFO | Session Layer      | Tx: b'\x10\x18\x1a\x0c\n\nexit orbit'
2026-02-07 10:56:18 | INFO | Session Layer      | Rx: b'\x10\x18\x1a\x0c\n\nexit orbit'
2026-02-07 10:56:36 | INFO | Session Layer      | Tx: b'\x10\x18\x1a\x16\n\x14burn x = 200 y = 200'
2026-02-07 10:56:36 | INFO | Session Layer      | Tx: b'\x10\x18\x1a\x16\n\x14burn x = 200 y = 200'
2026-02-07 10:56:36 | INFO | Session Layer      | Rx: b'\x10\x18\x1a\x16\n\x14burn x = 200 y = 200'
2026-02-07 10:56:37 | INFO | Session Layer      | Tx: b'\x10\x18\x1a\x12\n\x10send health data'
2026-02-07 10:56:37 | INFO | Session Layer      | Tx: b'\x10\x18\x1a\x12\n\x10send health data'
2026-02-07 10:56:37 | INFO | Session Layer      | Rx: b'\x10\x18\x1a\x12\n\x10send health data'
2026-02-07 10:56:38 | INFO | Session Layer      | Tx: b'\x10\x18\x1a\x17\n\x15connected uplink mode'
2026-02-07 10:56:38 | INFO | Session Layer      | Tx: b'\x10\x18\x1a\x17\n\x15connected uplink mode'
2026-02-07 10:56:38 | INFO | Session Layer      | Rx: b'\x10\x18\x1a\x17\n\x15connected uplink mode'
2026-02-07 10:56:39 | INFO | Session Layer      | Tx: b'\x10\x18\x1a\x16\n\x14burn x = 300 y = 400'
2026-02-07 10:56:39 | INFO | Session Layer      | Tx: b'\x10\x18\x1a\x16\n\x14burn x = 300 y = 400'
2026-02-07 10:56:40 | INFO | Session Layer      | Tx: b'\x10\x18\x1a\x12\n\x10send health data'
2026-02-07 10:56:40 | INFO | Session Layer      | Tx: b'\x10\x18\x1a\x12\n\x10send health data'
2026-02-07 10:56:40 | INFO | Session Layer      | Rx: b'\x10\x18\x1a\x12\n\x10send health data'
2026-02-07 10:56:41 | INFO | Session Layer      | Tx: b'\x10\x18\x1a\x19\n\x17connected downlink mode'
2026-02-07 10:56:41 | INFO | Session Layer      | Tx: b'\x10\x18\x1a\x19\n\x17connected downlink mode'
2026-02-07 10:56:41 | INFO | Session Layer      | Rx: b'\x10\x18\x1a\x19\n\x17connected downlink mode'
2026-02-07 10:56:42 | INFO | Session Layer      | Tx: b'\x10\x18\x1a\x0c\n\nexit orbit'
2026-02-07 10:56:42 | INFO | Session Layer      | Tx: b'\x10\x18\x1a\x0c\n\nexit orbit'
2026-02-07 10:56:42 | INFO | Session Layer      | Rx: b'\x10\x18\x1a\x0c\n\nexit orbit'
2026-02-07 12:00:31 | INFO | Session Layer      | Tx: b'\x10\x18\x1a\x16\n\x14burn x = 200 y = 200'
2026-02-07 12:00:31 | INFO | Session Layer      | Tx: b'\x10\x18\x1a\x16\n\x14burn x = 200 y = 200'
2026-02-07 12:00:31 | INFO | Session Layer      | Rx: b'\x10\x18\x1a\x16\n\x14burn x = 200 y = 200'
2026-02-08 13:10:08 | INFO | Session Layer      | Tx: b'\x10\x18\x1a\x16\n\x14burn x = 200 y = 200'
2026-02-08 13:10:08 | INFO | Session Layer      | Tx: b'\x10\x18\x1a\x16\n\x14burn x = 200 y = 200'
2026-02-08 13:10:09 | INFO | Session Layer      | Tx: b'\x10\x18\x1a\x12\n\x10send health data'
2026-02-08 13:10:09 | INFO | Session Layer      | Tx: b'\x10\x18\x1a\x12\n\x10send health data'
2026-02-08 13:10:09 | INFO | Session Layer      | Rx: b'\x10\x18\x1a\x12\n\x10send health data'
2026-02-08 13:10:10 | INFO | Session Layer      | Tx: b'\x10\x18\x1a\x17\n\x15connected uplink mode'
2026-02-08 13:10:10 | INFO | Session Layer      | Tx: b'\x10\x18\x1a\x17\n\x15connected uplink mode'
2026-02-08 13:10:10 | INFO | Session Layer      | Rx: b'\x10\x18\x1a\x17\n\x15connected uplink mode'
2026-02-08 13:10:11 | INFO | Session Layer      | Tx: b'\x10\x18\x1a\x16\n\x14burn x = 300 y = 400'
2026-02-08 13:10:11 | INFO | Session Layer      | Tx: b'\x10\x18\x1a\x16\n\x14burn x = 300 y = 400'
2026-02-08 13:10:11 | INFO | Session Layer      | Rx: b'\x10\x18\x1a\x16\n\x14burn x = 300 y = 400'
2026-02-08 13:10:12 | INFO | Session Layer      | Tx: b'\x10\x18\x1a\x12\n\x10send health data'
2026-02-08 13:10:12 | INFO | Session Layer      | Tx: b'\x10\x18\x1a\x12\n\x10send health data'
2026-02-08 13:10:12 | INFO | Session Layer      | Rx: b'\x10\x18\x1a\x12\n\x10send health data'
2026-02-08 13:10:13 | INFO | Session Layer      | Tx: b'\x10\x18\x1a\x19\n\x17connected downlink mode'
2026-02-08 13:10:13 | INFO | Session Layer      | Tx: b'\x10\x18\x1a\x19\n\x17connected downlink mode'
2026-02-08 13:10:14 | INFO | Session Layer      | Tx: b'\x10\x18\x1a\x0c\n\nexit orbit'
2026-02-08 13:10:14 | INFO | Session Layer      | Tx: b'\x10\x18\x1a\x0c\n\nexit orbit'
2026-02-08 13:10:14 | INFO | Session Layer      | Rx: b'\x10\x18\x1a\x0c\n\nexit orbit'
2026-02-08 13:33:05 | INFO | Session Layer      | Tx: b'\x10\x18\x1a\x16\n\x14burn x = 200 y = 200'
2026-02-08 13:33:05 | INFO | Session Layer      | Tx: b'\x10\x18\x1a\x16\n\x14burn x = 200 y = 200'
2026-02-08 13:33:05 | INFO | Session Layer      | Rx: b'\x10\x18\x1a\x16\n\x14burn x = 200 y = 200'
2026-02-08 13:33:06 | INFO | Session Layer      | Tx: b'\x10\x18\x1a\x12\n\x10send health data'
2026-02-08 13:33:06 | INFO | Session Layer      | Tx: b'\x10\x18\x1a\x12\n\x10send health data'
2026-02-08 13:33:06 | INFO | Session Layer      | Rx: b'\x10\x18\x1a\x12\n\x10send health data'
2026-02-08 13:33:07 | INFO | Session Layer      | Tx: b'\x10\x18\x1a\x17\n\x15connected uplink mode'
2026-02-08 13:33:07 | INFO | Session Layer      | Tx: b'\x10\x18\x1a\x17\n\x15connected uplink mode'
2026-02-08 13:33:07 | INFO | Session Layer      | Rx: b'\x10\x18\x1a\x17\n\x15connected uplink mode'
2026-02-08 13:33:08 | INFO | Session Layer      | Tx: b'\x10\x18\x1a\x16\n\x14burn x = 300 y = 400'
2026-02-08 13:33:08 | INFO | Session Layer      | Tx: b'\x10\x18\x1a\x16\n\x14burn x = 300 y = 400'
2026-02-08 13:33:08 | INFO | Session Layer      | Rx: b'\x10\x18\x1a\x16\n\x14burn x = 300 y = 400'
2026-02-08 13:33:09 | INFO | Session Layer      | Tx: b'\x10\x18\x1a\x12\n\x10send health data'
2026-02-08 13:33:09 | INFO | Session Layer      | Tx: b'\x10\x18\x1a\x12\n\x10send health data'
2026-02-08 13:33:09 | INFO | Session Layer      | Rx: b'\x10\x18\x1a\x12\n\x10send health data'
2026-02-08 13:33:10 | INFO | Session Layer      | Tx: b'\x10\x18\x1a\x19\n\x17connected downlink mode'
2026-02-08 13:33:10 | INFO | Session Layer      | Tx: b'\x10\x18\x1a\x19\n\x17connected downlink mode'
2026-02-08 13:33:10 | INFO | Session Layer      | Rx: b'\x10\x18\x1a\x19\n\x17connected downlink mode'
2026-02-08 13:33:11 | INFO | Session Layer      | Tx: b'\x10\x18\x1a\x0c\n\nexit orbit'
2026-02-08 13:33:11 | INFO | Session Layer      | Tx: b'\x10\x18\x1a\x0c\n\nexit orbit'
2026-02-08 13:33:11 | INFO | Session Layer      | Rx: b'\x10\x18\x1a\x0c\n\nexit orbit'
2026-02-08 13:34:15 | INFO | Session Layer      | Tx: b'\x10\x18\x1a\x16\n\x14burn x = 200 y = 200'
2026-02-08 13:34:15 | INFO | Session Layer      | Tx: b'\x10\x18\x1a\x16\n\x14burn x = 200 y = 200'
2026-02-08 13:34:15 | INFO | Session Layer      | Rx: b'\x10\x18\x1a\x16\n\x14burn x = 200 y = 200'
2026-02-08 13:34:16 | INFO | Session Layer      | Tx: b'\x10\x18\x1a\x12\n\x10send health data'
2026-02-08 13:34:16 | INFO | Session Layer      | Tx: b'\x10\x18\x1a\x12\n\x10send health data'
2026-02-08 13:34:16 | INFO | Session Layer      | Rx: b'\x10\x18\x1a\x12\n\x10send health data'
2026-02-08 13:34:17 | INFO | Session Layer      | Tx: b'\x10\x18\x1a\x17\n\x15connected uplink mode'
2026-02-08 13:34:17 | INFO | Session Layer      | Tx: b'\x10\x18\x1a\x17\n\x15connected uplink mode'
2026-02-08 13:34:17 | INFO | Session Layer      | Rx: b'\x10\x18\x1a\x17\n\x15connected uplink mode'
2026-02-08 13:34:18 | INFO | Session Layer      | Tx: b'\x10\x18\x1a\x16\n\x14burn x = 300 y = 400'
2026-02-08 13:34:18 | INFO | Session Layer      | Tx: b'\x10\x18\x1a\x16\n\x14burn x = 300 y = 400'
2026-02-08 13:34:18 | INFO | Session Layer      | Rx: b'\x10\x18\x1a\x16\n\x14burn x = 300 y = 400'
2026-02-08 13:34:19 | INFO | Session Layer      | Tx: b'\x10\x18\x1a\x12\n\x10send health data'
2026-02-08 13:34:19 | INFO | Session Layer      | Tx: b'\x10\x18\x1a\x12\n\x10send health data'
2026-02-08 13:34:19 | INFO | Session Layer      | Rx: b'\x10\x18\x1a\x12\n\x10send health data'
2026-02-08 13:34:20 | INFO | Session Layer      | Tx: b'\x10\x18\x1a\x19\n\x17connected downlink mode'
2026-02-08 13:34:20 | INFO | Session Layer      | Tx: b'\x10\x18\x1a\x19\n\x17connected downlink mode'
2026-02-08 13:34:20 | INFO | Session Layer      | Rx: b'\x10\x18\x1a\x19\n\x17connected downlink mode'
2026-02-08 13:34:21 | INFO | Session Layer      | Tx: b'\x10\x18\x1a\x0c\n\nexit orbit'
2026-02-08 13:34:21 | INFO | Session Layer      | Tx: b'\x10\x18\x1a\x0c\n\nexit orbit'
2026-02-08 13:34:21 | INFO | Session Layer      | Rx: b'\x10\x18\x1a\x0c\n\nexit orbit'
2026-02-08 13:53:14 | INFO | Session Layer      | state changing to: SessionMode.CONNECTED_DOWNLINK
2026-02-08 13:53:14 | INFO | Session Layer      | state changing to: SessionMode.CONNECTED_DOWNLINK
2026-02-08 13:53:14 | INFO | Session Layer      | Tx: b'\x10\x18\x1a\x16\n\x14burn x = 200 y = 200'
2026-02-08 13:53:14 | INFO | Session Layer      | Tx: b'\x10\x18\x1a\x16\n\x14burn x = 200 y = 200'
2026-02-08 13:53:15 | INFO | Session Layer      | Tx: b'\x10\x18\x1a\x12\n\x10send health data'
2026-02-08 13:53:15 | INFO | Session Layer      | Tx: b'\x10\x18\x1a\x12\n\x10send health data'
2026-02-08 13:53:15 | INFO | Session Layer      | Rx: b'\x10\x18\x1a\x12\n\x10send health data'
2026-02-08 13:53:16 | INFO | Session Layer      | Tx: b'\x10\x18\x1a\x17\n\x15connected uplink mode'
2026-02-08 13:53:16 | INFO | Session Layer      | Tx: b'\x10\x18\x1a\x17\n\x15connected uplink mode'
2026-02-08 13:53:16 | INFO | Session Layer      | Rx: b'\x10\x18\x1a\x17\n\x15connected uplink mode'
2026-02-08 13:53:17 | INFO | Session Layer      | Tx: b'\x10\x18\x1a\x16\n\x14burn x = 300 y = 400'
2026-02-08 13:53:17 | INFO | Session Layer      | Tx: b'\x10\x18\x1a\x16\n\x14burn x = 300 y = 400'
2026-02-08 13:53:17 | INFO | Session Layer      | Rx: b'\x10\x18\x1a\x16\n\x14burn x = 300 y = 400'
2026-02-08 13:53:18 | INFO | Session Layer      | Tx: b'\x10\x18\x1a\x12\n\x10send health data'
2026-02-08 13:53:18 | INFO | Session Layer      | Tx: b'\x10\x18\x1a\x12\n\x10send health data'
2026-02-08 13:53:19 | INFO | Session Layer      | Tx: b'\x10\x18\x1a\x19\n\x17connected downlink mode'
2026-02-08 13:53:19 | INFO | Session Layer      | Tx: b'\x10\x18\x1a\x19\n\x17connected downlink mode'
2026-02-08 13:53:19 | INFO | Session Layer      | Rx: b'\x10\x18\x1a\x19\n\x17connected downlink mode'
2026-02-08 13:53:20 | INFO | Session Layer      | Tx: b'\x10\x18\x1a\x0c\n\nexit orbit'
2026-02-08 13:53:20 | INFO | Session Layer      | Tx: b'\x10\x18\x1a\x0c\n\nexit orbit'
2026-02-08 13:53:20 | INFO | Session Layer      | Rx: b'\x10\x18\x1a\x0c\n\nexit orbit'
2026-02-08 13:59:12 | INFO | Session Layer      | state changing to: SessionMode.CONNECTED_DOWNLINK
2026-02-08 13:59:12 | INFO | Session Layer      | state changing to: SessionMode.CONNECTED_DOWNLINK
2026-02-08 13:59:12 | INFO | Session Layer      | Tx: b'\x10\x18\x1a\x16\n\x14burn x = 200 y = 200'
2026-02-08 13:59:12 | INFO | Session Layer      | Tx: b'\x10\x18\x1a\x16\n\x14burn x = 200 y = 200'
2026-02-08 13:59:12 | INFO | Session Layer      | Rx: b'\x10\x18\x1a\x16\n\x14burn x = 200 y = 200'
2026-02-08 13:59:13 | INFO | Session Layer      | Tx: b'\x10\x18\x1a\x12\n\x10send health data'
2026-02-08 13:59:13 | INFO | Session Layer      | Tx: b'\x10\x18\x1a\x12\n\x10send health data'
2026-02-08 13:59:13 | INFO | Session Layer      | Rx: b'\x10\x18\x1a\x12\n\x10send health data'
2026-02-08 13:59:14 | INFO | Session Layer      | Tx: b'\x10\x18\x1a\x17\n\x15connected uplink mode'
2026-02-08 13:59:14 | INFO | Session Layer      | Tx: b'\x10\x18\x1a\x17\n\x15connected uplink mode'
2026-02-08 13:59:14 | INFO | Session Layer      | Rx: b'\x10\x18\x1a\x17\n\x15connected uplink mode'
2026-02-08 13:59:15 | INFO | Session Layer      | Tx: b'\x10\x18\x1a\x16\n\x14burn x = 300 y = 400'
2026-02-08 13:59:15 | INFO | Session Layer      | Tx: b'\x10\x18\x1a\x16\n\x14burn x = 300 y = 400'
2026-02-08 13:59:16 | INFO | Session Layer      | Tx: b'\x10\x18\x1a\x12\n\x10send health data'
2026-02-08 13:59:16 | INFO | Session Layer      | Tx: b'\x10\x18\x1a\x12\n\x10send health data'
2026-02-08 13:59:16 | INFO | Session Layer      | Rx: b'\x10\x18\x1a\x12\n\x10send health data'
2026-02-08 13:59:17 | INFO | Session Layer      | Tx: b'\x10\x18\x1a\x19\n\x17connected downlink mode'
2026-02-08 13:59:17 | INFO | Session Layer      | Tx: b'\x10\x18\x1a\x19\n\x17connected downlink mode'
2026-02-08 13:59:17 | INFO | Session Layer      | Rx: b'\x10\x18\x1a\x19\n\x17connected downlink mode'
2026-02-08 13:59:18 | INFO | Session Layer      | Tx: b'\x10\x18\x1a\x0c\n\nexit orbit'
2026-02-08 13:59:18 | INFO | Session Layer      | Tx: b'\x10\x18\x1a\x0c\n\nexit orbit'
2026-02-08 13:59:18 | INFO | Session Layer      | Rx: b'\x10\x18\x1a\x0c\n\nexit orbit'
2026-02-08 14:00:42 | INFO | Session Layer      | state changing to: SessionMode.CONNECTED_DOWNLINK
2026-02-08 14:00:42 | INFO | Session Layer      | state changing to: SessionMode.CONNECTED_DOWNLINK
2026-02-08 14:00:42 | INFO | Session Layer      | Tx: b'\x10\x18\x1a\x16\n\x14burn x = 200 y = 200'
2026-02-08 14:00:42 | INFO | Session Layer      | Tx: b'\x10\x18\x1a\x16\n\x14burn x = 200 y = 200'
2026-02-08 14:00:42 | INFO | Session Layer      | Rx: b'\x10\x18\x1a\x16\n\x14burn x = 200 y = 200'
2026-02-08 14:00:43 | INFO | Session Layer      | Tx: b'\x10\x18\x1a\x12\n\x10send health data'
2026-02-08 14:00:43 | INFO | Session Layer      | Tx: b'\x10\x18\x1a\x12\n\x10send health data'
2026-02-08 14:00:43 | INFO | Session Layer      | Rx: b'\x10\x18\x1a\x12\n\x10send health data'
2026-02-08 14:00:44 | INFO | Session Layer      | Tx: b'\x10\x18\x1a\x17\n\x15connected uplink mode'
2026-02-08 14:00:44 | INFO | Session Layer      | Tx: b'\x10\x18\x1a\x17\n\x15connected uplink mode'
2026-02-08 14:00:44 | INFO | Session Layer      | Rx: b'\x10\x18\x1a\x17\n\x15connected uplink mode'
2026-02-08 14:00:45 | INFO | Session Layer      | Tx: b'\x10\x18\x1a\x16\n\x14burn x = 300 y = 400'
2026-02-08 14:00:45 | INFO | Session Layer      | Tx: b'\x10\x18\x1a\x16\n\x14burn x = 300 y = 400'
2026-02-08 14:00:45 | INFO | Session Layer      | Rx: b'\x10\x18\x1a\x16\n\x14burn x = 300 y = 400'
2026-02-08 14:00:46 | INFO | Session Layer      | Tx: b'\x10\x18\x1a\x12\n\x10send health data'
2026-02-08 14:00:46 | INFO | Session Layer      | Tx: b'\x10\x18\x1a\x12\n\x10send health data'
2026-02-08 14:00:46 | INFO | Session Layer      | Rx: b'\x10\x18\x1a\x12\n\x10send health data'
2026-02-08 14:00:47 | INFO | Session Layer      | Tx: b'\x10\x18\x1a\x19\n\x17connected downlink mode'
2026-02-08 14:00:47 | INFO | Session Layer      | Tx: b'\x10\x18\x1a\x19\n\x17connected downlink mode'
2026-02-08 14:00:47 | INFO | Session Layer      | Rx: b'\x10\x18\x1a\x19\n\x17connected downlink mode'
2026-02-08 14:00:48 | INFO | Session Layer      | Tx: b'\x10\x18\x1a\x0c\n\nexit orbit'
2026-02-08 14:00:48 | INFO | Session Layer      | Tx: b'\x10\x18\x1a\x0c\n\nexit orbit'
2026-02-08 14:00:48 | INFO | Session Layer      | Rx: b'\x10\x18\x1a\x0c\n\nexit orbit'
2026-02-08 14:01:01 | INFO | Session Layer      | state changing to: SessionMode.CONNECTED_DOWNLINK
2026-02-08 14:01:01 | INFO | Session Layer      | state changing to: SessionMode.CONNECTED_DOWNLINK
2026-02-08 14:01:01 | INFO | Session Layer      | Tx: b'\x10\x18\x1a\x16\n\x14burn x = 200 y = 200'
2026-02-08 14:01:01 | INFO | Session Layer      | Tx: b'\x10\x18\x1a\x16\n\x14burn x = 200 y = 200'
2026-02-08 14:01:01 | INFO | Session Layer      | Rx: b'\x10\x18\x1a\x16\n\x14burn x = 200 y = 200'
2026-02-08 14:01:02 | INFO | Session Layer      | Tx: b'\x10\x18\x1a\x12\n\x10send health data'
2026-02-08 14:01:02 | INFO | Session Layer      | Tx: b'\x10\x18\x1a\x12\n\x10send health data'
2026-02-08 14:01:03 | INFO | Session Layer      | Tx: b'\x10\x18\x1a\x17\n\x15connected uplink mode'
2026-02-08 14:01:03 | INFO | Session Layer      | Tx: b'\x10\x18\x1a\x17\n\x15connected uplink mode'
2026-02-08 14:01:03 | INFO | Session Layer      | Rx: b'\x10\x18\x1a\x17\n\x15connected uplink mode'
2026-02-08 14:01:04 | INFO | Session Layer      | Tx: b'\x10\x18\x1a\x16\n\x14burn x = 300 y = 400'
2026-02-08 14:01:04 | INFO | Session Layer      | Tx: b'\x10\x18\x1a\x16\n\x14burn x = 300 y = 400'
2026-02-08 14:01:04 | INFO | Session Layer      | Rx: b'\x10\x18\x1a\x16\n\x14burn x = 300 y = 400'
2026-02-08 14:01:05 | INFO | Session Layer      | Tx: b'\x10\x18\x1a\x12\n\x10send health data'
2026-02-08 14:01:05 | INFO | Session Layer      | Tx: b'\x10\x18\x1a\x12\n\x10send health data'
2026-02-08 14:01:05 | INFO | Session Layer      | Rx: b'\x10\x18\x1a\x12\n\x10send health data'
2026-02-08 14:01:06 | INFO | Session Layer      | Tx: b'\x10\x18\x1a\x19\n\x17connected downlink mode'
2026-02-08 14:01:06 | INFO | Session Layer      | Tx: b'\x10\x18\x1a\x19\n\x17connected downlink mode'
2026-02-08 14:01:06 | INFO | Session Layer      | Rx: b'\x10\x18\x1a\x19\n\x17connected downlink mode'
2026-02-08 14:02:16 | INFO | Session Layer      | state changing to: SessionMode.CONNECTED_DOWNLINK
2026-02-08 14:02:16 | INFO | Session Layer      | state changing to: SessionMode.CONNECTED_DOWNLINK
2026-02-08 14:02:16 | INFO | Session Layer      | Tx: b'\x10\x18\x1a\x16\n\x14burn x = 200 y = 200'
2026-02-08 14:02:16 | INFO | Session Layer      | Tx: b'\x10\x18\x1a\x16\n\x14burn x = 200 y = 200'
2026-02-08 14:02:16 | INFO | Session Layer      | Rx: b'\x10\x18\x1a\x16\n\x14burn x = 200 y = 200'
2026-02-08 14:02:17 | INFO | Session Layer      | Tx: b'\x10\x18\x1a\x12\n\x10send health data'
2026-02-08 14:02:17 | INFO | Session Layer      | Tx: b'\x10\x18\x1a\x12\n\x10send health data'
2026-02-08 14:02:17 | INFO | Session Layer      | Rx: b'\x10\x18\x1a\x12\n\x10send health data'
2026-02-08 14:02:18 | INFO | Session Layer      | Tx: b'\x10\x18\x1a\x17\n\x15connected uplink mode'
2026-02-08 14:02:18 | INFO | Session Layer      | Tx: b'\x10\x18\x1a\x17\n\x15connected uplink mode'
2026-02-08 14:02:18 | INFO | Session Layer      | Rx: b'\x10\x18\x1a\x17\n\x15connected uplink mode'
2026-02-08 14:02:19 | INFO | Session Layer      | Tx: b'\x10\x18\x1a\x16\n\x14burn x = 300 y = 400'
2026-02-08 14:02:19 | INFO | Session Layer      | Tx: b'\x10\x18\x1a\x16\n\x14burn x = 300 y = 400'
2026-02-08 14:02:19 | INFO | Session Layer      | Rx: b'\x10\x18\x1a\x16\n\x14burn x = 300 y = 400'
2026-02-08 14:02:20 | INFO | Session Layer      | Tx: b'\x10\x18\x1a\x12\n\x10send health data'
2026-02-08 14:02:20 | INFO | Session Layer      | Tx: b'\x10\x18\x1a\x12\n\x10send health data'
2026-02-08 14:02:21 | INFO | Session Layer      | Tx: b'\x10\x18\x1a\x19\n\x17connected downlink mode'
2026-02-08 14:02:21 | INFO | Session Layer      | Tx: b'\x10\x18\x1a\x19\n\x17connected downlink mode'
2026-02-08 14:02:21 | INFO | Session Layer      | Rx: b'\x10\x18\x1a\x19\n\x17connected downlink mode'
2026-02-08 14:02:22 | INFO | Session Layer      | Tx: b'\x10\x18\x1a\x0c\n\nexit orbit'
2026-02-08 14:02:22 | INFO | Session Layer      | Tx: b'\x10\x18\x1a\x0c\n\nexit orbit'
2026-02-08 14:02:22 | INFO | Session Layer      | Rx: b'\x10\x18\x1a\x0c\n\nexit orbit'
2026-02-08 14:02:31 | INFO | Session Layer      | state changing to: SessionMode.CONNECTED_DOWNLINK
2026-02-08 14:02:31 | INFO | Session Layer      | state changing to: SessionMode.CONNECTED_DOWNLINK
2026-02-08 14:02:31 | INFO | Session Layer      | Tx: b'\x10\x18\x1a\x16\n\x14burn x = 200 y = 200'
2026-02-08 14:02:31 | INFO | Session Layer      | Tx: b'\x10\x18\x1a\x16\n\x14burn x = 200 y = 200'
2026-02-08 14:02:31 | INFO | Session Layer      | Rx: b'\x10\x18\x1a\x16\n\x14burn x = 200 y = 200'
2026-02-08 14:02:32 | INFO | Session Layer      | Tx: b'\x10\x18\x1a\x12\n\x10send health data'
2026-02-08 14:02:32 | INFO | Session Layer      | Tx: b'\x10\x18\x1a\x12\n\x10send health data'
2026-02-08 14:02:32 | INFO | Session Layer      | Rx: b'\x10\x18\x1a\x12\n\x10send health data'
2026-02-08 14:02:33 | INFO | Session Layer      | Tx: b'\x10\x18\x1a\x17\n\x15connected uplink mode'
2026-02-08 14:02:33 | INFO | Session Layer      | Tx: b'\x10\x18\x1a\x17\n\x15connected uplink mode'
2026-02-08 14:02:33 | INFO | Session Layer      | Rx: b'\x10\x18\x1a\x17\n\x15connected uplink mode'
2026-02-08 14:02:34 | INFO | Session Layer      | Tx: b'\x10\x18\x1a\x16\n\x14burn x = 300 y = 400'
2026-02-08 14:02:34 | INFO | Session Layer      | Tx: b'\x10\x18\x1a\x16\n\x14burn x = 300 y = 400'
2026-02-08 14:02:34 | INFO | Session Layer      | Rx: b'\x10\x18\x1a\x16\n\x14burn x = 300 y = 400'
2026-02-08 14:02:44 | INFO | Session Layer      | state changing to: SessionMode.CONNECTED_DOWNLINK
2026-02-08 14:02:44 | INFO | Session Layer      | state changing to: SessionMode.CONNECTED_DOWNLINK
2026-02-08 14:02:44 | INFO | Session Layer      | Tx: b'\x10\x18\x1a\x16\n\x14burn x = 200 y = 200'
2026-02-08 14:02:44 | INFO | Session Layer      | Tx: b'\x10\x18\x1a\x16\n\x14burn x = 200 y = 200'
2026-02-08 14:02:44 | INFO | Session Layer      | Rx: b'\x10\x18\x1a\x16\n\x14burn x = 200 y = 200'
2026-02-08 14:02:45 | INFO | Session Layer      | Tx: b'\x10\x18\x1a\x12\n\x10send health data'
2026-02-08 14:02:45 | INFO | Session Layer      | Tx: b'\x10\x18\x1a\x12\n\x10send health data'
2026-02-08 14:02:45 | INFO | Session Layer      | Rx: b'\x10\x18\x1a\x12\n\x10send health data'
2026-02-08 14:02:46 | INFO | Session Layer      | Tx: b'\x10\x18\x1a\x17\n\x15connected uplink mode'
2026-02-08 14:02:46 | INFO | Session Layer      | Tx: b'\x10\x18\x1a\x17\n\x15connected uplink mode'
2026-02-08 14:02:46 | INFO | Session Layer      | Rx: b'\x10\x18\x1a\x17\n\x15connected uplink mode'
2026-02-08 14:02:47 | INFO | Session Layer      | Tx: b'\x10\x18\x1a\x16\n\x14burn x = 300 y = 400'
2026-02-08 14:02:47 | INFO | Session Layer      | Tx: b'\x10\x18\x1a\x16\n\x14burn x = 300 y = 400'
2026-02-08 14:02:48 | INFO | Session Layer      | Tx: b'\x10\x18\x1a\x12\n\x10send health data'
2026-02-08 14:02:48 | INFO | Session Layer      | Tx: b'\x10\x18\x1a\x12\n\x10send health data'
2026-02-08 14:02:48 | INFO | Session Layer      | Rx: b'\x10\x18\x1a\x12\n\x10send health data'
2026-02-08 14:02:49 | INFO | Session Layer      | Tx: b'\x10\x18\x1a\x19\n\x17connected downlink mode'
2026-02-08 14:02:49 | INFO | Session Layer      | Tx: b'\x10\x18\x1a\x19\n\x17connected downlink mode'
2026-02-08 14:02:49 | INFO | Session Layer      | Rx: b'\x10\x18\x1a\x19\n\x17connected downlink mode'
2026-02-08 14:03:19 | INFO | Session Layer      | state changing to: SessionMode.CONNECTIONLESS_DOWNLINK
2026-02-08 14:03:19 | INFO | Session Layer      | state changing to: SessionMode.CONNECTIONLESS_DOWNLINK
2026-02-08 14:03:19 | INFO | Session Layer      | Tx: b'\x10\x18\x1a\x16\n\x14burn x = 200 y = 200'
2026-02-08 14:03:19 | INFO | Session Layer      | Tx: b'\x10\x18\x1a\x16\n\x14burn x = 200 y = 200'
2026-02-08 14:03:19 | INFO | Session Layer      | Rx: b'\x10\x18\x1a\x16\n\x14burn x = 200 y = 200'
2026-02-08 14:03:20 | INFO | Session Layer      | Tx: b'\x10\x18\x1a\x12\n\x10send health data'
2026-02-08 14:03:20 | INFO | Session Layer      | Tx: b'\x10\x18\x1a\x12\n\x10send health data'
2026-02-08 14:03:20 | INFO | Session Layer      | Rx: b'\x10\x18\x1a\x12\n\x10send health data'
2026-02-08 14:03:21 | INFO | Session Layer      | Tx: b'\x10\x18\x1a\x17\n\x15connected uplink mode'
2026-02-08 14:03:21 | INFO | Session Layer      | Tx: b'\x10\x18\x1a\x17\n\x15connected uplink mode'
2026-02-08 14:03:21 | INFO | Session Layer      | Rx: b'\x10\x18\x1a\x17\n\x15connected uplink mode'
2026-02-08 14:03:22 | INFO | Session Layer      | Tx: b'\x10\x18\x1a\x16\n\x14burn x = 300 y = 400'
2026-02-08 14:03:22 | INFO | Session Layer      | Tx: b'\x10\x18\x1a\x16\n\x14burn x = 300 y = 400'
2026-02-08 14:03:22 | INFO | Session Layer      | Rx: b'\x10\x18\x1a\x16\n\x14burn x = 300 y = 400'
2026-02-08 14:03:23 | INFO | Session Layer      | Tx: b'\x10\x18\x1a\x12\n\x10send health data'
2026-02-08 14:03:23 | INFO | Session Layer      | Tx: b'\x10\x18\x1a\x12\n\x10send health data'
2026-02-08 14:03:23 | INFO | Session Layer      | Rx: b'\x10\x18\x1a\x12\n\x10send health data'
2026-02-08 14:03:24 | INFO | Session Layer      | Tx: b'\x10\x18\x1a\x19\n\x17connected downlink mode'
2026-02-08 14:03:24 | INFO | Session Layer      | Tx: b'\x10\x18\x1a\x19\n\x17connected downlink mode'
2026-02-08 14:03:25 | INFO | Session Layer      | Tx: b'\x10\x18\x1a\x0c\n\nexit orbit'
2026-02-08 14:03:25 | INFO | Session Layer      | Tx: b'\x10\x18\x1a\x0c\n\nexit orbit'
2026-02-08 14:03:32 | INFO | Session Layer      | state changing to: SessionMode.CONNECTIONLESS_DOWNLINK
2026-02-08 14:03:32 | INFO | Session Layer      | state changing to: SessionMode.CONNECTIONLESS_DOWNLINK
2026-02-08 14:03:32 | INFO | Session Layer      | Tx: b'\x10\x18\x1a\x16\n\x14burn x = 200 y = 200'
2026-02-08 14:03:32 | INFO | Session Layer      | Tx: b'\x10\x18\x1a\x16\n\x14burn x = 200 y = 200'
2026-02-08 14:03:32 | INFO | Session Layer      | Rx: b'\x10\x18\x1a\x16\n\x14burn x = 200 y = 200'
2026-02-08 14:03:33 | INFO | Session Layer      | Tx: b'\x10\x18\x1a\x12\n\x10send health data'
2026-02-08 14:03:33 | INFO | Session Layer      | Tx: b'\x10\x18\x1a\x12\n\x10send health data'
2026-02-08 14:03:33 | INFO | Session Layer      | Rx: b'\x10\x18\x1a\x12\n\x10send health data'
2026-02-08 14:03:34 | INFO | Session Layer      | Tx: b'\x10\x18\x1a\x17\n\x15connected uplink mode'
2026-02-08 14:03:34 | INFO | Session Layer      | Tx: b'\x10\x18\x1a\x17\n\x15connected uplink mode'
2026-02-08 14:03:34 | INFO | Session Layer      | Rx: b'\x10\x18\x1a\x17\n\x15connected uplink mode'
2026-02-08 14:03:35 | INFO | Session Layer      | Tx: b'\x10\x18\x1a\x16\n\x14burn x = 300 y = 400'
2026-02-08 14:03:35 | INFO | Session Layer      | Tx: b'\x10\x18\x1a\x16\n\x14burn x = 300 y = 400'
2026-02-08 14:03:35 | INFO | Session Layer      | Rx: b'\x10\x18\x1a\x16\n\x14burn x = 300 y = 400'
2026-02-08 14:03:36 | INFO | Session Layer      | Tx: b'\x10\x18\x1a\x12\n\x10send health data'
2026-02-08 14:03:36 | INFO | Session Layer      | Tx: b'\x10\x18\x1a\x12\n\x10send health data'
2026-02-08 14:03:36 | INFO | Session Layer      | Rx: b'\x10\x18\x1a\x12\n\x10send health data'
2026-02-08 14:03:37 | INFO | Session Layer      | Tx: b'\x10\x18\x1a\x19\n\x17connected downlink mode'
2026-02-08 14:03:37 | INFO | Session Layer      | Tx: b'\x10\x18\x1a\x19\n\x17connected downlink mode'
2026-02-08 14:03:37 | INFO | Session Layer      | Rx: b'\x10\x18\x1a\x19\n\x17connected downlink mode'
2026-02-08 14:03:38 | INFO | Session Layer      | Tx: b'\x10\x18\x1a\x0c\n\nexit orbit'
2026-02-08 14:03:38 | INFO | Session Layer      | Tx: b'\x10\x18\x1a\x0c\n\nexit orbit'
2026-02-08 14:03:38 | INFO | Session Layer      | Rx: b'\x10\x18\x1a\x0c\n\nexit orbit'
2026-02-08 14:56:46 | INFO | Session Layer      | state changing to: SessionMode.CONNECTIONLESS_DOWNLINK
2026-02-08 14:56:46 | INFO | Session Layer      | state changing to: SessionMode.CONNECTIONLESS_DOWNLINK
2026-02-08 14:56:46 | INFO | Session Layer      | Tx: b'\x10\x18\x1a\x16\n\x14burn x = 200 y = 200'
2026-02-08 14:56:46 | INFO | Session Layer      | Tx: b'\x10\x18\x1a\x16\n\x14burn x = 200 y = 200'
2026-02-08 14:56:46 | INFO | Session Layer      | Rx: b'\x10\x18\x1a\x16\n\x14burn x = 200 y = 200'
2026-02-08 14:56:47 | INFO | Session Layer      | Tx: b'\x10\x18\x1a\x12\n\x10send health data'
2026-02-08 14:56:47 | INFO | Session Layer      | Tx: b'\x10\x18\x1a\x12\n\x10send health data'
2026-02-08 14:56:47 | INFO | Session Layer      | Rx: b'\x10\x18\x1a\x12\n\x10send health data'
2026-02-08 14:56:48 | INFO | Session Layer      | Tx: b'\x10\x18\x1a\x17\n\x15connected uplink mode'
2026-02-08 14:56:48 | INFO | Session Layer      | Tx: b'\x10\x18\x1a\x17\n\x15connected uplink mode'
2026-02-08 14:56:48 | INFO | Session Layer      | Rx: b'\x10\x18\x1a\x17\n\x15connected uplink mode'
2026-02-08 14:56:49 | INFO | Session Layer      | Tx: b'\x10\x18\x1a\x16\n\x14burn x = 300 y = 400'
2026-02-08 14:56:49 | INFO | Session Layer      | Tx: b'\x10\x18\x1a\x16\n\x14burn x = 300 y = 400'
2026-02-08 14:56:49 | INFO | Session Layer      | Rx: b'\x10\x18\x1a\x16\n\x14burn x = 300 y = 400'
2026-02-08 14:56:50 | INFO | Session Layer      | Tx: b'\x10\x18\x1a\x12\n\x10send health data'
2026-02-08 14:56:50 | INFO | Session Layer      | Tx: b'\x10\x18\x1a\x12\n\x10send health data'
2026-02-08 14:56:50 | INFO | Session Layer      | Rx: b'\x10\x18\x1a\x12\n\x10send health data'
2026-02-08 14:56:51 | INFO | Session Layer      | Tx: b'\x10\x18\x1a\x19\n\x17connected downlink mode'
2026-02-08 14:56:51 | INFO | Session Layer      | Tx: b'\x10\x18\x1a\x19\n\x17connected downlink mode'
2026-02-08 14:56:51 | INFO | Session Layer      | Rx: b'\x10\x18\x1a\x19\n\x17connected downlink mode'
2026-02-08 14:56:52 | INFO | Session Layer      | Tx: b'\x10\x18\x1a\x0c\n\nexit orbit'
2026-02-08 14:56:52 | INFO | Session Layer      | Tx: b'\x10\x18\x1a\x0c\n\nexit orbit'
2026-02-08 14:56:52 | INFO | Session Layer      | Rx: b'\x10\x18\x1a\x0c\n\nexit orbit'
2026-02-08 14:57:38 | INFO | Session Layer      | state changing to: SessionMode.CONNECTIONLESS_DOWNLINK
2026-02-08 14:57:38 | INFO | Session Layer      | state changing to: SessionMode.CONNECTIONLESS_DOWNLINK
2026-02-08 14:57:38 | INFO | Session Layer      | Tx: b'\x10\x18\x1a\x16\n\x14burn x = 200 y = 200'
2026-02-08 14:57:38 | INFO | Session Layer      | Tx: b'\x10\x18\x1a\x16\n\x14burn x = 200 y = 200'
2026-02-08 14:57:38 | INFO | Session Layer      | Rx: b'\x10\x18\x1a\x16\n\x14burn x = 200 y = 200'
2026-02-08 14:57:39 | INFO | Session Layer      | Tx: b'\x10\x18\x1a\x12\n\x10send health data'
2026-02-08 14:57:39 | INFO | Session Layer      | Tx: b'\x10\x18\x1a\x12\n\x10send health data'
2026-02-08 14:57:39 | INFO | Session Layer      | Rx: b'\x10\x18\x1a\x12\n\x10send health data'
2026-02-08 14:57:40 | INFO | Session Layer      | Tx: b'\x10\x18\x1a\x17\n\x15connected uplink mode'
2026-02-08 14:57:40 | INFO | Session Layer      | Tx: b'\x10\x18\x1a\x17\n\x15connected uplink mode'
2026-02-08 14:57:40 | INFO | Session Layer      | Rx: b'\x10\x18\x1a\x17\n\x15connected uplink mode'
2026-02-08 14:57:41 | INFO | Session Layer      | Tx: b'\x10\x18\x1a\x16\n\x14burn x = 300 y = 400'
2026-02-08 14:57:41 | INFO | Session Layer      | Tx: b'\x10\x18\x1a\x16\n\x14burn x = 300 y = 400'
2026-02-08 14:57:41 | INFO | Session Layer      | Rx: b'\x10\x18\x1a\x16\n\x14burn x = 300 y = 400'
2026-02-08 14:58:43 | INFO | Session Layer      | state changing to: SessionMode.CONNECTIONLESS_DOWNLINK
2026-02-08 14:58:43 | INFO | Session Layer      | state changing to: SessionMode.CONNECTIONLESS_DOWNLINK
2026-02-08 14:58:43 | INFO | Session Layer      | Tx: b'\x10\x18\x1a\x16\n\x14burn x = 200 y = 200'
2026-02-08 14:58:43 | INFO | Session Layer      | Tx: b'\x10\x18\x1a\x16\n\x14burn x = 200 y = 200'
2026-02-08 14:58:43 | INFO | Session Layer      | Rx: b'\x10\x18\x1a\x16\n\x14burn x = 200 y = 200'
2026-02-08 14:58:44 | INFO | Session Layer      | Tx: b'\x10\x18\x1a\x12\n\x10send health data'
2026-02-08 14:58:44 | INFO | Session Layer      | Tx: b'\x10\x18\x1a\x12\n\x10send health data'
2026-02-08 14:58:44 | INFO | Session Layer      | Rx: b'\x10\x18\x1a\x12\n\x10send health data'
2026-02-08 14:58:45 | INFO | Session Layer      | Tx: b'\x10\x18\x1a\x17\n\x15connected uplink mode'
2026-02-08 14:58:45 | INFO | Session Layer      | Tx: b'\x10\x18\x1a\x17\n\x15connected uplink mode'
2026-02-08 14:58:45 | INFO | Session Layer      | Rx: b'\x10\x18\x1a\x17\n\x15connected uplink mode'
2026-02-08 14:58:46 | INFO | Session Layer      | Tx: b'\x10\x18\x1a\x16\n\x14burn x = 300 y = 400'
2026-02-08 14:58:46 | INFO | Session Layer      | Tx: b'\x10\x18\x1a\x16\n\x14burn x = 300 y = 400'
2026-02-08 14:58:47 | INFO | Session Layer      | Rx: b'\x10\x18\x1a\x16\n\x14burn x = 300 y = 400'
2026-02-08 14:58:48 | INFO | Session Layer      | Tx: b'\x10\x18\x1a\x12\n\x10send health data'
2026-02-08 14:58:48 | INFO | Session Layer      | Tx: b'\x10\x18\x1a\x12\n\x10send health data'
2026-02-08 14:58:48 | INFO | Session Layer      | Rx: b'\x10\x18\x1a\x12\n\x10send health data'
2026-02-08 14:58:49 | INFO | Session Layer      | Tx: b'\x10\x18\x1a\x19\n\x17connected downlink mode'
2026-02-08 14:58:49 | INFO | Session Layer      | Tx: b'\x10\x18\x1a\x19\n\x17connected downlink mode'
2026-02-08 14:58:49 | INFO | Session Layer      | Rx: b'\x10\x18\x1a\x19\n\x17connected downlink mode'
2026-02-08 14:58:50 | INFO | Session Layer      | Tx: b'\x10\x18\x1a\x0c\n\nexit orbit'
2026-02-08 14:58:50 | INFO | Session Layer      | Tx: b'\x10\x18\x1a\x0c\n\nexit orbit'
2026-02-08 14:58:50 | INFO | Session Layer      | Rx: b'\x10\x18\x1a\x0c\n\nexit orbit'
2026-02-08 14:58:53 | INFO | Session Layer      | state changing to: SessionMode.CONNECTIONLESS_DOWNLINK
2026-02-08 14:58:53 | INFO | Session Layer      | state changing to: SessionMode.CONNECTIONLESS_DOWNLINK
2026-02-08 14:58:53 | INFO | Session Layer      | Tx: b'\x10\x18\x1a\x16\n\x14burn x = 200 y = 200'
2026-02-08 14:58:53 | INFO | Session Layer      | Tx: b'\x10\x18\x1a\x16\n\x14burn x = 200 y = 200'
2026-02-08 14:58:53 | INFO | Session Layer      | Rx: b'\x10\x18\x1a\x16\n\x14burn x = 200 y = 200'
2026-02-08 14:58:54 | INFO | Session Layer      | Tx: b'\x10\x18\x1a\x12\n\x10send health data'
2026-02-08 14:58:54 | INFO | Session Layer      | Tx: b'\x10\x18\x1a\x12\n\x10send health data'
2026-02-08 14:58:54 | INFO | Session Layer      | Rx: b'\x10\x18\x1a\x12\n\x10send health data'
2026-02-08 14:58:55 | INFO | Session Layer      | Tx: b'\x10\x18\x1a\x17\n\x15connected uplink mode'
2026-02-08 14:58:55 | INFO | Session Layer      | Tx: b'\x10\x18\x1a\x17\n\x15connected uplink mode'
2026-02-08 14:58:55 | INFO | Session Layer      | Rx: b'\x10\x18\x1a\x17\n\x15connected uplink mode'
2026-02-08 14:58:56 | INFO | Session Layer      | Tx: b'\x10\x18\x1a\x16\n\x14burn x = 300 y = 400'
2026-02-08 14:58:56 | INFO | Session Layer      | Tx: b'\x10\x18\x1a\x16\n\x14burn x = 300 y = 400'
2026-02-08 14:58:56 | INFO | Session Layer      | Rx: b'\x10\x18\x1a\x16\n\x14burn x = 300 y = 400'
2026-02-08 14:58:57 | INFO | Session Layer      | Tx: b'\x10\x18\x1a\x12\n\x10send health data'
2026-02-08 14:58:57 | INFO | Session Layer      | Tx: b'\x10\x18\x1a\x12\n\x10send health data'
2026-02-08 14:58:57 | INFO | Session Layer      | Rx: b'\x10\x18\x1a\x12\n\x10send health data'
2026-02-08 14:58:58 | INFO | Session Layer      | Tx: b'\x10\x18\x1a\x19\n\x17connected downlink mode'
2026-02-08 14:58:58 | INFO | Session Layer      | Tx: b'\x10\x18\x1a\x19\n\x17connected downlink mode'
2026-02-08 14:58:58 | INFO | Session Layer      | Rx: b'\x10\x18\x1a\x19\n\x17connected downlink mode'
2026-02-08 14:58:59 | INFO | Session Layer      | Tx: b'\x10\x18\x1a\x0c\n\nexit orbit'
2026-02-08 14:58:59 | INFO | Session Layer      | Tx: b'\x10\x18\x1a\x0c\n\nexit orbit'
2026-02-08 14:58:59 | INFO | Session Layer      | Rx: b'\x10\x18\x1a\x0c\n\nexit orbit'
2026-02-08 14:59:56 | INFO | Session Layer      | state changing to: SessionMode.CONNECTIONLESS_DOWNLINK
2026-02-08 14:59:56 | INFO | Session Layer      | state changing to: SessionMode.CONNECTIONLESS_DOWNLINK
2026-02-08 14:59:56 | INFO | Session Layer      | Tx: b'\x10\x18\x1a\x16\n\x14burn x = 200 y = 200'
2026-02-08 14:59:56 | INFO | Session Layer      | Tx: b'\x10\x18\x1a\x16\n\x14burn x = 200 y = 200'
2026-02-08 14:59:56 | INFO | Session Layer      | Rx: b'\x10\x18\x1a\x16\n\x14burn x = 200 y = 200'
2026-02-08 14:59:57 | INFO | Session Layer      | Tx: b'\x10\x18\x1a\x12\n\x10send health data'
2026-02-08 14:59:57 | INFO | Session Layer      | Tx: b'\x10\x18\x1a\x12\n\x10send health data'
2026-02-08 14:59:57 | INFO | Session Layer      | Rx: b'\x10\x18\x1a\x12\n\x10send health data'
2026-02-08 14:59:58 | INFO | Session Layer      | Tx: b'\x10\x18\x1a\x17\n\x15connected uplink mode'
2026-02-08 14:59:58 | INFO | Session Layer      | Tx: b'\x10\x18\x1a\x17\n\x15connected uplink mode'
2026-02-08 14:59:58 | INFO | Session Layer      | Rx: b'\x10\x18\x1a\x17\n\x15connected uplink mode'
2026-02-08 14:59:59 | INFO | Session Layer      | Tx: b'\x10\x18\x1a\x16\n\x14burn x = 300 y = 400'
2026-02-08 14:59:59 | INFO | Session Layer      | Tx: b'\x10\x18\x1a\x16\n\x14burn x = 300 y = 400'
2026-02-08 14:59:59 | INFO | Session Layer      | Rx: b'\x10\x18\x1a\x16\n\x14burn x = 300 y = 400'
2026-02-08 15:00:00 | INFO | Session Layer      | Tx: b'\x10\x18\x1a\x12\n\x10send health data'
2026-02-08 15:00:00 | INFO | Session Layer      | Tx: b'\x10\x18\x1a\x12\n\x10send health data'
2026-02-08 15:00:00 | INFO | Session Layer      | Rx: b'\x10\x18\x1a\x12\n\x10send health data'
2026-02-08 15:00:01 | INFO | Session Layer      | Tx: b'\x10\x18\x1a\x19\n\x17connected downlink mode'
2026-02-08 15:00:01 | INFO | Session Layer      | Tx: b'\x10\x18\x1a\x19\n\x17connected downlink mode'
2026-02-08 15:00:01 | INFO | Session Layer      | Rx: b'\x10\x18\x1a\x19\n\x17connected downlink mode'
2026-02-08 15:03:37 | INFO | Session Layer      | state changing to: SessionMode.CONNECTIONLESS_DOWNLINK
2026-02-08 15:03:37 | INFO | Session Layer      | state changing to: SessionMode.CONNECTIONLESS_DOWNLINK
2026-02-08 15:03:37 | INFO | Session Layer      | Tx: b'\x10\x18\x1a\x16\n\x14burn x = 200 y = 200'
2026-02-08 15:03:37 | INFO | Session Layer      | Tx: b'\x10\x18\x1a\x16\n\x14burn x = 200 y = 200'
2026-02-08 15:03:37 | INFO | Session Layer      | Rx: b'\x10\x18\x1a\x16\n\x14burn x = 200 y = 200'
2026-02-08 15:03:38 | INFO | Session Layer      | Tx: b'\x10\x18\x1a\x12\n\x10send health data'
2026-02-08 15:03:38 | INFO | Session Layer      | Tx: b'\x10\x18\x1a\x12\n\x10send health data'
2026-02-08 15:03:38 | INFO | Session Layer      | Rx: b'\x10\x18\x1a\x12\n\x10send health data'
2026-02-08 15:03:39 | INFO | Session Layer      | Tx: b'\x10\x18\x1a\x17\n\x15connected uplink mode'
2026-02-08 15:03:39 | INFO | Session Layer      | Tx: b'\x10\x18\x1a\x17\n\x15connected uplink mode'
2026-02-08 15:03:39 | INFO | Session Layer      | Rx: b'\x10\x18\x1a\x17\n\x15connected uplink mode'
2026-02-08 15:03:40 | INFO | Session Layer      | Tx: b'\x10\x18\x1a\x16\n\x14burn x = 300 y = 400'
2026-02-08 15:03:40 | INFO | Session Layer      | Tx: b'\x10\x18\x1a\x16\n\x14burn x = 300 y = 400'
2026-02-08 15:03:40 | INFO | Session Layer      | Rx: b'\x10\x18\x1a\x16\n\x14burn x = 300 y = 400'
2026-02-08 15:03:41 | INFO | Session Layer      | Tx: b'\x10\x18\x1a\x12\n\x10send health data'
2026-02-08 15:03:41 | INFO | Session Layer      | Tx: b'\x10\x18\x1a\x12\n\x10send health data'
2026-02-08 15:03:41 | INFO | Session Layer      | Rx: b'\x10\x18\x1a\x12\n\x10send health data'
2026-02-08 15:03:42 | INFO | Session Layer      | Tx: b'\x10\x18\x1a\x19\n\x17connected downlink mode'
2026-02-08 15:03:42 | INFO | Session Layer      | Tx: b'\x10\x18\x1a\x19\n\x17connected downlink mode'
2026-02-08 15:03:42 | INFO | Session Layer      | Rx: b'\x10\x18\x1a\x19\n\x17connected downlink mode'
2026-02-08 15:03:43 | INFO | Session Layer      | Tx: b'\x10\x18\x1a\x0c\n\nexit orbit'
2026-02-08 15:03:43 | INFO | Session Layer      | Tx: b'\x10\x18\x1a\x0c\n\nexit orbit'
2026-02-08 15:03:43 | INFO | Session Layer      | Rx: b'\x10\x18\x1a\x0c\n\nexit orbit'
2026-02-08 16:08:57 | INFO | Session Layer      | state changing to: SessionMode.CONNECTIONLESS_DOWNLINK
2026-02-08 16:08:57 | INFO | Session Layer      | state changing to: SessionMode.CONNECTIONLESS_DOWNLINK
2026-02-08 16:08:57 | INFO | Session Layer      | Tx: b'\x10\x18\x1a\x16\n\x14burn x = 200 y = 200'
2026-02-08 16:08:57 | INFO | Session Layer      | Tx: b'\x10\x18\x1a\x16\n\x14burn x = 200 y = 200'
2026-02-08 16:08:57 | INFO | Session Layer      | Rx: b'\x10\x18\x1a\x16\n\x14burn x = 200 y = 200'
2026-02-08 16:08:58 | INFO | Session Layer      | Tx: b'\x10\x18\x1a\x12\n\x10send health data'
2026-02-08 16:08:58 | INFO | Session Layer      | Tx: b'\x10\x18\x1a\x12\n\x10send health data'
2026-02-08 16:08:58 | INFO | Session Layer      | Rx: b'\x10\x18\x1a\x12\n\x10send health data'
2026-02-08 16:08:59 | INFO | Session Layer      | Tx: b'\x10\x18\x1a\x17\n\x15connected uplink mode'
2026-02-08 16:08:59 | INFO | Session Layer      | Tx: b'\x10\x18\x1a\x17\n\x15connected uplink mode'
2026-02-08 16:09:00 | INFO | Session Layer      | Tx: b'\x10\x18\x1a\x16\n\x14burn x = 300 y = 400'
2026-02-08 16:09:00 | INFO | Session Layer      | Tx: b'\x10\x18\x1a\x16\n\x14burn x = 300 y = 400'
2026-02-08 16:09:00 | INFO | Session Layer      | Rx: b'\x10\x18\x1a\x16\n\x14burn x = 300 y = 400'
2026-02-08 16:09:01 | INFO | Session Layer      | Tx: b'\x10\x18\x1a\x12\n\x10send health data'
2026-02-08 16:09:01 | INFO | Session Layer      | Tx: b'\x10\x18\x1a\x12\n\x10send health data'
2026-02-08 16:09:01 | INFO | Session Layer      | Rx: b'\x10\x18\x1a\x12\n\x10send health data'
2026-02-08 16:09:02 | INFO | Session Layer      | Tx: b'\x10\x18\x1a\x19\n\x17connected downlink mode'
2026-02-08 16:09:02 | INFO | Session Layer      | Tx: b'\x10\x18\x1a\x19\n\x17connected downlink mode'
2026-02-08 16:09:03 | INFO | Session Layer      | Tx: b'\x10\x18\x1a\x0c\n\nexit orbit'
2026-02-08 16:09:03 | INFO | Session Layer      | Tx: b'\x10\x18\x1a\x0c\n\nexit orbit'
2026-02-08 16:09:03 | INFO | Session Layer      | Rx: b'\x10\x18\x1a\x0c\n\nexit orbit'
2026-02-08 16:09:34 | INFO | Session Layer      | state changing to: SessionMode.CONNECTIONLESS_DOWNLINK
2026-02-08 16:09:34 | INFO | Session Layer      | state changing to: SessionMode.CONNECTIONLESS_DOWNLINK
2026-02-08 16:09:34 | INFO | Session Layer      | Tx: b'\x10\x18\x1a\x16\n\x14burn x = 200 y = 200'
2026-02-08 16:09:34 | INFO | Session Layer      | Tx: b'\x10\x18\x1a\x16\n\x14burn x = 200 y = 200'
2026-02-08 16:09:34 | INFO | Session Layer      | Rx: b'\x10\x18\x1a\x16\n\x14burn x = 200 y = 200'
2026-02-08 16:09:35 | INFO | Session Layer      | Tx: b'\x10\x18\x1a\x12\n\x10send health data'
2026-02-08 16:09:35 | INFO | Session Layer      | Tx: b'\x10\x18\x1a\x12\n\x10send health data'
2026-02-08 16:09:35 | INFO | Session Layer      | Rx: b'\x10\x18\x1a\x12\n\x10send health data'
2026-02-08 16:09:36 | INFO | Session Layer      | Tx: b'\x10\x18\x1a\x17\n\x15connected uplink mode'
2026-02-08 16:09:36 | INFO | Session Layer      | Tx: b'\x10\x18\x1a\x17\n\x15connected uplink mode'
2026-02-08 16:09:36 | INFO | Session Layer      | Rx: b'\x10\x18\x1a\x17\n\x15connected uplink mode'
2026-02-08 16:09:37 | INFO | Session Layer      | Tx: b'\x10\x18\x1a\x16\n\x14burn x = 300 y = 400'
2026-02-08 16:09:37 | INFO | Session Layer      | Tx: b'\x10\x18\x1a\x16\n\x14burn x = 300 y = 400'
2026-02-08 16:09:37 | INFO | Session Layer      | Rx: b'\x10\x18\x1a\x16\n\x14burn x = 300 y = 400'
2026-02-08 16:09:38 | INFO | Session Layer      | Tx: b'\x10\x18\x1a\x12\n\x10send health data'
2026-02-08 16:09:38 | INFO | Session Layer      | Tx: b'\x10\x18\x1a\x12\n\x10send health data'
2026-02-08 16:09:39 | INFO | Session Layer      | Tx: b'\x10\x18\x1a\x19\n\x17connected downlink mode'
2026-02-08 16:09:39 | INFO | Session Layer      | Tx: b'\x10\x18\x1a\x19\n\x17connected downlink mode'
2026-02-08 16:09:39 | INFO | Session Layer      | Rx: b'\x10\x18\x1a\x19\n\x17connected downlink mode'
2026-02-08 16:09:40 | INFO | Session Layer      | Tx: b'\x10\x18\x1a\x0c\n\nexit orbit'
2026-02-08 16:09:40 | INFO | Session Layer      | Tx: b'\x10\x18\x1a\x0c\n\nexit orbit'
2026-02-08 16:09:40 | INFO | Session Layer      | Rx: b'\x10\x18\x1a\x0c\n\nexit orbit'
2026-02-08 16:10:29 | INFO | Session Layer      | state changing to: SessionMode.CONNECTIONLESS_DOWNLINK
2026-02-08 16:10:29 | INFO | Session Layer      | state changing to: SessionMode.CONNECTIONLESS_DOWNLINK
2026-02-08 16:10:29 | INFO | Session Layer      | Tx: b'\x10\x18\x1a\x16\n\x14burn x = 200 y = 200'
2026-02-08 16:10:29 | INFO | Session Layer      | Tx: b'\x10\x18\x1a\x16\n\x14burn x = 200 y = 200'
2026-02-08 16:10:29 | INFO | Session Layer      | Rx: b'\x10\x18\x1a\x16\n\x14burn x = 200 y = 200'
2026-02-08 16:10:30 | INFO | Session Layer      | Tx: b'\x10\x18\x1a\x12\n\x10send health data'
2026-02-08 16:10:30 | INFO | Session Layer      | Tx: b'\x10\x18\x1a\x12\n\x10send health data'
2026-02-08 16:10:30 | INFO | Session Layer      | Rx: b'\x10\x18\x1a\x12\n\x10send health data'
2026-02-08 16:11:49 | INFO | Session Layer      | state changing to: SessionMode.CONNECTIONLESS_DOWNLINK
2026-02-08 16:11:49 | INFO | Session Layer      | state changing to: SessionMode.CONNECTIONLESS_DOWNLINK
2026-02-08 16:11:49 | INFO | Session Layer      | Tx: b'\x10\x18\x1a\x16\n\x14burn x = 200 y = 200'
2026-02-08 16:11:49 | INFO | Session Layer      | Tx: b'\x10\x18\x1a\x16\n\x14burn x = 200 y = 200'
2026-02-08 16:11:49 | INFO | Session Layer      | Rx: b'\x10\x18\x1a\x16\n\x14burn x = 200 y = 200'
2026-02-08 16:11:50 | INFO | Session Layer      | Tx: b'\x10\x18\x1a\x12\n\x10send health data'
2026-02-08 16:11:50 | INFO | Session Layer      | Tx: b'\x10\x18\x1a\x12\n\x10send health data'
2026-02-08 16:11:50 | INFO | Session Layer      | Rx: b'\x10\x18\x1a\x12\n\x10send health data'
2026-02-08 16:11:51 | INFO | Session Layer      | Tx: b'\x10\x18\x1a\x17\n\x15connected uplink mode'
2026-02-08 16:11:51 | INFO | Session Layer      | Tx: b'\x10\x18\x1a\x17\n\x15connected uplink mode'
2026-02-08 16:11:51 | INFO | Session Layer      | Rx: b'\x10\x18\x1a\x17\n\x15connected uplink mode'
2026-02-08 16:11:52 | INFO | Session Layer      | Tx: b'\x10\x18\x1a\x16\n\x14burn x = 300 y = 400'
2026-02-08 16:11:52 | INFO | Session Layer      | Tx: b'\x10\x18\x1a\x16\n\x14burn x = 300 y = 400'
2026-02-08 16:11:52 | INFO | Session Layer      | Rx: b'\x10\x18\x1a\x16\n\x14burn x = 300 y = 400'
2026-02-08 16:11:53 | INFO | Session Layer      | Tx: b'\x10\x18\x1a\x12\n\x10send health data'
2026-02-08 16:11:53 | INFO | Session Layer      | Tx: b'\x10\x18\x1a\x12\n\x10send health data'
2026-02-08 16:11:53 | INFO | Session Layer      | Rx: b'\x10\x18\x1a\x12\n\x10send health data'
2026-02-08 16:11:54 | INFO | Session Layer      | Tx: b'\x10\x18\x1a\x19\n\x17connected downlink mode'
2026-02-08 16:11:54 | INFO | Session Layer      | Tx: b'\x10\x18\x1a\x19\n\x17connected downlink mode'
2026-02-08 16:11:55 | INFO | Session Layer      | Tx: b'\x10\x18\x1a\x0c\n\nexit orbit'
2026-02-08 16:11:55 | INFO | Session Layer      | Tx: b'\x10\x18\x1a\x0c\n\nexit orbit'
2026-02-08 16:11:55 | INFO | Session Layer      | Rx: b'\x10\x18\x1a\x0c\n\nexit orbit'
2026-02-08 16:14:24 | INFO | Session Layer      | state changing to: SessionMode.CONNECTIONLESS_DOWNLINK
2026-02-08 16:14:24 | INFO | Session Layer      | Tx: b'\x10\x18\x1a\x16\n\x14burn x = 200 y = 200'
2026-02-08 16:14:24 | INFO | Session Layer      | Tx: b'\x10\x18\x1a\x16\n\x14burn x = 200 y = 200'
2026-02-08 16:14:24 | INFO | Session Layer      | Rx: b'\x10\x18\x1a\x16\n\x14burn x = 200 y = 200'
2026-02-08 16:14:25 | INFO | Session Layer      | Tx: b'\x10\x18\x1a\x12\n\x10send health data'
2026-02-08 16:14:25 | INFO | Session Layer      | Tx: b'\x10\x18\x1a\x12\n\x10send health data'
2026-02-08 16:14:25 | INFO | Session Layer      | Rx: b'\x10\x18\x1a\x12\n\x10send health data'
2026-02-08 16:14:26 | INFO | Session Layer      | Tx: b'\x10\x18\x1a\x17\n\x15connected uplink mode'
2026-02-08 16:14:26 | INFO | Session Layer      | Tx: b'\x10\x18\x1a\x17\n\x15connected uplink mode'
2026-02-08 16:14:26 | INFO | Session Layer      | Rx: b'\x10\x18\x1a\x17\n\x15connected uplink mode'
2026-02-08 16:14:27 | INFO | Session Layer      | Tx: b'\x10\x18\x1a\x16\n\x14burn x = 300 y = 400'
2026-02-08 16:14:27 | INFO | Session Layer      | Tx: b'\x10\x18\x1a\x16\n\x14burn x = 300 y = 400'
2026-02-08 16:14:27 | INFO | Session Layer      | Rx: b'\x10\x18\x1a\x16\n\x14burn x = 300 y = 400'
2026-02-08 16:14:28 | INFO | Session Layer      | Tx: b'\x10\x18\x1a\x12\n\x10send health data'
2026-02-08 16:14:28 | INFO | Session Layer      | Tx: b'\x10\x18\x1a\x12\n\x10send health data'
2026-02-08 16:14:28 | INFO | Session Layer      | Rx: b'\x10\x18\x1a\x12\n\x10send health data'
2026-02-08 16:14:29 | INFO | Session Layer      | Tx: b'\x10\x18\x1a\x19\n\x17connected downlink mode'
2026-02-08 16:14:29 | INFO | Session Layer      | Tx: b'\x10\x18\x1a\x19\n\x17connected downlink mode'
2026-02-08 16:14:29 | INFO | Session Layer      | Rx: b'\x10\x18\x1a\x19\n\x17connected downlink mode'
2026-02-08 16:14:30 | INFO | Session Layer      | Tx: b'\x10\x18\x1a\x0c\n\nexit orbit'
2026-02-08 16:14:30 | INFO | Session Layer      | Tx: b'\x10\x18\x1a\x0c\n\nexit orbit'
2026-02-08 16:14:30 | INFO | Session Layer      | Rx: b'\x10\x18\x1a\x0c\n\nexit orbit'
2026-02-08 16:16:36 | INFO | Session Layer      | state changing to: SessionMode.CONNECTIONLESS_DOWNLINK
2026-02-08 16:16:36 | INFO | Session Layer      | state changing to: SessionMode.CONNECTIONLESS_DOWNLINK
2026-02-08 16:16:36 | INFO | Session Layer      | Tx: b'\x10\x18\x1a\x16\n\x14burn x = 200 y = 200'
2026-02-08 16:16:36 | INFO | Session Layer      | Tx: b'\x10\x18\x1a\x16\n\x14burn x = 200 y = 200'
2026-02-08 16:16:36 | INFO | Session Layer      | Rx: b'\x10\x18\x1a\x16\n\x14burn x = 200 y = 200'
2026-02-08 16:16:37 | INFO | Session Layer      | Tx: b'\x10\x18\x1a\x12\n\x10send health data'
2026-02-08 16:16:37 | INFO | Session Layer      | Tx: b'\x10\x18\x1a\x12\n\x10send health data'
2026-02-08 16:16:37 | INFO | Session Layer      | Rx: b'\x10\x18\x1a\x12\n\x10send health data'
2026-02-08 16:16:38 | INFO | Session Layer      | Tx: b'\x10\x18\x1a\x17\n\x15connected uplink mode'
2026-02-08 16:16:38 | INFO | Session Layer      | Tx: b'\x10\x18\x1a\x17\n\x15connected uplink mode'
2026-02-08 16:16:38 | INFO | Session Layer      | Rx: b'\x10\x18\x1a\x17\n\x15connected uplink mode'
2026-02-08 16:16:39 | INFO | Session Layer      | Tx: b'\x10\x18\x1a\x16\n\x14burn x = 300 y = 400'
2026-02-08 16:16:39 | INFO | Session Layer      | Tx: b'\x10\x18\x1a\x16\n\x14burn x = 300 y = 400'
2026-02-08 16:16:39 | INFO | Session Layer      | Rx: b'\x10\x18\x1a\x16\n\x14burn x = 300 y = 400'
2026-02-08 16:16:40 | INFO | Session Layer      | Tx: b'\x10\x18\x1a\x12\n\x10send health data'
2026-02-08 16:16:40 | INFO | Session Layer      | Tx: b'\x10\x18\x1a\x12\n\x10send health data'
2026-02-08 16:16:40 | INFO | Session Layer      | Rx: b'\x10\x18\x1a\x12\n\x10send health data'
2026-02-08 16:16:41 | INFO | Session Layer      | Tx: b'\x10\x18\x1a\x19\n\x17connected downlink mode'
2026-02-08 16:16:41 | INFO | Session Layer      | Tx: b'\x10\x18\x1a\x19\n\x17connected downlink mode'
2026-02-08 16:16:41 | INFO | Session Layer      | Rx: b'\x10\x18\x1a\x19\n\x17connected downlink mode'
2026-02-08 16:16:42 | INFO | Session Layer      | Tx: b'\x10\x18\x1a\x0c\n\nexit orbit'
2026-02-08 16:16:42 | INFO | Session Layer      | Tx: b'\x10\x18\x1a\x0c\n\nexit orbit'
2026-02-08 16:16:42 | INFO | Session Layer      | Rx: b'\x10\x18\x1a\x0c\n\nexit orbit'
2026-02-08 16:18:46 | INFO | Session Layer      | state changing to: SessionMode.CONNECTIONLESS_DOWNLINK
2026-02-08 16:18:46 | INFO | Session Layer      | state changing to: SessionMode.CONNECTIONLESS_DOWNLINK
2026-02-08 16:18:46 | INFO | Session Layer      | Tx: b'\x10\x18\x1a\x16\n\x14burn x = 200 y = 200'
2026-02-08 16:18:46 | INFO | Session Layer      | Tx: b'\x10\x18\x1a\x16\n\x14burn x = 200 y = 200'
2026-02-08 16:18:46 | INFO | Session Layer      | Rx: b'\x10\x18\x1a\x16\n\x14burn x = 200 y = 200'
2026-02-08 16:18:47 | INFO | Session Layer      | Tx: b'\x10\x18\x1a\x12\n\x10send health data'
2026-02-08 16:18:47 | INFO | Session Layer      | Tx: b'\x10\x18\x1a\x12\n\x10send health data'
2026-02-08 16:18:47 | INFO | Session Layer      | Rx: b'\x10\x18\x1a\x12\n\x10send health data'
2026-02-08 16:18:48 | INFO | Session Layer      | Tx: b'\x10\x18\x1a\x17\n\x15connected uplink mode'
2026-02-08 16:18:48 | INFO | Session Layer      | Tx: b'\x10\x18\x1a\x17\n\x15connected uplink mode'
2026-02-08 16:18:48 | INFO | Session Layer      | Rx: b'\x10\x18\x1a\x17\n\x15connected uplink mode'
2026-02-08 16:18:49 | INFO | Session Layer      | Tx: b'\x10\x18\x1a\x16\n\x14burn x = 300 y = 400'
2026-02-08 16:18:49 | INFO | Session Layer      | Tx: b'\x10\x18\x1a\x16\n\x14burn x = 300 y = 400'
2026-02-08 16:18:49 | INFO | Session Layer      | Rx: b'\x10\x18\x1a\x16\n\x14burn x = 300 y = 400'
2026-02-08 16:18:50 | INFO | Session Layer      | Tx: b'\x10\x18\x1a\x12\n\x10send health data'
2026-02-08 16:18:50 | INFO | Session Layer      | Tx: b'\x10\x18\x1a\x12\n\x10send health data'
2026-02-08 16:18:50 | INFO | Session Layer      | Rx: b'\x10\x18\x1a\x12\n\x10send health data'
2026-02-08 16:18:51 | INFO | Session Layer      | Tx: b'\x10\x18\x1a\x19\n\x17connected downlink mode'
2026-02-08 16:18:51 | INFO | Session Layer      | Tx: b'\x10\x18\x1a\x19\n\x17connected downlink mode'
2026-02-08 16:18:52 | INFO | Session Layer      | Tx: b'\x10\x18\x1a\x0c\n\nexit orbit'
2026-02-08 16:18:52 | INFO | Session Layer      | Tx: b'\x10\x18\x1a\x0c\n\nexit orbit'
2026-02-08 16:18:52 | INFO | Session Layer      | Rx: b'\x10\x18\x1a\x0c\n\nexit orbit'
2026-02-08 16:20:39 | INFO | Session Layer      | state changing to: SessionMode.CONNECTIONLESS_DOWNLINK
2026-02-08 16:20:39 | INFO | Session Layer      | state changing to: SessionMode.CONNECTIONLESS_DOWNLINK
2026-02-08 16:20:39 | INFO | Session Layer      | Tx: b'\x10\x18\x1a\x16\n\x14burn x = 200 y = 200'
2026-02-08 16:20:39 | INFO | Session Layer      | Tx: b'\x10\x18\x1a\x16\n\x14burn x = 200 y = 200'
2026-02-08 16:20:39 | INFO | Session Layer      | Rx: b'\x10\x18\x1a\x16\n\x14burn x = 200 y = 200'
2026-02-08 16:20:40 | INFO | Session Layer      | Tx: b'\x10\x18\x1a\x12\n\x10send health data'
2026-02-08 16:20:40 | INFO | Session Layer      | Tx: b'\x10\x18\x1a\x12\n\x10send health data'
2026-02-08 16:20:40 | INFO | Session Layer      | Rx: b'\x10\x18\x1a\x12\n\x10send health data'
2026-02-08 16:20:41 | INFO | Session Layer      | Tx: b'\x10\x18\x1a\x17\n\x15connected uplink mode'
2026-02-08 16:20:41 | INFO | Session Layer      | Tx: b'\x10\x18\x1a\x17\n\x15connected uplink mode'
2026-02-08 16:20:41 | INFO | Session Layer      | Rx: b'\x10\x18\x1a\x17\n\x15connected uplink mode'
2026-02-08 16:20:42 | INFO | Session Layer      | Tx: b'\x10\x18\x1a\x16\n\x14burn x = 300 y = 400'
2026-02-08 16:20:42 | INFO | Session Layer      | Tx: b'\x10\x18\x1a\x16\n\x14burn x = 300 y = 400'
2026-02-08 16:20:42 | INFO | Session Layer      | Rx: b'\x10\x18\x1a\x16\n\x14burn x = 300 y = 400'
2026-02-08 16:20:43 | INFO | Session Layer      | Tx: b'\x10\x18\x1a\x12\n\x10send health data'
2026-02-08 16:20:43 | INFO | Session Layer      | Tx: b'\x10\x18\x1a\x12\n\x10send health data'
2026-02-08 16:20:43 | INFO | Session Layer      | Rx: b'\x10\x18\x1a\x12\n\x10send health data'
2026-02-08 16:20:44 | INFO | Session Layer      | Tx: b'\x10\x18\x1a\x19\n\x17connected downlink mode'
2026-02-08 16:20:44 | INFO | Session Layer      | Tx: b'\x10\x18\x1a\x19\n\x17connected downlink mode'
2026-02-08 16:20:45 | INFO | Session Layer      | Tx: b'\x10\x18\x1a\x0c\n\nexit orbit'
2026-02-08 16:20:45 | INFO | Session Layer      | Tx: b'\x10\x18\x1a\x0c\n\nexit orbit'
2026-02-08 16:20:45 | INFO | Session Layer      | Rx: b'\x10\x18\x1a\x0c\n\nexit orbit'
2026-02-08 16:22:56 | INFO | Session Layer      | state changing to: SessionMode.CONNECTIONLESS_DOWNLINK
2026-02-08 16:22:56 | INFO | Session Layer      | state changing to: SessionMode.CONNECTIONLESS_DOWNLINK
2026-02-08 16:22:56 | INFO | Session Layer      | Tx: b'\x10\x18\x1a\x16\n\x14burn x = 200 y = 200'
2026-02-08 16:22:56 | INFO | Session Layer      | Tx: b'\x10\x18\x1a\x16\n\x14burn x = 200 y = 200'
2026-02-08 16:22:56 | INFO | Session Layer      | Rx: b'\x10\x18\x1a\x16\n\x14burn x = 200 y = 200'
2026-02-08 16:22:57 | INFO | Session Layer      | Tx: b'\x10\x18\x1a\x12\n\x10send health data'
2026-02-08 16:22:57 | INFO | Session Layer      | Tx: b'\x10\x18\x1a\x12\n\x10send health data'
2026-02-08 16:22:57 | INFO | Session Layer      | Rx: b'\x10\x18\x1a\x12\n\x10send health data'
2026-02-08 16:22:58 | INFO | Session Layer      | Tx: b'\x10\x18\x1a\x17\n\x15connected uplink mode'
2026-02-08 16:22:58 | INFO | Session Layer      | Tx: b'\x10\x18\x1a\x17\n\x15connected uplink mode'
2026-02-08 16:22:59 | INFO | Session Layer      | Tx: b'\x10\x18\x1a\x16\n\x14burn x = 300 y = 400'
2026-02-08 16:22:59 | INFO | Session Layer      | Tx: b'\x10\x18\x1a\x16\n\x14burn x = 300 y = 400'
2026-02-08 16:22:59 | INFO | Session Layer      | Rx: b'\x10\x18\x1a\x16\n\x14burn x = 300 y = 400'
2026-02-08 16:23:00 | INFO | Session Layer      | Tx: b'\x10\x18\x1a\x12\n\x10send health data'
2026-02-08 16:23:00 | INFO | Session Layer      | Tx: b'\x10\x18\x1a\x12\n\x10send health data'
2026-02-08 16:23:00 | INFO | Session Layer      | Rx: b'\x10\x18\x1a\x12\n\x10send health data'
2026-02-08 16:23:01 | INFO | Session Layer      | Tx: b'\x10\x18\x1a\x19\n\x17connected downlink mode'
2026-02-08 16:23:01 | INFO | Session Layer      | Tx: b'\x10\x18\x1a\x19\n\x17connected downlink mode'
2026-02-08 16:23:01 | INFO | Session Layer      | Rx: b'\x10\x18\x1a\x19\n\x17connected downlink mode'
2026-02-08 16:23:02 | INFO | Session Layer      | Tx: b'\x10\x18\x1a\x0c\n\nexit orbit'
2026-02-08 16:23:02 | INFO | Session Layer      | Tx: b'\x10\x18\x1a\x0c\n\nexit orbit'
2026-02-08 16:23:02 | INFO | Session Layer      | Rx: b'\x10\x18\x1a\x0c\n\nexit orbit'
2026-02-08 16:24:23 | INFO | Session Layer      | state changing to: SessionMode.CONNECTIONLESS_DOWNLINK
2026-02-08 16:24:23 | INFO | Session Layer      | state changing to: SessionMode.CONNECTIONLESS_DOWNLINK
2026-02-08 16:24:23 | INFO | Session Layer      | Tx: b'\x10\x18\x1a\x16\n\x14burn x = 200 y = 200'
2026-02-08 16:24:23 | INFO | Session Layer      | Tx: b'\x10\x18\x1a\x16\n\x14burn x = 200 y = 200'
2026-02-08 16:24:23 | INFO | Session Layer      | Rx: b'\x10\x18\x1a\x16\n\x14burn x = 200 y = 200'
2026-02-08 16:24:24 | INFO | Session Layer      | Tx: b'\x10\x18\x1a\x12\n\x10send health data'
2026-02-08 16:24:24 | INFO | Session Layer      | Tx: b'\x10\x18\x1a\x12\n\x10send health data'
2026-02-08 16:24:24 | INFO | Session Layer      | Rx: b'\x10\x18\x1a\x12\n\x10send health data'
2026-02-08 16:24:25 | INFO | Session Layer      | Tx: b'\x10\x18\x1a\x17\n\x15connected uplink mode'
2026-02-08 16:24:25 | INFO | Session Layer      | Tx: b'\x10\x18\x1a\x17\n\x15connected uplink mode'
2026-02-08 16:24:25 | INFO | Session Layer      | Rx: b'\x10\x18\x1a\x17\n\x15connected uplink mode'
2026-02-08 16:24:26 | INFO | Session Layer      | Tx: b'\x10\x18\x1a\x16\n\x14burn x = 300 y = 400'
2026-02-08 16:24:26 | INFO | Session Layer      | Tx: b'\x10\x18\x1a\x16\n\x14burn x = 300 y = 400'
2026-02-08 16:24:27 | INFO | Session Layer      | Tx: b'\x10\x18\x1a\x12\n\x10send health data'
2026-02-08 16:24:27 | INFO | Session Layer      | Tx: b'\x10\x18\x1a\x12\n\x10send health data'
2026-02-08 16:24:28 | INFO | Session Layer      | Tx: b'\x10\x18\x1a\x19\n\x17connected downlink mode'
2026-02-08 16:24:28 | INFO | Session Layer      | Tx: b'\x10\x18\x1a\x19\n\x17connected downlink mode'
2026-02-08 16:24:28 | INFO | Session Layer      | Rx: b'\x10\x18\x1a\x19\n\x17connected downlink mode'
2026-02-08 16:24:29 | INFO | Session Layer      | Tx: b'\x10\x18\x1a\x0c\n\nexit orbit'
2026-02-08 16:24:29 | INFO | Session Layer      | Tx: b'\x10\x18\x1a\x0c\n\nexit orbit'
2026-02-08 16:24:29 | INFO | Session Layer      | Rx: b'\x10\x18\x1a\x0c\n\nexit orbit'
2026-02-08 16:44:33 | INFO | Session Layer      | state changing to: SessionMode.CONNECTIONLESS_DOWNLINK
2026-02-08 16:44:33 | INFO | Session Layer      | state changing to: SessionMode.CONNECTIONLESS_DOWNLINK
2026-02-08 16:44:33 | INFO | Session Layer      | Tx: b'\x10\x18\x1a\x16\n\x14burn x = 200 y = 200'
2026-02-08 16:44:33 | INFO | Session Layer      | Tx: b'\x10\x18\x1a\x16\n\x14burn x = 200 y = 200'
2026-02-08 16:44:53 | INFO | Session Layer      | state changing to: SessionMode.CONNECTIONLESS_DOWNLINK
2026-02-08 16:44:53 | INFO | Session Layer      | state changing to: SessionMode.CONNECTIONLESS_DOWNLINK
2026-02-08 16:44:53 | INFO | Session Layer      | Tx: b'\x10\x18\x1a\x16\n\x14burn x = 200 y = 200'
2026-02-08 16:44:53 | INFO | Session Layer      | Tx: b'\x10\x18\x1a\x16\n\x14burn x = 200 y = 200'
2026-02-08 16:44:53 | INFO | Session Layer      | Rx: b'\x10\x18\x1a\x16\n\x14burn x = 200 y = 200'
2026-02-08 16:44:54 | INFO | Session Layer      | Tx: b'\x10\x18\x1a\x12\n\x10send health data'
2026-02-08 16:44:54 | INFO | Session Layer      | Tx: b'\x10\x18\x1a\x12\n\x10send health data'
2026-02-08 16:44:55 | INFO | Session Layer      | Tx: b'\x10\x18\x1a\x17\n\x15connected uplink mode'
2026-02-08 16:44:55 | INFO | Session Layer      | Tx: b'\x10\x18\x1a\x17\n\x15connected uplink mode'
2026-02-08 16:44:55 | INFO | Session Layer      | Rx: b'\x10\x18\x1a\x17\n\x15connected uplink mode'
2026-02-08 16:44:56 | INFO | Session Layer      | Tx: b'\x10\x18\x1a\x16\n\x14burn x = 300 y = 400'
2026-02-08 16:44:56 | INFO | Session Layer      | Tx: b'\x10\x18\x1a\x16\n\x14burn x = 300 y = 400'
2026-02-08 16:44:56 | INFO | Session Layer      | Rx: b'\x10\x18\x1a\x16\n\x14burn x = 300 y = 400'
2026-02-08 16:44:57 | INFO | Session Layer      | Tx: b'\x10\x18\x1a\x12\n\x10send health data'
2026-02-08 16:44:57 | INFO | Session Layer      | Tx: b'\x10\x18\x1a\x12\n\x10send health data'
2026-02-08 16:44:57 | INFO | Session Layer      | Rx: b'\x10\x18\x1a\x12\n\x10send health data'
2026-02-08 16:45:19 | INFO | Session Layer      | state changing to: SessionMode.CONNECTIONLESS_DOWNLINK
2026-02-08 16:45:19 | INFO | Session Layer      | Tx: b'\x10\x18\x1a\x16\n\x14burn x = 200 y = 200'
2026-02-08 16:45:19 | INFO | Session Layer      | Tx: b'\x10\x18\x1a\x16\n\x14burn x = 200 y = 200'
2026-02-08 16:45:19 | INFO | Session Layer      | Rx: b'\x10\x18\x1a\x16\n\x14burn x = 200 y = 200'
2026-02-08 16:45:20 | INFO | Session Layer      | Tx: b'\x10\x18\x1a\x12\n\x10send health data'
2026-02-08 16:45:20 | INFO | Session Layer      | Tx: b'\x10\x18\x1a\x12\n\x10send health data'
2026-02-08 16:45:20 | INFO | Session Layer      | Rx: b'\x10\x18\x1a\x12\n\x10send health data'
2026-02-08 16:45:21 | INFO | Session Layer      | Tx: b'\x10\x18\x1a\x17\n\x15connected uplink mode'
2026-02-08 16:45:21 | INFO | Session Layer      | Tx: b'\x10\x18\x1a\x17\n\x15connected uplink mode'
2026-02-08 16:45:21 | INFO | Session Layer      | Rx: b'\x10\x18\x1a\x17\n\x15connected uplink mode'
2026-02-08 16:45:22 | INFO | Session Layer      | Tx: b'\x10\x18\x1a\x16\n\x14burn x = 300 y = 400'
2026-02-08 16:45:22 | INFO | Session Layer      | Tx: b'\x10\x18\x1a\x16\n\x14burn x = 300 y = 400'
2026-02-08 16:45:22 | INFO | Session Layer      | Rx: b'\x10\x18\x1a\x16\n\x14burn x = 300 y = 400'
2026-02-08 16:45:23 | INFO | Session Layer      | Tx: b'\x10\x18\x1a\x12\n\x10send health data'
2026-02-08 16:45:23 | INFO | Session Layer      | Tx: b'\x10\x18\x1a\x12\n\x10send health data'
2026-02-08 16:45:24 | INFO | Session Layer      | Tx: b'\x10\x18\x1a\x19\n\x17connected downlink mode'
2026-02-08 16:45:24 | INFO | Session Layer      | Tx: b'\x10\x18\x1a\x19\n\x17connected downlink mode'
2026-02-08 16:45:24 | INFO | Session Layer      | Rx: b'\x10\x18\x1a\x19\n\x17connected downlink mode'
2026-02-08 16:45:25 | INFO | Session Layer      | Tx: b'\x10\x18\x1a\x0c\n\nexit orbit'
2026-02-08 16:45:25 | INFO | Session Layer      | Tx: b'\x10\x18\x1a\x0c\n\nexit orbit'
2026-02-08 16:45:25 | INFO | Session Layer      | Rx: b'\x10\x18\x1a\x0c\n\nexit orbit'
2026-02-08 16:48:00 | INFO | Session Layer      | state changing to: SessionMode.CONNECTIONLESS_DOWNLINK
2026-02-08 16:48:00 | INFO | Session Layer      | state changing to: SessionMode.CONNECTIONLESS_DOWNLINK
2026-02-08 16:48:00 | INFO | Session Layer      | Tx: b'\x10\x18\x1a\x16\n\x14burn x = 200 y = 200'
2026-02-08 16:48:00 | INFO | Session Layer      | Tx: b'\x10\x18\x1a\x16\n\x14burn x = 200 y = 200'
2026-02-08 16:48:00 | INFO | Session Layer      | Rx: b'\x10\x18\x1a\x16\n\x14burn x = 200 y = 200'
2026-02-08 16:48:01 | INFO | Session Layer      | Tx: b'\x10\x18\x1a\x12\n\x10send health data'
2026-02-08 16:48:01 | INFO | Session Layer      | Tx: b'\x10\x18\x1a\x12\n\x10send health data'
2026-02-08 16:48:01 | INFO | Session Layer      | Rx: b'\x10\x18\x1a\x12\n\x10send health data'
2026-02-08 16:48:02 | INFO | Session Layer      | Tx: b'\x10\x18\x1a\x17\n\x15connected uplink mode'
2026-02-08 16:48:02 | INFO | Session Layer      | Tx: b'\x10\x18\x1a\x17\n\x15connected uplink mode'
2026-02-08 16:48:02 | INFO | Session Layer      | Rx: b'\x10\x18\x1a\x17\n\x15connected uplink mode'
2026-02-08 16:48:03 | INFO | Session Layer      | Tx: b'\x10\x18\x1a\x16\n\x14burn x = 300 y = 400'
2026-02-08 16:48:03 | INFO | Session Layer      | Tx: b'\x10\x18\x1a\x16\n\x14burn x = 300 y = 400'
2026-02-08 16:48:04 | INFO | Session Layer      | Tx: b'\x10\x18\x1a\x12\n\x10send health data'
2026-02-08 16:48:04 | INFO | Session Layer      | Tx: b'\x10\x18\x1a\x12\n\x10send health data'
2026-02-08 16:48:05 | INFO | Session Layer      | Rx: b'\x10\x18\x1a\x12\n\x10send health data'
2026-02-08 16:48:06 | INFO | Session Layer      | Tx: b'\x10\x18\x1a\x19\n\x17connected downlink mode'
2026-02-08 16:48:06 | INFO | Session Layer      | Tx: b'\x10\x18\x1a\x19\n\x17connected downlink mode'
2026-02-08 16:48:06 | INFO | Session Layer      | Rx: b'\x10\x18\x1a\x19\n\x17connected downlink mode'
2026-02-08 16:48:07 | INFO | Session Layer      | Tx: b'\x10\x18\x1a\x0c\n\nexit orbit'
2026-02-08 16:48:07 | INFO | Session Layer      | Tx: b'\x10\x18\x1a\x0c\n\nexit orbit'
2026-02-08 16:48:07 | INFO | Session Layer      | Rx: b'\x10\x18\x1a\x0c\n\nexit orbit'
2026-02-08 16:48:30 | INFO | Session Layer      | state changing to: SessionMode.CONNECTIONLESS_DOWNLINK
2026-02-08 16:48:30 | INFO | Session Layer      | state changing to: SessionMode.CONNECTIONLESS_DOWNLINK
2026-02-08 16:48:30 | INFO | Session Layer      | Tx: b'\x10\x18\x1a\x16\n\x14burn x = 200 y = 200'
2026-02-08 16:48:30 | INFO | Session Layer      | Tx: b'\x10\x18\x1a\x16\n\x14burn x = 200 y = 200'
2026-02-08 16:48:30 | INFO | Session Layer      | Rx: b'\x10\x18\x1a\x16\n\x14burn x = 200 y = 200'
2026-02-08 16:48:31 | INFO | Session Layer      | Tx: b'\x10\x18\x1a\x12\n\x10send health data'
2026-02-08 16:48:31 | INFO | Session Layer      | Tx: b'\x10\x18\x1a\x12\n\x10send health data'
2026-02-08 16:48:31 | INFO | Session Layer      | Rx: b'\x10\x18\x1a\x12\n\x10send health data'
2026-02-08 16:48:32 | INFO | Session Layer      | Tx: b'\x10\x18\x1a\x17\n\x15connected uplink mode'
2026-02-08 16:48:32 | INFO | Session Layer      | Tx: b'\x10\x18\x1a\x17\n\x15connected uplink mode'
2026-02-08 16:48:32 | INFO | Session Layer      | Rx: b'\x10\x18\x1a\x17\n\x15connected uplink mode'
2026-02-08 16:48:33 | INFO | Session Layer      | Tx: b'\x10\x18\x1a\x16\n\x14burn x = 300 y = 400'
2026-02-08 16:48:33 | INFO | Session Layer      | Tx: b'\x10\x18\x1a\x16\n\x14burn x = 300 y = 400'
2026-02-08 16:48:33 | INFO | Session Layer      | Rx: b'\x10\x18\x1a\x16\n\x14burn x = 300 y = 400'
2026-02-08 16:48:34 | INFO | Session Layer      | Tx: b'\x10\x18\x1a\x12\n\x10send health data'
2026-02-08 16:48:34 | INFO | Session Layer      | Tx: b'\x10\x18\x1a\x12\n\x10send health data'
2026-02-08 16:48:34 | INFO | Session Layer      | Rx: b'\x10\x18\x1a\x12\n\x10send health data'
2026-02-08 16:59:31 | INFO | Session Layer      | state changing to: SessionMode.CONNECTIONLESS_DOWNLINK
2026-02-08 16:59:31 | INFO | Session Layer      | state changing to: SessionMode.CONNECTIONLESS_DOWNLINK
2026-02-08 16:59:31 | INFO | Session Layer      | Tx: b'\x10\x18\x1a\x16\n\x14burn x = 200 y = 200'
2026-02-08 16:59:31 | INFO | Session Layer      | Tx: b'\x10\x18\x1a\x16\n\x14burn x = 200 y = 200'
2026-02-08 16:59:31 | INFO | Session Layer      | Rx: b'\x10\x18\x1a\x16\n\x14burn x = 200 y = 200'
2026-02-08 16:59:32 | INFO | Session Layer      | Tx: b'\x10\x18\x1a\x12\n\x10send health data'
2026-02-08 16:59:32 | INFO | Session Layer      | Tx: b'\x10\x18\x1a\x12\n\x10send health data'
2026-02-08 16:59:32 | INFO | Session Layer      | Rx: b'\x10\x18\x1a\x12\n\x10send health data'
2026-02-08 16:59:33 | INFO | Session Layer      | Tx: b'\x10\x18\x1a\x17\n\x15connected uplink mode'
2026-02-08 16:59:33 | INFO | Session Layer      | Tx: b'\x10\x18\x1a\x17\n\x15connected uplink mode'
2026-02-08 16:59:33 | INFO | Session Layer      | Rx: b'\x10\x18\x1a\x17\n\x15connected uplink mode'
2026-02-08 16:59:34 | INFO | Session Layer      | Tx: b'\x10\x18\x1a\x16\n\x14burn x = 300 y = 400'
2026-02-08 16:59:34 | INFO | Session Layer      | Tx: b'\x10\x18\x1a\x16\n\x14burn x = 300 y = 400'
2026-02-08 16:59:34 | INFO | Session Layer      | Rx: b'\x10\x18\x1a\x16\n\x14burn x = 300 y = 400'
2026-02-08 16:59:35 | INFO | Session Layer      | Tx: b'\x10\x18\x1a\x12\n\x10send health data'
2026-02-08 16:59:35 | INFO | Session Layer      | Tx: b'\x10\x18\x1a\x12\n\x10send health data'
2026-02-08 16:59:35 | INFO | Session Layer      | Rx: b'\x10\x18\x1a\x12\n\x10send health data'
2026-02-08 16:59:36 | INFO | Session Layer      | Tx: b'\x10\x18\x1a\x19\n\x17connected downlink mode'
2026-02-08 16:59:36 | INFO | Session Layer      | Tx: b'\x10\x18\x1a\x19\n\x17connected downlink mode'
2026-02-08 16:59:36 | INFO | Session Layer      | Rx: b'\x10\x18\x1a\x19\n\x17connected downlink mode'
2026-02-08 16:59:37 | INFO | Session Layer      | Tx: b'\x10\x18\x1a\x0c\n\nexit orbit'
2026-02-08 16:59:37 | INFO | Session Layer      | Tx: b'\x10\x18\x1a\x0c\n\nexit orbit'
2026-02-08 16:59:37 | INFO | Session Layer      | Rx: b'\x10\x18\x1a\x0c\n\nexit orbit'
2026-02-08 16:59:52 | INFO | Session Layer      | state changing to: SessionMode.CONNECTIONLESS_DOWNLINK
2026-02-08 16:59:52 | INFO | Session Layer      | Tx: b'\x10\x18\x1a\x16\n\x14burn x = 200 y = 200'
2026-02-08 16:59:52 | INFO | Session Layer      | Tx: b'\x10\x18\x1a\x16\n\x14burn x = 200 y = 200'
2026-02-08 17:00:01 | INFO | Session Layer      | state changing to: SessionMode.CONNECTIONLESS_DOWNLINK
2026-02-08 17:00:01 | INFO | Session Layer      | state changing to: SessionMode.CONNECTIONLESS_DOWNLINK
2026-02-08 17:00:01 | INFO | Session Layer      | Tx: b'\x10\x18\x1a\x16\n\x14burn x = 200 y = 200'
2026-02-08 17:00:01 | INFO | Session Layer      | Tx: b'\x10\x18\x1a\x16\n\x14burn x = 200 y = 200'
2026-02-08 17:02:02 | INFO | Session Layer      | state changing to: SessionMode.CONNECTIONLESS_DOWNLINK
2026-02-08 17:02:02 | INFO | Session Layer      | state changing to: SessionMode.CONNECTIONLESS_DOWNLINK
2026-02-08 17:02:02 | INFO | Session Layer      | Tx: b'\x10\x18\x1a\x16\n\x14burn x = 200 y = 200'
2026-02-08 17:02:02 | INFO | Session Layer      | Tx: b'\x10\x18\x1a\x16\n\x14burn x = 200 y = 200'
2026-02-08 17:02:31 | INFO | Session Layer      | state changing to: SessionMode.CONNECTIONLESS_DOWNLINK
2026-02-08 17:02:31 | INFO | Session Layer      | state changing to: SessionMode.CONNECTIONLESS_DOWNLINK
2026-02-08 17:02:31 | INFO | Session Layer      | Tx: b'\x10\x18\x1a\x16\n\x14burn x = 200 y = 200'
2026-02-08 17:02:31 | INFO | Session Layer      | Tx: b'\x10\x18\x1a\x16\n\x14burn x = 200 y = 200'
2026-02-08 17:04:38 | INFO | Session Layer      | state changing to: SessionMode.CONNECTIONLESS_DOWNLINK
2026-02-08 17:04:38 | INFO | Session Layer      | state changing to: SessionMode.CONNECTIONLESS_DOWNLINK
2026-02-08 17:04:38 | INFO | Session Layer      | Tx: b'\x10\x18\x1a\x16\n\x14burn x = 200 y = 200'
2026-02-08 17:04:38 | INFO | Session Layer      | Tx: b'\x10\x18\x1a\x16\n\x14burn x = 200 y = 200'
2026-02-08 17:06:12 | INFO | Session Layer      | state changing to: SessionMode.CONNECTIONLESS_DOWNLINK
2026-02-08 17:06:12 | INFO | Session Layer      | state changing to: SessionMode.CONNECTIONLESS_DOWNLINK
2026-02-08 17:06:12 | INFO | Session Layer      | Tx: b'\x10\x18\x1a\x16\n\x14burn x = 200 y = 200'
2026-02-08 17:06:12 | INFO | Session Layer      | Tx: b'\x10\x18\x1a\x16\n\x14burn x = 200 y = 200'
2026-02-08 17:06:12 | INFO | Session Layer      | Rx: b'\x10\x18\x1a\x16\n\x14burn x = 200 y = 200'
2026-02-08 17:06:13 | INFO | Session Layer      | Tx: b'\x10\x18\x1a\x12\n\x10send health data'
2026-02-08 17:06:13 | INFO | Session Layer      | Tx: b'\x10\x18\x1a\x12\n\x10send health data'
2026-02-08 17:06:13 | INFO | Session Layer      | Rx: b'\x10\x18\x1a\x12\n\x10send health data'
2026-02-08 17:06:14 | INFO | Session Layer      | Tx: b'\x10\x18\x1a\x17\n\x15connected uplink mode'
2026-02-08 17:06:14 | INFO | Session Layer      | Tx: b'\x10\x18\x1a\x17\n\x15connected uplink mode'
2026-02-08 17:06:14 | INFO | Session Layer      | Rx: b'\x10\x18\x1a\x17\n\x15connected uplink mode'
2026-02-08 17:06:15 | INFO | Session Layer      | Tx: b'\x10\x18\x1a\x16\n\x14burn x = 300 y = 400'
2026-02-08 17:06:15 | INFO | Session Layer      | Tx: b'\x10\x18\x1a\x16\n\x14burn x = 300 y = 400'
2026-02-08 17:06:15 | INFO | Session Layer      | Rx: b'\x10\x18\x1a\x16\n\x14burn x = 300 y = 400'
2026-02-08 17:06:16 | INFO | Session Layer      | Tx: b'\x10\x18\x1a\x12\n\x10send health data'
2026-02-08 17:06:16 | INFO | Session Layer      | Tx: b'\x10\x18\x1a\x12\n\x10send health data'
2026-02-08 17:06:16 | INFO | Session Layer      | Rx: b'\x10\x18\x1a\x12\n\x10send health data'
2026-02-10 13:59:43 | INFO | Session Layer      | state changing to: SessionMode.CONNECTIONLESS_DOWNLINK
2026-02-10 13:59:43 | INFO | Session Layer      | state changing to: SessionMode.CONNECTIONLESS_DOWNLINK
2026-02-10 13:59:43 | INFO | Session Layer      | Tx: b'\x10\x18\x1a\x16\n\x14burn x = 200 y = 200'
2026-02-10 13:59:43 | INFO | Session Layer      | Tx: b'\x10\x18\x1a\x16\n\x14burn x = 200 y = 200'
2026-02-10 13:59:43 | INFO | Session Layer      | Rx: b'\x10\x18\x1a\x16\n\x14burn x = 200 y = 200'
2026-02-10 13:59:44 | INFO | Session Layer      | Tx: b'\x10\x18\x1a\x12\n\x10send health data'
2026-02-10 13:59:44 | INFO | Session Layer      | Tx: b'\x10\x18\x1a\x12\n\x10send health data'
2026-02-10 13:59:44 | INFO | Session Layer      | Rx: b'\x10\x18\x1a\x12\n\x10send health data'
2026-02-10 13:59:45 | INFO | Session Layer      | Tx: b'\x10\x18\x1a\x17\n\x15connected uplink mode'
2026-02-10 13:59:45 | INFO | Session Layer      | Tx: b'\x10\x18\x1a\x17\n\x15connected uplink mode'
2026-02-10 13:59:45 | INFO | Session Layer      | Rx: b'\x10\x18\x1a\x17\n\x15connected uplink mode'
2026-02-10 13:59:46 | INFO | Session Layer      | Tx: b'\x10\x18\x1a\x16\n\x14burn x = 300 y = 400'
2026-02-10 13:59:46 | INFO | Session Layer      | Tx: b'\x10\x18\x1a\x16\n\x14burn x = 300 y = 400'
2026-02-10 13:59:46 | INFO | Session Layer      | Rx: b'\x10\x18\x1a\x16\n\x14burn x = 300 y = 400'
2026-02-10 13:59:47 | INFO | Session Layer      | Tx: b'\x10\x18\x1a\x12\n\x10send health data'
2026-02-10 13:59:47 | INFO | Session Layer      | Tx: b'\x10\x18\x1a\x12\n\x10send health data'
2026-02-10 13:59:47 | INFO | Session Layer      | Rx: b'\x10\x18\x1a\x12\n\x10send health data'
2026-02-10 13:59:48 | INFO | Session Layer      | Tx: b'\x10\x18\x1a\x19\n\x17connected downlink mode'
2026-02-10 13:59:48 | INFO | Session Layer      | Tx: b'\x10\x18\x1a\x19\n\x17connected downlink mode'
2026-02-10 13:59:48 | INFO | Session Layer      | Rx: b'\x10\x18\x1a\x19\n\x17connected downlink mode'
2026-02-10 13:59:49 | INFO | Session Layer      | Tx: b'\x10\x18\x1a\x0c\n\nexit orbit'
2026-02-10 13:59:49 | INFO | Session Layer      | Tx: b'\x10\x18\x1a\x0c\n\nexit orbit'
2026-02-10 13:59:49 | INFO | Session Layer      | Rx: b'\x10\x18\x1a\x0c\n\nexit orbit'
2026-02-10 13:59:59 | INFO | Session Layer      | state changing to: SessionMode.CONNECTIONLESS_DOWNLINK
2026-02-10 13:59:59 | INFO | Session Layer      | state changing to: SessionMode.CONNECTIONLESS_DOWNLINK
2026-02-10 13:59:59 | INFO | Session Layer      | Tx: b'\x10\x18\x1a\x16\n\x14burn x = 200 y = 200'
2026-02-10 13:59:59 | INFO | Session Layer      | Tx: b'\x10\x18\x1a\x16\n\x14burn x = 200 y = 200'
2026-02-10 14:00:12 | INFO | Session Layer      | state changing to: SessionMode.CONNECTIONLESS_DOWNLINK
2026-02-10 14:00:12 | INFO | Session Layer      | state changing to: SessionMode.CONNECTIONLESS_DOWNLINK
2026-02-10 14:00:12 | INFO | Session Layer      | Tx: b'\x10\x18\x1a\x16\n\x14burn x = 200 y = 200'
2026-02-10 14:00:12 | INFO | Session Layer      | Tx: b'\x10\x18\x1a\x16\n\x14burn x = 200 y = 200'
2026-02-10 14:03:06 | INFO | Session Layer      | state changing to: SessionMode.CONNECTIONLESS_DOWNLINK
2026-02-10 14:03:06 | INFO | Session Layer      | state changing to: SessionMode.CONNECTIONLESS_DOWNLINK
2026-02-10 14:03:07 | INFO | Session Layer      | Tx: b'\x10\x18\x1a\x16\n\x14burn x = 200 y = 200'
2026-02-10 14:03:07 | INFO | Session Layer      | Tx: b'\x10\x18\x1a\x16\n\x14burn x = 200 y = 200'
2026-02-10 14:03:28 | INFO | Session Layer      | state changing to: SessionMode.CONNECTIONLESS_DOWNLINK
2026-02-10 14:03:28 | INFO | Session Layer      | state changing to: SessionMode.CONNECTIONLESS_DOWNLINK
2026-02-10 14:03:28 | INFO | Session Layer      | Tx: b'\x10\x18\x1a\x16\n\x14burn x = 200 y = 200'
2026-02-10 14:03:28 | INFO | Session Layer      | Tx: b'\x10\x18\x1a\x16\n\x14burn x = 200 y = 200'
2026-02-10 14:03:46 | INFO | Session Layer      | state changing to: SessionMode.CONNECTIONLESS_DOWNLINK
2026-02-10 14:03:46 | INFO | Session Layer      | state changing to: SessionMode.CONNECTIONLESS_DOWNLINK
2026-02-10 14:03:46 | INFO | Session Layer      | Tx: b'\x10\x18\x1a\x16\n\x14burn x = 200 y = 200'
2026-02-10 14:03:46 | INFO | Session Layer      | Tx: b'\x10\x18\x1a\x16\n\x14burn x = 200 y = 200'
2026-02-10 14:03:58 | INFO | Session Layer      | state changing to: SessionMode.CONNECTIONLESS_DOWNLINK
2026-02-10 14:03:58 | INFO | Session Layer      | state changing to: SessionMode.CONNECTIONLESS_DOWNLINK
2026-02-10 14:03:58 | INFO | Session Layer      | Tx: b'\x10\x18\x1a\x16\n\x14burn x = 200 y = 200'
2026-02-10 14:03:58 | INFO | Session Layer      | Tx: b'\x10\x18\x1a\x16\n\x14burn x = 200 y = 200'
2026-02-10 14:03:58 | INFO | Session Layer      | Rx: b'\x10\x18\x1a\x16\n\x14burn x = 200 y = 200'
2026-02-10 14:03:59 | INFO | Session Layer      | Tx: b'\x10\x18\x1a\x12\n\x10send health data'
2026-02-10 14:03:59 | INFO | Session Layer      | Tx: b'\x10\x18\x1a\x12\n\x10send health data'
2026-02-10 14:03:59 | INFO | Session Layer      | Rx: b'\x10\x18\x1a\x12\n\x10send health data'
2026-02-10 14:04:00 | INFO | Session Layer      | Tx: b'\x10\x18\x1a\x17\n\x15connected uplink mode'
2026-02-10 14:04:00 | INFO | Session Layer      | Tx: b'\x10\x18\x1a\x17\n\x15connected uplink mode'
2026-02-10 14:04:00 | INFO | Session Layer      | Rx: b'\x10\x18\x1a\x17\n\x15connected uplink mode'
2026-02-10 14:04:01 | INFO | Session Layer      | Tx: b'\x10\x18\x1a\x16\n\x14burn x = 300 y = 400'
2026-02-10 14:04:01 | INFO | Session Layer      | Tx: b'\x10\x18\x1a\x16\n\x14burn x = 300 y = 400'
2026-02-10 14:04:01 | INFO | Session Layer      | Rx: b'\x10\x18\x1a\x16\n\x14burn x = 300 y = 400'
2026-02-10 14:04:02 | INFO | Session Layer      | Tx: b'\x10\x18\x1a\x12\n\x10send health data'
2026-02-10 14:04:02 | INFO | Session Layer      | Tx: b'\x10\x18\x1a\x12\n\x10send health data'
2026-02-10 14:04:02 | INFO | Session Layer      | Rx: b'\x10\x18\x1a\x12\n\x10send health data'
2026-02-10 14:04:03 | INFO | Session Layer      | Tx: b'\x10\x18\x1a\x19\n\x17connected downlink mode'
2026-02-10 14:04:03 | INFO | Session Layer      | Tx: b'\x10\x18\x1a\x19\n\x17connected downlink mode'
2026-02-10 14:04:03 | INFO | Session Layer      | Rx: b'\x10\x18\x1a\x19\n\x17connected downlink mode'
2026-02-10 14:04:04 | INFO | Session Layer      | Tx: b'\x10\x18\x1a\x0c\n\nexit orbit'
2026-02-10 14:04:04 | INFO | Session Layer      | Tx: b'\x10\x18\x1a\x0c\n\nexit orbit'
2026-02-10 14:04:04 | INFO | Session Layer      | Rx: b'\x10\x18\x1a\x0c\n\nexit orbit'
2026-02-10 14:14:29 | INFO | Session Layer      | state changing to: SessionMode.CONNECTIONLESS_DOWNLINK
2026-02-10 14:14:29 | INFO | Session Layer      | state changing to: SessionMode.CONNECTIONLESS_DOWNLINK
2026-02-10 14:15:47 | INFO | Session Layer      | state changing to: SessionMode.CONNECTIONLESS_DOWNLINK
2026-02-10 14:15:47 | INFO | Session Layer      | state changing to: SessionMode.CONNECTIONLESS_DOWNLINK
2026-02-10 14:16:48 | INFO | Session Layer      | state changing to: SessionMode.CONNECTIONLESS_DOWNLINK
2026-02-10 14:16:48 | INFO | Session Layer      | state changing to: SessionMode.CONNECTIONLESS_DOWNLINK
2026-02-10 14:16:48 | INFO | Session Layer      | Tx: b'\x10\x18\x1a\x16\n\x14burn x = 200 y = 200'
2026-02-10 14:16:48 | INFO | Session Layer      | Tx: b'\x10\x18\x1a\x16\n\x14burn x = 200 y = 200'
2026-02-10 14:17:15 | INFO | Session Layer      | state changing to: SessionMode.CONNECTIONLESS_DOWNLINK
2026-02-10 14:17:15 | INFO | Session Layer      | state changing to: SessionMode.CONNECTIONLESS_DOWNLINK
2026-02-10 14:17:15 | INFO | Session Layer      | Tx: b'\x10\x18\x1a\x16\n\x14burn x = 200 y = 200'
2026-02-10 14:17:15 | INFO | Session Layer      | Tx: b'\x10\x18\x1a\x16\n\x14burn x = 200 y = 200'
2026-02-10 14:18:12 | INFO | Session Layer      | state changing to: SessionMode.CONNECTIONLESS_DOWNLINK
2026-02-10 14:18:12 | INFO | Session Layer      | state changing to: SessionMode.CONNECTIONLESS_DOWNLINK
2026-02-10 14:18:12 | INFO | Session Layer      | Tx: b'\x10\x18\x1a\x16\n\x14burn x = 200 y = 200'
2026-02-10 14:18:12 | INFO | Session Layer      | Tx: b'\x10\x18\x1a\x16\n\x14burn x = 200 y = 200'
2026-02-10 14:18:12 | INFO | Session Layer      | Rx: b'\x10\x18\x1a\x16\n\x14burn x = 200 y = 200'
2026-02-10 14:18:13 | INFO | Session Layer      | Tx: b'\x10\x18\x1a\x12\n\x10send health data'
2026-02-10 14:18:13 | INFO | Session Layer      | Tx: b'\x10\x18\x1a\x12\n\x10send health data'
2026-02-10 14:18:14 | INFO | Session Layer      | Rx: b'\x10\x18\x1a\x12\n\x10send health data'
2026-02-10 14:18:14 | INFO | Session Layer      | Tx: b'\x10\x18\x1a\x17\n\x15connected uplink mode'
2026-02-10 14:18:14 | INFO | Session Layer      | Tx: b'\x10\x18\x1a\x17\n\x15connected uplink mode'
2026-02-10 14:18:15 | INFO | Session Layer      | Tx: b'\x10\x18\x1a\x16\n\x14burn x = 300 y = 400'
2026-02-10 14:18:15 | INFO | Session Layer      | Tx: b'\x10\x18\x1a\x16\n\x14burn x = 300 y = 400'
2026-02-10 14:18:15 | INFO | Session Layer      | Rx: b'\x10\x18\x1a\x16\n\x14burn x = 300 y = 400'
2026-02-10 14:18:16 | INFO | Session Layer      | Tx: b'\x10\x18\x1a\x12\n\x10send health data'
2026-02-10 14:18:16 | INFO | Session Layer      | Tx: b'\x10\x18\x1a\x12\n\x10send health data'
2026-02-10 14:18:16 | INFO | Session Layer      | Rx: b'\x10\x18\x1a\x12\n\x10send health data'
2026-02-10 14:18:17 | INFO | Session Layer      | Tx: b'\x10\x18\x1a\x19\n\x17connected downlink mode'
2026-02-10 14:18:17 | INFO | Session Layer      | Tx: b'\x10\x18\x1a\x19\n\x17connected downlink mode'
2026-02-10 14:18:17 | INFO | Session Layer      | Rx: b'\x10\x18\x1a\x19\n\x17connected downlink mode'
2026-02-10 14:18:18 | INFO | Session Layer      | Tx: b'\x10\x18\x1a\x0c\n\nexit orbit'
2026-02-10 14:18:18 | INFO | Session Layer      | Tx: b'\x10\x18\x1a\x0c\n\nexit orbit'
2026-02-10 14:18:18 | INFO | Session Layer      | Rx: b'\x10\x18\x1a\x0c\n\nexit orbit'
2026-02-10 14:19:35 | INFO | Session Layer      | state changing to: SessionMode.CONNECTIONLESS_DOWNLINK
2026-02-10 14:19:35 | INFO | Session Layer      | state changing to: SessionMode.CONNECTIONLESS_DOWNLINK
2026-02-10 14:19:35 | INFO | Session Layer      | Tx: b'\x10\x18\x1a\x16\n\x14burn x = 200 y = 200'
2026-02-10 14:19:35 | INFO | Session Layer      | Tx: b'\x10\x18\x1a\x16\n\x14burn x = 200 y = 200'
2026-02-10 14:19:35 | INFO | Session Layer      | Rx: b'\x10\x18\x1a\x16\n\x14burn x = 200 y = 200'
2026-02-10 14:19:36 | INFO | Session Layer      | Tx: b'\x10\x18\x1a\x12\n\x10send health data'
2026-02-10 14:19:36 | INFO | Session Layer      | Tx: b'\x10\x18\x1a\x12\n\x10send health data'
2026-02-10 14:19:36 | INFO | Session Layer      | Rx: b'\x10\x18\x1a\x12\n\x10send health data'
2026-02-10 14:19:37 | INFO | Session Layer      | Tx: b'\x10\x18\x1a\x17\n\x15connected uplink mode'
2026-02-10 14:19:37 | INFO | Session Layer      | Tx: b'\x10\x18\x1a\x17\n\x15connected uplink mode'
2026-02-10 14:19:37 | INFO | Session Layer      | Rx: b'\x10\x18\x1a\x17\n\x15connected uplink mode'
2026-02-10 14:19:38 | INFO | Session Layer      | Tx: b'\x10\x18\x1a\x16\n\x14burn x = 300 y = 400'
2026-02-10 14:19:38 | INFO | Session Layer      | Tx: b'\x10\x18\x1a\x16\n\x14burn x = 300 y = 400'
2026-02-10 14:19:38 | INFO | Session Layer      | Rx: b'\x10\x18\x1a\x16\n\x14burn x = 300 y = 400'
2026-02-10 14:19:39 | INFO | Session Layer      | Tx: b'\x10\x18\x1a\x12\n\x10send health data'
2026-02-10 14:19:39 | INFO | Session Layer      | Tx: b'\x10\x18\x1a\x12\n\x10send health data'
2026-02-10 14:19:39 | INFO | Session Layer      | Rx: b'\x10\x18\x1a\x12\n\x10send health data'
2026-02-10 14:19:40 | INFO | Session Layer      | Tx: b'\x10\x18\x1a\x19\n\x17connected downlink mode'
2026-02-10 14:19:40 | INFO | Session Layer      | Tx: b'\x10\x18\x1a\x19\n\x17connected downlink mode'
2026-02-10 14:19:40 | INFO | Session Layer      | Rx: b'\x10\x18\x1a\x19\n\x17connected downlink mode'
2026-02-10 14:19:41 | INFO | Session Layer      | Tx: b'\x10\x18\x1a\x0c\n\nexit orbit'
2026-02-10 14:19:41 | INFO | Session Layer      | Tx: b'\x10\x18\x1a\x0c\n\nexit orbit'
2026-02-10 14:19:41 | INFO | Session Layer      | Rx: b'\x10\x18\x1a\x0c\n\nexit orbit'
2026-02-10 14:20:59 | INFO | Session Layer      | state changing to: SessionMode.CONNECTIONLESS_DOWNLINK
2026-02-10 14:20:59 | INFO | Session Layer      | state changing to: SessionMode.CONNECTIONLESS_DOWNLINK
2026-02-10 14:20:59 | INFO | Session Layer      | Tx: b'\x10\x18\x1a\x16\n\x14burn x = 200 y = 200'
2026-02-10 14:20:59 | INFO | Session Layer      | Tx: b'\x10\x18\x1a\x16\n\x14burn x = 200 y = 200'
2026-02-10 14:20:59 | INFO | Session Layer      | Rx: b'\x10\x18\x1a\x16\n\x14burn x = 200 y = 200'
2026-02-10 14:21:00 | INFO | Session Layer      | Tx: b'\x10\x18\x1a\x12\n\x10send health data'
2026-02-10 14:21:00 | INFO | Session Layer      | Tx: b'\x10\x18\x1a\x12\n\x10send health data'
2026-02-10 14:21:00 | INFO | Session Layer      | Rx: b'\x10\x18\x1a\x12\n\x10send health data'
2026-02-10 14:21:01 | INFO | Session Layer      | Tx: b'\x10\x18\x1a\x17\n\x15connected uplink mode'
2026-02-10 14:21:01 | INFO | Session Layer      | Tx: b'\x10\x18\x1a\x17\n\x15connected uplink mode'
2026-02-10 14:21:01 | INFO | Session Layer      | Rx: b'\x10\x18\x1a\x17\n\x15connected uplink mode'
2026-02-10 14:21:02 | INFO | Session Layer      | Tx: b'\x10\x18\x1a\x16\n\x14burn x = 300 y = 400'
2026-02-10 14:21:02 | INFO | Session Layer      | Tx: b'\x10\x18\x1a\x16\n\x14burn x = 300 y = 400'
2026-02-10 14:21:02 | INFO | Session Layer      | Rx: b'\x10\x18\x1a\x16\n\x14burn x = 300 y = 400'
2026-02-10 14:21:03 | INFO | Session Layer      | Tx: b'\x10\x18\x1a\x12\n\x10send health data'
2026-02-10 14:21:03 | INFO | Session Layer      | Tx: b'\x10\x18\x1a\x12\n\x10send health data'
2026-02-10 14:21:03 | INFO | Session Layer      | Rx: b'\x10\x18\x1a\x12\n\x10send health data'
2026-02-10 14:21:04 | INFO | Session Layer      | Tx: b'\x10\x18\x1a\x19\n\x17connected downlink mode'
2026-02-10 14:21:04 | INFO | Session Layer      | Tx: b'\x10\x18\x1a\x19\n\x17connected downlink mode'
2026-02-10 14:21:04 | INFO | Session Layer      | Rx: b'\x10\x18\x1a\x19\n\x17connected downlink mode'
2026-02-10 14:21:05 | INFO | Session Layer      | Tx: b'\x10\x18\x1a\x0c\n\nexit orbit'
2026-02-10 14:21:05 | INFO | Session Layer      | Tx: b'\x10\x18\x1a\x0c\n\nexit orbit'
2026-02-10 14:21:05 | INFO | Session Layer      | Rx: b'\x10\x18\x1a\x0c\n\nexit orbit'
2026-02-10 14:21:17 | INFO | Session Layer      | state changing to: SessionMode.CONNECTIONLESS_DOWNLINK
2026-02-10 14:21:17 | INFO | Session Layer      | state changing to: SessionMode.CONNECTIONLESS_DOWNLINK
2026-02-10 14:21:17 | INFO | Session Layer      | Tx: b'\x10\x18\x1a\x16\n\x14burn x = 200 y = 200'
2026-02-10 14:21:17 | INFO | Session Layer      | Tx: b'\x10\x18\x1a\x16\n\x14burn x = 200 y = 200'
2026-02-10 14:21:17 | INFO | Session Layer      | Rx: b'\x10\x18\x1a\x16\n\x14burn x = 200 y = 200'
2026-02-10 14:21:18 | INFO | Session Layer      | Tx: b'\x10\x18\x1a\x12\n\x10send health data'
2026-02-10 14:21:18 | INFO | Session Layer      | Tx: b'\x10\x18\x1a\x12\n\x10send health data'
2026-02-10 14:21:18 | INFO | Session Layer      | Rx: b'\x10\x18\x1a\x12\n\x10send health data'
2026-02-10 14:21:19 | INFO | Session Layer      | Tx: b'\x10\x18\x1a\x17\n\x15connected uplink mode'
2026-02-10 14:21:19 | INFO | Session Layer      | Tx: b'\x10\x18\x1a\x17\n\x15connected uplink mode'
2026-02-10 14:21:19 | INFO | Session Layer      | Rx: b'\x10\x18\x1a\x17\n\x15connected uplink mode'
2026-02-10 14:21:20 | INFO | Session Layer      | Tx: b'\x10\x18\x1a\x16\n\x14burn x = 300 y = 400'
2026-02-10 14:21:20 | INFO | Session Layer      | Tx: b'\x10\x18\x1a\x16\n\x14burn x = 300 y = 400'
2026-02-10 14:21:20 | INFO | Session Layer      | Rx: b'\x10\x18\x1a\x16\n\x14burn x = 300 y = 400'
2026-02-10 14:21:21 | INFO | Session Layer      | Tx: b'\x10\x18\x1a\x12\n\x10send health data'
2026-02-10 14:21:21 | INFO | Session Layer      | Tx: b'\x10\x18\x1a\x12\n\x10send health data'
2026-02-10 14:21:21 | INFO | Session Layer      | Rx: b'\x10\x18\x1a\x12\n\x10send health data'
2026-02-10 14:21:22 | INFO | Session Layer      | Tx: b'\x10\x18\x1a\x19\n\x17connected downlink mode'
2026-02-10 14:21:22 | INFO | Session Layer      | Tx: b'\x10\x18\x1a\x19\n\x17connected downlink mode'
2026-02-10 14:21:22 | INFO | Session Layer      | Rx: b'\x10\x18\x1a\x19\n\x17connected downlink mode'
2026-02-10 14:21:23 | INFO | Session Layer      | Tx: b'\x10\x18\x1a\x0c\n\nexit orbit'
2026-02-10 14:21:23 | INFO | Session Layer      | Tx: b'\x10\x18\x1a\x0c\n\nexit orbit'
2026-02-10 14:21:23 | INFO | Session Layer      | Rx: b'\x10\x18\x1a\x0c\n\nexit orbit'
2026-02-10 14:36:26 | INFO | Session Layer      | state changing to: SessionMode.CONNECTIONLESS_DOWNLINK
2026-02-10 14:36:26 | INFO | Session Layer      | state changing to: SessionMode.CONNECTIONLESS_DOWNLINK
2026-02-10 14:36:26 | INFO | Session Layer      | Tx: b'\x10\x18\x1a\x16\n\x14burn x = 200 y = 200'
2026-02-10 14:36:26 | INFO | Session Layer      | Tx: b'\x10\x18\x1a\x16\n\x14burn x = 200 y = 200'
2026-02-10 14:36:26 | INFO | Session Layer      | Rx: b'\x10\x18\x1a\x16\n\x14burn x = 200 y = 200'
2026-02-10 14:36:27 | INFO | Session Layer      | Tx: b'\x10\x18\x1a\x12\n\x10send health data'
2026-02-10 14:36:27 | INFO | Session Layer      | Tx: b'\x10\x18\x1a\x12\n\x10send health data'
2026-02-10 14:36:27 | INFO | Session Layer      | Rx: b'\x10\x18\x1a\x12\n\x10send health data'
2026-02-10 14:36:28 | INFO | Session Layer      | Tx: b'\x10\x18\x1a\x17\n\x15connected uplink mode'
2026-02-10 14:36:28 | INFO | Session Layer      | Tx: b'\x10\x18\x1a\x17\n\x15connected uplink mode'
2026-02-10 14:36:28 | INFO | Session Layer      | Rx: b'\x10\x18\x1a\x17\n\x15connected uplink mode'
2026-02-10 14:36:29 | INFO | Session Layer      | Tx: b'\x10\x18\x1a\x16\n\x14burn x = 300 y = 400'
2026-02-10 14:36:29 | INFO | Session Layer      | Tx: b'\x10\x18\x1a\x16\n\x14burn x = 300 y = 400'
2026-02-10 14:36:29 | INFO | Session Layer      | Rx: b'\x10\x18\x1a\x16\n\x14burn x = 300 y = 400'
2026-02-10 14:36:30 | INFO | Session Layer      | Tx: b'\x10\x18\x1a\x12\n\x10send health data'
2026-02-10 14:36:30 | INFO | Session Layer      | Tx: b'\x10\x18\x1a\x12\n\x10send health data'
2026-02-10 14:36:30 | INFO | Session Layer      | Rx: b'\x10\x18\x1a\x12\n\x10send health data'
2026-02-10 14:36:31 | INFO | Session Layer      | Tx: b'\x10\x18\x1a\x19\n\x17connected downlink mode'
2026-02-10 14:36:31 | INFO | Session Layer      | Tx: b'\x10\x18\x1a\x19\n\x17connected downlink mode'
2026-02-10 14:36:31 | INFO | Session Layer      | Rx: b'\x10\x18\x1a\x19\n\x17connected downlink mode'
2026-02-10 14:36:32 | INFO | Session Layer      | Tx: b'\x10\x18\x1a\x0c\n\nexit orbit'
2026-02-10 14:36:32 | INFO | Session Layer      | Tx: b'\x10\x18\x1a\x0c\n\nexit orbit'
2026-02-10 14:36:32 | INFO | Session Layer      | Rx: b'\x10\x18\x1a\x0c\n\nexit orbit'
2026-02-10 14:36:48 | INFO | Session Layer      | state changing to: SessionMode.CONNECTIONLESS_DOWNLINK
2026-02-10 14:36:48 | INFO | Session Layer      | state changing to: SessionMode.CONNECTIONLESS_DOWNLINK
2026-02-10 14:36:48 | INFO | Session Layer      | Tx: b'\x10\x18\x1a\x16\n\x14burn x = 200 y = 200'
2026-02-10 14:36:48 | INFO | Session Layer      | Tx: b'\x10\x18\x1a\x16\n\x14burn x = 200 y = 200'
2026-02-10 14:36:48 | INFO | Session Layer      | Rx: b'\x10\x18\x1a\x16\n\x14burn x = 200 y = 200'
2026-02-10 14:36:49 | INFO | Session Layer      | Tx: b'\x10\x18\x1a\x12\n\x10send health data'
2026-02-10 14:36:49 | INFO | Session Layer      | Tx: b'\x10\x18\x1a\x12\n\x10send health data'
2026-02-10 14:36:50 | INFO | Session Layer      | Tx: b'\x10\x18\x1a\x17\n\x15connected uplink mode'
2026-02-10 14:36:50 | INFO | Session Layer      | Tx: b'\x10\x18\x1a\x17\n\x15connected uplink mode'
2026-02-10 14:36:51 | INFO | Session Layer      | Tx: b'\x10\x18\x1a\x16\n\x14burn x = 300 y = 400'
2026-02-10 14:36:51 | INFO | Session Layer      | Tx: b'\x10\x18\x1a\x16\n\x14burn x = 300 y = 400'
2026-02-10 14:36:52 | INFO | Session Layer      | Tx: b'\x10\x18\x1a\x12\n\x10send health data'
2026-02-10 14:36:52 | INFO | Session Layer      | Tx: b'\x10\x18\x1a\x12\n\x10send health data'
2026-02-10 14:36:53 | INFO | Session Layer      | Tx: b'\x10\x18\x1a\x19\n\x17connected downlink mode'
2026-02-10 14:36:53 | INFO | Session Layer      | Tx: b'\x10\x18\x1a\x19\n\x17connected downlink mode'
2026-02-10 14:36:54 | INFO | Session Layer      | Tx: b'\x10\x18\x1a\x0c\n\nexit orbit'
2026-02-10 14:36:54 | INFO | Session Layer      | Tx: b'\x10\x18\x1a\x0c\n\nexit orbit'
2026-02-10 14:47:30 | INFO | Session Layer      | state changing to: SessionMode.CONNECTIONLESS_DOWNLINK
2026-02-10 14:47:30 | INFO | Session Layer      | state changing to: SessionMode.CONNECTIONLESS_DOWNLINK
2026-02-10 14:47:30 | INFO | Session Layer      | Tx: b'\x10\x18\x1a\x16\n\x14burn x = 200 y = 200'
2026-02-10 14:47:30 | INFO | Session Layer      | Tx: b'\x10\x18\x1a\x16\n\x14burn x = 200 y = 200'
2026-02-10 14:47:30 | INFO | Session Layer      | Rx: b'\x10\x18\x1a\x16\n\x14burn x = 200 y = 200'
2026-02-10 14:47:31 | INFO | Session Layer      | Tx: b'\x10\x18\x1a\x12\n\x10send health data'
2026-02-10 14:47:31 | INFO | Session Layer      | Tx: b'\x10\x18\x1a\x12\n\x10send health data'
2026-02-10 14:47:32 | INFO | Session Layer      | Tx: b'\x10\x18\x1a\x17\n\x15connected uplink mode'
2026-02-10 14:47:32 | INFO | Session Layer      | Tx: b'\x10\x18\x1a\x17\n\x15connected uplink mode'
2026-02-10 14:47:32 | INFO | Session Layer      | Rx: b'\x10\x18\x1a\x17\n\x15connected uplink mode'
2026-02-10 14:47:33 | INFO | Session Layer      | Tx: b'\x10\x18\x1a\x16\n\x14burn x = 300 y = 400'
2026-02-10 14:47:33 | INFO | Session Layer      | Tx: b'\x10\x18\x1a\x16\n\x14burn x = 300 y = 400'
2026-02-10 14:47:33 | INFO | Session Layer      | Rx: b'\x10\x18\x1a\x16\n\x14burn x = 300 y = 400'
2026-02-10 14:47:34 | INFO | Session Layer      | Tx: b'\x10\x18\x1a\x12\n\x10send health data'
2026-02-10 14:47:34 | INFO | Session Layer      | Tx: b'\x10\x18\x1a\x12\n\x10send health data'
2026-02-10 14:47:34 | INFO | Session Layer      | Rx: b'\x10\x18\x1a\x12\n\x10send health data'
2026-02-10 14:47:35 | INFO | Session Layer      | Tx: b'\x10\x18\x1a\x19\n\x17connected downlink mode'
2026-02-10 14:47:35 | INFO | Session Layer      | Tx: b'\x10\x18\x1a\x19\n\x17connected downlink mode'
2026-02-10 14:47:35 | INFO | Session Layer      | Rx: b'\x10\x18\x1a\x19\n\x17connected downlink mode'
2026-02-10 14:47:36 | INFO | Session Layer      | Tx: b'\x10\x18\x1a\x0c\n\nexit orbit'
2026-02-10 14:47:36 | INFO | Session Layer      | Tx: b'\x10\x18\x1a\x0c\n\nexit orbit'
2026-02-10 14:47:36 | INFO | Session Layer      | Rx: b'\x10\x18\x1a\x0c\n\nexit orbit'
2026-02-10 14:47:56 | INFO | Session Layer      | state changing to: SessionMode.CONNECTIONLESS_DOWNLINK
2026-02-10 14:47:56 | INFO | Session Layer      | state changing to: SessionMode.CONNECTIONLESS_DOWNLINK
2026-02-10 14:47:56 | INFO | Session Layer      | Tx: b'\x10\x18\x1a\x16\n\x14burn x = 200 y = 200'
2026-02-10 14:47:56 | INFO | Session Layer      | Tx: b'\x10\x18\x1a\x16\n\x14burn x = 200 y = 200'
2026-02-10 14:47:56 | INFO | Session Layer      | Rx: b'\x10\x18\x1a\x16\n\x14burn x = 200 y = 200'
2026-02-10 14:47:57 | INFO | Session Layer      | Tx: b'\x10\x18\x1a\x12\n\x10send health data'
2026-02-10 14:47:57 | INFO | Session Layer      | Tx: b'\x10\x18\x1a\x12\n\x10send health data'
2026-02-10 14:47:57 | INFO | Session Layer      | Rx: b'\x10\x18\x1a\x12\n\x10send health data'
2026-02-10 14:47:58 | INFO | Session Layer      | Tx: b'\x10\x18\x1a\x17\n\x15connected uplink mode'
2026-02-10 14:47:58 | INFO | Session Layer      | Tx: b'\x10\x18\x1a\x17\n\x15connected uplink mode'
2026-02-10 14:47:58 | INFO | Session Layer      | Rx: b'\x10\x18\x1a\x17\n\x15connected uplink mode'
2026-02-10 14:47:59 | INFO | Session Layer      | Tx: b'\x10\x18\x1a\x16\n\x14burn x = 300 y = 400'
2026-02-10 14:47:59 | INFO | Session Layer      | Tx: b'\x10\x18\x1a\x16\n\x14burn x = 300 y = 400'
2026-02-10 14:48:00 | INFO | Session Layer      | Tx: b'\x10\x18\x1a\x12\n\x10send health data'
2026-02-10 14:48:00 | INFO | Session Layer      | Tx: b'\x10\x18\x1a\x12\n\x10send health data'
2026-02-10 14:48:00 | INFO | Session Layer      | Rx: b'\x10\x18\x1a\x12\n\x10send health data'
2026-02-10 14:48:01 | INFO | Session Layer      | Tx: b'\x10\x18\x1a\x19\n\x17connected downlink mode'
2026-02-10 14:48:01 | INFO | Session Layer      | Tx: b'\x10\x18\x1a\x19\n\x17connected downlink mode'
2026-02-10 14:48:01 | INFO | Session Layer      | Rx: b'\x10\x18\x1a\x19\n\x17connected downlink mode'
2026-02-10 14:48:02 | INFO | Session Layer      | Tx: b'\x10\x18\x1a\x0c\n\nexit orbit'
2026-02-10 14:48:02 | INFO | Session Layer      | Tx: b'\x10\x18\x1a\x0c\n\nexit orbit'
2026-02-10 14:48:02 | INFO | Session Layer      | Rx: b'\x10\x18\x1a\x0c\n\nexit orbit'
2026-02-10 14:48:23 | INFO | Session Layer      | state changing to: SessionMode.CONNECTIONLESS_DOWNLINK
2026-02-10 14:48:23 | INFO | Session Layer      | Tx: b'\x10\x18\x1a\x16\n\x14burn x = 200 y = 200'
2026-02-10 14:48:23 | INFO | Session Layer      | Tx: b'\x10\x18\x1a\x16\n\x14burn x = 200 y = 200'
2026-02-10 14:48:23 | INFO | Session Layer      | Rx: b'\x10\x18\x1a\x16\n\x14burn x = 200 y = 200'
2026-02-10 14:48:24 | INFO | Session Layer      | Tx: b'\x10\x18\x1a\x12\n\x10send health data'
2026-02-10 14:48:24 | INFO | Session Layer      | Tx: b'\x10\x18\x1a\x12\n\x10send health data'
2026-02-10 14:48:25 | INFO | Session Layer      | Tx: b'\x10\x18\x1a\x17\n\x15connected uplink mode'
2026-02-10 14:48:25 | INFO | Session Layer      | Tx: b'\x10\x18\x1a\x17\n\x15connected uplink mode'
2026-02-10 14:48:25 | INFO | Session Layer      | Rx: b'\x10\x18\x1a\x17\n\x15connected uplink mode'
2026-02-10 14:48:26 | INFO | Session Layer      | Tx: b'\x10\x18\x1a\x16\n\x14burn x = 300 y = 400'
2026-02-10 14:48:26 | INFO | Session Layer      | Tx: b'\x10\x18\x1a\x16\n\x14burn x = 300 y = 400'
2026-02-10 14:48:26 | INFO | Session Layer      | Rx: b'\x10\x18\x1a\x16\n\x14burn x = 300 y = 400'
2026-02-10 14:48:27 | INFO | Session Layer      | Tx: b'\x10\x18\x1a\x12\n\x10send health data'
2026-02-10 14:48:27 | INFO | Session Layer      | Tx: b'\x10\x18\x1a\x12\n\x10send health data'
2026-02-10 14:48:27 | INFO | Session Layer      | Rx: b'\x10\x18\x1a\x12\n\x10send health data'
2026-02-10 14:48:28 | INFO | Session Layer      | Tx: b'\x10\x18\x1a\x19\n\x17connected downlink mode'
2026-02-10 14:48:28 | INFO | Session Layer      | Tx: b'\x10\x18\x1a\x19\n\x17connected downlink mode'
2026-02-10 14:48:28 | INFO | Session Layer      | Rx: b'\x10\x18\x1a\x19\n\x17connected downlink mode'
2026-02-10 14:48:29 | INFO | Session Layer      | Tx: b'\x10\x18\x1a\x0c\n\nexit orbit'
2026-02-10 14:48:29 | INFO | Session Layer      | Tx: b'\x10\x18\x1a\x0c\n\nexit orbit'
2026-02-10 14:48:29 | INFO | Session Layer      | Rx: b'\x10\x18\x1a\x0c\n\nexit orbit'
2026-02-10 14:48:42 | INFO | Session Layer      | state changing to: SessionMode.CONNECTIONLESS_DOWNLINK
2026-02-10 14:48:42 | INFO | Session Layer      | state changing to: SessionMode.CONNECTIONLESS_DOWNLINK
2026-02-10 14:48:42 | INFO | Session Layer      | Tx: b'\x10\x18\x1a\x16\n\x14burn x = 200 y = 200'
2026-02-10 14:48:42 | INFO | Session Layer      | Tx: b'\x10\x18\x1a\x16\n\x14burn x = 200 y = 200'
2026-02-10 14:48:42 | INFO | Session Layer      | Rx: b'\x10\x18\x1a\x16\n\x14burn x = 200 y = 200'
2026-02-10 14:48:43 | INFO | Session Layer      | Tx: b'\x10\x18\x1a\x12\n\x10send health data'
2026-02-10 14:48:43 | INFO | Session Layer      | Tx: b'\x10\x18\x1a\x12\n\x10send health data'
2026-02-10 14:48:43 | INFO | Session Layer      | Rx: b'\x10\x18\x1a\x12\n\x10send health data'
2026-02-10 14:48:44 | INFO | Session Layer      | Tx: b'\x10\x18\x1a\x17\n\x15connected uplink mode'
2026-02-10 14:48:44 | INFO | Session Layer      | Tx: b'\x10\x18\x1a\x17\n\x15connected uplink mode'
2026-02-10 14:48:44 | INFO | Session Layer      | Rx: b'\x10\x18\x1a\x17\n\x15connected uplink mode'
2026-02-10 14:48:45 | INFO | Session Layer      | Tx: b'\x10\x18\x1a\x16\n\x14burn x = 300 y = 400'
2026-02-10 14:48:45 | INFO | Session Layer      | Tx: b'\x10\x18\x1a\x16\n\x14burn x = 300 y = 400'
2026-02-10 14:48:45 | INFO | Session Layer      | Rx: b'\x10\x18\x1a\x16\n\x14burn x = 300 y = 400'
2026-02-10 14:48:46 | INFO | Session Layer      | Tx: b'\x10\x18\x1a\x12\n\x10send health data'
2026-02-10 14:48:46 | INFO | Session Layer      | Tx: b'\x10\x18\x1a\x12\n\x10send health data'
2026-02-10 14:48:46 | INFO | Session Layer      | Rx: b'\x10\x18\x1a\x12\n\x10send health data'
2026-02-10 14:48:47 | INFO | Session Layer      | Tx: b'\x10\x18\x1a\x19\n\x17connected downlink mode'
2026-02-10 14:48:47 | INFO | Session Layer      | Tx: b'\x10\x18\x1a\x19\n\x17connected downlink mode'
2026-02-10 14:48:47 | INFO | Session Layer      | Rx: b'\x10\x18\x1a\x19\n\x17connected downlink mode'
2026-02-10 14:48:48 | INFO | Session Layer      | Tx: b'\x10\x18\x1a\x0c\n\nexit orbit'
2026-02-10 14:48:48 | INFO | Session Layer      | Tx: b'\x10\x18\x1a\x0c\n\nexit orbit'
2026-02-10 14:48:48 | INFO | Session Layer      | Rx: b'\x10\x18\x1a\x0c\n\nexit orbit'
2026-02-10 14:49:32 | INFO | Session Layer      | state changing to: SessionMode.CONNECTIONLESS_DOWNLINK
2026-02-10 14:49:32 | INFO | Session Layer      | state changing to: SessionMode.CONNECTIONLESS_DOWNLINK
2026-02-10 14:49:32 | INFO | Session Layer      | Tx: b'\x10\x18\x1a\x16\n\x14burn x = 200 y = 200'
2026-02-10 14:49:32 | INFO | Session Layer      | Tx: b'\x10\x18\x1a\x16\n\x14burn x = 200 y = 200'
2026-02-10 14:49:32 | INFO | Session Layer      | Rx: b'\x10\x18\x1a\x16\n\x14burn x = 200 y = 200'
2026-02-10 14:49:33 | INFO | Session Layer      | Tx: b'\x10\x18\x1a\x12\n\x10send health data'
2026-02-10 14:49:33 | INFO | Session Layer      | Tx: b'\x10\x18\x1a\x12\n\x10send health data'
2026-02-10 14:49:33 | INFO | Session Layer      | Rx: b'\x10\x18\x1a\x12\n\x10send health data'
2026-02-10 14:49:34 | INFO | Session Layer      | Tx: b'\x10\x18\x1a\x17\n\x15connected uplink mode'
2026-02-10 14:49:34 | INFO | Session Layer      | Tx: b'\x10\x18\x1a\x17\n\x15connected uplink mode'
2026-02-10 14:49:34 | INFO | Session Layer      | Rx: b'\x10\x18\x1a\x17\n\x15connected uplink mode'
2026-02-10 14:49:35 | INFO | Session Layer      | Tx: b'\x10\x18\x1a\x16\n\x14burn x = 300 y = 400'
2026-02-10 14:49:35 | INFO | Session Layer      | Tx: b'\x10\x18\x1a\x16\n\x14burn x = 300 y = 400'
2026-02-10 14:49:35 | INFO | Session Layer      | Rx: b'\x10\x18\x1a\x16\n\x14burn x = 300 y = 400'
2026-02-10 14:49:36 | INFO | Session Layer      | Tx: b'\x10\x18\x1a\x12\n\x10send health data'
2026-02-10 14:49:36 | INFO | Session Layer      | Tx: b'\x10\x18\x1a\x12\n\x10send health data'
2026-02-10 14:49:36 | INFO | Session Layer      | Rx: b'\x10\x18\x1a\x12\n\x10send health data'
2026-02-10 14:49:37 | INFO | Session Layer      | Tx: b'\x10\x18\x1a\x19\n\x17connected downlink mode'
2026-02-10 14:49:37 | INFO | Session Layer      | Tx: b'\x10\x18\x1a\x19\n\x17connected downlink mode'
2026-02-10 14:49:37 | INFO | Session Layer      | Rx: b'\x10\x18\x1a\x19\n\x17connected downlink mode'
2026-02-10 14:49:38 | INFO | Session Layer      | Tx: b'\x10\x18\x1a\x0c\n\nexit orbit'
2026-02-10 14:49:38 | INFO | Session Layer      | Tx: b'\x10\x18\x1a\x0c\n\nexit orbit'
2026-02-10 14:49:38 | INFO | Session Layer      | Rx: b'\x10\x18\x1a\x0c\n\nexit orbit'
2026-02-10 14:49:52 | INFO | Session Layer      | state changing to: SessionMode.CONNECTIONLESS_DOWNLINK
2026-02-10 14:49:52 | INFO | Session Layer      | state changing to: SessionMode.CONNECTIONLESS_DOWNLINK
2026-02-10 14:49:52 | INFO | Session Layer      | Tx: b'\x10\x18\x1a\x16\n\x14burn x = 200 y = 200'
2026-02-10 14:49:52 | INFO | Session Layer      | Tx: b'\x10\x18\x1a\x16\n\x14burn x = 200 y = 200'
2026-02-10 14:49:52 | INFO | Session Layer      | Rx: b'\x10\x18\x1a\x16\n\x14burn x = 200 y = 200'
2026-02-10 14:49:53 | INFO | Session Layer      | Tx: b'\x10\x18\x1a\x12\n\x10send health data'
2026-02-10 14:49:53 | INFO | Session Layer      | Tx: b'\x10\x18\x1a\x12\n\x10send health data'
2026-02-10 14:49:53 | INFO | Session Layer      | Rx: b'\x10\x18\x1a\x12\n\x10send health data'
2026-02-10 14:49:54 | INFO | Session Layer      | Tx: b'\x10\x18\x1a\x17\n\x15connected uplink mode'
2026-02-10 14:49:54 | INFO | Session Layer      | Tx: b'\x10\x18\x1a\x17\n\x15connected uplink mode'
2026-02-10 14:49:54 | INFO | Session Layer      | Rx: b'\x10\x18\x1a\x17\n\x15connected uplink mode'
2026-02-10 14:49:55 | INFO | Session Layer      | Tx: b'\x10\x18\x1a\x16\n\x14burn x = 300 y = 400'
2026-02-10 14:49:55 | INFO | Session Layer      | Tx: b'\x10\x18\x1a\x16\n\x14burn x = 300 y = 400'
2026-02-10 14:49:55 | INFO | Session Layer      | Rx: b'\x10\x18\x1a\x16\n\x14burn x = 300 y = 400'
2026-02-10 14:49:56 | INFO | Session Layer      | Tx: b'\x10\x18\x1a\x12\n\x10send health data'
2026-02-10 14:49:56 | INFO | Session Layer      | Tx: b'\x10\x18\x1a\x12\n\x10send health data'
2026-02-10 14:49:57 | INFO | Session Layer      | Tx: b'\x10\x18\x1a\x19\n\x17connected downlink mode'
2026-02-10 14:49:57 | INFO | Session Layer      | Tx: b'\x10\x18\x1a\x19\n\x17connected downlink mode'
2026-02-10 14:49:57 | INFO | Session Layer      | Rx: b'\x10\x18\x1a\x19\n\x17connected downlink mode'
2026-02-10 14:49:58 | INFO | Session Layer      | Tx: b'\x10\x18\x1a\x0c\n\nexit orbit'
2026-02-10 14:49:58 | INFO | Session Layer      | Tx: b'\x10\x18\x1a\x0c\n\nexit orbit'
2026-02-10 14:49:58 | INFO | Session Layer      | Rx: b'\x10\x18\x1a\x0c\n\nexit orbit'
2026-02-10 14:50:19 | INFO | Session Layer      | state changing to: SessionMode.CONNECTIONLESS_DOWNLINK
2026-02-10 14:50:19 | INFO | Session Layer      | state changing to: SessionMode.CONNECTIONLESS_DOWNLINK
2026-02-10 14:50:19 | INFO | Session Layer      | Tx: b'\x10\x18\x1a\x16\n\x14burn x = 200 y = 200'
2026-02-10 14:50:19 | INFO | Session Layer      | Tx: b'\x10\x18\x1a\x16\n\x14burn x = 200 y = 200'
2026-02-10 14:50:19 | INFO | Session Layer      | Rx: b'\x10\x18\x1a\x16\n\x14burn x = 200 y = 200'
2026-02-10 14:50:20 | INFO | Session Layer      | Tx: b'\x10\x18\x1a\x12\n\x10send health data'
2026-02-10 14:50:20 | INFO | Session Layer      | Tx: b'\x10\x18\x1a\x12\n\x10send health data'
2026-02-10 14:50:21 | INFO | Session Layer      | Tx: b'\x10\x18\x1a\x17\n\x15connected uplink mode'
2026-02-10 14:50:21 | INFO | Session Layer      | Tx: b'\x10\x18\x1a\x17\n\x15connected uplink mode'
2026-02-10 14:50:21 | INFO | Session Layer      | Rx: b'\x10\x18\x1a\x17\n\x15connected uplink mode'
2026-02-10 14:50:22 | INFO | Session Layer      | Tx: b'\x10\x18\x1a\x16\n\x14burn x = 300 y = 400'
2026-02-10 14:50:22 | INFO | Session Layer      | Tx: b'\x10\x18\x1a\x16\n\x14burn x = 300 y = 400'
2026-02-10 14:50:22 | INFO | Session Layer      | Rx: b'\x10\x18\x1a\x16\n\x14burn x = 300 y = 400'
2026-02-10 14:50:23 | INFO | Session Layer      | Tx: b'\x10\x18\x1a\x12\n\x10send health data'
2026-02-10 14:50:23 | INFO | Session Layer      | Tx: b'\x10\x18\x1a\x12\n\x10send health data'
2026-02-10 14:50:23 | INFO | Session Layer      | Rx: b'\x10\x18\x1a\x12\n\x10send health data'
2026-02-10 14:50:24 | INFO | Session Layer      | Tx: b'\x10\x18\x1a\x19\n\x17connected downlink mode'
2026-02-10 14:50:24 | INFO | Session Layer      | Tx: b'\x10\x18\x1a\x19\n\x17connected downlink mode'
2026-02-10 14:50:24 | INFO | Session Layer      | Rx: b'\x10\x18\x1a\x19\n\x17connected downlink mode'
2026-02-10 14:50:25 | INFO | Session Layer      | Tx: b'\x10\x18\x1a\x0c\n\nexit orbit'
2026-02-10 14:50:25 | INFO | Session Layer      | Tx: b'\x10\x18\x1a\x0c\n\nexit orbit'
2026-02-10 14:50:25 | INFO | Session Layer      | Rx: b'\x10\x18\x1a\x0c\n\nexit orbit'
2026-02-10 15:00:30 | INFO | Session Layer      | state changing to: SessionMode.CONNECTIONLESS_DOWNLINK
2026-02-10 15:00:30 | INFO | Session Layer      | state changing to: SessionMode.CONNECTIONLESS_DOWNLINK
2026-02-10 15:00:30 | INFO | Session Layer      | Tx: b'\x10\x18\x1a\x16\n\x14burn x = 200 y = 200'
2026-02-10 15:00:30 | INFO | Session Layer      | Tx: b'\x10\x19\x1a\x16\n\x14burn x = 200 y = 200'
2026-02-10 15:00:30 | INFO | Session Layer      | Tx: b'\x10\x18\x1a\x16\n\x14burn x = 200 y = 200'
2026-02-10 15:00:30 | INFO | Session Layer      | b'\x10\x19\x1a\x16\n\x14burn x = 200 y = 200'
2026-02-10 15:00:30 | INFO | Session Layer      | Rx: b'\x10\x18\x1a\x16\n\x14burn x = 200 y = 200'
2026-02-10 15:00:31 | INFO | Session Layer      | Tx: b'\x10\x18\x1a\x12\n\x10send health data'
2026-02-10 15:00:31 | INFO | Session Layer      | Tx: b'\x10\x18\x1a\x12\n\x10send health data'
2026-02-10 15:00:31 | INFO | Session Layer      | Rx: b'\x10\x18\x1a\x12\n\x10send health data'
2026-02-10 15:00:32 | INFO | Session Layer      | Tx: b'\x10\x18\x1a\x17\n\x15connected uplink mode'
2026-02-10 15:00:32 | INFO | Session Layer      | Tx: b'\x10\x18\x1a\x17\n\x15connected uplink mode'
2026-02-10 15:00:32 | INFO | Session Layer      | Rx: b'\x10\x18\x1a\x17\n\x15connected uplink mode'
2026-02-10 15:00:33 | INFO | Session Layer      | Tx: b'\x10\x18\x1a\x16\n\x14burn x = 300 y = 400'
2026-02-10 15:00:33 | INFO | Session Layer      | Tx: b'\x10\x18\x1a\x16\n\x14burn x = 300 y = 400'
2026-02-10 15:00:33 | INFO | Session Layer      | Rx: b'\x10\x18\x1a\x16\n\x14burn x = 300 y = 400'
2026-02-10 15:00:34 | INFO | Session Layer      | Tx: b'\x10\x18\x1a\x12\n\x10send health data'
2026-02-10 15:00:34 | INFO | Session Layer      | Tx: b'\x10\x18\x1a\x12\n\x10send health data'
2026-02-10 15:00:35 | INFO | Session Layer      | Tx: b'\x10\x18\x1a\x19\n\x17connected downlink mode'
2026-02-10 15:00:35 | INFO | Session Layer      | Tx: b'\x10\x18\x1a\x19\n\x17connected downlink mode'
2026-02-10 15:00:35 | INFO | Session Layer      | Rx: b'\x10\x18\x1a\x19\n\x17connected downlink mode'
2026-02-10 15:00:36 | INFO | Session Layer      | Tx: b'\x10\x18\x1a\x0c\n\nexit orbit'
2026-02-10 15:00:36 | INFO | Session Layer      | Tx: b'\x10\x18\x1a\x0c\n\nexit orbit'
2026-02-10 15:00:36 | INFO | Session Layer      | Rx: b'\x10\x18\x1a\x0c\n\nexit orbit'
2026-02-10 15:20:01 | INFO | Session Layer      | state changing to: SessionMode.CONNECTIONLESS_DOWNLINK
2026-02-10 15:20:01 | INFO | Session Layer      | state changing to: SessionMode.CONNECTIONLESS_DOWNLINK
2026-02-10 15:20:01 | INFO | Session Layer      | Tx: b'\x10\x18\x1a\x16\n\x14burn x = 200 y = 200'
2026-02-10 15:20:01 | INFO | Session Layer      | Tx: b'\x10\x18\x1a\x16\n\x14burn x = 200 y = 200'
2026-02-10 15:20:01 | INFO | Session Layer      | Rx: b'\x10\x18\x1a\x16\n\x14burn x = 200 y = 200'
2026-02-10 15:20:02 | INFO | Session Layer      | Tx: b'\x10\x19\x1a\x16\n\x14burn x = 200 y = 200'
2026-02-10 15:20:02 | INFO | Session Layer      | b'\x10\x19\x1a\x16\n\x14burn x = 200 y = 200'
2026-02-10 15:20:02 | INFO | Session Layer      | Tx: b'\x10\x18\x1a\x16\n\x14burn x = 300 y = 400'
2026-02-10 15:20:02 | INFO | Session Layer      | Tx: b'\x10\x18\x1a\x16\n\x14burn x = 300 y = 400'
2026-02-10 15:20:02 | INFO | Session Layer      | Rx: b'\x10\x18\x1a\x16\n\x14burn x = 300 y = 400'
2026-02-10 15:20:03 | INFO | Session Layer      | Tx: b'\x10\x18\x1a\x12\n\x10send health data'
2026-02-10 15:20:03 | INFO | Session Layer      | Tx: b'\x10\x18\x1a\x12\n\x10send health data'
2026-02-10 15:20:03 | INFO | Session Layer      | Rx: b'\x10\x18\x1a\x12\n\x10send health data'
2026-02-10 15:20:04 | INFO | Session Layer      | Tx: b'\x10\x18\x1a\x0c\n\nexit orbit'
2026-02-10 15:20:04 | INFO | Session Layer      | Tx: b'\x10\x18\x1a\x0c\n\nexit orbit'
2026-02-10 15:20:45 | INFO | Session Layer      | state changing to: SessionMode.CONNECTIONLESS_DOWNLINK
2026-02-10 15:20:45 | INFO | Session Layer      | state changing to: SessionMode.CONNECTIONLESS_DOWNLINK
2026-02-10 15:20:45 | INFO | Session Layer      | Tx: b'\x10\x18\x1a\x16\n\x14burn x = 200 y = 200'
2026-02-10 15:20:45 | INFO | Session Layer      | Tx: b'\x10\x18\x1a\x16\n\x14burn x = 200 y = 200'
2026-02-10 15:20:45 | INFO | Session Layer      | Rx: b'\x10\x18\x1a\x16\n\x14burn x = 200 y = 200'
2026-02-10 15:20:45 | INFO | Session Layer      | Tx: b'\x10\x19\x1a\x16\n\x14burn x = 200 y = 200'
2026-02-10 15:20:45 | INFO | Session Layer      | b'\x10\x19\x1a\x16\n\x14burn x = 200 y = 200'
2026-02-10 15:20:46 | INFO | Session Layer      | Tx: b'\x10\x18\x1a\x16\n\x14burn x = 300 y = 400'
2026-02-10 15:20:46 | INFO | Session Layer      | Tx: b'\x10\x18\x1a\x16\n\x14burn x = 300 y = 400'
2026-02-10 15:20:46 | INFO | Session Layer      | Rx: b'\x10\x18\x1a\x16\n\x14burn x = 300 y = 400'
2026-02-10 15:20:47 | INFO | Session Layer      | Tx: b'\x10\x18\x1a\x12\n\x10send health data'
2026-02-10 15:20:47 | INFO | Session Layer      | Tx: b'\x10\x18\x1a\x12\n\x10send health data'
2026-02-10 15:20:48 | INFO | Session Layer      | Tx: b'\x10\x18\x1a\x0c\n\nexit orbit'
2026-02-10 15:20:48 | INFO | Session Layer      | Tx: b'\x10\x18\x1a\x0c\n\nexit orbit'
2026-02-10 15:20:48 | INFO | Session Layer      | Rx: b'\x10\x18\x1a\x0c\n\nexit orbit'
2026-02-10 15:21:21 | INFO | Session Layer      | state changing to: SessionMode.CONNECTIONLESS_DOWNLINK
2026-02-10 15:21:21 | INFO | Session Layer      | state changing to: SessionMode.CONNECTIONLESS_DOWNLINK
2026-02-10 15:21:21 | INFO | Session Layer      | Tx: b'\x10\x18\x1a\x16\n\x14burn x = 200 y = 200'
2026-02-10 15:21:21 | INFO | Session Layer      | Tx: b'\x10\x18\x1a\x16\n\x14burn x = 200 y = 200'
2026-02-10 15:21:23 | INFO | Session Layer      | Tx: b'\x10\x18\x1a\x16\n\x14burn x = 300 y = 400'
2026-02-10 15:21:23 | INFO | Session Layer      | Tx: b'\x10\x18\x1a\x16\n\x14burn x = 300 y = 400'
2026-02-10 15:21:23 | INFO | Session Layer      | Rx: b'\x10\x18\x1a\x16\n\x14burn x = 300 y = 400'
2026-02-10 15:21:23 | INFO | Session Layer      | Tx: b'\x10\x19\x1a\x16\n\x14burn x = 200 y = 200'
2026-02-10 15:21:23 | INFO | Session Layer      | state changing to: SessionMode.CONNECTED_UPLINK
2026-02-10 15:21:23 | INFO | Session Layer      | b'\x10\x19\x1a\x16\n\x14burn x = 200 y = 200'
2026-02-10 15:21:24 | INFO | Session Layer      | Tx: b'\x10\x18\x1a\x12\n\x10send health data'
2026-02-10 15:21:24 | INFO | Session Layer      | Tx: b'\x10\x18\x1a\x12\n\x10send health data'
2026-02-10 15:21:24 | INFO | Session Layer      | Rx: b'\x10\x18\x1a\x12\n\x10send health data'
2026-02-10 15:21:25 | INFO | Session Layer      | Tx: b'\x10\x18\x1a\x0c\n\nexit orbit'
2026-02-10 15:21:25 | INFO | Session Layer      | Tx: b'\x10\x18\x1a\x0c\n\nexit orbit'
2026-02-10 15:21:25 | INFO | Session Layer      | Rx: b'\x10\x85\x01\x1a\x10\x10\x18\x1a\x0c\n\nexit orbit'
2026-02-10 15:23:00 | INFO | Session Layer      | state changing to: SessionMode.CONNECTIONLESS_DOWNLINK
2026-02-10 15:23:00 | INFO | Session Layer      | state changing to: SessionMode.CONNECTIONLESS_DOWNLINK
2026-02-10 15:23:00 | INFO | Session Layer      | Tx: b'\x10\x18\x1a\x16\n\x14burn x = 200 y = 200'
2026-02-10 15:23:00 | INFO | Session Layer      | Tx: b'\x10\x18\x1a\x16\n\x14burn x = 200 y = 200'
2026-02-10 15:23:00 | INFO | Session Layer      | Rx: b'\x10\x18\x1a\x16\n\x14burn x = 200 y = 200'
2026-02-10 15:23:01 | INFO | Session Layer      | Tx: b'\x10\x18\x1a\x16\n\x14burn x = 300 y = 400'
2026-02-10 15:23:01 | INFO | Session Layer      | Tx: b'\x10\x18\x1a\x16\n\x14burn x = 300 y = 400'
2026-02-10 15:23:01 | INFO | Session Layer      | Rx: b'\x10\x18\x1a\x16\n\x14burn x = 300 y = 400'
2026-02-10 15:23:02 | INFO | Session Layer      | Tx: b'\x10\x86\x01\x1a\x16\n\x14burn x = 200 y = 200'
2026-02-10 15:23:02 | INFO | Session Layer      | state changing to: SessionMode.CONNECTED_UPLINK
2026-02-10 15:23:02 | INFO | Session Layer      | b'\x10\x86\x01\x1a\x16\n\x14burn x = 200 y = 200'
2026-02-10 15:23:02 | INFO | Session Layer      | Rx: b'\n\x14burn x = 200 y = 200'
2026-02-10 15:23:02 | INFO | Session Layer      | Tx: b'\x10\x18\x1a\x12\n\x10send health data'
2026-02-10 15:23:02 | INFO | Session Layer      | Tx: b'\x10\x18\x1a\x12\n\x10send health data'
2026-02-10 15:23:02 | INFO | Session Layer      | Rx: b'\x10\x18\x1a\x12\n\x10send health data'
2026-02-10 15:23:03 | INFO | Session Layer      | Tx: b'\x10\x86\x01\x1a\x12\n\x10send health data'
2026-02-10 15:23:03 | INFO | Session Layer      | b'\x10\x86\x01\x1a\x12\n\x10send health data'
2026-02-10 15:23:03 | INFO | Session Layer      | Rx: b'\n\x10send health data'
2026-02-10 15:23:03 | INFO | Session Layer      | Tx: b'\x10\x18\x1a\x0c\n\nexit orbit'
2026-02-10 15:23:03 | INFO | Session Layer      | Tx: b'\x10\x18\x1a\x0c\n\nexit orbit'
2026-02-10 15:23:03 | INFO | Session Layer      | Rx: b'\x10\x89\x01\x1a\x10\x10\x18\x1a\x0c\n\nexit orbit'
2026-02-10 15:23:04 | INFO | Session Layer      | Tx: b'\x10\x89\x01\x1a\x16\n\x14burn x = 300 y = 400'
2026-02-10 15:23:04 | INFO | Session Layer      | b'\x10\x89\x01\x1a\x16\n\x14burn x = 300 y = 400'
2026-02-10 15:23:04 | INFO | Session Layer      | Rx: b'\n\x14burn x = 300 y = 400'
2026-02-10 15:23:05 | INFO | Session Layer      | Tx: b'\x10\x89\x01\x1a\x12\n\x10send health data'
2026-02-10 15:23:05 | INFO | Session Layer      | b'\x10\x89\x01\x1a\x12\n\x10send health data'
2026-02-10 15:23:05 | INFO | Session Layer      | Rx: b'\n\x10send health data'
2026-02-10 15:23:06 | INFO | Session Layer      | Tx: b'\x10\x89\x01\x1a\x0c\n\nexit orbit'
2026-02-10 15:23:06 | INFO | Session Layer      | b'\x10\x89\x01\x1a\x0c\n\nexit orbit'
2026-02-10 15:23:06 | INFO | Session Layer      | Rx: b'\n\nexit orbit'
2026-02-23 05:36:49 | INFO | Session Layer      | state changing to: SessionMode.CONNECTIONLESS_DOWNLINK
2026-02-23 05:36:49 | INFO | Session Layer      | Tx: b'\x10\x18\x1a\x16\n\x14burn x = 200 y = 200'
2026-02-23 05:36:49 | INFO | Session Layer      | Tx: b'\x10\x18\x1a\x16\n\x14burn x = 200 y = 200'
2026-02-23 05:36:50 | INFO | Session Layer      | Rx: b'\x10\x18\x1a\x16\n\x14burn x = 200 y = 200'
2026-02-23 05:36:50 | INFO | Session Layer      | Tx: b'\x10\x18\x1a\x16\n\x14burn x = 300 y = 400'
2026-02-23 05:36:50 | INFO | Session Layer      | Tx: b'\x10\x18\x1a\x16\n\x14burn x = 300 y = 400'
2026-02-23 05:36:51 | INFO | Session Layer      | Rx: b'\x10\x18\x1a\x16\n\x14burn x = 300 y = 400'
2026-02-23 05:36:51 | INFO | Session Layer      | Tx: b'\x10\x8a\x01\x1a\x16\n\x14burn x = 200 y = 200'
2026-02-23 05:36:51 | INFO | Session Layer      | state changing to: SessionMode.CONNECTED_UPLINK
2026-02-23 05:36:51 | INFO | Session Layer      | b'\x10\x8a\x01\x1a\x16\n\x14burn x = 200 y = 200'
2026-02-23 05:36:51 | INFO | Session Layer      | Rx: b'\n\x14burn x = 200 y = 200'
2026-02-23 05:36:51 | INFO | Session Layer      | Tx: b'\x10\x18\x1a\x12\n\x10send health data'
2026-02-23 05:36:51 | INFO | Session Layer      | Tx: b'\x10\x18\x1a\x12\n\x10send health data'
2026-02-23 05:36:52 | INFO | Session Layer      | Tx: b'\x10\x8a\x01\x1a\x12\n\x10send health data'
2026-02-23 05:36:52 | INFO | Session Layer      | b'\x10\x8a\x01\x1a\x12\n\x10send health data'
2026-02-23 05:36:52 | INFO | Session Layer      | Rx: b'\n\x10send health data'
2026-02-23 05:36:53 | INFO | Session Layer      | Tx: b'\x10\x18\x1a\x0c\n\nexit orbit'
2026-02-23 05:36:53 | INFO | Session Layer      | Tx: b'\x10\x18\x1a\x0c\n\nexit orbit'
2026-02-23 05:36:53 | INFO | Session Layer      | Rx: b'\x10\x18\x1a\x0c\n\nexit orbit'
2026-02-23 05:36:53 | INFO | Session Layer      | Tx: b'\x10\x8a\x01\x1a\x16\n\x14burn x = 300 y = 400'
2026-02-23 05:36:53 | INFO | Session Layer      | b'\x10\x8a\x01\x1a\x16\n\x14burn x = 300 y = 400'
2026-02-23 05:36:53 | INFO | Session Layer      | Rx: b'\n\x14burn x = 300 y = 400'
2026-02-23 05:36:54 | INFO | Session Layer      | Tx: b'\x10\x8a\x01\x1a\x12\n\x10send health data'
2026-02-23 05:36:54 | INFO | Session Layer      | b'\x10\x8a\x01\x1a\x12\n\x10send health data'
2026-02-23 05:36:54 | INFO | Session Layer      | Rx: b'\n\x10send health data'
2026-02-23 05:36:55 | INFO | Session Layer      | Tx: b'\x10\x8a\x01\x1a\x0c\n\nexit orbit'
2026-02-23 05:36:55 | INFO | Session Layer      | b'\x10\x8a\x01\x1a\x0c\n\nexit orbit'
2026-02-23 05:36:55 | INFO | Session Layer      | Rx: b'\n\nexit orbit'
2026-02-23 05:41:58 | INFO | Session Layer      | state changing to: SessionMode.CONNECTIONLESS_DOWNLINK
2026-02-23 05:41:58 | INFO | Session Layer      | state changing to: SessionMode.CONNECTIONLESS_DOWNLINK
2026-02-23 05:41:58 | INFO | Session Layer      | Tx: b'\x10\x18\x1a\x16\n\x14burn x = 200 y = 200'
2026-02-23 05:41:58 | INFO | Session Layer      | Tx: b'\x10\x18\x1a\x16\n\x14burn x = 200 y = 200'
2026-02-23 05:41:58 | INFO | Session Layer      | Rx: b'\x10\x18\x1a\x16\n\x14burn x = 200 y = 200'
2026-02-23 05:41:59 | INFO | Session Layer      | Tx: b'\x10\x18\x1a\x16\n\x14burn x = 300 y = 400'
2026-02-23 05:41:59 | INFO | Session Layer      | Tx: b'\x10\x18\x1a\x16\n\x14burn x = 300 y = 400'
2026-02-23 05:41:59 | INFO | Session Layer      | Rx: b'\x10\x18\x1a\x16\n\x14burn x = 300 y = 400'
2026-02-23 05:41:59 | INFO | Session Layer      | Tx: b'\x10\x8a\x01\x1a\x16\n\x14burn x = 200 y = 200'
2026-02-23 05:41:59 | INFO | Session Layer      | state changing to: SessionMode.CONNECTED_UPLINK
2026-02-23 05:41:59 | INFO | Session Layer      | b'\x10\x8a\x01\x1a\x16\n\x14burn x = 200 y = 200'
2026-02-23 05:41:59 | INFO | Session Layer      | Rx: b'\n\x14burn x = 200 y = 200'
2026-02-23 05:42:00 | INFO | Session Layer      | Tx: b'\x10\x18\x1a\x12\n\x10send health data'
2026-02-23 05:42:00 | INFO | Session Layer      | Tx: b'\x10\x18\x1a\x12\n\x10send health data'
2026-02-23 05:42:00 | INFO | Session Layer      | Rx: b'\x10\x18\x1a\x12\n\x10send health data'
2026-02-23 05:42:00 | INFO | Session Layer      | Tx: b'\x10\x8a\x01\x1a\x12\n\x10send health data'
2026-02-23 05:42:00 | INFO | Session Layer      | b'\x10\x8a\x01\x1a\x12\n\x10send health data'
2026-02-23 05:42:00 | INFO | Session Layer      | Rx: b'\n\x10send health data'
2026-02-23 05:42:01 | INFO | Session Layer      | Tx: b'\x10\x18\x1a\x0c\n\nexit orbit'
2026-02-23 05:42:01 | INFO | Session Layer      | Tx: b'\x10\x18\x1a\x0c\n\nexit orbit'
2026-02-23 05:42:01 | INFO | Session Layer      | Rx: b'\x10\x91\x01\x1a\x10\x10\x18\x1a\x0c\n\nexit orbit'
2026-02-23 05:42:01 | INFO | Session Layer      | Tx: b'\x10\x91\x01\x1a\x16\n\x14burn x = 300 y = 400'
2026-02-23 05:42:01 | INFO | Session Layer      | b'\x10\x91\x01\x1a\x16\n\x14burn x = 300 y = 400'
2026-02-23 05:42:01 | INFO | Session Layer      | Rx: b'\n\x14burn x = 300 y = 400'
2026-02-23 05:42:02 | INFO | Session Layer      | Tx: b'\x10\x91\x01\x1a\x12\n\x10send health data'
2026-02-23 05:42:02 | INFO | Session Layer      | b'\x10\x91\x01\x1a\x12\n\x10send health data'
2026-02-23 05:42:02 | INFO | Session Layer      | Rx: b'\n\x10send health data'
2026-02-23 05:42:03 | INFO | Session Layer      | Tx: b'\x10\x91\x01\x1a\x0c\n\nexit orbit'
2026-02-23 05:42:03 | INFO | Session Layer      | b'\x10\x91\x01\x1a\x0c\n\nexit orbit'
2026-02-23 05:42:03 | INFO | Session Layer      | Rx: b'\n\nexit orbit'
2026-02-23 05:42:38 | INFO | Session Layer      | state changing to: SessionMode.CONNECTIONLESS_DOWNLINK
2026-02-23 05:42:38 | INFO | Session Layer      | state changing to: SessionMode.CONNECTIONLESS_DOWNLINK
2026-02-23 05:42:38 | INFO | Session Layer      | Tx: b'\x10\x18\x1a\x16\n\x14burn x = 200 y = 200'
2026-02-23 05:42:38 | INFO | Session Layer      | Tx: b'\x10\x18\x1a\x16\n\x14burn x = 200 y = 200'
2026-02-23 05:42:39 | INFO | Session Layer      | Tx: b'\x10\x18\x1a\x16\n\x14burn x = 300 y = 400'
2026-02-23 05:42:39 | INFO | Session Layer      | Tx: b'\x10\x18\x1a\x16\n\x14burn x = 300 y = 400'
2026-02-23 05:42:39 | INFO | Session Layer      | state changing to: SessionMode.CONNECTED_UPLINK
2026-02-23 05:42:39 | INFO | Session Layer      | b'\x10\x92\x01\x1a\x16\n\x14burn x = 200 y = 200'
2026-02-23 05:42:39 | INFO | Session Layer      | Rx: b'\n\x14burn x = 200 y = 200'
2026-02-23 05:42:40 | INFO | Session Layer      | Tx: b'\x10\x18\x1a\x12\n\x10send health data'
2026-02-23 05:42:40 | INFO | Session Layer      | Tx: b'\x10\x18\x1a\x12\n\x10send health data'
2026-02-23 05:42:40 | INFO | Session Layer      | b'\x10\x92\x01\x1a\x12\n\x10send health data'
2026-02-23 05:42:40 | INFO | Session Layer      | Rx: b'\n\x10send health data'
2026-02-23 05:42:41 | INFO | Session Layer      | Tx: b'\x10\x18\x1a\x0c\n\nexit orbit'
2026-02-23 05:42:41 | INFO | Session Layer      | Tx: b'\x10\x18\x1a\x0c\n\nexit orbit'
2026-02-23 05:42:41 | INFO | Session Layer      | b'\x10\x92\x01\x1a\x16\n\x14burn x = 300 y = 400'
2026-02-23 05:42:41 | INFO | Session Layer      | Rx: b'\n\x14burn x = 300 y = 400'
2026-02-23 05:42:42 | INFO | Session Layer      | b'\x10\x92\x01\x1a\x12\n\x10send health data'
2026-02-23 05:42:42 | INFO | Session Layer      | Rx: b'\n\x10send health data'
2026-02-23 05:42:43 | INFO | Session Layer      | b'\x10\x92\x01\x1a\x0c\n\nexit orbit'
2026-02-23 05:42:43 | INFO | Session Layer      | Rx: b'\n\nexit orbit'
2026-02-23 05:43:29 | INFO | Session Layer      | state changing to: SessionMode.CONNECTIONLESS_DOWNLINK
2026-02-23 05:43:29 | INFO | Session Layer      | state changing to: SessionMode.CONNECTIONLESS_DOWNLINK
2026-02-23 05:43:30 | INFO | Session Layer      | state changing to: SessionMode.CONNECTED_UPLINK
2026-02-23 05:43:30 | INFO | Session Layer      | b'\x10\x92\x01\x1a\x16\n\x14burn x = 200 y = 200'
2026-02-23 05:43:31 | INFO | Session Layer      | b'\x10\x92\x01\x1a\x12\n\x10send health data'
2026-02-23 05:43:32 | INFO | Session Layer      | b'\x10\x99\x01\x1a\x16\n\x14burn x = 300 y = 400'
2026-02-23 05:43:33 | INFO | Session Layer      | b'\x10\x99\x01\x1a\x12\n\x10send health data'
2026-02-23 05:43:34 | INFO | Session Layer      | b'\x10\x99\x01\x1a\x0c\n\nexit orbit'
2026-02-23 05:45:22 | INFO | Session Layer      | state changing to: SessionMode.CONNECTIONLESS_DOWNLINK
2026-02-23 05:45:22 | INFO | Session Layer      | state changing to: SessionMode.CONNECTIONLESS_DOWNLINK
2026-02-23 05:45:24 | INFO | Session Layer      | state changing to: SessionMode.CONNECTED_UPLINK
2026-02-23 05:45:24 | INFO | Session Layer      | b'\x10\x9a\x01\x1a\x16\n\x14burn x = 200 y = 200'
2026-02-23 05:45:25 | INFO | Session Layer      | b'\x10\x9a\x01\x1a\x12\n\x10send health data'
2026-02-23 05:45:26 | INFO | Session Layer      | b'\x10\x9d\x01\x1a\x16\n\x14burn x = 300 y = 400'
2026-02-23 05:45:27 | INFO | Session Layer      | b'\x10\x9d\x01\x1a\x12\n\x10send health data'
2026-02-23 05:45:28 | INFO | Session Layer      | b'\x10\x9d\x01\x1a\x0c\n\nexit orbit'
2026-02-23 05:46:54 | INFO | Session Layer      | state changing to: SessionMode.CONNECTIONLESS_DOWNLINK
2026-02-23 05:46:54 | INFO | Session Layer      | state changing to: SessionMode.CONNECTIONLESS_DOWNLINK
2026-02-23 05:46:55 | INFO | Session Layer      | state changing to: SessionMode.CONNECTED_UPLINK
2026-02-23 05:46:55 | INFO | Session Layer      | b'\x10\x9e\x01\x1a\x16\n\x14burn x = 200 y = 200'
2026-02-23 05:46:56 | INFO | Session Layer      | b'\x10\x9e\x01\x1a\x12\n\x10send health data'
2026-02-23 05:46:57 | INFO | Session Layer      | b'\x10\xa1\x01\x1a\x16\n\x14burn x = 300 y = 400'
2026-02-23 05:46:58 | INFO | Session Layer      | b'\x10\xa2\x01\x1a\x12\n\x10send health data'
2026-02-23 05:46:59 | INFO | Session Layer      | b'\x10\xa3\x01\x1a\x0c\n\nexit orbit'
2026-02-23 05:48:45 | INFO | Session Layer      | state changing to: SessionMode.CONNECTIONLESS_DOWNLINK
2026-02-23 05:48:45 | INFO | Session Layer      | state changing to: SessionMode.CONNECTIONLESS_DOWNLINK
2026-02-23 05:48:47 | INFO | Session Layer      | state changing to: SessionMode.CONNECTED_UPLINK
2026-02-23 05:49:00 | INFO | Session Layer      | state changing to: SessionMode.CONNECTIONLESS_DOWNLINK
2026-02-23 05:49:00 | INFO | Session Layer      | state changing to: SessionMode.CONNECTIONLESS_DOWNLINK
2026-02-23 05:49:01 | INFO | Session Layer      | state changing to: SessionMode.CONNECTED_UPLINK
2026-02-23 05:49:13 | INFO | Session Layer      | state changing to: SessionMode.CONNECTIONLESS_DOWNLINK
2026-02-23 05:49:13 | INFO | Session Layer      | state changing to: SessionMode.CONNECTIONLESS_DOWNLINK
2026-02-23 05:49:15 | INFO | Session Layer      | state changing to: SessionMode.CONNECTED_UPLINK
2026-02-23 05:49:54 | INFO | Session Layer      | state changing to: SessionMode.CONNECTIONLESS_DOWNLINK
2026-02-23 05:49:54 | INFO | Session Layer      | state changing to: SessionMode.CONNECTIONLESS_DOWNLINK
2026-02-23 05:49:56 | INFO | Session Layer      | state changing to: SessionMode.CONNECTED_UPLINK
2026-02-23 05:50:13 | INFO | Session Layer      | state changing to: SessionMode.CONNECTIONLESS_DOWNLINK
2026-02-23 05:50:13 | INFO | Session Layer      | state changing to: SessionMode.CONNECTIONLESS_DOWNLINK
2026-02-23 05:50:15 | INFO | Session Layer      | state changing to: SessionMode.CONNECTED_UPLINK
2026-02-23 05:50:33 | INFO | Session Layer      | state changing to: SessionMode.CONNECTIONLESS_DOWNLINK
2026-02-23 05:50:33 | INFO | Session Layer      | state changing to: SessionMode.CONNECTIONLESS_DOWNLINK
2026-02-23 05:50:34 | INFO | Session Layer      | state changing to: SessionMode.CONNECTED_UPLINK
2026-02-23 05:56:01 | INFO | Session Layer      | state changing to: SessionMode.CONNECTIONLESS_DOWNLINK
2026-02-23 05:58:44 | INFO | Session Layer      | state changing to: SessionMode.CONNECTIONLESS_DOWNLINK
2026-02-23 05:58:44 | INFO | Session Layer      | state changing to: SessionMode.CONNECTIONLESS_DOWNLINK
2026-02-23 05:59:23 | INFO | Session Layer      | state changing to: SessionMode.CONNECTIONLESS_DOWNLINK
2026-02-23 05:59:23 | INFO | Session Layer      | state changing to: SessionMode.CONNECTIONLESS_DOWNLINK
2026-02-23 05:59:31 | INFO | Session Layer      | state changing to: SessionMode.CONNECTIONLESS_DOWNLINK
2026-02-23 05:59:31 | INFO | Session Layer      | state changing to: SessionMode.CONNECTIONLESS_DOWNLINK
2026-02-23 06:00:48 | INFO | Session Layer      | state changing to: SessionMode.CONNECTED_UPLINK
2026-02-23 06:06:40 | INFO | Session Layer      | state changing to: SessionMode.CONNECTIONLESS_DOWNLINK
2026-02-23 06:06:40 | INFO | Session Layer      | state changing to: SessionMode.CONNECTIONLESS_DOWNLINK
2026-02-23 06:07:14 | INFO | Session Layer      | state changing to: SessionMode.CONNECTIONLESS_DOWNLINK
2026-02-23 06:07:14 | INFO | Session Layer      | state changing to: SessionMode.CONNECTIONLESS_DOWNLINK
2026-02-23 06:07:39 | INFO | Session Layer      | state changing to: SessionMode.CONNECTED_UPLINK
2026-02-23 06:07:45 | INFO | Session Layer      | state changing to: SessionMode.CONNECTED_DOWNLINK
2026-02-23 06:08:08 | INFO | Session Layer      | state changing to: SessionMode.CONNECTED_DOWNLINK
2026-02-23 06:15:27 | INFO | Session Layer      | state changing to: SessionMode.CONNECTIONLESS_DOWNLINK
2026-02-23 06:15:27 | INFO | Session Layer      | state changing to: SessionMode.CONNECTIONLESS_DOWNLINK
2026-02-23 06:15:55 | INFO | Session Layer      | state changing to: SessionMode.CONNECTIONLESS_DOWNLINK
2026-02-23 06:16:45 | INFO | Session Layer      | state changing to: SessionMode.CONNECTIONLESS_DOWNLINK
2026-02-23 06:16:45 | INFO | Session Layer      | state changing to: SessionMode.CONNECTIONLESS_DOWNLINK
2026-02-23 06:17:12 | INFO | Session Layer      | state changing to: SessionMode.CONNECTIONLESS_DOWNLINK
2026-02-23 06:17:12 | INFO | Session Layer      | state changing to: SessionMode.CONNECTIONLESS_DOWNLINK
2026-02-23 06:17:12 | INFO | Session Layer      | b'\x10\x18\x1a#\n!sonar data: "0000 0000 0000 0000"'
2026-02-23 06:17:13 | INFO | Session Layer      | b'\x10\x18\x1a#\n!sonar data: "0000 0000 0000 0001"'
2026-02-23 06:17:14 | INFO | Session Layer      | b'\x10\x18\x1a#\n!sonar data: "0000 0000 0000 0002"'
2026-02-23 06:17:15 | INFO | Session Layer      | b'\x10\x18\x1a#\n!sonar data: "0000 0000 0000 0003"'
2026-02-23 06:17:16 | INFO | Session Layer      | b'\x10\x18\x1a#\n!sonar data: "0000 0000 0000 0004"'
2026-02-23 06:17:17 | INFO | Session Layer      | b'\x10\x18\x1a#\n!sonar data: "0000 0000 0000 0005"'
2026-02-23 06:18:04 | INFO | Session Layer      | state changing to: SessionMode.CONNECTIONLESS_DOWNLINK
2026-02-23 06:18:04 | INFO | Session Layer      | state changing to: SessionMode.CONNECTIONLESS_DOWNLINK
2026-02-23 06:18:04 | INFO | Session Layer      | b'\x10\x18\x1a#\n!sonar data: "0000 0000 0000 0000"'
2026-02-23 06:18:05 | INFO | Session Layer      | b'\x10\x18\x1a#\n!sonar data: "0000 0000 0000 0001"'
2026-02-23 06:18:06 | INFO | Session Layer      | b'\x10\x18\x1a#\n!sonar data: "0000 0000 0000 0002"'
2026-02-23 06:18:07 | INFO | Session Layer      | b'\x10\x18\x1a#\n!sonar data: "0000 0000 0000 0003"'
2026-02-23 06:18:08 | INFO | Session Layer      | b'\x10\x18\x1a#\n!sonar data: "0000 0000 0000 0004"'
2026-02-23 06:18:09 | INFO | Session Layer      | b'\x10\x18\x1a#\n!sonar data: "0000 0000 0000 0005"'
2026-02-23 06:18:16 | INFO | Session Layer      | state changing to: SessionMode.CONNECTIONLESS_DOWNLINK
2026-02-23 06:18:16 | INFO | Session Layer      | state changing to: SessionMode.CONNECTIONLESS_DOWNLINK
2026-02-23 06:18:16 | INFO | Session Layer      | b'\x10\x18\x1a#\n!sonar data: "0000 0000 0000 0000"'
2026-02-23 06:18:17 | INFO | Session Layer      | b'\x10\x18\x1a#\n!sonar data: "0000 0000 0000 0001"'
2026-02-23 06:18:18 | INFO | Session Layer      | b'\x10\x18\x1a#\n!sonar data: "0000 0000 0000 0002"'
2026-02-23 06:18:19 | INFO | Session Layer      | b'\x10\x18\x1a#\n!sonar data: "0000 0000 0000 0003"'
2026-02-23 06:18:20 | INFO | Session Layer      | b'\x10\x18\x1a#\n!sonar data: "0000 0000 0000 0004"'
2026-02-23 06:18:21 | INFO | Session Layer      | b'\x10\x18\x1a#\n!sonar data: "0000 0000 0000 0005"'
2026-02-23 06:19:19 | INFO | Session Layer      | state changing to: SessionMode.CONNECTIONLESS_DOWNLINK
2026-02-23 06:19:19 | INFO | Session Layer      | state changing to: SessionMode.CONNECTIONLESS_DOWNLINK
2026-02-23 06:19:19 | INFO | Session Layer      | b'\x10\x18\x1a#\n!sonar data: "0000 0000 0000 0000"'
2026-02-23 06:19:19 | INFO | Session Layer      | b'RX: \x10\x18\x1a#\n!sonar data: "0000 0000 0000 0000"'
2026-02-23 06:19:20 | INFO | Session Layer      | b'\x10\x18\x1a#\n!sonar data: "0000 0000 0000 0001"'
2026-02-23 06:19:21 | INFO | Session Layer      | b'\x10\x18\x1a#\n!sonar data: "0000 0000 0000 0002"'
2026-02-23 06:19:22 | INFO | Session Layer      | b'\x10\x18\x1a#\n!sonar data: "0000 0000 0000 0003"'
2026-02-23 06:19:23 | INFO | Session Layer      | b'\x10\x18\x1a#\n!sonar data: "0000 0000 0000 0004"'
2026-02-23 06:19:24 | INFO | Session Layer      | b'\x10\x18\x1a#\n!sonar data: "0000 0000 0000 0005"'
2026-02-23 06:19:26 | INFO | Session Layer      | b'RX: \x10\x18\x1a#\n!sonar data: "0000 0000 0000 0005"'
2026-02-23 06:24:31 | INFO | Session Layer      | state changing to: SessionMode.CONNECTIONLESS_DOWNLINK
2026-02-23 06:24:31 | INFO | Session Layer      | state changing to: SessionMode.CONNECTIONLESS_DOWNLINK
2026-02-23 06:24:31 | INFO | Session Layer      | b'\x10\x18\x1a#\n!sonar data: "0000 0000 0000 0000"'
2026-02-23 06:24:31 | INFO | Session Layer      | b'RX: \x10\x18\x1a#\n!sonar data: "0000 0000 0000 0000"'
2026-02-23 06:24:32 | INFO | Session Layer      | b'\x10\x18\x1a#\n!sonar data: "0000 0000 0000 0001"'
2026-02-23 06:24:33 | INFO | Session Layer      | b'\x10\x18\x1a#\n!sonar data: "0000 0000 0000 0002"'
2026-02-23 06:24:34 | INFO | Session Layer      | b'\x10\x18\x1a#\n!sonar data: "0000 0000 0000 0003"'
2026-02-23 06:24:35 | INFO | Session Layer      | b'\x10\x18\x1a#\n!sonar data: "0000 0000 0000 0004"'
2026-02-23 06:24:36 | INFO | Session Layer      | b'\x10\x18\x1a#\n!sonar data: "0000 0000 0000 0005"'
2026-02-23 06:25:05 | INFO | Session Layer      | b'RX: \x10\x18\x1a#\n!sonar data: "0000 0000 0000 0005"'
2026-02-23 06:25:10 | INFO | Session Layer      | state changing to: SessionMode.CONNECTIONLESS_DOWNLINK
2026-02-23 06:25:10 | INFO | Session Layer      | state changing to: SessionMode.CONNECTIONLESS_DOWNLINK
2026-02-23 06:25:10 | INFO | Session Layer      | b'\x10\x18\x1a#\n!sonar data: "0000 0000 0000 0000"'
2026-02-23 06:25:10 | INFO | Session Layer      | b'RX: \x10\x18\x1a#\n!sonar data: "0000 0000 0000 0000"'
2026-02-23 06:25:11 | INFO | Session Layer      | b'\x10\x18\x1a#\n!sonar data: "0000 0000 0000 0001"'
2026-02-23 06:25:12 | INFO | Session Layer      | b'\x10\x18\x1a#\n!sonar data: "0000 0000 0000 0002"'
2026-02-23 06:25:13 | INFO | Session Layer      | b'\x10\x18\x1a#\n!sonar data: "0000 0000 0000 0003"'
2026-02-23 06:25:14 | INFO | Session Layer      | b'\x10\x18\x1a#\n!sonar data: "0000 0000 0000 0004"'
2026-02-23 06:25:15 | INFO | Session Layer      | b'\x10\x18\x1a#\n!sonar data: "0000 0000 0000 0005"'
2026-02-23 06:25:22 | INFO | Session Layer      | b'RX: \x10\x18\x1a#\n!sonar data: "0000 0000 0000 0005"'
2026-02-23 06:30:46 | INFO | Session Layer      | state changing to: SessionMode.CONNECTIONLESS_DOWNLINK
2026-02-23 06:30:46 | INFO | Session Layer      | state changing to: SessionMode.CONNECTIONLESS_DOWNLINK
2026-02-23 06:30:46 | INFO | Session Layer      | b'\x10\x18\x1a#\n!sonar data: "0000 0000 0000 0000"'
2026-02-23 06:30:46 | INFO | Session Layer      | b'RX: \x10\x18\x1a#\n!sonar data: "0000 0000 0000 0000"'
2026-02-23 06:30:47 | INFO | Session Layer      | b'\x10\x18\x1a#\n!sonar data: "0000 0000 0000 0001"'
2026-02-23 06:30:47 | INFO | Session Layer      | b'RX: \x10\x18\x1a#\n!sonar data: "0000 0000 0000 0001"'
2026-02-23 06:30:48 | INFO | Session Layer      | b'\x10\x18\x1a#\n!sonar data: "0000 0000 0000 0002"'
2026-02-23 06:30:48 | INFO | Session Layer      | b'RX: \x10\x18\x1a#\n!sonar data: "0000 0000 0000 0002"'
2026-02-23 06:30:49 | INFO | Session Layer      | b'\x10\x18\x1a#\n!sonar data: "0000 0000 0000 0003"'
2026-02-23 06:30:49 | INFO | Session Layer      | b'RX: \x10\x18\x1a#\n!sonar data: "0000 0000 0000 0003"'
2026-02-23 06:30:50 | INFO | Session Layer      | b'\x10\x18\x1a#\n!sonar data: "0000 0000 0000 0004"'
2026-02-23 06:30:50 | INFO | Session Layer      | b'RX: \x10\x18\x1a#\n!sonar data: "0000 0000 0000 0004"'
2026-02-23 06:30:51 | INFO | Session Layer      | b'\x10\x18\x1a#\n!sonar data: "0000 0000 0000 0005"'
2026-02-23 06:30:51 | INFO | Session Layer      | b'RX: \x10\x18\x1a#\n!sonar data: "0000 0000 0000 0005"'
2026-02-23 06:31:19 | INFO | Session Layer      | state changing to: SessionMode.CONNECTED_DOWNLINK
2026-02-23 06:31:42 | INFO | Session Layer      | state changing to: SessionMode.CONNECTED_UPLINK
2026-02-23 06:32:38 | INFO | Session Layer      | state changing to: SessionMode.CONNECTIONLESS_DOWNLINK
2026-02-23 06:32:38 | INFO | Session Layer      | state changing to: SessionMode.CONNECTIONLESS_DOWNLINK
2026-02-23 06:32:38 | INFO | Session Layer      | b'\x10\x18\x1a#\n!sonar data: "0000 0000 0000 0000"'
2026-02-23 06:32:38 | INFO | Session Layer      | b'RX: \x10\x18\x1a#\n!sonar data: "0000 0000 0000 0000"'
2026-02-23 06:32:39 | INFO | Session Layer      | b'\x10\x18\x1a#\n!sonar data: "0000 0000 0000 0001"'
2026-02-23 06:32:39 | INFO | Session Layer      | b'RX: \x10\x18\x1a#\n!sonar data: "0000 0000 0000 0001"'
2026-02-23 06:32:40 | INFO | Session Layer      | b'\x10\x18\x1a#\n!sonar data: "0000 0000 0000 0002"'
2026-02-23 06:32:40 | INFO | Session Layer      | b'RX: \x10\x18\x1a#\n!sonar data: "0000 0000 0000 0002"'
2026-02-23 06:32:41 | INFO | Session Layer      | b'\x10\x18\x1a#\n!sonar data: "0000 0000 0000 0003"'
2026-02-23 06:32:41 | INFO | Session Layer      | b'RX: \x10\x18\x1a#\n!sonar data: "0000 0000 0000 0003"'
2026-02-23 06:32:42 | INFO | Session Layer      | b'\x10\x18\x1a#\n!sonar data: "0000 0000 0000 0004"'
2026-02-23 06:32:42 | INFO | Session Layer      | b'RX: \x10\x18\x1a#\n!sonar data: "0000 0000 0000 0004"'
2026-02-23 06:32:43 | INFO | Session Layer      | b'\x10\x18\x1a#\n!sonar data: "0000 0000 0000 0005"'
2026-02-23 06:32:43 | INFO | Session Layer      | b'RX: \x10\x18\x1a#\n!sonar data: "0000 0000 0000 0005"'
2026-02-23 06:32:46 | INFO | Session Layer      | state changing to: SessionMode.CONNECTIONLESS_DOWNLINK
2026-02-23 06:32:46 | INFO | Session Layer      | state changing to: SessionMode.CONNECTIONLESS_DOWNLINK
2026-02-23 06:32:46 | INFO | Session Layer      | b'\x10\x18\x1a#\n!sonar data: "0000 0000 0000 0000"'
2026-02-23 06:32:46 | INFO | Session Layer      | b'RX: \x10\x18\x1a#\n!sonar data: "0000 0000 0000 0000"'
2026-02-23 06:32:47 | INFO | Session Layer      | b'\x10\x18\x1a#\n!sonar data: "0000 0000 0000 0001"'
2026-02-23 06:32:47 | INFO | Session Layer      | b'RX: \x10\x18\x1a#\n!sonar data: "0000 0000 0000 0001"'
2026-02-23 06:32:48 | INFO | Session Layer      | b'\x10\x18\x1a#\n!sonar data: "0000 0000 0000 0002"'
2026-02-23 06:32:48 | INFO | Session Layer      | b'RX: \x10\x18\x1a#\n!sonar data: "0000 0000 0000 0002"'
2026-02-23 06:32:49 | INFO | Session Layer      | b'\x10\x18\x1a#\n!sonar data: "0000 0000 0000 0003"'
2026-02-23 06:32:49 | INFO | Session Layer      | b'RX: \x10\x18\x1a#\n!sonar data: "0000 0000 0000 0003"'
2026-02-23 06:32:50 | INFO | Session Layer      | b'\x10\x18\x1a#\n!sonar data: "0000 0000 0000 0004"'
2026-02-23 06:32:50 | INFO | Session Layer      | b'RX: \x10\x18\x1a#\n!sonar data: "0000 0000 0000 0004"'
2026-02-23 06:32:51 | INFO | Session Layer      | b'\x10\x18\x1a#\n!sonar data: "0000 0000 0000 0005"'
2026-02-23 06:32:51 | INFO | Session Layer      | b'RX: \x10\x18\x1a#\n!sonar data: "0000 0000 0000 0005"'
2026-02-23 06:37:30 | INFO | Session Layer      | state changing to: SessionMode.CONNECTIONLESS_DOWNLINK
2026-02-23 06:37:30 | INFO | Session Layer      | state changing to: SessionMode.CONNECTIONLESS_DOWNLINK
2026-02-23 06:37:31 | INFO | Session Layer      | b'\x10\x18\x1a#\n!sonar data: "0000 0000 0000 0000"'
2026-02-23 06:37:31 | INFO | Session Layer      | b'\x10\x18\x1a#\n!sonar data: "0000 0000 0000 0001"'
2026-02-23 06:37:31 | INFO | Session Layer      | b'RX: \x10\x18\x1a#\n!sonar data: "0000 0000 0000 0000"'
2026-02-23 06:37:31 | INFO | Session Layer      | b'\x10\x18\x1a#\n!sonar data: "0000 0000 0000 0002"'
2026-02-23 06:37:31 | INFO | Session Layer      | b'RX: \x10\x18\x1a#\n!sonar data: "0000 0000 0000 0001"'
2026-02-23 06:37:31 | INFO | Session Layer      | b'\x10\x18\x1a#\n!sonar data: "0000 0000 0000 0003"'
2026-02-23 06:37:31 | INFO | Session Layer      | b'RX: \x10\x18\x1a#\n!sonar data: "0000 0000 0000 0002"'
2026-02-23 06:37:31 | INFO | Session Layer      | b'\x10\x18\x1a#\n!sonar data: "0000 0000 0000 0004"'
2026-02-23 06:37:31 | INFO | Session Layer      | b'RX: \x10\x18\x1a#\n!sonar data: "0000 0000 0000 0003"'
2026-02-23 06:37:31 | INFO | Session Layer      | b'\x10\x18\x1a#\n!sonar data: "0000 0000 0000 0005"'
2026-02-23 06:37:31 | INFO | Session Layer      | b'RX: \x10\x18\x1a#\n!sonar data: "0000 0000 0000 0004"'
2026-02-23 06:37:31 | INFO | Session Layer      | b'RX: \x10\x18\x1a#\n!sonar data: "0000 0000 0000 0005"'
2026-02-23 06:38:17 | INFO | Session Layer      | state changing to: SessionMode.CONNECTIONLESS_DOWNLINK
2026-02-23 06:38:17 | INFO | Session Layer      | state changing to: SessionMode.CONNECTIONLESS_DOWNLINK
2026-02-23 06:38:17 | INFO | Session Layer      | b'\x10\x18\x1a#\n!sonar data: "0000 0000 0000 0000"'
2026-02-23 06:38:17 | INFO | Session Layer      | b'RX: \x10\x18\x1a#\n!sonar data: "0000 0000 0000 0000"'
2026-02-23 06:38:18 | INFO | Session Layer      | b'\x10\x18\x1a#\n!sonar data: "0000 0000 0000 0001"'
2026-02-23 06:38:18 | INFO | Session Layer      | b'RX: \x10\x18\x1a#\n!sonar data: "0000 0000 0000 0001"'
2026-02-23 06:38:19 | INFO | Session Layer      | b'\x10\x18\x1a#\n!sonar data: "0000 0000 0000 0002"'
2026-02-23 06:38:19 | INFO | Session Layer      | b'RX: \x10\x18\x1a#\n!sonar data: "0000 0000 0000 0002"'
2026-02-23 06:38:20 | INFO | Session Layer      | b'\x10\x18\x1a#\n!sonar data: "0000 0000 0000 0003"'
2026-02-23 06:38:20 | INFO | Session Layer      | b'RX: \x10\x18\x1a#\n!sonar data: "0000 0000 0000 0003"'
2026-02-23 06:38:21 | INFO | Session Layer      | b'\x10\x18\x1a#\n!sonar data: "0000 0000 0000 0004"'
2026-02-23 06:38:21 | INFO | Session Layer      | b'RX: \x10\x18\x1a#\n!sonar data: "0000 0000 0000 0004"'
2026-02-23 06:38:22 | INFO | Session Layer      | b'\x10\x18\x1a#\n!sonar data: "0000 0000 0000 0005"'
2026-02-23 06:38:22 | INFO | Session Layer      | b'RX: \x10\x18\x1a#\n!sonar data: "0000 0000 0000 0005"'
2026-02-23 06:38:34 | INFO | Session Layer      | state changing to: SessionMode.CONNECTED_DOWNLINK
2026-02-23 06:38:50 | INFO | Session Layer      | state changing to: SessionMode.CONNECTED_DOWNLINK
2026-02-23 06:38:58 | INFO | Session Layer      | state changing to: SessionMode.CONNECTED_UPLINK
2026-02-23 06:40:30 | INFO | Session Layer      | state changing to: SessionMode.CONNECTIONLESS_DOWNLINK
2026-02-23 06:40:30 | INFO | Session Layer      | state changing to: SessionMode.CONNECTIONLESS_DOWNLINK
2026-02-23 06:40:30 | INFO | Session Layer      | b'\x10\x18\x1a#\n!sonar data: "0000 0000 0000 0000"'
2026-02-23 06:40:30 | INFO | Session Layer      | b'RX: \x10\x18\x1a#\n!sonar data: "0000 0000 0000 0000"'
2026-02-23 06:40:31 | INFO | Session Layer      | b'\x10\x18\x1a#\n!sonar data: "0000 0000 0000 0001"'
2026-02-23 06:40:31 | INFO | Session Layer      | b'RX: \x10\x18\x1a#\n!sonar data: "0000 0000 0000 0001"'
2026-02-23 06:40:32 | INFO | Session Layer      | b'\x10\x18\x1a#\n!sonar data: "0000 0000 0000 0002"'
2026-02-23 06:40:32 | INFO | Session Layer      | b'RX: \x10\x18\x1a#\n!sonar data: "0000 0000 0000 0002"'
2026-02-23 06:40:33 | INFO | Session Layer      | b'\x10\x18\x1a#\n!sonar data: "0000 0000 0000 0003"'
2026-02-23 06:40:33 | INFO | Session Layer      | b'RX: \x10\x18\x1a#\n!sonar data: "0000 0000 0000 0003"'
2026-02-23 06:40:34 | INFO | Session Layer      | b'\x10\x18\x1a#\n!sonar data: "0000 0000 0000 0004"'
2026-02-23 06:40:34 | INFO | Session Layer      | b'RX: \x10\x18\x1a#\n!sonar data: "0000 0000 0000 0004"'
2026-02-23 06:40:35 | INFO | Session Layer      | b'\x10\x18\x1a#\n!sonar data: "0000 0000 0000 0005"'
2026-02-23 06:40:35 | INFO | Session Layer      | b'RX: \x10\x18\x1a#\n!sonar data: "0000 0000 0000 0005"'
2026-02-23 06:40:46 | INFO | Session Layer      | state changing to: SessionMode.CONNECTED_UPLINK
2026-02-23 06:42:40 | INFO | Session Layer      | state changing to: SessionMode.CONNECTIONLESS_DOWNLINK
2026-02-23 06:42:40 | INFO | Session Layer      | state changing to: SessionMode.CONNECTIONLESS_DOWNLINK
2026-02-23 06:42:40 | INFO | Session Layer      | b'\x10\x18\x1a#\n!sonar data: "0000 0000 0000 0000"'
2026-02-23 06:42:40 | INFO | Session Layer      | b'RX: \x10\x18\x1a#\n!sonar data: "0000 0000 0000 0000"'
2026-02-23 06:42:41 | INFO | Session Layer      | b'\x10\x18\x1a#\n!sonar data: "0000 0000 0000 0001"'
2026-02-23 06:42:41 | INFO | Session Layer      | b'RX: \x10\x18\x1a#\n!sonar data: "0000 0000 0000 0001"'
2026-02-23 06:42:42 | INFO | Session Layer      | b'\x10\x18\x1a#\n!sonar data: "0000 0000 0000 0002"'
2026-02-23 06:42:42 | INFO | Session Layer      | b'RX: \x10\x18\x1a#\n!sonar data: "0000 0000 0000 0002"'
2026-02-23 06:42:43 | INFO | Session Layer      | b'\x10\x18\x1a#\n!sonar data: "0000 0000 0000 0003"'
2026-02-23 06:42:43 | INFO | Session Layer      | b'RX: \x10\x18\x1a#\n!sonar data: "0000 0000 0000 0003"'
2026-02-23 06:42:44 | INFO | Session Layer      | b'\x10\x18\x1a#\n!sonar data: "0000 0000 0000 0004"'
2026-02-23 06:42:44 | INFO | Session Layer      | b'RX: \x10\x18\x1a#\n!sonar data: "0000 0000 0000 0004"'
2026-02-23 06:42:45 | INFO | Session Layer      | b'\x10\x18\x1a#\n!sonar data: "0000 0000 0000 0005"'
2026-02-23 06:42:45 | INFO | Session Layer      | b'RX: \x10\x18\x1a#\n!sonar data: "0000 0000 0000 0005"'
2026-02-23 06:42:58 | INFO | Session Layer      | state changing to: SessionMode.CONNECTED_UPLINK
2026-02-23 06:44:16 | INFO | Session Layer      | state changing to: SessionMode.CONNECTIONLESS_DOWNLINK
2026-02-23 06:44:16 | INFO | Session Layer      | state changing to: SessionMode.CONNECTIONLESS_DOWNLINK
2026-02-23 06:44:16 | INFO | Session Layer      | b'\x10\x18\x1a#\n!sonar data: "0000 0000 0000 0000"'
2026-02-23 06:44:16 | INFO | Session Layer      | b'RX: \x10\x18\x1a#\n!sonar data: "0000 0000 0000 0000"'
2026-02-23 06:44:17 | INFO | Session Layer      | b'\x10\x18\x1a#\n!sonar data: "0000 0000 0000 0001"'
2026-02-23 06:44:17 | INFO | Session Layer      | b'RX: \x10\x18\x1a#\n!sonar data: "0000 0000 0000 0001"'
2026-02-23 06:44:18 | INFO | Session Layer      | b'\x10\x18\x1a#\n!sonar data: "0000 0000 0000 0002"'
2026-02-23 06:44:19 | INFO | Session Layer      | b'RX: \x10\x18\x1a#\n!sonar data: "0000 0000 0000 0002"'
2026-02-23 06:44:19 | INFO | Session Layer      | b'\x10\x18\x1a#\n!sonar data: "0000 0000 0000 0003"'
2026-02-23 06:44:20 | INFO | Session Layer      | b'RX: \x10\x18\x1a#\n!sonar data: "0000 0000 0000 0003"'
2026-02-23 06:44:21 | INFO | Session Layer      | b'\x10\x18\x1a#\n!sonar data: "0000 0000 0000 0004"'
2026-02-23 06:44:21 | INFO | Session Layer      | b'RX: \x10\x18\x1a#\n!sonar data: "0000 0000 0000 0004"'
2026-02-23 06:44:22 | INFO | Session Layer      | b'\x10\x18\x1a#\n!sonar data: "0000 0000 0000 0005"'
2026-02-23 06:44:22 | INFO | Session Layer      | b'RX: \x10\x18\x1a#\n!sonar data: "0000 0000 0000 0005"'
2026-02-23 06:44:29 | INFO | Session Layer      | state changing to: SessionMode.CONNECTED_UPLINK
2026-02-23 06:45:27 | INFO | Session Layer      | state changing to: SessionMode.CONNECTIONLESS_DOWNLINK
2026-02-23 06:45:27 | INFO | Session Layer      | state changing to: SessionMode.CONNECTIONLESS_DOWNLINK
2026-02-23 06:45:27 | INFO | Session Layer      | b'\x10\x18\x1a#\n!sonar data: "0000 0000 0000 0000"'
2026-02-23 06:45:27 | INFO | Session Layer      | b'RX: \x10\x18\x1a#\n!sonar data: "0000 0000 0000 0000"'
2026-02-23 06:45:28 | INFO | Session Layer      | b'\x10\x18\x1a#\n!sonar data: "0000 0000 0000 0001"'
2026-02-23 06:45:28 | INFO | Session Layer      | b'RX: \x10\x18\x1a#\n!sonar data: "0000 0000 0000 0001"'
2026-02-23 06:45:29 | INFO | Session Layer      | b'\x10\x18\x1a#\n!sonar data: "0000 0000 0000 0002"'
2026-02-23 06:45:29 | INFO | Session Layer      | b'RX: \x10\x18\x1a#\n!sonar data: "0000 0000 0000 0002"'
2026-02-23 06:45:30 | INFO | Session Layer      | b'\x10\x18\x1a#\n!sonar data: "0000 0000 0000 0003"'
2026-02-23 06:45:30 | INFO | Session Layer      | b'RX: \x10\x18\x1a#\n!sonar data: "0000 0000 0000 0003"'
2026-02-23 06:45:31 | INFO | Session Layer      | b'\x10\x18\x1a#\n!sonar data: "0000 0000 0000 0004"'
2026-02-23 06:45:31 | INFO | Session Layer      | b'RX: \x10\x18\x1a#\n!sonar data: "0000 0000 0000 0004"'
2026-02-23 06:45:32 | INFO | Session Layer      | b'\x10\x18\x1a#\n!sonar data: "0000 0000 0000 0005"'
2026-02-23 06:45:32 | INFO | Session Layer      | b'RX: \x10\x18\x1a#\n!sonar data: "0000 0000 0000 0005"'
2026-02-23 06:45:43 | INFO | Session Layer      | state changing to: SessionMode.CONNECTED_UPLINK
2026-02-23 06:46:01 | INFO | Session Layer      | state changing to: SessionMode.CONNECTIONLESS_DOWNLINK
2026-02-23 06:46:01 | INFO | Session Layer      | state changing to: SessionMode.CONNECTIONLESS_DOWNLINK
2026-02-23 06:46:01 | INFO | Session Layer      | b'\x10\x18\x1a#\n!sonar data: "0000 0000 0000 0000"'
2026-02-23 06:46:01 | INFO | Session Layer      | b'RX: \x10\x18\x1a#\n!sonar data: "0000 0000 0000 0000"'
2026-02-23 06:46:02 | INFO | Session Layer      | b'\x10\x18\x1a#\n!sonar data: "0000 0000 0000 0001"'
2026-02-23 06:46:02 | INFO | Session Layer      | b'RX: \x10\x18\x1a#\n!sonar data: "0000 0000 0000 0001"'
2026-02-23 06:46:03 | INFO | Session Layer      | b'\x10\x18\x1a#\n!sonar data: "0000 0000 0000 0002"'
2026-02-23 06:46:03 | INFO | Session Layer      | b'RX: \x10\x18\x1a#\n!sonar data: "0000 0000 0000 0002"'
2026-02-23 06:46:04 | INFO | Session Layer      | b'\x10\x18\x1a#\n!sonar data: "0000 0000 0000 0003"'
2026-02-23 06:46:04 | INFO | Session Layer      | b'RX: \x10\x18\x1a#\n!sonar data: "0000 0000 0000 0003"'
2026-02-23 06:46:05 | INFO | Session Layer      | b'\x10\x18\x1a#\n!sonar data: "0000 0000 0000 0004"'
2026-02-23 06:46:05 | INFO | Session Layer      | b'RX: \x10\x18\x1a#\n!sonar data: "0000 0000 0000 0004"'
2026-02-23 06:46:06 | INFO | Session Layer      | b'\x10\x18\x1a#\n!sonar data: "0000 0000 0000 0005"'
2026-02-23 06:46:06 | INFO | Session Layer      | b'RX: \x10\x18\x1a#\n!sonar data: "0000 0000 0000 0005"'
2026-02-23 06:46:12 | INFO | Session Layer      | state changing to: SessionMode.CONNECTIONLESS_DOWNLINK
2026-02-23 06:46:12 | INFO | Session Layer      | state changing to: SessionMode.CONNECTIONLESS_DOWNLINK
2026-02-23 06:46:12 | INFO | Session Layer      | b'\x10\x18\x1a#\n!sonar data: "0000 0000 0000 0000"'
2026-02-23 06:46:12 | INFO | Session Layer      | b'RX: \x10\x18\x1a#\n!sonar data: "0000 0000 0000 0000"'
2026-02-23 06:46:13 | INFO | Session Layer      | b'\x10\x18\x1a#\n!sonar data: "0000 0000 0000 0001"'
2026-02-23 06:46:13 | INFO | Session Layer      | b'RX: \x10\x18\x1a#\n!sonar data: "0000 0000 0000 0001"'
2026-02-23 06:46:14 | INFO | Session Layer      | b'\x10\x18\x1a#\n!sonar data: "0000 0000 0000 0002"'
2026-02-23 06:46:14 | INFO | Session Layer      | b'RX: \x10\x18\x1a#\n!sonar data: "0000 0000 0000 0002"'
2026-02-23 06:46:15 | INFO | Session Layer      | b'\x10\x18\x1a#\n!sonar data: "0000 0000 0000 0003"'
2026-02-23 06:46:15 | INFO | Session Layer      | b'RX: \x10\x18\x1a#\n!sonar data: "0000 0000 0000 0003"'
2026-02-23 06:46:16 | INFO | Session Layer      | b'\x10\x18\x1a#\n!sonar data: "0000 0000 0000 0004"'
2026-02-23 06:46:16 | INFO | Session Layer      | b'RX: \x10\x18\x1a#\n!sonar data: "0000 0000 0000 0004"'
2026-02-23 06:46:17 | INFO | Session Layer      | b'\x10\x18\x1a#\n!sonar data: "0000 0000 0000 0005"'
2026-02-23 06:46:17 | INFO | Session Layer      | b'RX: \x10\x18\x1a#\n!sonar data: "0000 0000 0000 0005"'
2026-02-23 06:46:25 | INFO | Session Layer      | state changing to: SessionMode.CONNECTED_UPLINK
